OrthoSymbol	americanLobster	amphioxus	drosophila	flameJellyfish	octopus	scallop	vaseTunicate	waspSpider
MAFL		LOC136438471	tj		LOC106877814	LOC110466773	LOC778664	
MAFS	LOC121867327	LOC136439868	maf-S		LOC106879026		LOC778757	
OTX	LOC121854528,LOC121879871	LOC136433338	oc	LOC135681342,LOC135681476,LOC135681547,LOC135681548	LOC106873941	LOC110450433	otx2	
OG0003455	LOC121865673	LOC136442394	Cdc45	LOC135683847	LOC106870207	LOC110463126	cdc45	LOC129965851
OG0004078	LOC121864106	LOC136443052	CG8950	LOC135694313	LOC106883326	LOC110454404	LOC100178427	LOC129969460
OG0004081	LOC121868198	LOC136430451	CG5447	LOC135696013	LOC106872445	LOC110453034	LOC100177849	LOC129971625
OG0004083	LOC121864689	LOC136436691	ind	LOC135686313	LOC106868924	LOC110452406	hoxa2	LOC129959656
OG0004087	LOC121871529	LOC136448396	Pax	LOC135683990	LOC106874417	LOC110461326	LOC100181752	LOC129972244
OG0004096	LOC121855374	LOC136436137	ds	LOC135686570	LOC106872611	LOC110466738	LOC100182359	LOC129958337
OG0004097	LOC121872446	LOC136427226	Cdk7	LOC135687178	LOC106883163	LOC110441551	LOC100182642	LOC129972173
OG0004098	LOC121868572	LOC136435448	CG6800	LOC135696518	LOC106883147	LOC110458038	LOC100179255	LOC129957485
OG0004100	LOC121863791	LOC136447606	Cdk5	LOC135682242	LOC106880362	LOC110443310	LOC100181289	LOC129962727
OG0004101	LOC121862147	LOC136448472	Cdk1	LOC135682609	LOC106880228	LOC110448550	LOC101243133	LOC129971553
OG0004103	LOC121866487	LOC136421146	mEFTs	LOC135695721	LOC106883783	LOC110442892	LOC100179012	LOC129989490
OG0004105	LOC121864746	LOC136444080	Klp54D	LOC135683582	LOC106869565	LOC110463124	LOC100179715	LOC129966099
OG0004106	LOC121855008	LOC136428739	Klp68D	LOC135696656	LOC106873895	LOC110447871	kif3b	LOC129957039
OG0004108	LOC121875775	LOC136449339	luna	LOC135681498	LOC106869066	LOC110456019	zf_c2h2_-22	LOC129983864
OG0004109	LOC121874892	LOC136433657	Dlc90F	LOC135685700	LOC106878696	LOC110440389	dynlt1	LOC129961575
OG0004110	LOC121861799	LOC136435016	CaMKI	LOC135692655	LOC106883616	LOC110442509	cam-k	LOC129964026
OG0004111	LOC121875188	LOC136447390	Drak	LOC135682813	LOC106870561	LOC110458810	LOC100187314	LOC129983724
OG0004113	LOC121859442	LOC136421131	mgl	LOC135681324	LOC128251380	LOC110441712	LOC100183506	LOC129984396
OG0004117	LOC121870845	LOC136448682	net	LOC135686497	LOC106868144	LOC110448597	LOC778686	LOC129988556
OG0004118	LOC121869900	LOC136448569	tap	LOC135681647	LOC106873740	LOC110446071	neurogenin	LOC129972576
OG0004119	LOC121871521	LOC136439339	org-1	LOC135683270	LOC106877895	LOC110462210	tbx1	LOC129972508
OG0004121	LOC121875835	LOC136446893	Rab18	LOC135682399	LOC106874542	LOC110463212	LOC100185576	LOC129957127
OG0004122	LOC121878742	LOC136440043	Rab26	LOC135691894	LOC106871542	LOC110451212	LOC100186168	LOC129975255
OG0004130	LOC121862240	LOC136422078	Syt7	LOC135696219	LOC106869116	LOC110451585	LOC100177313	LOC129969666
OG0004132	LOC121863060	LOC136445659	Atf-2	LOC135682122	LOC106878431	LOC110446621	atf2/7	LOC129957053
OG0004133	LOC121862308	LOC136433239	kay	LOC135684986	LOC106876912	LOC110450542	fos	LOC129966516
OG0004137	LOC121875100	LOC136448525	Rassf	LOC135689400	LOC106870574	LOC110453012	LOC100187357	LOC129980775
OG0004138	LOC121854629	LOC136447024	CG43373	LOC135682492	LOC106882760	LOC110463711	LOC778532	LOC129987880
OG0004140	LOC121864965	LOC136421132	fz	LOC135681617	LOC106881898	LOC110461870	LOC778717	LOC129985148
OG0004141	LOC121864920	LOC136420603	fz2	LOC135681301	LOC106871811	LOC110442966	cifrz	LOC129985268
OG0004144	LOC121858843	LOC136447877	Pgant35A	LOC135681896	LOC106871349	LOC110443323	LOC100182940	LOC129965513
OG0004145	LOC121875733	LOC136420346	vari	LOC135681563	LOC106878551	LOC110441714	LOC100179311	LOC129958233
OG0004146	LOC121858643	LOC136433008	smid	LOC135694621	LOC106880678	LOC110455468	LOC100183707	LOC129968841
OG0004147	LOC121869010	LOC136445413	TER94	LOC135695160	LOC106878147	LOC110466640	LOC100187157	LOC129975175
OG0004148	LOC121853932	LOC136424767	Mpv17	LOC135689396	LOC106878289	LOC110452011	LOC100176969	LOC129960778
OG0004149	LOC121876793	LOC136432448	Max	LOC135681315	LOC106872217	LOC110441894	LOC104265746	LOC129976572
OG0004150	LOC121875763	LOC136432380	amon	LOC135691397	LOC106876825	LOC110462057	cipc2	LOC129956628
OG0004151	LOC121861508	LOC136448146	CG4080	LOC135685941	LOC106868497	LOC110457667	LOC100180123	LOC129958018
OG0004152	LOC121858422	LOC136424582	Tektin-C	LOC135683611	LOC106881076	LOC110463127	LOC100186452	LOC129965864
OG0004153	LOC121874183	LOC136428823	CG3085	LOC135688916	LOC106871931	LOC110456048	tektinB1	LOC129963991
OG0004157	LOC121853779	LOC136430362	CG6678	LOC135681433	LOC106877122	LOC110445641	LOC100176442	LOC129976738
OG0004158	LOC121869184	LOC136429029	Csk	LOC135687298	LOC106877319	LOC110445669	LOC100176191	LOC129957388
OG0004159	LOC121876299	LOC136430493	bap	LOC135684285	LOC106874400	LOC110462344	LOC778699	LOC129966355
OG0004162	LOC121868594	LOC136442540	dbo	LOC135693096	LOC106878101	LOC110460802	LOC100175104	LOC129963415
OG0004165	LOC121868417	LOC136438744	cindr	LOC135685683	LOC106872965	LOC110454289	LOC100186262	LOC129981590
OG0004166	LOC121867228	LOC136436434	POSH	LOC135686805	LOC106880631	LOC110444693	LOC100177137	LOC129975706
OG0004167	LOC121858274	LOC136432581	CHES-1-like	LOC135681803	LOC106879200	LOC110459166	foxn2/3	LOC129961877
OG0004170	LOC121879382	LOC136447057	CG1824	LOC135696607	LOC106880571	LOC110459981	LOC100176183	LOC129981585
OG0004172	LOC121868730	LOC136435287	upSET	LOC135689834	LOC106873279	LOC110449432	LOC113474448	LOC129989251
OG0004174	LOC121855081	LOC136429974	Eps-15	LOC135694539	LOC106880671	LOC110445212	LOC100181812	LOC129968811
OG0004175	LOC121878548	LOC136421686	Rab21	LOC135696541	LOC106873699	LOC110457567	LOC100177212	LOC129963143
OG0004178	LOC121859676	LOC136421718	Art3	LOC135695401	LOC106871252	LOC110467218	LOC100186368	LOC129969661
OG0004179	LOC121878173	LOC136427710	Nup153	LOC135693877	LOC106881551	LOC110442006	zf_rbz_-2	LOC129983702
OG0004182	LOC121870007	LOC136428477	CG10508	LOC135680979	LOC106869314	LOC110447559	LOC100186360	LOC129969136
OG0004184	LOC121856935	LOC136444064	myd	LOC135688599	LOC106882357	LOC110458845	LOC100182114	LOC129976052
OG0004187	LOC121855236	LOC136427594	Rad51D	LOC135683918	LOC106882537	LOC110445854	LOC100181925	LOC129971624
OG0004188	LOC121866042	LOC136424951	Dad	LOC135690371	LOC106870530	LOC110466032	smad6/7	LOC129963134
OG0004189	LOC121858618	LOC136436361	Mad	LOC135682351	LOC106879879	LOC110454854	smad1/5	LOC129963340
OG0004191	LOC121877743	LOC136437921	Dhc1	LOC135691193	LOC106881606	LOC110453606	LOC100184836	LOC129965553
OG0004192	LOC121858903	LOC136432732	Dbp21E2	LOC135691432	LOC106875740	LOC110459819	LOC100185598	LOC129988323
OG0004193	LOC121872291	LOC136433653	CG7483	LOC135689433	LOC106878204	LOC110467017	LOC100185906	LOC129968634
OG0004195	LOC121871164	LOC136436933	Ube3a	LOC135689967	LOC106884186	LOC110447139	LOC100184928	LOC129968171
OG0004197	LOC121859438	LOC136445436	AMPKalpha	LOC135694326	LOC106875312	LOC110449031	LOC100184788	LOC129963185
OG0004198	LOC121875641	LOC136442331	CG11777	LOC135693941	LOC106873478	LOC110460774	LOC100183897	LOC129981136
OG0004199	LOC121869019	LOC136434308	Cypl	LOC135693227	LOC106871245	LOC110446702	LOC100180391	LOC129968968
OG0004200	LOC121853153	LOC136447296	Septin1	LOC135683587	LOC106876267	LOC110447019	LOC100177068	LOC129968715
OG0004201	LOC121857826	LOC136430281	Mob2	LOC135695663	LOC106877172	LOC110447837	LOC100175203	LOC129960030
OG0004202	LOC121876928	LOC136448564	mats	LOC135680871	LOC106869691	LOC110447510	LOC113474015	LOC129966803
OG0004204	LOC121860206	LOC136448864	mof	LOC135688742	LOC106873138	LOC110456779	LOC100179857	LOC129961639
OG0004205	LOC121876127	LOC136434051	chm	LOC135684820	LOC106877126	LOC110452044	zf_c2hc_-2	LOC129961589
OG0004206	LOC121867801	LOC136431091	Ttc1	LOC135696411	LOC106881529	LOC110462990	LOC100186802	LOC129980487
OG0004207	LOC121861058	LOC136423924	Spag1	LOC135689773	LOC106872509	LOC110451826	LOC100186061	LOC129976461
OG0004209	LOC121853422	LOC136421458	su_f	LOC135681188	LOC106869382	LOC110451571	LOC100177545	LOC129971202
OG0004210	LOC121877380	LOC136448822	tkv	LOC135696723	LOC106873837	LOC110451209	tgfbr-ib	LOC129963030
OG0004211	LOC121876071	LOC136442244	CG42673	LOC135693448	LOC106878170	LOC110448032	LOC100187541	LOC129976109
OG0004212	LOC121864165	LOC136445565	RhoGAP5A	LOC135682764	LOC106875299	LOC110452759	LOC100186049	LOC129960120
OG0004214	LOC121870722	LOC136446542	Myo95E	LOC135682229	LOC106882585	LOC110465514	LOC100181758	LOC129976617
OG0004215	LOC121872020	LOC136448416	CG7379	LOC135681462	LOC106880615	LOC110445777	LOC100182325	LOC129981038
OG0004216	LOC121879269	LOC136443269	Ing5	LOC135688326	LOC106871181	LOC110450310	LOC100184129	LOC129963855
OG0004217	LOC121873701	LOC136434832	Ing3	LOC135692481	LOC106871167	LOC110461702	LOC100183795	LOC129971649
OG0004218	LOC121879993	LOC136433139	par-1	LOC135693724	LOC106869493	LOC110454943	LOC100184744	LOC129975224
OG0004219	LOC121853396	LOC136432680	Sik3	LOC135684434	LOC106878883	LOC110462122	LOC100182214	LOC129974962
OG0004221	LOC121861785	LOC136423596	eIF4EHP	LOC135684624	LOC106877817	LOC110463770	LOC101242392	LOC129960281
OG0004223	LOC121878442	LOC136440910	Nprl3	LOC135685685	LOC106867850	LOC110465110	LOC100177888	LOC129988580
OG0004224	LOC121873492	LOC136423442	128up	LOC135683603	LOC106872956	LOC110461801	LOC100177117	LOC129964035
OG0004225	LOC121874709	LOC136449120	Xrcc2	LOC135684603	LOC106879846	LOC110466391	LOC101243045	LOC129972441
OG0004226	LOC121871887	LOC136425758	Usp8	LOC135690374	LOC106873302	LOC110466959	LOC100186923	LOC129957094
OG0004228	LOC121873852	LOC136448255	CG4098	LOC135683726	LOC106875169	LOC110454081	LOC100182201	LOC129956965
OG0004231	LOC121855478	LOC136439654	Mkk4	LOC135691775	LOC106873711	LOC110442146	mapkk4	LOC129983865
OG0004232	LOC121871442	LOC136438443	Pabp2	LOC135691446	LOC106873873	LOC110453397	LOC100181118	LOC129976656
OG0004233	LOC121857341	LOC136431503	dnd	LOC135695954	LOC106868684	LOC110458206	LOC100176430	LOC129962711
OG0004234	LOC121862427	LOC136432349	Arl2	LOC135691067	LOC106867464	LOC110459602	LOC100178355	LOC129961938
OG0004235	LOC121857762	LOC136445300	Cmpk	LOC135694942	LOC106884325	LOC110456039	LOC100186749	LOC129975669
OG0004236	LOC121859544	LOC136444675	f-cup	LOC135694949	LOC106879793	LOC110451149	LOC104266573	LOC129972251
OG0004237	LOC121860493	LOC136433638	CG14715	LOC135688134	LOC106881114	LOC110449550	LOC100175378	LOC129981273
OG0004238	LOC121873957	LOC136427997	CG3104	LOC135689244	LOC106876194	LOC110440522	LOC100185246	LOC129957618
OG0004239	LOC121853537	LOC136427437	Erk7	LOC135689044	LOC106881387	LOC110466668	LOC100184138	LOC129964072
OG0004240	LOC121856420	LOC136432453	CG14322	LOC135681280	LOC106882735	LOC110455735	LOC100178710	LOC129983999
OG0004243	LOC121866426	LOC136422831	Shark	LOC135684393	LOC106875391	LOC110463447	LOC100187339	LOC129960250
OG0004244	LOC121869610	LOC136432869	trx	LOC135684381	LOC106883428	LOC110462400	LOC100180972	LOC129983733
OG0004245	LOC121863074	LOC136440232	Usp15-31	LOC135692228	LOC106875249	LOC110453668	LOC100180695	LOC129958478
OG0004246	LOC121868752	LOC136443224	sog	LOC135691196	LOC106870547	LOC110447258	LOC778563	LOC129985332
OG0004248	LOC121871398	LOC136423532	RtGEF	LOC135684738	LOC106874470	LOC110467281	LOC100181029	LOC129957108
OG0004249	LOC121874694	LOC136436329	SAK	LOC135686756	LOC106880620	LOC110445780	LOC100177586	LOC129989304
OG0004250	LOC121855723	LOC136425246	Ptip	LOC135680961	LOC106870975	LOC110459936	LOC100184119	LOC129984393
OG0004253	LOC121857539	LOC136422587	Snap29	LOC135683442	LOC106880272	LOC110455563	LOC100178361	LOC129980586
OG0004256	LOC121865389	LOC136435254	armi	LOC135692529	LOC106881006	LOC110452621	LOC100176075	LOC129989428
OG0004257	LOC121867745	LOC136428846	Myb	LOC135696598	LOC106883872	LOC110459934	LOC100185267	LOC129964238
OG0004258	LOC121878379	LOC136448563	AGO3	LOC135696781	LOC106871663	LOC110461128	LOC100181639	LOC129966080
OG0004259	LOC121869994	LOC136439639	dco	LOC135691839	LOC106874451	LOC110464198	LOC100176854	LOC129984129
OG0004260	LOC121875029	LOC136441488	alpha-Man-Ib	LOC135693399	LOC106884360	LOC110447565	LOC100182098	LOC129958786
OG0004263	LOC121854691	LOC136423797	E2f1	LOC135689372	LOC106883944	LOC110465804	e2f1/2/3/6	LOC129960495
OG0004264	LOC121854993	LOC136447825	CG8149	LOC135682757	LOC106869650	LOC110451816	LOC100180701	LOC129957538
OG0004265	LOC121866151	LOC136420573	Elk	LOC135681562	LOC106880510	LOC110449254	LOC104266010	LOC129961908
OG0004266	LOC121855325	LOC136433712	CG3368	LOC135694806	LOC106875370	LOC110445988	LOC100178747	LOC129957028
OG0004267	LOC121855710	LOC136422680	CG3294	LOC135684912	LOC106873830	LOC110446207	zf_c3h_-13	LOC129969396
OG0004269	LOC121876066	LOC136424143	CG7011	LOC135690137	LOC106868763	LOC110446911	LOC100187059	LOC129972988
OG0004270	LOC121858329	LOC136423856	Rab32	LOC135689383	LOC106881612	LOC110464903	LOC100178266	LOC129966575
OG0004271	LOC121872968	LOC136429829	Fign	LOC135696009	LOC106871319	LOC110452070	LOC100184880	LOC129975747
OG0004272	LOC121860913	LOC136434499	Gp93	LOC135692628	LOC106876272	LOC110461697	LOC100187454	LOC129984500
OG0004274	LOC121864489	LOC136422058	sotv	LOC135681776	LOC106868410	LOC110451580	LOC100176235	LOC129960529
OG0004275	LOC121867699	LOC136445709	bigmax	LOC135691191	LOC128248719	LOC110467048	tf4	LOC129960089
OG0004276	LOC121869083	LOC136434071	DAAM	LOC135685885	LOC106880744	LOC110459581	LOC100184055	LOC129960184
OG0004278	LOC121855429	LOC136433391	pho	LOC135690605	LOC106877161	LOC110463499	zf_c2h2_-66	LOC129958321
OG0004280	LOC121854242	LOC136432533	CG6171	LOC135692570	LOC106880547	LOC110450416	LOC100183681	LOC129971268
OG0004281	LOC121871436	LOC136428251	Hacd2	LOC135687159	LOC106882568	LOC110445680	LOC100175762	LOC129984550
OG0004283	LOC121855406	LOC136444499	MED26	LOC135694937	LOC106868293	LOC110456023	LOC100183822	LOC129960195
OG0004284	LOC121855467	LOC136432844	CG4281	LOC135681448	LOC106872002	LOC110464297	LOC100186379	LOC129959478
OG0004290	LOC121860924	LOC136433037	Paf-AHalpha	LOC135695523	LOC106875576	LOC110464837	LOC100178157	LOC129957211
OG0004291	LOC121862331	LOC136444556	Fdx1	LOC135695165	LOC106869397	LOC110467157	LOC100175842	LOC129959658
OG0004293	LOC121866482	LOC136440797	Cpr	LOC135691171	LOC106869693	LOC110463152	LOC100175298	LOC129966176
OG0004296	LOC121865486	LOC136438049	Spg7	LOC135690686	LOC106871107	LOC110457513	LOC100181644	LOC129988068
OG0004297	LOC121865641	LOC136439718	CG5439	LOC135692289	LOC106876949	LOC110447377	LOC100181228	LOC129984277
OG0004299	LOC121868771	LOC136421406	Cortactin	LOC135681230	LOC106883799	LOC110456910	LOC100181253	LOC129963229
OG0004301	LOC121871404	LOC136420473	La	LOC135681718	LOC106870751	LOC110461614	LOC100184543	LOC129962051
OG0004303	LOC121877846	LOC136449028	Pten	LOC135681007	LOC106873013	LOC110464227	LOC100182434	LOC129980973
OG0004304	LOC121875444	LOC136424214	Spf30	LOC135690060	LOC106875499	LOC110445363	LOC100182397	LOC129957183
OG0004305	LOC121877847	LOC136421160	Ubc7	LOC135681537	LOC106882797	LOC110461168	LOC100182919	LOC129963830
OG0004307	LOC121878947	LOC136421437	SmE	LOC135683700	LOC106877797	LOC110450728	LOC100177310	LOC129989170
OG0004308	LOC121876464	LOC136447430	CG34039	LOC135691122	LOC106875317	LOC110458756	LOC100187497	LOC129958777
OG0004309	LOC121853729	LOC136447012	CG12106	LOC135682834	LOC106871727	LOC110463471	LOC100179702	LOC129984482
OG0004310	LOC121876826	LOC136433790	wdb	LOC135684590	LOC106876669	LOC110447435	LOC100182920	LOC129961738
OG0004311	LOC121854703	LOC136433786	wrd	LOC135694587	LOC106870596	LOC110443252	LOC100176996	LOC129983695
OG0004312	LOC121858530	LOC136427514	CG10793	LOC135687217	LOC106867330	LOC110443142	LOC100184384	LOC129963994
OG0004313	LOC121855740	LOC136421225	Kat60	LOC135685328	LOC106879067	LOC110459057	LOC100178737	LOC129963341
OG0004314	LOC121863514	LOC136427330	Gbeta5	LOC135687407	LOC106875358	LOC110451188	LOC100185742	LOC129957693
OG0004315	LOC121856797	LOC136443967	Gbeta13F	LOC135688269	LOC106878845	LOC110461099	LOC100182745	LOC129967105
OG0004316	LOC121857074	LOC136443501	Dis3l2	LOC135689007	LOC106873906	LOC110441880	LOC100176646	LOC129971503
OG0004317	LOC121870743	LOC136437466	Dis3	LOC135686398	LOC106881652	LOC110461923	LOC100187471	LOC129963043
OG0004319	LOC121879505	LOC136430387	alpha-Cat	LOC135695906	LOC106881031	LOC110455392	LOC100177963	LOC129984305
OG0004320	LOC121860416	LOC136428232	Dbp45A	LOC135693866	LOC106878420	LOC110454242	LOC100187445	LOC129981371
OG0004321	LOC121857393	LOC136439955	pths	LOC135692121	LOC106873502	LOC110465608	LOC100186483	LOC129958592
OG0004322	LOC121873725	LOC136427963	CG15160	LOC135687028	LOC106873238	LOC110456364	LOC100178865	LOC129969162
OG0004323	LOC121857705	LOC136438910	CG9018	LOC135691045	LOC106879632	LOC110443860	LOC100181755	LOC129984291
OG0004324	LOC121858084	LOC136441477	ath	LOC135691276	LOC106875905	LOC110459079	LOC100185433	LOC129984043
OG0004325	LOC121877531	LOC136442550	l_2_37Cb	LOC135696057	LOC106876964	LOC110441881	LOC100175470	LOC129975736
OG0004327	LOC121876835	LOC136430679	PEK	LOC135696292	LOC106870753	LOC110463950	LOC494391	LOC129958076
OG0004328	LOC121868739	LOC136444623	CG43346	LOC135695151	LOC106874923	LOC110466612	LOC101242807	LOC129968139
OG0004329	LOC121859243	LOC136434325	ND-B17.2	LOC135686505	LOC106878167	LOC110456275	LOC100175455	LOC129967101
OG0004331	LOC121860948	LOC136446627	Pfdn5	LOC135682451	LOC106880473	LOC110465524	LOC100182453	LOC129972181
OG0004332	LOC121873432	LOC136438613	uri	LOC135690709	LOC106874856	LOC110443784	LOC100176104	LOC129961731
OG0004335	LOC121862109	LOC136421587	CHMP2B	LOC135685175	LOC106874374	LOC110455227	LOC100181241	LOC129984179
OG0004336	LOC121873500	LOC136421729	Vps2	LOC135681368	LOC106878828	LOC110467179	LOC100178975	LOC129989227
OG0004338	LOC121870373	LOC136433180	CG8209	LOC135690150	LOC106873369	LOC110455542	LOC100179475	LOC129989221
OG0004339	LOC121875935	LOC136445695	CG8042	LOC135682865	LOC106880343	LOC110465516	LOC101242599	LOC129965923
OG0004340	LOC121872739	LOC136433551	Vti1b	LOC135693256	LOC106868588	LOC110466082	LOC100184004	LOC129985298
OG0004341	LOC121875836	LOC136448381	Vti1a	LOC135689687	LOC106881100	LOC110446547	LOC100185820	LOC129964022
OG0004344	LOC121874218	LOC136436764	ATP8A	LOC135686658	LOC106872891	LOC110449526	LOC100186827	LOC129976229
OG0004345	LOC121879109	LOC136425055	red	LOC135690364	LOC106877698	LOC110466021	LOC100185250	LOC129988545
OG0004346	LOC121876269	LOC136428127	CG17985	LOC135687332	LOC106874452	LOC110462567	LOC100183222	LOC129989073
OG0004349	LOC121872890	LOC136446290	dgt1	LOC135682550	LOC106883726	LOC110443051	LOC100180613	LOC129980715
OG0004351	LOC121857801	LOC136428370	Upf1	LOC135687024	LOC106870284	LOC110465593	LOC100181729	LOC129991128
OG0004352	LOC121876732	LOC136430399	mbc	LOC135695901	LOC106881525	LOC110464388	LOC100176641	LOC129960119
OG0004355	LOC121858670	LOC136423176	CG9915	LOC135684470	LOC106878624	LOC110465280	LOC100187539	LOC129961880
OG0004356	LOC121858782	LOC136421952	RhoGAP68F	LOC135683607	LOC106883793	LOC110441556	LOC100177316	LOC129987476
OG0004359	LOC121880047	LOC136446935	Idh	LOC135680916	LOC106878809	LOC110441767	LOC100184016	LOC129969995
OG0004360	LOC121865224	LOC136436939	Usp12-46	LOC135685935	LOC106877200	LOC110447761	LOC100175951	LOC129960908
OG0004362	LOC121872702	LOC136431976	CG2540	LOC135695447	LOC106882480	LOC110466344	LOC100184553	LOC129966498
OG0004364	LOC121862894	LOC136443400	Gas41	LOC135688084	LOC106875661	LOC110458848	LOC100182070	LOC129972292
OG0004365	LOC121862939	LOC136434135	CG7156	LOC135689792	LOC106867465	LOC110459611	LOC104266356	LOC129984615
OG0004367	LOC121872705	LOC136444502	HDAC3	LOC135692040	LOC106883266	LOC110454413	LOC100178372	LOC129984052
OG0004369	LOC121875650	LOC136433293	Snx6	LOC135687786	LOC106873606	LOC110467081	LOC100179728	LOC129976016
OG0004371	LOC121878582	LOC136422782	Acadvl	LOC135684190	LOC106875659	LOC110463202	LOC100183990	LOC129988380
OG0004372	LOC121872081	LOC136430051	Snx3	LOC135685369	LOC106870004	LOC110465369	LOC100176145	LOC129976088
OG0004373	LOC121876533	LOC136430231	Arl1	LOC135695291	LOC106882866	LOC110442996	LOC100183224	LOC129958303
OG0004374	LOC121877848	LOC136443455	CG16903	LOC135688615	LOC106882358	LOC110458915	LOC113473999	LOC129981724
OG0004376	LOC121879284	LOC136444877	PolE4	LOC135694353	LOC106876082	LOC110454927	LOC100179904	LOC129969190
OG0004378	LOC121854722	LOC136422425	Taf6	LOC135689841	LOC106875417	LOC110462487	LOC100186362	LOC129981667
OG0004379	LOC121857226	LOC136440230	l_2_gl	LOC135691909	LOC106880445	LOC110456778	LOC100177806	LOC129975147
OG0004380	LOC121857475	LOC136443865	Atg8a	LOC135688579	LOC106873160	LOC110462940	LOC100186367	LOC129968579
OG0004384	LOC121864903	LOC136444668	AP-1mu	LOC135694450	LOC106880800	LOC110467148	LOC100175300	LOC129976284
OG0004385	LOC121874320	LOC136437569	Art7	LOC135683566	LOC106869174	LOC110453648	LOC100184941	LOC129971613
OG0004387	LOC121869349	LOC136436306	CG17807	LOC135690641	LOC106878852	LOC110445761	LOC100183670	LOC129976238
OG0004389	LOC121876028	LOC136439853	CG10254	LOC135691553	LOC106868036	LOC110465099	LOC101243326	LOC129968668
OG0004391	LOC121878701	LOC136421433	CrebA	LOC135682341	LOC106880757	LOC110455072	creb/atf-a	LOC129960106
OG0004392	LOC121855574	LOC136425461	rhea	LOC135690253	LOC106872263	LOC110452383	LOC100176155	LOC129975781
OG0004393	LOC121856827	LOC136428392	Sirt6	LOC135687491	LOC106880845	LOC110451501	sir2-d	LOC129957784
OG0004400	LOC121880495	LOC136435447	Ugalt	LOC135685272	LOC106875993	LOC110466272	LOC100184262	LOC129962619
OG0004401	LOC121856357	LOC136433340	Pkc98E	LOC135694533	LOC106875452	LOC110454924	LOC100180034	LOC129958112
OG0004402	LOC121859662	LOC136427836	O-fut1	LOC135693883	LOC106869159	LOC110460790	LOC100181584	LOC129988715
OG0004403	LOC121870954	LOC136422345	pbl	LOC135684300	LOC106881851	LOC110458381	LOC100176255	LOC129967020
OG0004409	LOC121853092	LOC136447981	Iml1	LOC135683897	LOC106883578	LOC110463088	LOC104266695	LOC129961990
OG0004410	LOC121853149	LOC136444638	CG13625	LOC135685218	LOC106871288	LOC110448803	LOC100184101	LOC129965962
OG0004411	LOC121853156	LOC136440000	TBC1D16	LOC135692203	LOC106867662	LOC110459025	LOC100183410	LOC129963268
OG0004412	LOC121853166	LOC136439605	oxt	LOC135692163	LOC106882818	LOC110449879	xt	LOC129965812
OG0004413	LOC121853179	LOC136430851	Pi4KIIalpha	LOC135695834	LOC106882174	LOC110455919	LOC100177113	LOC129980930
OG0004414	LOC121853184	LOC136447305	ATPCL	LOC135682677	LOC106879485	LOC110465532	acl	LOC129965602
OG0004415	LOC121853191	LOC136439776	eRF3	LOC135692284	LOC106870164	LOC110455656	LOC100177861	LOC129968839
OG0004416	LOC121853208	LOC136430300	CG3803	LOC135696221	LOC106876136	LOC110447338	LOC100179184	LOC129965800
OG0004419	LOC121853290	LOC136433442	CG42233	LOC135692850	LOC106875737	LOC110455940	LOC100178920	LOC129988191
OG0004420	LOC121853296	LOC136438883	Trf4-1	LOC135690710	LOC106873407	LOC110463501	LOC100183193	LOC129960153
OG0004421	LOC121853303	LOC136443576	Pex10	LOC135688238	LOC106881990	LOC110448511	LOC100185991	LOC129972167
OG0004423	LOC121853353	LOC136444839	Zir	LOC135694724	LOC106868262	LOC110461761	LOC100185115	LOC129968911
OG0004425	LOC121853401	LOC136435555	Strip	LOC135681470	LOC106874354	LOC110443338	LOC100187214	LOC129958450
OG0004426	LOC121853406	LOC136435410	CG7099	LOC135689122	LOC106867592	LOC110459559	LOC100181908	LOC129957019
OG0004427	LOC121853438	LOC136441203	CG13667	LOC135693225	LOC106873710	LOC110467430	LOC100179351	LOC129964229
OG0004428	LOC121853439	LOC136445329	DMAP1	LOC135694318	LOC106873705	LOC110456347	LOC100184322	LOC129981125
OG0004429	LOC121853441	LOC136439857	CG2906	LOC135687025	LOC106879509	LOC110447250	LOC100182901	LOC129960442
OG0004430	LOC121853446	LOC136444514	Nct	LOC135684594	LOC106874840	LOC110449068	LOC100184851	LOC129968451
OG0004431	LOC121853458	LOC136427206	Snx1	LOC135687200	LOC128249214	LOC110449270	LOC100178582	LOC129971583
OG0004432	LOC121853466	LOC136428263	DCP2	LOC135687811	LOC106870416	LOC110443156	LOC100185451	LOC129961656
OG0004433	LOC121853472	LOC136429021	sigmar	LOC135687069	LOC106878717	LOC110453741	LOC100178055	LOC129968740
OG0004434	LOC121853481	LOC136427230	Asx	LOC135689001	LOC106873380	LOC110442833	LOC100176097	LOC129962656
OG0004436	LOC121853499	LOC136434344	Abcd1	LOC135692579	LOC106871171	LOC110465166	LOC100182016	LOC129960169
OG0004437	LOC121853513	LOC136437809	fus	LOC135690728	LOC106879768	LOC110461649	LOC100181195	LOC129968598
OG0004438	LOC121853518	LOC136444870	kermit	LOC135694395	LOC106882697	LOC110442825	LOC100186863	LOC129960255
OG0004440	LOC121853532	LOC136438544	E_z	LOC135681585	LOC106874217	LOC110442389	LOC100177449	LOC129984254
OG0004441	LOC121853542	LOC136425057	CG5493	LOC135690319	LOC106883352	LOC110451032	LOC101242078	LOC129956917
OG0004442	LOC121853548	LOC136433909	boca	LOC135687673	LOC106874971	LOC110466971	LOC100178272	LOC129981383
OG0004443	LOC121853549	LOC136440788	Alr	LOC135691860	LOC106884309	LOC110453680	LOC100178035	LOC129971543
OG0004444	LOC121853559	LOC136431983	CG5877	LOC135694511	LOC106876672	LOC110447669	LOC100177099	LOC129981704
OG0004445	LOC121853581	LOC136428616	CG1116	LOC135687449	LOC106884396	LOC110445660	LOC100185231	LOC129969670
OG0004446	LOC121853599	LOC136435510	Syn	LOC135686850	LOC106879677	LOC110442041	syn	LOC129960003
OG0004447	LOC121853604	LOC136439222	Vps35	LOC135690626	LOC106874199	LOC110453607	LOC100180632	LOC129988036
OG0004448	LOC121853637	LOC136420436	CG2938	LOC135681389	LOC106868097	LOC110461094	LOC100177911	LOC129960581
OG0004449	LOC121853638	LOC136435261	GlnRS	LOC135692623	LOC106871445	LOC110465159	LOC100185430	LOC129969185
OG0004450	LOC121853668	LOC136439935	CG2246	LOC135692215	LOC106880436	LOC110442154	LOC100186347	LOC129989330
OG0004451	LOC121853670	LOC136423651	TM9SF2	LOC135684139	LOC106873103	LOC110465344	LOC100179723	LOC129960592
OG0004452	LOC121853675	LOC136445040	rictor	LOC135695009	LOC106881749	LOC110443579	LOC100186873	LOC129971385
OG0004453	LOC121853686	LOC136446003	nsl1	LOC135682155	LOC106881694	LOC110457198	LOC100183407	LOC129974860
OG0004454	LOC121853703	LOC136427202	AsnRS	LOC135687562	LOC106870144	LOC110467043	LOC100184396	LOC129961566
OG0004455	LOC121853731	LOC136423583	Argl	LOC135684185	LOC106874899	LOC110457718	LOC100182277	LOC129965806
OG0004456	LOC121853749	LOC136428649	Nedd4	LOC135687622	LOC106873354	LOC110454990	LOC100176211	LOC129968515
OG0004457	LOC121853756	LOC136446497	MED19	LOC135684019	LOC106879148	LOC110445842	LOC100177919	LOC129966059
OG0004458	LOC121853758	LOC136442531	Cog6	LOC135684829	LOC106883730	LOC110465173	LOC100183827	LOC129979278
OG0004459	LOC121853767	LOC136444492	CG11837	LOC135695188	LOC106876003	LOC110445954	LOC104266212	LOC129963417
OG0004460	LOC121853768	LOC136423708	stck	LOC135687290	LOC106884070	LOC110465242	LOC100184812	LOC129981106
OG0004461	LOC121853771	LOC136442762	NELF-B	LOC135693160	LOC106874562	LOC110455616	LOC100186426	LOC129981801
OG0004463	LOC121853795	LOC136422592	IntS6	LOC135684471	LOC106878899	LOC110443003	LOC100181708	LOC129957132
OG0004464	LOC121853802	LOC136446929	SCAP	LOC135682643	LOC106884402	LOC110465084	LOC100181007	LOC129961607
OG0004466	LOC121853833	LOC136446159	qless	LOC135682230	LOC106871948	LOC110456232	LOC100175803	LOC129976608
OG0004467	LOC121853860	LOC136433267	cni	LOC135691306	LOC106867914	LOC110467263	LOC100182169	LOC129984318
OG0004468	LOC121853863	LOC136444550	Sas-6	LOC135694961	LOC106874657	LOC110449119	LOC100182613	LOC129965824
OG0004469	LOC121853902	LOC136444783	CG10674	LOC135695141	LOC106872247	LOC110448591	LOC100183715	LOC129965965
OG0004470	LOC121853904	LOC136428450	betaggt-I	LOC135687399	LOC106869824	LOC110445586	LOC100186051	LOC129981829
OG0004471	LOC121853966	LOC136447661	PhKgamma	LOC135683993	LOC106871486	LOC110462867	LOC100182979	LOC129955539
OG0004472	LOC121853998	LOC136430834	CG12909	LOC135696008	LOC106879030	LOC110451727	LOC100178835	LOC129969530
OG0004473	LOC121854017	LOC136439361	Wdr59	LOC135691329	LOC106880661	LOC110453592	ci-zf_ring_-3	LOC129963222
OG0004474	LOC121854087	LOC136439726	Pdi	LOC135691572	LOC106880130	LOC110448570	LOC100182315	LOC129965507
OG0004475	LOC121854145	LOC136446933	Nmt	LOC135682253	LOC106875636	LOC110457073	LOC100181870	LOC129956930
OG0004476	LOC121854148	LOC136438960	Ge-1	LOC135691280	LOC106868485	LOC110454743	LOC100177860	LOC129960504
OG0004477	LOC121854159	LOC136427556	mei-41	LOC135694920	LOC106868981	LOC110456310	LOC100177614	LOC129960043
OG0004478	LOC121854165	LOC136439859	Tao	LOC135683024	LOC106875840	LOC110463999	LOC100185876	LOC129961595
OG0004479	LOC121854204	LOC136447203	thoc6	LOC135691703	LOC106881676	LOC110450651	LOC100181107	LOC129963943
OG0004482	LOC121854245	LOC136422556	CG7168	LOC135689999	LOC106874445	LOC110451402	LOC100175995	LOC129966652
OG0004484	LOC121854260	LOC136427771	Edc3	LOC135681091	LOC106883758	LOC110450979	LOC100179295	LOC129989190
OG0004485	LOC121854266	LOC136435353	Wdr82	LOC135686089	LOC106883877	LOC110462229	LOC100181112	LOC129965855
OG0004486	LOC121854274	LOC136428444	Stoml2	LOC135687405	LOC106878219	LOC110445650	LOC100186852	LOC129976362
OG0004487	LOC121854282	LOC136446638	Stt3B	LOC135682759	LOC106881117	LOC110460340	LOC100182725	LOC129960388
OG0004488	LOC121854294	LOC136427308	eIF3i	LOC135688769	LOC106870848	LOC110463304	LOC100177148	LOC129976513
OG0004489	LOC121854297	LOC136441845	mrn	LOC135695362	LOC106879324	LOC110452962	LOC100187369	LOC129972746
OG0004490	LOC121854319	LOC136424430	Dnali1	LOC135689633	LOC106875591	LOC110446417	LOC100182997	LOC129959306
OG0004491	LOC121854340	LOC136441734	CG11999	LOC135689442	LOC106876836	LOC110455827	LOC100186246	LOC129975762
OG0004492	LOC121854350	LOC136448843	Dlg5	LOC135689941	LOC106873835	LOC110462016	LOC100185197	LOC129981171
OG0004493	LOC121854352	LOC136439442	CG11030	LOC135691083	LOC106879868	LOC110467496	LOC100177904	LOC129973053
OG0004494	LOC121854370	LOC136436419	CG3558	LOC135686334	LOC106880831	LOC110444669	LOC100177430	LOC129975705
OG0004495	LOC121854378	LOC136437195	Arms	LOC135686571	LOC106867547	LOC110442761	LOC101242878	LOC129962683
OG0004496	LOC121854381	LOC136444410	CG3732	LOC135695069	LOC106870730	LOC110448877	zf_rbz	LOC129959009
OG0004497	LOC121854385	LOC136437272	CG2701	LOC135680920	LOC106871280	LOC110459487	LOC100177077	LOC129969208
OG0004499	LOC121854393	LOC136443362	Cpsf73	LOC135680816	LOC106876794	LOC110451365	LOC100184465	LOC129964125
OG0004500	LOC121854395	LOC136431182	htt	LOC135696378	LOC106883334	LOC110457176	htt	LOC129958136
OG0004501	LOC121854396	LOC136423017	ATP6AP2	LOC135684920	LOC106882696	LOC110452106	LOC100181839	LOC129980932
OG0004502	LOC121854400	LOC136445543	Hus1-like	LOC135682529	LOC106868947	LOC110450399	LOC100179869	LOC129966156
OG0004503	LOC121854410	LOC136441165	crb	LOC135693339	LOC106873032	LOC110448957	LOC100175485	LOC129968562
OG0004505	LOC121854584	LOC136437980	Acn	LOC135690559	LOC106877945	LOC110443247	LOC100185590	LOC129991458
OG0004506	LOC121854587	LOC136435576	Rap1	LOC135692624	LOC106872353	LOC110443111	rap1b	LOC129963101
OG0004507	LOC121854639	LOC136440289	Rpp21	LOC135692177	LOC106881459	LOC110456188	LOC100182886	LOC129968208
OG0004509	LOC121854695	LOC136433689	GCS2alpha	LOC135693798	LOC106872213	LOC110467087	LOC100184247	LOC129980919
OG0004510	LOC121854701	LOC136422633	PCID2	LOC135684425	LOC106874533	LOC110452258	LOC100183248	LOC129966058
OG0004512	LOC121854707	LOC136443237	eIF2Balpha	LOC135684023	LOC106870269	LOC110457717	LOC101243211	LOC129968804
OG0004513	LOC121854709	LOC136441299	Surf6	LOC135685506	LOC106875379	LOC110464401	LOC100175854	LOC129963130
OG0004515	LOC121854741	LOC136437888	p130CAS	LOC135691095	LOC106870453	LOC110467508	LOC100181496	LOC129962730
OG0004516	LOC121854747	LOC136428984	abo	LOC135691420	LOC106880847	LOC110453994	LOC100182606	LOC129967107
OG0004517	LOC121854750	LOC136422590	RpL35A	LOC135684726	LOC106875817	LOC110464587	r35a	LOC129963397
OG0004518	LOC121854753	LOC136423831	smo	LOC135689609	LOC106882719	LOC110465760	smoothened	LOC129969619
OG0004519	LOC121854765	LOC136429727	Sbf	LOC135695425	LOC106871234	LOC110459916	LOC100185666	LOC129962103
OG0004521	LOC121854780	LOC136428492	p47	LOC135680812	LOC106878670	LOC110466765	LOC100180229	LOC129981699
OG0004522	LOC121854790	LOC136440856	Polr3H	LOC135691694	LOC106872841	LOC110447372	LOC104266855	LOC129965882
OG0004523	LOC121854795	LOC136435177	ohgt	LOC135686595	LOC106869183	LOC110453230	LOC100182737	LOC129962732
OG0004525	LOC121854805	LOC136431171	fl_2_d	LOC135685691	LOC106869968	LOC110454892	LOC100186919	LOC129976544
OG0004526	LOC121854817	LOC136424605	sea	LOC135682631	LOC106881074	LOC110463128	LOC100176157	LOC129972250
OG0004528	LOC121854835	LOC136441912	CG7974	LOC135686620	LOC106870170	LOC110467404	LOC100176884	LOC129957113
OG0004529	LOC121854837	LOC136420389	CycY	LOC135681474	LOC106884459	LOC110452085	LOC100182728	LOC129958240
OG0004530	LOC121854857	LOC136433279	MTA1-like	LOC135688300	LOC106882880	LOC110445260	mta	LOC129975719
OG0004531	LOC121854860	LOC136439696	CG3793	LOC135691802	LOC106874329	LOC110467257	LOC100186621	LOC129958313
OG0004532	LOC121854959	LOC136449232	milt	LOC135681629	LOC106875482	LOC110449315	LOC100184633	LOC129980553
OG0004533	LOC121854963	LOC136430641	Ciao1	LOC135694187	LOC106883649	LOC110459348	LOC100179970	LOC129962485
OG0004534	LOC121854975	LOC136433397	CG7742	LOC135686387	LOC106881386	LOC110444647	LOC100180332	LOC129985187
OG0004535	LOC121854998	LOC136427737	Tgs1	LOC135688865	LOC106876686	LOC110461558	LOC100179712	LOC129968681
OG0004536	LOC121855018	LOC136439822	CG9853	LOC135691819	LOC106877489	LOC110467031	LOC100175848	LOC129984645
OG0004538	LOC121855111	LOC136436480	IntS12	LOC135680736	LOC106870168	LOC110463430	LOC100186304	LOC129974912
OG0004539	LOC121855112	LOC136420348	wcy	LOC135681612	LOC106874988	LOC110459309	LOC100180415	LOC129975093
OG0004540	LOC121855115	LOC136428301	CG17249	LOC135687642	LOC106868292	LOC110454993	LOC108950243	LOC129961737
OG0004541	LOC121855141	LOC136438581	Pfdn4	LOC135691182	LOC106871413	LOC110447611	LOC100183648	LOC129972266
OG0004543	LOC121855148	LOC136439594	cass	LOC135695374	LOC106879149	LOC110455246	LOC100178320	LOC129981712
OG0004544	LOC121855151	LOC136444465	Cchl	LOC135695033	LOC106881756	LOC110466583	LOC100181858	LOC129962084
OG0004545	LOC121855160	LOC136433511	CG5554	LOC135681557	LOC106883628	LOC110446270	LOC100187268	LOC129969586
OG0004546	LOC121855161	LOC136436139	dia	LOC135686256	LOC106883550	LOC110456556	LOC100175505	LOC129963489
OG0004549	LOC121855228	LOC136424847	viaf	LOC135689754	LOC106875853	LOC110450720	LOC100187534	LOC129989331
OG0004550	LOC121855238	LOC136446725	Ppcdc	LOC135688027	LOC106874114	LOC110458295	LOC100185392	LOC129976555
OG0004551	LOC121855239	LOC136436756	Prp40	LOC135696371	LOC106881150	LOC110442058	LOC100186266	LOC129971549
OG0004552	LOC121855255	LOC136447056	CG4849	LOC135689815	LOC106867796	LOC110445292	LOC100175824	LOC129969249
OG0004553	LOC121855274	LOC136446741	Arl5	LOC135682879	LOC106870789	LOC110459636	LOC100181773	LOC129966045
OG0004554	LOC121855298	LOC136424810	CG12375	LOC135689603	LOC106875199	LOC110443541	LOC104265432	LOC129981318
OG0004555	LOC121855302	LOC136433133	BTBD9	LOC135691822	LOC106876970	LOC110447924	LOC100184365	LOC129988735
OG0004556	LOC121855310	LOC136436217	MCTS1	LOC135686855	LOC106875401	LOC110462662	LOC100176016	LOC129981283
OG0004557	LOC121855362	LOC136432417	fray	LOC135684966	LOC106879265	LOC110448510	LOC100181936	LOC129985241
OG0004558	LOC121855395	LOC136444504	CG14621	LOC135695200	LOC106872437	LOC110450589	LOC100175259	LOC129961799
OG0004559	LOC121855413	LOC136430213	egg	LOC135695535	LOC106873585	LOC110459908	LOC101242243	LOC129981000
OG0004560	LOC121855415	LOC136435295	Wnk	LOC135692739	LOC106880299	LOC110461682	LOC108949601	LOC129960139
OG0004561	LOC121855430	LOC136445594	zetaCOP	LOC135681594	LOC106883901	LOC110445079	LOC100180172	LOC129980547
OG0004562	LOC121855454	LOC136443518	CG5823	LOC135688320	LOC106882294	LOC110464542	LOC100184705	LOC129968665
OG0004564	LOC121855464	LOC136440817	CCT6	LOC135683989	LOC106869695	LOC110463113	LOC100176724	LOC129965852
OG0004565	LOC121855470	LOC136423788	Gnf1	LOC135690128	LOC106878293	LOC110466820	LOC100183212	LOC129966149
OG0004567	LOC121855473	LOC136432457	Tom70	LOC135684123	LOC106867870	LOC110458987	LOC100175257	LOC129969250
OG0004570	LOC121855485	LOC136446226	chb	LOC135682819	LOC106878380	LOC110463560	LOC100184143	LOC129975700
OG0004572	LOC121855490	LOC136436102	Btk	LOC135686898	LOC106877038	LOC110456552	LOC100184615	LOC129958127
OG0004573	LOC121855492	LOC136447244	Golgin245	LOC135682641	LOC106872513	LOC110464314	LOC100175920	LOC129969248
OG0004574	LOC121855517	LOC136433944	Ada3	LOC135696774	LOC106868587	LOC110442911	LOC100181025	LOC129968655
OG0004575	LOC121855518	LOC136444512	Myt1	LOC135681033	LOC106875680	LOC110448417	LOC100186587	LOC129969146
OG0004576	LOC121855526	LOC136427708	CG5532	LOC135688697	LOC106871525	LOC110456255	LOC108949279	LOC129966031
OG0004577	LOC121855530	LOC136430900	NHP2	LOC135696214	LOC106882523	LOC110451705	LOC100183111	LOC129967954
OG0004578	LOC121855534	LOC136427982	CG9175	LOC135688836	LOC106873726	LOC110445152	LOC100183888	LOC129971600
OG0004579	LOC121855542	LOC136436608	CG3408	LOC135696621	LOC106875568	LOC110466727	LOC100186997	LOC129960016
OG0004580	LOC121855551	LOC136443365	CG17266	LOC135688101	LOC106884478	LOC110458890	LOC100182981	LOC129968718
OG0004581	LOC121855569	LOC136430492	Yif1	LOC135684477	LOC106881158	LOC110459176	LOC100176210	LOC129961925
OG0004582	LOC121855570	LOC136423675	ND-23	LOC135683484	LOC106868568	LOC110463788	LOC100184026	LOC129965659
OG0004583	LOC121855576	LOC136444423	CG4953	LOC135694558	LOC106879192	LOC110466698	LOC100186853	LOC129960017
OG0004584	LOC121855594	LOC136436975	Hem	LOC135696567	LOC106881844	LOC110459938	LOC100185133	LOC129959978
OG0004585	LOC121855595	LOC136428835	CG11396	LOC135688872	LOC106877573	LOC110456585	LOC100183138	LOC129963615
OG0004586	LOC121855631	LOC136447295	Arpc2	LOC135682123	LOC106868985	LOC110452907	LOC100179260	LOC129966740
OG0004587	LOC121855634	LOC136445657	Wdr37	LOC135682738	LOC106879184	LOC110463566	LOC100179466	LOC129977579
OG0004588	LOC121855636	LOC136422642	CG7394	LOC135693108	LOC106874709	LOC110442902	LOC100185485	LOC129977024
OG0004590	LOC121855703	LOC136442501	PIG-C	LOC135693819	LOC106882874	LOC110442216	LOC100180867	LOC129960644
OG0004591	LOC121855738	LOC136438932	Coq7	LOC135692184	LOC106883686	LOC110451231	LOC100177404	LOC129989143
OG0004592	LOC121855743	LOC136445615	aralar1	LOC135682546	LOC106868630	LOC110442401	LOC100186157	LOC129957301
OG0004594	LOC121855813	LOC136427216	Ak6	LOC135687615	LOC106877369	LOC110445708	LOC100177393	LOC129957082
OG0004595	LOC121855815	LOC136428546	CCT1	LOC135689613	LOC106876958	LOC110452171	LOC100175456	LOC129963252
OG0004596	LOC121855822	LOC136424993	CG32163	LOC135681069	LOC106876382	LOC110459963	LOC113475208	LOC129957263
OG0004597	LOC121855823	LOC136433074	Pcmt	LOC135681319	LOC106881457	LOC110467082	LOC100178187	LOC129956983
OG0004598	LOC121855825	LOC136427711	CG9143	LOC135686458	LOC106872530	LOC110463535	LOC100186185	LOC129971413
OG0004599	LOC121855835	LOC136420595	CG6761	LOC135683466	LOC106877588	LOC110457145	LOC100177231	LOC129981971
OG0004600	LOC121855842	LOC136428424	ssp3	LOC135687066	LOC106884496	LOC110455990	LOC100178694	LOC129963862
OG0004602	LOC121855902	LOC136443738	Vps15	LOC135688514	LOC106873538	LOC110457796	LOC100186582	LOC129968865
OG0004603	LOC121855907	LOC136443147	bor	LOC135688014	LOC106878421	LOC110458884	LOC100177022	LOC129976595
OG0004604	LOC121855926	LOC136438965	Gas8	LOC135690702	LOC106883776	LOC110446278	LOC100182123	LOC129971185
OG0004605	LOC121855927	LOC136444397	CG11583	LOC135694302	LOC106871577	LOC110443686	LOC100175539	LOC129981224
OG0004606	LOC121855933	LOC136439372	CG2972	LOC135691296	LOC106878027	LOC110466795	LOC100178383	LOC129962079
OG0004607	LOC121855939	LOC136436827	Mys45A	LOC135689793	LOC106880306	LOC110459263	LOC100179058	LOC129962639
OG0004609	LOC121855947	LOC136440171	ND-B14	LOC135683191	LOC106870922	LOC110453923	LOC100179441	LOC129988441
OG0004610	LOC121855948	LOC136444187	Gprk1	LOC135683327	LOC106871981	LOC110461337	LOC100184862	LOC129972307
OG0004611	LOC121855959	LOC136429788	snRNP-U1-70K	LOC135695613	LOC106879853	LOC110450268	LOC100178141	LOC129971505
OG0004612	LOC121855970	LOC136438632	Prp16	LOC135690727	LOC106878466	LOC110446234	LOC100177285	LOC129961544
OG0004613	LOC121855979	LOC136422353	CG31917	LOC135684883	LOC106880223	LOC110454708	LOC100186032	LOC129973004
OG0004615	LOC121856005	LOC136428292	Vps45	LOC135687482	LOC106870285	LOC110453084	LOC100185569	LOC129966784
OG0004616	LOC121856006	LOC136433379	SrpRalpha	LOC135684862	LOC106882265	LOC110447092	LOC100175861	LOC129975860
OG0004617	LOC121856016	LOC136433925	PIG-V	LOC135680747	LOC106868580	LOC110442919	LOC100184333	LOC129966143
OG0004618	LOC121856021	LOC136435725	Vta1	LOC135685798	LOC106877321	LOC110456405	LOC104266244	LOC129971227
OG0004620	LOC121856023	LOC136438594	Prp4k	LOC135691098	LOC106867656	LOC110464774	LOC100182715	LOC129983867
OG0004621	LOC121856043	LOC136445951	ATPsynC	LOC135682856	LOC106873419	LOC110446623	LOC101243499	LOC129966738
OG0004622	LOC121856045	LOC136436345	CG4041	LOC135686477	LOC106871517	LOC110449648	LOC100177070	LOC129958154
OG0004623	LOC121856046	LOC136440316	CG3198	LOC135692127	LOC106874954	LOC110455670	LOC100187151	LOC129968554
OG0004625	LOC121856048	LOC136438138	Ire1	LOC135691557	LOC106874141	LOC110466943	LOC100178253	LOC129988043
OG0004626	LOC121856049	LOC136433493	SamDC	LOC135685231	LOC106878897	LOC110456882	LOC100176333	LOC129980570
OG0004627	LOC121856051	LOC136441204	Uck	LOC135693322	LOC106873358	LOC110441802	LOC100180527	LOC129980981
OG0004629	LOC121856057	LOC136432245	Bka	LOC135692657	LOC106872111	LOC110459591	LOC100177727	LOC129981986
OG0004630	LOC121856059	LOC136428942	CG10435	LOC135687351	LOC106870433	LOC110454978	LOC100184560	LOC129981941
OG0004631	LOC121856082	LOC136445963	Hibch	LOC135683106	LOC106869583	LOC110451915	LOC100177147	LOC129971087
OG0004632	LOC121856084	LOC136438757	Gmd	LOC135686874	LOC106879805	LOC110446271	LOC100182733	LOC129972537
OG0004635	LOC121856153	LOC136424145	Vha44	LOC135696583	LOC106881199	LOC110441259	LOC100185407	LOC129957391
OG0004637	LOC121856165	LOC136438811	CG13926	LOC135696623	LOC106870171	LOC110465892	LOC100178100	LOC129976433
OG0004638	LOC121856167	LOC136434675	LSm3	LOC135692574	LOC106870208	LOC110445371	LOC100186320	LOC129957365
OG0004639	LOC121856168	LOC136439593	Npl4	LOC135691890	LOC106867052	LOC110448556	LOC100183607	LOC129981197
OG0004640	LOC121856171	LOC136433531	CG16812	LOC135686656	LOC106867987	LOC110447914	LOC100186081	LOC129974882
OG0004642	LOC121856185	LOC136439871	PICK1	LOC135692246	LOC106883672	LOC110448577	LOC100187297	LOC129966574
OG0004643	LOC121856188	LOC136434699	SRPK	LOC135692926	LOC106873685	LOC110460609	LOC100185710	LOC129963380
OG0004644	LOC121856194	LOC136420379	mop	LOC135681111	LOC106867958	LOC110449479	LOC100175429	LOC129989161
OG0004645	LOC121856200	LOC136429815	Rab3-GEF	LOC135695569	LOC106882707	LOC110460518	LOC100178549	LOC129985345
OG0004646	LOC121856209	LOC136436570	CG4511	LOC135686831	LOC106879074	LOC110456558	LOC100180700	LOC129958810
OG0004647	LOC121856212	LOC136433188	Claspin	LOC135690680	LOC106872771	LOC110460235	LOC100179558	LOC129967569
OG0004648	LOC121856221	LOC136428061	Ubqn	LOC135687572	LOC106877833	LOC110445514	LOC100175472	LOC129958024
OG0004649	LOC121856230	LOC136433010	Sec10	LOC135692125	LOC106871180	LOC110445985	LOC494428	LOC129967031
OG0004650	LOC121856240	LOC136434729	Hcf	LOC135686754	LOC106873592	LOC110443354	LOC100178580	LOC129965726
OG0004651	LOC121856242	LOC136437856	Cpsf160	LOC135690523	LOC106871560	LOC110467505	LOC100183655	LOC129984428
OG0004652	LOC121856245	LOC136436225	CG17065	LOC135686539	LOC106872229	LOC110461126	LOC100179883	LOC129984027
OG0004653	LOC121856250	LOC136431426	CCT7	LOC135696428	LOC106878754	LOC110450016	LOC100185811	LOC129957248
OG0004654	LOC121856266	LOC136443687	CG6550	LOC135688012	LOC106879197	LOC110466648	LOC100176944	LOC129987973
OG0004655	LOC121856277	LOC136437277	HisRS	LOC135686921	LOC106883735	LOC110445972	LOC100185889	LOC129972516
OG0004656	LOC121856280	LOC136427780	unc-13	LOC135687559	LOC106879696	LOC110456312	LOC100176945	LOC129972515
OG0004657	LOC121856296	LOC136440012	Ttc30	LOC135691640	LOC106872720	LOC110446007	LOC100178872	LOC129969556
OG0004658	LOC121856310	LOC136446558	cl	LOC135683079	LOC106879179	LOC110462875	LOC100175262	LOC129985174
OG0004659	LOC121856335	LOC136433718	CG5214	LOC135692143	LOC106878908	LOC110450449	LOC100175390	LOC129966643
OG0004660	LOC121856352	LOC136443256	CG2608	LOC135688537	LOC106874404	LOC110458851	LOC100181274	LOC129981967
OG0004664	LOC121856396	LOC136433007	Gmap	LOC135684518	LOC106869305	LOC110466062	LOC445759	LOC129968800
OG0004665	LOC121856412	LOC136435500	UbcE2H	LOC135692789	LOC106873831	LOC110459530	LOC100176081	LOC129987984
OG0004666	LOC121856415	LOC136425098	unc80	LOC135683580	LOC106882437	LOC110467393	LOC100187298	LOC129966469
OG0004667	LOC121856421	LOC136429151	TrpRS-m	LOC135685403	LOC106879575	LOC110454180	LOC100175684	LOC129975730
OG0004668	LOC121856443	LOC136441290	spoon	LOC135683337	LOC106876306	LOC110461890	LOC100174989	LOC129976468
OG0004669	LOC121856465	LOC136430744	trbd	LOC135696173	LOC106879376	LOC110462281	zf_rbz_-3	LOC129965738
OG0004671	LOC121856495	LOC136436452	Gycbeta100B	LOC135686660	LOC106878947	LOC110452447	LOC100178308	LOC129960368
OG0004672	LOC121856503	LOC136428775	ATPsynO	LOC135685331	LOC106869222	LOC110454773	LOC100179838	LOC129972407
OG0004673	LOC121856536	LOC136430833	Bet3	LOC135685481	LOC106880311	LOC110454181	LOC100177880	LOC129957120
OG0004674	LOC121856542	LOC136449193	Lasp	LOC135692393	LOC106869356	LOC110443044	lasp	LOC129963076
OG0004675	LOC121856553	LOC136444766	Dpit47	LOC135694547	LOC106868067	LOC110445953	LOC100176694	LOC129971186
OG0004676	LOC121856580	LOC136444816	CG4935	LOC135693379	LOC106871384	LOC110449598	LOC100187342	LOC129984386
OG0004677	LOC121856582	LOC136442338	mr	LOC135693387	LOC106880975	LOC110460797	LOC100176764	LOC129988953
OG0004678	LOC121856589	LOC136433426	CG6144	LOC135683919	LOC106877165	LOC110446501	LOC101242490	LOC129975813
OG0004679	LOC121856599	LOC136421429	ACC	LOC135691442	LOC106879448	LOC110467315	LOC100184805	LOC129958070
OG0004680	LOC121856603	LOC136443891	Cap-D2	LOC135682180	LOC106876513	LOC110442938	LOC100185221	LOC129988408
OG0004681	LOC121856615	LOC136441463	CG12121	LOC135693719	LOC106881420	LOC110448314	LOC100175424	LOC129971647
OG0004682	LOC121856626	LOC136439352	Der-1	LOC135690711	LOC106875351	LOC110449690	LOC100175110	LOC129958493
OG0004684	LOC121856737	LOC136446843	Cul2	LOC135681886	LOC106883347	LOC110451824	LOC100183130	LOC129971493
OG0004685	LOC121856738	LOC136434895	Chchd3	LOC135692788	LOC106868566	LOC110459547	LOC100175710	LOC129976531
OG0004686	LOC121856739	LOC136441840	MED22	LOC135693304	LOC106877273	LOC110460794	LOC100186878	LOC129963742
OG0004688	LOC121856741	LOC136428653	cert	LOC135686983	LOC106870404	LOC110460166	LOC100176937	LOC129956799
OG0004690	LOC121856772	LOC136432598	CG14232	LOC135684013	LOC106871429	LOC110455718	LOC100187125	LOC129957063
OG0004691	LOC121856792	LOC136447567	Mybbp1A	LOC135687527	LOC106882676	LOC110458566	LOC100176373	LOC129972455
OG0004692	LOC121856800	LOC136431263	AP-2alpha	LOC135695617	LOC106884155	LOC110450140	LOC100181986	LOC129961098
OG0004694	LOC121856831	LOC136429968	mip130	LOC135695450	LOC106880031	LOC110446970	LOC101241960	LOC129984152
OG0004695	LOC121856835	LOC136449291	CG40191	LOC135681393	LOC106868821	LOC110460109	LOC100175689	LOC129959510
OG0004696	LOC121856836	LOC136429690	ND-39	LOC135695542	LOC106871925	LOC110445492	LOC100176100	LOC129989371
OG0004698	LOC121856848	LOC136421417	CG16721	LOC135683507	LOC106873213	LOC110460635	LOC100175388	LOC129957180
OG0004699	LOC121856854	LOC136441858	Arpc5	LOC135693206	LOC106878172	LOC110451348	LOC100185040	LOC129958986
OG0004700	LOC121856856	LOC136448573	CG8745	LOC135685149	LOC106873832	LOC110447364	LOC100184516	LOC129964021
OG0004701	LOC121856857	LOC136442624	RpL35	LOC135693545	LOC106878171	LOC110451349	LOC100179536	LOC129971308
OG0004703	LOC121856922	LOC136446023	CPT2	LOC135692491	LOC106867325	LOC110452625	LOC100184443	LOC129965578
OG0004704	LOC121856938	LOC136444344	Mtr4	LOC135694471	LOC106881995	LOC110463294	LOC100182540	LOC129983711
OG0004705	LOC121856943	LOC136437406	CG2147	LOC135686015	LOC106869999	LOC110447173	LOC100182253	LOC129960239
OG0004707	LOC121856946	LOC136422832	tsu	LOC135688823	LOC106876598	LOC110453078	LOC100185146	LOC129968611
OG0004708	LOC121856948	LOC136432637	Polr2E	LOC135694919	LOC106874998	LOC110445162	LOC100182874	LOC129976432
OG0004709	LOC121856960	LOC136435489	CG2790	LOC135684835	LOC106873746	LOC110442350	zf_u1like_-8	LOC129984094
OG0004710	LOC121856976	LOC136439206	CG7457	LOC135691289	LOC106872470	LOC110443521	LOC100180616	LOC129976720
OG0004711	LOC121857019	LOC136430571	abs	LOC135696023	LOC106874161	LOC110455357	zf_cchc_-20	LOC129984039
OG0004712	LOC121857020	LOC136449018	CG7728	LOC135684322	LOC106873506	LOC110451235	LOC100185882	LOC129981789
OG0004713	LOC121857026	LOC136431100	nompB	LOC135685348	LOC106867348	LOC110442229	LOC100181294	LOC129976412
OG0004714	LOC121857037	LOC136441019	CG15014	LOC135682368	LOC106881104	LOC110455667	LOC101242618	LOC129983775
OG0004715	LOC121857046	LOC136435262	CG5886	LOC135685836	LOC106870213	LOC110454303	LOC100177394	LOC129975071
OG0004716	LOC121857049	LOC136446852	CrebB	LOC135682893	LOC106881849	LOC110452284	creb/atf-c	LOC129965867
OG0004717	LOC121857075	LOC136430270	Polr1F	LOC135695481	LOC106867536	LOC110460443	LOC100187206	LOC129987414
OG0004718	LOC121857076	LOC136439823	mRpL12	LOC135691578	LOC106875334	LOC110447505	LOC100183429	LOC129967150
OG0004719	LOC121857079	LOC136441612	Hel25E	LOC135693779	LOC106879226	LOC110460800	LOC100182155	LOC129980875
OG0004720	LOC121857094	LOC136440990	cutlet	LOC135692045	LOC106875562	LOC110449621	LOC100182354	LOC129989216
OG0004721	LOC121857096	LOC136424987	lft	LOC135680739	LOC106877441	LOC110445495	LOC100184491	LOC129958568
OG0004722	LOC121857113	LOC136438475	Wwox	LOC135690718	LOC106869971	LOC110466830	LOC100186698	LOC129964037
OG0004723	LOC121857115	LOC136429575	Cdc5	LOC135685478	LOC106873214	LOC110451543	LOC100186894	LOC129968158
OG0004724	LOC121857116	LOC136436774	Yip1d1	LOC135686033	LOC106870390	LOC110440359	LOC100186067	LOC129965918
OG0004725	LOC121857121	LOC136438920	Pdrg1	LOC135691256	LOC106875766	LOC110464248	LOC100183348	LOC129980831
OG0004726	LOC121857124	LOC136440125	mge	LOC135691715	LOC106871540	LOC110460064	LOC100178576	LOC129964273
OG0004727	LOC121857130	LOC136444704	nero	LOC135688710	LOC106882333	LOC110446923	LOC100180246	LOC129964220
OG0004728	LOC121857142	LOC136440229	scny	LOC135691738	LOC106868704	LOC110453885	LOC100184355	LOC129984081
OG0004729	LOC121857145	LOC136420372	RpS26	LOC135681116	LOC106867968	LOC110464467	LOC100180455	LOC129988808
OG0004730	LOC121857157	LOC136435008	CG2021	LOC135692779	LOC106870841	LOC110461692	LOC100182395	LOC129968952
OG0004731	LOC121857159	LOC136422809	Tap42	LOC135682720	LOC106870712	LOC110460319	LOC100181408	LOC129971051
OG0004732	LOC121857179	LOC136435327	NitFhit	LOC135693694	LOC106872182	LOC110449582	LOC100178212	LOC129988052
OG0004733	LOC121857206	LOC136422996	CG2875	LOC135694431	LOC106874314	LOC110455349	LOC100184672	LOC129966531
OG0004734	LOC121857217	LOC136443966	Plod	LOC135688088	LOC106878123	LOC110462775	LOC100178986	LOC129965795
OG0004735	LOC121857231	LOC136421790	Usp7	LOC135691956	LOC106876495	LOC110453660	LOC100177157	LOC129957021
OG0004736	LOC121857244	LOC136432363	CG12320	LOC135688759	LOC106869852	LOC110453440	LOC100180520	LOC129968857
OG0004737	LOC121857245	LOC136435120	nac	LOC135692518	LOC106872294	LOC110453214	LOC100186387	LOC129964250
OG0004738	LOC121857249	LOC136443746	Noc2	LOC135688168	LOC106881651	LOC110464550	LOC100186643	LOC129962758
OG0004739	LOC121857293	LOC136432766	Isha	LOC135685279	LOC106873142	LOC110467321	LOC100176840	LOC129983831
OG0004742	LOC121857340	LOC136425690	CG5805	LOC135683517	LOC106880916	LOC110441760	LOC100184148	LOC129957102
OG0004743	LOC121857356	LOC136439393	Dhod	LOC135690996	LOC106880023	LOC110441362	LOC100175871	LOC129985176
OG0004744	LOC121857373	LOC136439775	CG13096	LOC135691708	LOC106870175	LOC110449882	LOC100187123	LOC129984174
OG0004745	LOC121857428	LOC136430979	tws	LOC135696056	LOC106874159	LOC110462138	LOC100184014	LOC129971465
OG0004746	LOC121857438	LOC136429667	Orp8	LOC135695643	LOC106881835	LOC110452677	LOC100175952	LOC129971471
OG0004747	LOC121857448	LOC136444090	AP-2mu	LOC135688295	LOC106875948	LOC110464536	LOC100182553	LOC129964011
OG0004748	LOC121857480	LOC136430798	Sec15	LOC135696204	LOC106883631	LOC110464952	LOC100180433	LOC129989501
OG0004749	LOC121857482	LOC136432403	Ets97D	LOC135684890	LOC106881061	LOC110455186	gabpalpha	LOC129981057
OG0004750	LOC121857485	LOC136436309	CG15012	LOC135681771	LOC106871207	LOC110456888	LOC100183691	LOC129957661
OG0004751	LOC121857489	LOC136433364	TBC1D23	LOC135684488	LOC106869205	LOC110442001	LOC100184699	LOC129983727
OG0004752	LOC121857499	LOC136439423	Sf3b3	LOC135691096	LOC106867716	LOC110453600	LOC100178056	LOC129969392
OG0004753	LOC121857509	LOC136431093	SecS	LOC135696408	LOC106882424	LOC110462366	LOC100178161	LOC129965934
OG0004754	LOC121857514	LOC136438806	Uba2	LOC135690851	LOC106873868	LOC110442489	LOC100183324	LOC129984201
OG0004755	LOC121857516	LOC136433031	flfl	LOC135684790	LOC106869438	LOC110467080	LOC100186977	LOC129957697
OG0004756	LOC121857519	LOC136436431	Coq2	LOC135690789	LOC106868154	LOC110461714	LOC100178794	LOC129975707
OG0004757	LOC121857525	LOC136425988	Sqor	LOC135690345	LOC106871235	LOC110448710	LOC100175914	LOC129965841
OG0004758	LOC121857528	LOC136432144	PpD3	LOC135681313	LOC106874012	LOC110457526	LOC100186268	LOC129966928
OG0004760	LOC121857546	LOC136427318	Atg17	LOC135694958	LOC106874584	LOC110448814	LOC100187500	LOC129962789
OG0004761	LOC121857549	LOC136439939	ND-ASHI	LOC135681663	LOC106879523	LOC110467287	LOC100184020	LOC129968142
OG0004762	LOC121857553	LOC136438907	CG7739	LOC135690759	LOC106874308	LOC110462497	LOC100175577	LOC129989252
OG0004763	LOC121857564	LOC136434856	Tango14	LOC135685697	LOC106872942	LOC110456884	LOC100176533	LOC129976037
OG0004765	LOC121857631	LOC136434956	CG5131	LOC135686452	LOC106869202	LOC110449409	LOC100183383	LOC129968953
OG0004766	LOC121857633	LOC136422571	Uxs	LOC135684839	LOC106870180	LOC110464590	LOC100178328	LOC129976263
OG0004767	LOC121857636	LOC136446094	Chc	LOC135683600	LOC106873753	LOC110451010	LOC100178259	LOC129965531
OG0004768	LOC121857638	LOC136435411	Sps1	LOC135692724	LOC106874205	LOC110452650	sephs2	LOC129984610
OG0004769	LOC121857642	LOC136435423	twf	LOC135692455	LOC106872959	LOC110462226	LOC100178166	LOC129960804
OG0004770	LOC121857679	LOC136448210	ash2	LOC135696708	LOC106883251	LOC110450571	ash2-like	LOC129971610
OG0004772	LOC121857683	LOC136442336	fwe	LOC135693509	LOC106875617	LOC110464973	LOC100184706	LOC129958758
OG0004773	LOC121857690	LOC136446015	Vha14-1	LOC135682714	LOC106883228	LOC110446620	LOC100186035	LOC129972976
OG0004774	LOC121857694	LOC136445359	CG15084	LOC135694534	LOC106874291	LOC110465496	LOC100175929	LOC129963383
OG0004775	LOC121857699	LOC136425314	Smu1	LOC135690300	LOC106868600	LOC110447356	LOC100180093	LOC129975661
OG0004776	LOC121857703	LOC136438864	DEF8	LOC135690499	LOC106883200	LOC110450229	LOC100177633	LOC129957816
OG0004778	LOC121857744	LOC136439269	CG32486	LOC135691216	LOC106879531	LOC110443762	zf_traf/ring_-4	LOC129988426
OG0004779	LOC121857749	LOC136437976	Blos4	LOC135690833	LOC106874206	LOC110446309	LOC100184422	LOC129969104
OG0004780	LOC121857771	LOC136430055	msps	LOC135695410	LOC106875789	LOC110460436	LOC100175010	LOC129957300
OG0004781	LOC121857777	LOC136422721	CG17698	LOC135683735	LOC106867747	LOC110460915	LOC100177796	LOC129984054
OG0004782	LOC121857789	LOC136438551	CkIIalpha	LOC135690755	LOC106878394	LOC110453596	ck2a	LOC129985158
OG0004783	LOC121857790	LOC136432886	Psf1	LOC135693847	LOC106877156	LOC110461487	LOC100182896	LOC129972365
OG0004784	LOC121857812	LOC136430887	Vha55	LOC135696463	LOC106870500	LOC110451701	LOC100186335	LOC129955014
OG0004786	LOC121857814	LOC136428010	TfAP-2	LOC135696548	LOC106881857	LOC110455885	ap-2-like2	LOC129981807
OG0004787	LOC121857818	LOC136435790	Ocrl	LOC135685225	LOC106875100	LOC110452975	LOC100177344	LOC129968505
OG0004790	LOC121857858	LOC136422070	Cnot4	LOC135680755	LOC106880921	LOC110459336	LOC100175100	LOC129983892
OG0004791	LOC121857887	LOC136444684	Pyroxd1	LOC135690961	LOC106869433	LOC110452356	LOC100180517	LOC129968444
OG0004792	LOC121857888	LOC136449219	Fdh	LOC135689995	LOC106880206	LOC110465605	adh3	LOC129976493
OG0004793	LOC121857894	LOC136432469	Vang	LOC135684489	LOC106883430	LOC110464822	LOC100187060	LOC129961901
OG0004794	LOC121857896	LOC136447841	Ppat-Dpck	LOC135689980	LOC106882755	LOC110458809	LOC100184845	LOC129965519
OG0004795	LOC121857963	LOC136424157	Ars2	LOC135689883	LOC106884507	LOC110447288	LOC100183370	LOC129965488
OG0004797	LOC121858011	LOC136439612	Ucp4A	LOC135689728	LOC106871828	LOC110451866	LOC113474123	LOC129955828
OG0004798	LOC121858077	LOC136448483	Adk2	LOC135682363	LOC106879416	LOC110467018	LOC100175447	LOC129956865
OG0004799	LOC121858082	LOC136448096	Sec24AB	LOC135686803	LOC106884425	LOC110459512	LOC100181473	LOC129959356
OG0004800	LOC121858093	LOC136439896	Vps20	LOC135691669	LOC106882804	LOC110455678	LOC100180662	LOC129955046
OG0004802	LOC121858204	LOC136444830	CG4866	LOC135694730	LOC106873409	LOC110449852	LOC100177492	LOC129981321
OG0004804	LOC121858226	LOC136444566	Hmgs	LOC135695135	LOC106870583	LOC110452514	LOC100175295	LOC129956880
OG0004805	LOC121858236	LOC136446898	Rad9	LOC135683014	LOC106874613	LOC110445848	LOC100175771	LOC129965943
OG0004806	LOC121858239	LOC136447988	PAN2	LOC135696087	LOC106883912	LOC110465014	LOC100177104	LOC129966034
OG0004807	LOC121858251	LOC136447616	Alh	LOC135682650	LOC106877920	LOC110449730	af10-like	LOC129975056
OG0004808	LOC121858255	LOC136430515	BOD1	LOC135696331	LOC106870384	LOC110460502	LOC100183117	LOC129963654
OG0004809	LOC121858271	LOC136434940	CG7430	LOC135686661	LOC106870829	LOC110461708	LOC100180742	LOC129988086
OG0004811	LOC121858285	LOC136423411	CG9346	LOC135684532	LOC106873080	LOC110463761	LOC100177335	LOC129965487
OG0004812	LOC121858293	LOC136432909	alphaSnap	LOC135693685	LOC106880014	LOC110459186	LOC100185745	LOC129958796
OG0004813	LOC121858307	LOC136435035	BORCS6	LOC135695605	LOC106868315	LOC110461739	LOC100187102	LOC129981747
OG0004814	LOC121858309	LOC136422724	kto	LOC135684408	LOC106884372	LOC110463223	LOC100179370	LOC129968552
OG0004815	LOC121858320	LOC136446944	Vps29	LOC135684024	LOC106874621	LOC110445850	LOC100176748	LOC129961987
OG0004816	LOC121858323	LOC136427802	CG3652	LOC135686138	LOC106880751	LOC110440338	LOC100177274	LOC129976503
OG0004817	LOC121858330	LOC136432906	Golgin84	LOC135692933	LOC106879675	LOC110459170	LOC100184562	LOC129983633
OG0004818	LOC121858365	LOC136443150	mRpS22	LOC135688260	LOC106878918	LOC110460246	LOC100175906	LOC129964210
OG0004819	LOC121858366	LOC136425165	LSm7	LOC135690346	LOC106881825	LOC110445404	LOC100180305	LOC129969696
OG0004822	LOC121858496	LOC136422076	CG46385	LOC135685347	LOC106879855	LOC110453493	LOC100185204	LOC129983825
OG0004823	LOC121858502	LOC136440919	Tbcd	LOC135681693	LOC106880524	LOC110456764	LOC104266005	LOC129958438
OG0004824	LOC121858512	LOC136443487	Liprin-gamma	LOC135688414	LOC106877021	LOC110456815	LOC100181316	LOC129984558
OG0004826	LOC121858589	LOC136438877	Coq5	LOC135683281	LOC106876763	LOC110464631	LOC100179275	LOC129983859
OG0004828	LOC121858598	LOC136428949	Reps	LOC135685796	LOC106879514	LOC110442230	LOC100182024	LOC129980898
OG0004829	LOC121858603	LOC136433793	CG9967	LOC135688310	LOC106868996	LOC110465792	LOC100184374	LOC129959921
OG0004830	LOC121858619	LOC136420853	CG9107	LOC135690262	LOC106883586	LOC110466945	LOC100183677	LOC129975929
OG0004831	LOC121858629	LOC136436347	CG10068	LOC135683605	LOC106871055	LOC110440352	LOC100186932	LOC129963111
OG0004832	LOC121858630	LOC136436340	Tmem131	LOC135686397	LOC106878053	LOC110440321	LOC100184838	LOC129958263
OG0004833	LOC121858638	LOC136443285	PolZ2	LOC135692327	LOC106871858	LOC110455282	LOC104266327	LOC129958930
OG0004834	LOC121858687	LOC136434996	CG11920	LOC135691169	LOC106879286	LOC110461734	LOC100185465	LOC129988388
OG0004835	LOC121858688	LOC136444362	Nasp	LOC135694610	LOC106869013	LOC110445964	LOC100180522	LOC129971641
OG0004836	LOC121858692	LOC136440464	Hel89B	LOC135691847	LOC106870984	LOC110465606	LOC100180833	LOC129960990
OG0004837	LOC121858700	LOC136421650	Dera	LOC135691175	LOC106874653	LOC110451563	LOC100176285	LOC129960741
OG0004839	LOC121858709	LOC136449107	BicC	LOC135680970	LOC106878747	LOC110458080	LOC100175731	LOC129966990
OG0004842	LOC121858731	LOC136434781	Ipo9	LOC135686536	LOC106877043	LOC110442130	LOC100179444	LOC129968609
OG0004843	LOC121858733	LOC136433143	eEF1gamma	LOC135687767	LOC106878862	LOC110459428	LOC100187007	LOC129988342
OG0004845	LOC121858774	LOC136433540	Sos	LOC135686097	LOC106875192	LOC110447714	LOC100179302	LOC129957022
OG0004846	LOC121858799	LOC136444190	Rtca	LOC135695044	LOC106880391	LOC110441339	LOC100181920	LOC129955250
OG0004847	LOC121858838	LOC136439663	nonC	LOC135692111	LOC106882826	LOC110467006	LOC101242023	LOC129966951
OG0004848	LOC121858842	LOC136442527	Dph1	LOC135683720	LOC106869814	LOC110461373	LOC100175202	LOC129966562
OG0004850	LOC121858885	LOC136438625	Rs1	LOC135690847	LOC106868386	LOC110443242	LOC100183701	LOC129985256
OG0004851	LOC121858887	LOC136441518	CG8671	LOC135687240	LOC106871078	LOC110452960	LOC100186197	LOC129965582
OG0004852	LOC121858890	LOC136436880	Las	LOC135685939	LOC106877879	LOC110452445	LOC100183489	LOC129962381
OG0004853	LOC121858935	LOC136442664	mRpL19	LOC135685451	LOC106870226	LOC110467210	LOC100182580	LOC129984077
OG0004854	LOC121858939	LOC136421641	Cdc37	LOC135688817	LOC106870674	LOC110456435	LOC100185452	LOC129962031
OG0004856	LOC121859066	LOC136428553	RpL24-like	LOC135687630	LOC106875663	LOC110458322	LOC100180744	LOC129966347
OG0004857	LOC121859071	LOC136434831	CG6415	LOC135692824	LOC106871168	LOC110461700	LOC100182526	LOC129960994
OG0004858	LOC121859072	LOC136421470	Gp210	LOC135681074	LOC106869274	LOC110450257	LOC100186556	LOC129970820
OG0004859	LOC121859074	LOC136446738	HDAC4	LOC135682717	LOC106877934	LOC110450026	LOC100181525	LOC129968525
OG0004860	LOC121859090	LOC136438187	BBS4	LOC135691172	LOC106883124	LOC110443563	LOC100177448	LOC129968866
OG0004861	LOC121859097	LOC136441289	CG12128	LOC135687556	LOC106884240	LOC110453861	LOC100187134	LOC129973093
OG0004862	LOC121859101	LOC136424963	Prp3	LOC135690604	LOC106871454	LOC110465774	LOC100183743	LOC129981234
OG0004863	LOC121859102	LOC136424746	SF1	LOC135689560	LOC106882219	LOC110456752	zf_cchc_-13	LOC129972495
OG0004864	LOC121859120	LOC136423260	Flacc	LOC135684127	LOC106878098	LOC110462435	LOC100186678	LOC129971184
OG0004865	LOC121859127	LOC136436605	Lerp	LOC135685064	LOC106881233	LOC110447696	LOC100186527	LOC129976551
OG0004866	LOC121859129	LOC136449306	Elp6	LOC135690131	LOC106879075	LOC110450624	LOC100177798	LOC129966705
OG0004868	LOC121859133	LOC136436805	eIF5B	LOC135686528	LOC106871994	LOC110459204	LOC100185599	LOC129956686
OG0004869	LOC121859134	LOC136433726	Sras	LOC135686346	LOC106884353	LOC110462813	LOC100184780	LOC129965835
OG0004870	LOC121859143	LOC136439516	Nle	LOC135683290	LOC106875218	LOC110446048	LOC100176561	LOC129984729
OG0004871	LOC121859144	LOC136430227	l_1_G0020	LOC135695018	LOC106873658	LOC110459943	LOC100179811	LOC129976540
OG0004872	LOC121859146	LOC136438647	CG5033	LOC135692461	LOC106874947	LOC110446284	LOC100177341	LOC129972820
OG0004873	LOC121859147	LOC136446934	CG17219	LOC135695074	LOC106882668	LOC110461973	LOC108951015	LOC129976399
OG0004874	LOC121859242	LOC136448870	Rack1	LOC135696406	LOC106882015	LOC110457664	LOC100179473	LOC129961744
OG0004875	LOC121859244	LOC136435044	Rbsn-5	LOC135692823	LOC106883945	LOC110461228	LOC100185016	LOC129963298
OG0004876	LOC121859248	LOC136437416	APC10	LOC135691709	LOC106868833	LOC110440446	LOC100176838	LOC129980300
OG0004877	LOC121859258	LOC136430952	Mitofilin	LOC135696203	LOC106871626	LOC110452056	LOC100179906	LOC129958615
OG0004878	LOC121859259	LOC136446788	Crk	LOC135680898	LOC106869162	LOC110450258	LOC100181416	LOC129976667
OG0004879	LOC121859267	LOC136427572	cactin	LOC135687141	LOC106870232	LOC110456082	LOC100186806	LOC129988137
OG0004880	LOC121859269	LOC136431117	CG12863	LOC135696409	LOC106867409	LOC110465576	LOC100180838	LOC129981109
OG0004881	LOC121859275	LOC136437547	Aasdh	LOC135686288	LOC106870454	LOC110440441	LOC100177559	LOC129983581
OG0004882	LOC121859288	LOC136432518	Gnpat	LOC135688857	LOC106872642	LOC110455534	LOC100180471	LOC129989086
OG0004883	LOC121859297	LOC136428474	mRpS29	LOC135687142	LOC106884486	LOC110465589	LOC100185161	LOC129989585
OG0004884	LOC121859316	LOC136432907	CG1578	LOC135681209	LOC106869672	LOC110459198	LOC100180152	LOC129985132
OG0004885	LOC121859421	LOC136430809	l_3_07882	LOC135695805	LOC106874743	LOC110464524	LOC100180269	LOC129979104
OG0004886	LOC121859428	LOC136439984	CG11454	LOC135684642	LOC106873197	LOC110453470	LOC104266689	LOC129987937
OG0004887	LOC121859443	LOC136441557	omd	LOC135694086	LOC106883871	LOC110457866	LOC100178924	LOC129964116
OG0004888	LOC121859458	LOC136424138	Asap	LOC135689804	LOC106882879	LOC110458003	ci-arfgap-11	LOC129983822
OG0004889	LOC121859463	LOC136443233	CG5961	LOC135689818	LOC106875523	LOC110452161	LOC100182869	LOC129965564
OG0004890	LOC121859472	LOC136423141	SCCRO	LOC135684496	LOC106875760	LOC110444814	LOC100180811	LOC129958175
OG0004891	LOC121859473	LOC136423022	Mcm7	LOC135683940	LOC106875761	LOC110444795	LOC100179437	LOC129957486
OG0004892	LOC121859475	LOC136436767	Sap30	LOC135686263	LOC106878088	LOC110449528	LOC100177280	LOC129961663
OG0004893	LOC121859476	LOC136420810	eIF3c	LOC135683082	LOC106875141	LOC110461366	LOC100184846	LOC129969201
OG0004894	LOC121859481	LOC136437905	Usp10	LOC135691413	LOC106883420	LOC110466769	LOC100176909	LOC129988968
OG0004895	LOC121859487	LOC136429979	Cap-H2	LOC135695487	LOC106881080	LOC110459330	LOC100181031	LOC129989189
OG0004896	LOC121859489	LOC136428913	Caf1-55	LOC135685825	LOC106879513	LOC110464712	LOC104265886	LOC129981069
OG0004897	LOC121859497	LOC136437936	RFeSP	LOC135690575	LOC106880109	LOC110454455	LOC100177491	LOC129988312
OG0004898	LOC121859501	LOC136444389	Ythdc1	LOC135694970	LOC106867842	LOC110461540	LOC100184234	LOC129980541
OG0004899	LOC121859503	LOC136441722	PIG-K	LOC135693771	LOC106872593	LOC110451141	LOC100179577	LOC129981798
OG0004901	LOC121859519	LOC136423584	Fis1	LOC135688973	LOC106875394	LOC110465235	LOC100185013	LOC129969429
OG0004903	LOC121859522	LOC136434887	Nup43	LOC135685761	LOC106868990	LOC110456433	LOC100179163	LOC129963601
OG0004904	LOC121859529	LOC136422343	c12.1	LOC135684212	LOC106877386	LOC110465283	zf_c2h2_-86	LOC129981656
OG0004905	LOC121859531	LOC136436738	RecQ5	LOC135686490	LOC106878615	LOC110449536	LOC100175500	LOC129969587
OG0004906	LOC121859536	LOC136434686	Manf	LOC135692572	LOC106881004	LOC110466273	LOC100178512	LOC129960712
OG0004907	LOC121859537	LOC136446537	Gos28	LOC135683335	LOC106869065	LOC110464031	LOC100182843	LOC129965621
OG0004908	LOC121859540	LOC136433584	Tango1	LOC135692784	LOC106880786	LOC110446443	LOC100180095	LOC129963661
OG0004909	LOC121859546	LOC136436386	Spt20	LOC135686841	LOC106872355	LOC110458663	LOC100186704	LOC129958328
OG0004910	LOC121859551	LOC136431219	Ubc6	LOC135686799	LOC106874636	LOC110454047	LOC100175224	LOC129980864
OG0004911	LOC121859598	LOC136439925	STUB1	LOC135691660	LOC106879589	LOC110467343	LOC100183417	LOC129968762
OG0004912	LOC121859615	LOC136424504	trbl	LOC135690138	LOC106884514	LOC110458000	LOC100181586	LOC129971197
OG0004914	LOC121859644	LOC136444875	ATPsyndelta	LOC135694596	LOC106881874	LOC110443582	LOC101243330	LOC129958905
OG0004915	LOC121859650	LOC136431176	Hsc70-5	LOC135696536	LOC106873137	LOC110442103	LOC100175645	LOC129985315
OG0004916	LOC121859667	LOC136428709	Rab23	LOC135688941	LOC106869411	LOC110457127	LOC100182595	LOC129972717
OG0004917	LOC121859684	LOC136445394	CG11563	LOC135681834	LOC106876849	LOC110449227	LOC100185291	LOC129969141
OG0004918	LOC121859718	LOC136443066	su_w[a]	LOC135683983	LOC106874213	LOC110464083	LOC100181063	LOC129984950
OG0004919	LOC121859723	LOC136430029	ric8a	LOC135691330	LOC106882476	LOC110464849	LOC100180936	LOC129980984
OG0004920	LOC121859724	LOC136423680	TppII	LOC135684416	LOC106874742	LOC110462454	LOC100177474	LOC129958961
OG0004921	LOC121859725	LOC136435097	MAPk-Ak2	LOC135686725	LOC106882434	LOC110443430	LOC100178703	LOC129963739
OG0004922	LOC121859739	LOC136445283	ptc	LOC135695076	LOC106878151	LOC110466639	LOC778726	LOC129958368
OG0004923	LOC121859740	LOC136443787	S6k	LOC135683084	LOC106872574	LOC110457708	LOC100178579	LOC129976707
OG0004924	LOC121859751	LOC136432624	Rtf1	LOC135686405	LOC106872109	LOC110466048	LOC100175277	LOC129962621
OG0004926	LOC121859837	LOC136420669	fab1	LOC135681589	LOC106882632	LOC110449617	LOC108949957	LOC129956499
OG0004927	LOC121859842	LOC136432424	Rbbp5	LOC135684611	LOC106872501	LOC110464287	LOC100186009	LOC129966086
OG0004928	LOC121859844	LOC136443209	Exo84	LOC135688550	LOC106872839	LOC110462726	LOC100179362	LOC129976415
OG0004929	LOC121859845	LOC136430422	Vps36	LOC135686922	LOC106876214	LOC110454815	LOC100177294	LOC129961774
OG0004930	LOC121859847	LOC136442849	Tcs1	LOC135685455	LOC106874080	LOC110452308	LOC100179694	LOC129984420
OG0004931	LOC121859849	LOC136428447	Polr3K	LOC135689812	LOC106871871	LOC110457362	polr3k	LOC129979425
OG0004932	LOC121859915	LOC136440191	ENGase	LOC135691973	LOC106879857	LOC110443190	LOC100187187	LOC129975760
OG0004934	LOC121859931	LOC136443937	CG1907	LOC135688043	LOC106876103	LOC110462922	LOC100175272	LOC129963695
OG0004935	LOC121859933	LOC136442586	Ogg1	LOC135681124	LOC106869879	LOC110441639	LOC100183214	LOC129963271
OG0004936	LOC121859934	LOC136432531	Trax	LOC135690175	LOC106870009	LOC110447028	LOC100179726	LOC129957158
OG0004937	LOC121859966	LOC136434358	Cadps	LOC135692713	LOC106881656	LOC110449431	LOC100182731	LOC129989166
OG0004938	LOC121859972	LOC136445502	mRpL40	LOC135683977	LOC106867869	LOC110462901	LOC100177514	LOC129962651
OG0004940	LOC121859983	LOC136438861	ppl	LOC135690579	LOC106871511	LOC110467498	LOC100184495	LOC129964283
OG0004941	LOC121859988	LOC136444186	Nup154	LOC135694448	LOC106874976	LOC110443668	LOC100181889	LOC129972581
OG0004942	LOC121859991	LOC136435426	Drp1	LOC135692925	LOC106867941	LOC110461247	LOC100180573	LOC129969231
OG0004943	LOC121859993	LOC136443085	Tango5	LOC135683859	LOC106884322	LOC110457838	LOC100180764	LOC129965583
OG0004944	LOC121860000	LOC136432246	CG8031	LOC135693475	LOC106873293	LOC110450464	LOC100186910	LOC129971590
OG0004945	LOC121860005	LOC136427767	Pmvk	LOC135688327	LOC106882065	LOC110445691	LOC104266854	LOC129975894
OG0004946	LOC121860010	LOC136421250	Fs_2_Ket	LOC135681496	LOC106867805	LOC110461609	LOC100184801	LOC129957631
OG0004947	LOC121860016	LOC136425696	Med	LOC135690444	LOC106876392	LOC110466964	smad4	LOC129957083
OG0004950	LOC121860090	LOC136436276	swm	LOC135685988	LOC106874189	LOC110458301	zf_c3h_-9	LOC129971602
OG0004951	LOC121860092	LOC136433079	Naa20A	LOC135681720	LOC106882825	LOC110450471	LOC100179502	LOC129984258
OG0004952	LOC121860096	LOC136440454	CG9300	LOC135691981	LOC106868631	LOC110467005	LOC100187270	LOC129965532
OG0004953	LOC121860122	LOC136426022	CG11596	LOC135695880	LOC106876185	LOC110446365	LOC100177315	LOC129969157
OG0004954	LOC121860128	LOC136421322	ND-75	LOC135682211	LOC106869655	LOC110465929	LOC100185471	LOC129966754
OG0004955	LOC121860133	LOC136442548	CG3226	LOC135693620	LOC106873458	LOC110442467	LOC100183666	LOC129981544
OG0004956	LOC121860137	LOC136433033	CG2260	LOC135693289	LOC106879985	LOC110467480	LOC100185056	LOC129984359
OG0004957	LOC121860139	LOC136439774	mRpS16	LOC135684689	LOC106869440	LOC110461600	LOC100178125	LOC129957045
OG0004958	LOC121860141	LOC136448484	RabGGTb	LOC135694208	LOC106872089	LOC110447576	LOC100177402	LOC129975686
OG0004959	LOC121860144	LOC136433446	CG5290	LOC135691341	LOC106881373	LOC110441523	LOC100175047	LOC129966846
OG0004960	LOC121860163	LOC136430674	FANCI	LOC135695861	LOC106870749	LOC110466301	LOC100187436	LOC129965751
OG0004961	LOC121860173	LOC136427286	Ufl1	LOC135685606	LOC106881474	LOC110447731	LOC100178658	LOC129984417
OG0004962	LOC121860175	LOC136446257	CG3760	LOC135682091	LOC106881803	LOC110460757	LOC100184892	LOC129981634
OG0004963	LOC121860177	LOC136430907	5PtaseI	LOC135696251	LOC106877914	LOC110460473	LOC100178482	LOC129956459
OG0004964	LOC121860190	LOC136437340	sty	LOC135695830	LOC106875828	LOC110459203	LOC100179914	LOC129958143
OG0004965	LOC121860199	LOC136421415	ArfGAP3	LOC135680914	LOC106881471	LOC110451586	arfgap-10	LOC129968659
OG0004966	LOC121860214	LOC136433401	Pnn	LOC135685770	LOC106881878	LOC110461446	LOC100175896	LOC129962692
OG0004967	LOC121860339	LOC136427707	NiPp1	LOC135689269	LOC106875745	LOC110446924	LOC100182616	LOC129966825
OG0004968	LOC121860340	LOC136428702	SsRbeta	LOC135687401	LOC106869478	LOC110456354	LOC100180057	LOC129989106
OG0004969	LOC121860342	LOC136428028	Oseg2	LOC135689253	LOC106873882	LOC110466104	LOC100175077	LOC129983925
OG0004970	LOC121860344	LOC136431121	prel	LOC135681519	LOC106874977	LOC110455412	LOC100179114	LOC129972321
OG0004971	LOC121860349	LOC136437421	CG5934	LOC135686096	LOC128251217	LOC110445783	LOC100179621	LOC129959127
OG0004972	LOC121860352	LOC136438184	mTerf3	LOC135687406	LOC106876646	LOC110443523	LOC100183014	LOC129966996
OG0004974	LOC121860397	LOC136428332	mRpS30	LOC135687468	LOC106870261	LOC110460203	LOC100181661	LOC129971673
OG0004975	LOC121860403	LOC136424196	CG5181	LOC135681311	LOC106868799	LOC110446091	LOC100185276	LOC129969120
OG0004976	LOC121860423	LOC136423081	Ccm3	LOC135684913	LOC106882772	LOC110453786	LOC100176205	LOC129971958
OG0004977	LOC121860429	LOC136445861	lili	LOC135682639	LOC106882103	LOC110450396	LOC100179615	LOC129960936
OG0004978	LOC121860490	LOC136431963	GEFmeso	LOC135681251	LOC106873757	LOC110447429	LOC100184701	LOC129972637
OG0004979	LOC121860492	LOC136427601	HDAC1	LOC135689097	LOC106878991	LOC110457536	LOC100186761	LOC129963053
OG0004980	LOC121860513	LOC136433290	l_2_dtl	LOC135691352	LOC106872475	LOC110457040	LOC100181916	LOC129984323
OG0004981	LOC121860514	LOC136448473	CG4074	LOC135684948	LOC106883425	LOC110447781	LOC100186572	LOC129968675
OG0004982	LOC121860535	LOC136422749	TfIIFbeta	LOC135684896	LOC106882034	LOC110452114	LOC100179943	LOC129971531
OG0004983	LOC121860558	LOC136441232	Vav	LOC135694181	LOC106879297	LOC110466438	LOC100177259	LOC129963149
OG0004984	LOC121860578	LOC136428154	geminin	LOC135695724	LOC106867855	LOC110456603	LOC100184902	LOC129970668
OG0004985	LOC121860580	LOC136438396	LRR	LOC135691126	LOC106880055	LOC110447620	LOC100184810	LOC129983563
OG0004986	LOC121860581	LOC136444669	CG3356	LOC135694907	LOC106872940	LOC110440640	LOC100175741	LOC129957459
OG0004987	LOC121860582	LOC136433542	Sec23	LOC135694575	LOC106881198	LOC110467230	LOC100183335	LOC129980508
OG0004988	LOC121860584	LOC136439035	csul	LOC135690669	LOC106882157	LOC110443758	LOC100186564	LOC129988170
OG0004989	LOC121860585	LOC136435371	Cerk	LOC135692706	LOC106884171	LOC110457812	LOC100178612	LOC129965630
OG0004990	LOC121860587	LOC136442577	Sin1	LOC135692437	LOC106868855	LOC110464421	LOC100179314	LOC129980577
OG0004991	LOC121860589	LOC136430670	CSN4	LOC135682599	LOC106878970	LOC110467027	LOC100183592	LOC129963990
OG0004992	LOC121860591	LOC136448058	mip120	LOC135682770	LOC106879905	LOC110467026	LOC100175095	LOC129963835
OG0004993	LOC121860595	LOC136441451	CG5116	LOC135681018	LOC106871025	LOC110465942	LOC100184445	LOC129976669
OG0004994	LOC121860599	LOC136432510	Bx42	LOC135689715	LOC106879519	LOC110447988	LOC100183284	LOC129980969
OG0004995	LOC121860600	LOC136446303	Dgk	LOC135681960	LOC106879787	LOC110460777	LOC100186772	LOC129984733
OG0004997	LOC121860614	LOC136440353	MED15	LOC135696185	LOC106872996	LOC110458793	LOC100176244	LOC129963100
OG0004998	LOC121860617	LOC136434740	Atg7	LOC135686758	LOC106880300	LOC110443348	LOC100176035	LOC129983966
OG0004999	LOC121860619	LOC136447507	CG34195	LOC135682668	LOC106879037	LOC110461196	LOC100181090	LOC129957540
OG0005000	LOC121860622	LOC136425439	Spt5	LOC135696729	LOC106881540	LOC110448418	LOC100178802	LOC129975677
OG0005001	LOC121860631	LOC136427435	su_sable	LOC135681050	LOC106882725	LOC110448419	ci-zf_c3h_-7	LOC129975694
OG0005002	LOC121860634	LOC136424090	Rpn13	LOC135689535	LOC106874785	LOC110464906	LOC100179410	LOC129980629
OG0005003	LOC121860635	LOC136427580	CG1847	LOC135683929	LOC106873940	LOC110455568	LOC100185083	LOC129969252
OG0005004	LOC121860636	LOC136442806	mst	LOC135685393	LOC106872830	LOC110460084	LOC100183653	LOC129980955
OG0005005	LOC121860662	LOC136421056	Hip1	LOC135683099	LOC106879202	LOC110464641	LOC494389	LOC129971672
OG0005006	LOC121860670	LOC136438149	Tcs5	LOC135691238	LOC106883433	LOC110463343	LOC100182130	LOC129972331
OG0005007	LOC121860688	LOC136441271	Gorab	LOC135693201	LOC106868983	LOC110447972	LOC100180690	LOC129983715
OG0005008	LOC121860691	LOC136428287	eIF3j	LOC135687131	LOC106868104	LOC110445646	LOC100185372	LOC129971734
OG0005009	LOC121860693	LOC136447437	CG10628	LOC135682070	LOC106871042	LOC110449720	LOC100186773	LOC129962660
OG0005011	LOC121860709	LOC136428398	CG11788	LOC135688853	LOC106868004	LOC110466606	LOC104266179	LOC129981239
OG0005012	LOC121860728	LOC136447826	mRpL17	LOC135684247	LOC106869203	LOC110453335	LOC100184616	LOC129972216
OG0005013	LOC121860729	LOC136429610	CG7639	LOC135685688	LOC106874119	LOC110448281	LOC104266474	LOC129969008
OG0005014	LOC121860735	LOC136431416	kn	LOC135696459	LOC106878716	LOC110450015	coe	LOC129959955
OG0005016	LOC121860749	LOC136421678	IntS9	LOC135686386	LOC106879463	LOC110459116	LOC100184269	LOC129971576
OG0005017	LOC121860750	LOC136437065	Iswi	LOC135685908	LOC106884192	LOC110440406	swi/snf	LOC129963592
OG0005018	LOC121860751	LOC136429739	EMC10	LOC135695742	LOC106872800	LOC110447835	LOC100181673	LOC129967512
OG0005019	LOC121860758	LOC136427993	Brd8	LOC135695987	LOC106876373	LOC110451700	LOC100175561	LOC129965481
OG0005020	LOC121860759	LOC136430932	tex	LOC135693172	LOC106882936	LOC110448737	LOC100176365	LOC129956402
OG0005021	LOC121860761	LOC136433328	deltaCOP	LOC135684280	LOC106869211	LOC110464838	LOC100175551	LOC129984675
OG0005023	LOC121860764	LOC136435175	SMC1	LOC135686702	LOC106869447	LOC110442499	LOC100179641	LOC129975902
OG0005024	LOC121860767	LOC136427791	CG15914	LOC135682299	LOC106872562	LOC110443324	ci-zf_c3h/u1like_-1	LOC129980736
OG0005025	LOC121860772	LOC136441401	CG1309	LOC135693879	LOC106871946	LOC110442466	LOC100186765	LOC129981073
OG0005026	LOC121860781	LOC136442255	Cand1	LOC135689745	LOC106867201	LOC110443491	LOC100177977	LOC129965593
OG0005027	LOC121860785	LOC136432770	Nup133	LOC135685501	LOC106883067	LOC110457777	LOC100186719	LOC129969572
OG0005028	LOC121860790	LOC136423969	CG15643	LOC135683228	LOC106876174	LOC110457186	LOC100185351	LOC129976013
OG0005029	LOC121860796	LOC136424304	T3dh	LOC135685184	LOC106876888	LOC110443496	LOC100186144	LOC129965624
OG0005030	LOC121860798	LOC136428114	Elp4	LOC135692049	LOC106869517	LOC110447820	LOC100179761	LOC129974903
OG0005031	LOC121860874	LOC136444922	Rph	LOC135683986	LOC106875810	LOC110445229	LOC100183573	LOC129975080
OG0005032	LOC121860886	LOC136438570	mei-W68	LOC135689188	LOC106872053	LOC110456189	LOC100180409	LOC129973604
OG0005033	LOC121860897	LOC136423692	Cdc16	LOC135694703	LOC106868841	LOC110458368	LOC104265889	LOC129968867
OG0005034	LOC121860910	LOC136438616	CG8607	LOC135690715	LOC106874859	LOC110443807	LOC100178420	LOC129973090
OG0005035	LOC121860920	LOC136430259	bora	LOC135696654	LOC106872358	LOC110448430	LOC104265898	LOC129962602
OG0005037	LOC121860929	LOC136437022	v	LOC135686198	LOC106876061	LOC110440443	LOC100181631	LOC129961967
OG0005039	LOC121860957	LOC136435655	CG10324	LOC135692434	LOC106877856	LOC110457268	LOC100178241	LOC129963345
OG0005040	LOC121860959	LOC136448865	ND-19	LOC135681964	LOC106877669	LOC110451085	LOC100185261	LOC129960062
OG0005041	LOC121860962	LOC136432847	CG2017	LOC135688574	LOC106874574	LOC110459590	LOC100176234	LOC129958520
OG0005042	LOC121860963	LOC136440314	Clp	LOC135691673	LOC106867798	LOC110453921	LOC100178032	LOC129984400
OG0005043	LOC121860964	LOC136427452	AIMP3	LOC135688846	LOC106876785	LOC110466702	LOC100184121	LOC129963498
OG0005044	LOC121860973	LOC136435369	Zw	LOC135692798	LOC106874526	LOC110443182	LOC100183819	LOC129960600
OG0005045	LOC121860976	LOC136435505	ScsbetaG	LOC135692496	LOC106875047	LOC110461731	LOC100184967	LOC129966569
OG0005046	LOC121860978	LOC136436789	CG14722	LOC135686859	LOC106884265	LOC110464304	LOC100185530	LOC129964129
OG0005047	LOC121860983	LOC136440951	PGS1	LOC135691929	LOC106874019	LOC110452228	LOC100182278	LOC129989413
OG0005048	LOC121860985	LOC136435402	PPP4R2r	LOC135692586	LOC106868173	LOC110443097	LOC100179417	LOC129968178
OG0005049	LOC121860989	LOC136421675	TSG101	LOC135684114	LOC106874961	LOC110448381	LOC104265386	LOC129969238
OG0005050	LOC121860996	LOC136435946	Gart	LOC135685132	LOC106876245	LOC110459783	LOC100177674	LOC129987946
OG0005051	LOC121861006	LOC136439347	CG16896	LOC135690835	LOC106875832	LOC110449691	LOC100185296	LOC129972323
OG0005052	LOC121861010	LOC136421347	CG1789	LOC135685486	LOC106880120	LOC110452983	LOC100182210	LOC129975968
OG0005054	LOC121861019	LOC136421252	Arp3	LOC135681712	LOC106870259	LOC110460909	LOC100180684	LOC129971151
OG0005055	LOC121861021	LOC136421781	wmd	LOC135681934	LOC106879517	LOC110456431	LOC100176230	LOC129968533
OG0005056	LOC121861047	LOC136432972	CG11970	LOC135684403	LOC106874551	LOC110449531	nfrkb	LOC129958341
OG0005057	LOC121861064	LOC136440169	CG5276	LOC135692129	LOC106870165	LOC110449883	LOC100181727	LOC129984124
OG0005058	LOC121861065	LOC136438437	Rnmt	LOC135690788	LOC106873871	LOC110447042	LOC100184027	LOC129988394
OG0005059	LOC121861089	LOC136420630	CG9166	LOC135681452	LOC106873318	LOC110448289	LOC100186222	LOC129962025
OG0005060	LOC121861090	LOC136427726	Cse1	LOC135689124	LOC106875001	LOC110457132	LOC100185603	LOC129963865
OG0005061	LOC121861099	LOC136445552	Vps60	LOC135681963	LOC106875340	LOC110462889	LOC100182764	LOC129971214
OG0005062	LOC121861100	LOC136445360	SMC2	LOC135694497	LOC106876280	LOC110465448	LOC100180482	LOC129963602
OG0005064	LOC121861182	LOC136424973	Pldn	LOC135686300	LOC106874297	LOC110466910	LOC100181388	LOC129961091
OG0005065	LOC121861185	LOC136433661	CG34408	LOC135689572	LOC106878239	LOC110446508	LOC100184306	LOC129962239
OG0005066	LOC121861200	LOC136433281	spel1	LOC135685141	LOC106868054	LOC110460651	LOC100183267	LOC129960777
OG0005067	LOC121861208	LOC136421305	pns	LOC135686014	LOC106883526	LOC110462582	LOC100187283	LOC129983849
OG0005069	LOC121861226	LOC136424798	Sf3b6	LOC135689755	LOC106876661	LOC110450930	LOC100181343	LOC129988740
OG0005070	LOC121861227	LOC136430928	Pstk	LOC135696481	LOC106872979	LOC110466484	LOC100177473	LOC129966093
OG0005071	LOC121861236	LOC136420374	CG6610	LOC135681582	LOC106871729	LOC110458745	LOC100180713	LOC129964960
OG0005072	LOC121861271	LOC136426885	Cc2d2a	LOC135695171	LOC106876947	LOC110466106	LOC100177207	LOC129963141
OG0005073	LOC121861272	LOC136436576	dos	LOC135686645	LOC106880839	LOC110447121	LOC100175067	LOC129964144
OG0005074	LOC121861302	LOC136442915	RabX5	LOC135683225	LOC106871488	LOC110445817	LOC100179448	LOC129966820
OG0005077	LOC121861368	LOC136433237	eIF5	LOC135687766	LOC106877205	LOC110454911	LOC100183412	LOC129971511
OG0005078	LOC121861382	LOC136446719	CG6769	LOC135682480	LOC106877706	LOC110465537	LOC100181232	LOC129973075
OG0005079	LOC121861385	LOC136423072	CG10343	LOC135683004	LOC106874705	LOC110458585	LOC100183332	LOC129965950
OG0005080	LOC121861388	LOC136445995	mdlc	LOC135692680	LOC106869755	LOC110451079	LOC494419	LOC129966249
OG0005081	LOC121861392	LOC136439777	U2af50	LOC135691548	LOC106879966	LOC110447082	LOC100175452	LOC129987927
OG0005082	LOC121861393	LOC136448493	Cds	LOC135696811	LOC106872750	LOC110464236	LOC100183841	LOC129963186
OG0005083	LOC121861395	LOC136436783	Clc	LOC135693106	LOC106871868	LOC110464186	LOC100178066	LOC129972924
OG0005084	LOC121861401	LOC136434087	Rrp47	LOC135694675	LOC106883836	LOC110445246	LOC100186931	LOC129985364
OG0005085	LOC121861408	LOC136433942	Lpin	LOC135689845	LOC106867303	LOC110452015	LOC100183801	LOC129968914
OG0005086	LOC121861414	LOC136434093	Srp14	LOC135681117	LOC106883838	LOC110446838	LOC100184140	LOC129959648
OG0005087	LOC121861421	LOC136444054	Camta	LOC135688532	LOC106883622	LOC110462948	LOC100180499	LOC129960015
OG0005088	LOC121861426	LOC136436231	PIG-M	LOC135690529	LOC106884089	LOC110443755	LOC101243010	LOC129968777
OG0005089	LOC121861451	LOC136435284	CG14543	LOC135686568	LOC106881007	LOC110467071	LOC100175648	LOC129964213
OG0005090	LOC121861459	LOC136444723	CG6712	LOC135694417	LOC106881357	LOC110446927	LOC100183722	LOC129988275
OG0005091	LOC121861477	LOC136428150	Prim2	LOC135688734	LOC106875764	LOC110442808	LOC100181367	LOC129969314
OG0005092	LOC121861479	LOC136424775	Pfdn1	LOC135681090	LOC106880852	LOC110454782	LOC100184088	LOC129963187
OG0005093	LOC121861480	LOC136442572	C3G	LOC135682334	LOC106880457	LOC110449856	LOC100177942	LOC129958296
OG0005094	LOC121861488	LOC136446776	cbc	LOC135682747	LOC106872450	LOC110459436	LOC100183747	LOC129980316
OG0005095	LOC121861506	LOC136447490	hay	LOC135682773	LOC106882049	LOC110459619	LOC100183594	LOC129981104
OG0005096	LOC121861507	LOC136435534	CG11807	LOC135692838	LOC106884027	LOC110455327	LOC100175758	LOC129958519
OG0005097	LOC121861510	LOC136444769	RfC4	LOC135683500	LOC106870562	LOC110461344	LOC100181422	LOC129984665
OG0005098	LOC121861517	LOC136424228	CG7943	LOC135689541	LOC106875194	LOC110443526	LOC100185082	LOC129972325
OG0005099	LOC121861518	LOC136424261	Hacd1	LOC135688250	LOC106881918	LOC110458019	LOC100184399	LOC129975092
OG0005100	LOC121861530	LOC136436562	RpL31	LOC135686613	LOC106882665	LOC110455979	LOC100180716	LOC129967059
OG0005102	LOC121861544	LOC136428822	RpS12	LOC135688808	LOC106874713	LOC110465486	LOC100184468	LOC129981463
OG0005103	LOC121861550	LOC136435213	por	LOC135686010	LOC106871820	LOC110447646	LOC100184764	LOC129963723
OG0005104	LOC121861562	LOC136433548	sav	LOC135685752	LOC106870964	LOC110461439	LOC100187526	LOC129972440
OG0005107	LOC121861623	LOC136436728	Gclm	LOC135693541	LOC106872290	LOC110441597	LOC100185904	LOC129981647
OG0005108	LOC121861626	LOC136430983	CG7519	LOC135696257	LOC106869025	LOC110449628	LOC100176929	LOC129958205
OG0005109	LOC121861634	LOC136447046	Atg9	LOC135682748	LOC106871037	LOC110461180	LOC100181201	LOC129957006
OG0005110	LOC121861660	LOC136449051	jdp	LOC135684399	LOC106881696	LOC110460061	LOC100176568	LOC129972601
OG0005111	LOC121861662	LOC136441229	TfIIB	LOC135693929	LOC106877794	LOC110459363	LOC100182343	LOC129972429
OG0005112	LOC121861663	LOC136445614	ALiX	LOC135681972	LOC106873542	LOC110452747	LOC100187545	LOC129971086
OG0005113	LOC121861664	LOC136422321	ktub	LOC135683515	LOC106884098	LOC110452575	LOC100181434	LOC129961017
OG0005114	LOC121861675	LOC136436215	CG9213	LOC135686737	LOC106883006	LOC110448104	LOC100186334	LOC129968146
OG0005115	LOC121861697	LOC136424174	Hacl	LOC135691295	LOC106872707	LOC110449719	LOC100178631	LOC129956781
OG0005116	LOC121861698	LOC136428898	epsilonCOP	LOC135687104	LOC106879587	LOC110462575	LOC100185940	LOC129965166
OG0005117	LOC121861699	LOC136430921	Syx18	LOC135694607	LOC106868551	LOC110451718	LOC100179814	LOC129985290
OG0005118	LOC121861703	LOC136433262	CG11417	LOC135681806	LOC106873914	LOC110447920	LOC100180561	LOC129957503
OG0005119	LOC121861706	LOC136446147	gny	LOC135695170	LOC106876492	LOC110461575	LOC100177063	LOC129963349
OG0005121	LOC121861709	LOC136425730	Atu	LOC135682511	LOC106873747	LOC110466966	LOC494392	LOC129957170
OG0005122	LOC121861714	LOC136443355	CG31908	LOC135688221	LOC106876767	LOC110455273	LOC100177692	LOC129981867
OG0005123	LOC121861718	LOC136433649	CG5861	LOC135684332	LOC106867887	LOC110445912	LOC100177683	LOC129981818
OG0005124	LOC121861772	LOC136439397	Ddx1	LOC135690777	LOC106880663	LOC110457457	LOC100183686	LOC129984321
OG0005125	LOC121861775	LOC136436343	Naa15-16	LOC135686333	LOC106872671	LOC110455501	LOC100183798	LOC129968457
OG0005126	LOC121861789	LOC136432555	Polr2G	LOC135690184	LOC106871620	LOC110446837	LOC100177778	LOC129966427
OG0005127	LOC121861794	LOC136430333	Bub3	LOC135693426	LOC106882570	LOC110466403	LOC100186469	LOC129963940
OG0005128	LOC121861796	LOC136440254	Dus1	LOC135691533	LOC106882767	LOC110448614	LOC100177418	LOC129963220
OG0005129	LOC121861798	LOC136438128	Syx16	LOC135690792	LOC106884338	LOC110446296	LOC100186079	LOC129961819
OG0005130	LOC121861803	LOC136437337	CG4291	LOC135686432	LOC106871576	LOC110465441	zf_u1like_-1	LOC129963607
OG0005131	LOC121861850	LOC136431184	CG15747	LOC135683910	LOC106882127	LOC110441705	LOC100179470	LOC129957002
OG0005135	LOC121861886	LOC136437338	gol	LOC135686918	LOC106881230	LOC110457232	LOC100183595	LOC129958712
OG0005136	LOC121861919	LOC136442125	alpha-Spec	LOC135693527	LOC106879353	LOC110449459	LOC100183424	LOC129984503
OG0005137	LOC121861920	LOC136444547	Lnk	LOC135683306	LOC106871628	LOC110447018	LOC100179111	LOC129969063
OG0005138	LOC121861946	LOC136422714	JMJD4	LOC135681112	LOC106867706	LOC110442430	LOC100178389	LOC129985264
OG0005139	LOC121862000	LOC136445889	CG2698	LOC135682444	LOC106883961	LOC110452879	LOC100182025	LOC129956967
OG0005140	LOC121862021	LOC136440952	CG32409	LOC135691770	LOC106880365	LOC110447458	LOC100179977	LOC129981974
OG0005141	LOC121862036	LOC136439018	CG17883	LOC135691089	LOC106869195	LOC110442477	LOC113474064	LOC129981626
OG0005142	LOC121862052	LOC136433578	CG30291	LOC135682784	LOC106880649	LOC110462893	LOC100182552	LOC129961680
OG0005143	LOC121862070	LOC136436179	Naxd	LOC135686928	LOC106884448	LOC110454118	LOC100183233	LOC129976502
OG0005144	LOC121862073	LOC136425027	mtm	LOC135686753	LOC106881300	LOC110447181	LOC100182371	LOC129959980
OG0005145	LOC121862082	LOC136433332	CG4537	LOC135692475	LOC106873755	LOC110459606	LOC100186372	LOC129983705
OG0005146	LOC121862093	LOC136443067	Pgd	LOC135688116	LOC106876031	LOC110460402	LOC100187169	LOC129987860
OG0005147	LOC121862097	LOC136421526	CG4554	LOC135682127	LOC106873497	LOC110451588	LOC100177572	LOC129987800
OG0005148	LOC121862105	LOC136440073	CG14182	LOC135692176	LOC106869165	LOC110446660	LOC100177667	LOC129972302
OG0005149	LOC121862108	LOC136444201	Sara	LOC135694905	LOC106872539	LOC110442795	zf_fyve_-3	LOC129959627
OG0005151	LOC121862122	LOC136427887	ThrRS	LOC135687029	LOC106882580	LOC110454994	LOC100178842	LOC129966911
OG0005153	LOC121862145	LOC136446905	msl-1	LOC135682696	LOC106877655	LOC110463458	LOC100178376	LOC129966098
OG0005154	LOC121862146	LOC136422844	Uvrag	LOC135684965	LOC106868034	LOC110463764	LOC100176751	LOC129963085
OG0005155	LOC121862158	LOC136427686	Bulli	LOC135686804	LOC106881798	LOC110454734	LOC100185751	LOC129969694
OG0005156	LOC121862164	LOC136433680	yata	LOC135692528	LOC106881845	LOC110466065	LOC100183492	LOC129976200
OG0005157	LOC121862183	LOC136440372	CG12241	LOC135692112	LOC106878693	LOC110461425	LOC100176156	LOC129981078
OG0005158	LOC121862199	LOC136428615	Apt1	LOC135688749	LOC106870586	LOC110460275	LOC100178038	LOC129958626
OG0005160	LOC121862258	LOC136436875	Ostgamma	LOC135685980	LOC106867772	LOC110442771	LOC100184901	LOC129969393
OG0005161	LOC121862265	LOC136433520	Lrr47	LOC135686662	LOC106873673	LOC110466073	LOC100179279	LOC129965941
OG0005162	LOC121862274	LOC136447836	CG1575	LOC135682389	LOC106871708	LOC110465121	LOC100182618	LOC129956868
OG0005164	LOC121862281	LOC136425265	Faa	LOC135681534	LOC106867521	LOC110455204	LOC101243511	LOC129969189
OG0005165	LOC121862287	LOC136420469	Sec61beta	LOC135681558	LOC106872596	LOC110442031	LOC100175466	LOC129976601
OG0005166	LOC121862288	LOC136429595	r-l	LOC135685145	LOC106884092	LOC110446856	LOC100180443	LOC129987437
OG0005167	LOC121862290	LOC136428504	Sec71	LOC135689156	LOC106871743	LOC110456645	LOC100184439	LOC129963040
OG0005168	LOC121862292	LOC136436049	Cyfip	LOC135686795	LOC106884276	LOC110447126	LOC100179378	LOC129960287
OG0005169	LOC121862311	LOC136423034	Mccc1	LOC135684261	LOC106878349	LOC110463110	LOC100175214	LOC129963688
OG0005170	LOC121862314	LOC136437318	CG13001	LOC135685338	LOC106874642	LOC110467298	LOC100178220	LOC129966324
OG0005171	LOC121862327	LOC136424279	scrib	LOC135689435	LOC106871622	LOC110446422	LOC100183941	LOC129972636
OG0005172	LOC121862329	LOC136447107	GlyRS	LOC135682067	LOC106879482	LOC110464318	LOC100185799	LOC129981282
OG0005173	LOC121862330	LOC136437931	CG11964	LOC135691105	LOC106880108	LOC110454450	LOC100177053	LOC129957032
OG0005174	LOC121862355	LOC136428910	eco	LOC135688768	LOC106875851	LOC110466685	LOC100178318	LOC129965381
OG0005175	LOC121862357	LOC136433411	mldr	LOC135690547	LOC106873924	LOC110441521	LOC100187385	LOC129981964
OG0005176	LOC121862362	LOC136431024	Csl4	LOC135693727	LOC106882525	LOC110452024	LOC100185360	LOC129984337
OG0005178	LOC121862368	LOC136428646	Hmgcr	LOC135686993	LOC106880618	LOC110454220	LOC100187175	LOC129989549
OG0005179	LOC121862370	LOC136422385	CysRS	LOC135695278	LOC106877103	LOC110462079	LOC100180961	LOC129988123
OG0005180	LOC121862374	LOC136425025	CG15561	LOC135683840	LOC106881050	LOC110453855	LOC100184826	LOC129965957
OG0005181	LOC121862376	LOC136445445	Keap1	LOC135694557	LOC106877646	LOC110443663	LOC100177101	LOC129984078
OG0005182	LOC121862384	LOC136435578	CG9536	LOC135693199	LOC106878810	LOC110462228	LOC100183463	LOC129958822
OG0005183	LOC121862410	LOC136427492	CG3335	LOC135683761	LOC106878274	LOC110442744	LOC100184410	LOC129969406
OG0005185	LOC121862426	LOC136433686	Sf3b2	LOC135684845	LOC106869620	LOC110467227	LOC100184508	LOC129959729
OG0005186	LOC121862430	LOC136424086	eIF2Bdelta	LOC135689931	LOC106877527	LOC110448758	LOC100187323	LOC129988959
OG0005187	LOC121862434	LOC136441345	Mdh2	LOC135684017	LOC106872209	LOC110446880	LOC100178529	LOC129980847
OG0005188	LOC121862435	LOC136438191	vih	LOC135691138	LOC106879102	LOC110460367	LOC100176437	LOC129960965
OG0005189	LOC121862445	LOC136424303	Doa	LOC135690097	LOC106877139	LOC110452175	LOC100182816	LOC129976147
OG0005190	LOC121862451	LOC136446032	mRpL45	LOC135682595	LOC106880468	LOC110442418	LOC100186983	LOC129984635
OG0005191	LOC121862455	LOC136440361	Nthl1	LOC135691931	LOC106868851	LOC110442153	LOC100182948	LOC129971317
OG0005192	LOC121862461	LOC136447406	kdn	LOC135682853	LOC106875646	LOC110452908	LOC104266666	LOC129956906
OG0005193	LOC121862471	LOC136446037	CG15525	LOC135681864	LOC106871470	LOC110448030	LOC100177557	LOC129967339
OG0005194	LOC121862493	LOC136438916	CG5013	LOC135683727	LOC106871333	LOC110458076	LOC100178474	LOC129984143
OG0005195	LOC121862651	LOC136420605	Prim1	LOC135681108	LOC106867717	LOC110461613	LOC100176054	LOC129976051
OG0005197	LOC121862699	LOC136438873	CG17712	LOC135691189	LOC106882626	LOC110464801	LOC100179435	LOC129963771
OG0005203	LOC121862798	LOC136427649	Pex13	LOC135688719	LOC106875353	LOC110445157	LOC100183203	LOC129963751
OG0005205	LOC121862853	LOC136433153	Ranbp21	LOC135692494	LOC106871654	LOC110467254	LOC100182219	LOC129957192
OG0005207	LOC121862856	LOC136442325	CG8891	LOC135693248	LOC106870217	LOC110459730	LOC100180887	LOC129960046
OG0005210	LOC121862880	LOC136446189	CG6693	LOC135682867	LOC106874855	LOC110447977	LOC100181094	LOC129967048
OG0005211	LOC121862889	LOC136442454	Tsc1	LOC135693671	LOC106876567	LOC110458194	LOC100187265	LOC129988493
OG0005212	LOC121862890	LOC136427359	CG9393	LOC135687179	LOC106881544	LOC110445548	LOC100175733	LOC129988147
OG0005213	LOC121862891	LOC136434896	Coq3	LOC135685174	LOC106868239	LOC110451595	LOC113475354	LOC129956738
OG0005214	LOC121862895	LOC136446265	CG11839	LOC135682745	LOC106869496	LOC110441898	LOC100179292	LOC129965380
OG0005215	LOC121862898	LOC136438548	Dpm1	LOC135690790	LOC106876529	LOC110453627	LOC100180591	LOC129972092
OG0005216	LOC121862899	LOC136443819	Wdr33	LOC135688058	LOC106883031	LOC110440483	LOC100178312	LOC129968462
OG0005217	LOC121862903	LOC136442752	CG10470	LOC135693450	LOC106868989	LOC110447960	LOC100178158	LOC129963272
OG0005218	LOC121862924	LOC136428772	Elp3	LOC135688871	LOC106880382	LOC110445158	LOC100182144	LOC129964067
OG0005219	LOC121862925	LOC136432559	Ero1L	LOC135688918	LOC106879175	LOC110463502	LOC100187389	LOC129957406
OG0005221	LOC121862931	LOC136444586	peng	LOC135694948	LOC106874655	LOC110442800	LOC100179066	LOC129976602
OG0005223	LOC121862941	LOC136423571	CG12129	LOC135684616	LOC106877572	LOC110448075	LOC100175172	LOC129963132
OG0005224	LOC121862942	LOC136441369	CG1463	LOC135684428	LOC128250562	LOC110459369	LOC100182387	LOC129963458
OG0005225	LOC121862950	LOC136434929	Xxylt	LOC135687942	LOC106876761	LOC110458899	LOC100176443	LOC129983754
OG0005226	LOC121862961	LOC136421925	CG6073	LOC135683139	LOC106876176	LOC110461336	LOC100176484	LOC129972143
OG0005227	LOC121862983	LOC136423337	Smr	LOC135683808	LOC106875842	LOC110460925	LOC100177691	LOC129963334
OG0005228	LOC121863027	LOC136422412	Nt5c	LOC135687592	LOC106870214	LOC110465237	LOC100181998	LOC129963265
OG0005229	LOC121863042	LOC136436567	Ns1	LOC135692389	LOC106881136	LOC110443444	LOC100185801	LOC129957023
OG0005230	LOC121863044	LOC136444084	beta-PheRS	LOC135688041	LOC106883974	LOC110455297	LOC100180735	LOC129969342
OG0005231	LOC121863054	LOC136441546	Sec22	LOC135693428	LOC106881996	LOC110447585	LOC100176506	LOC129989452
OG0005232	LOC121863055	LOC136434944	Arpc4	LOC135690567	LOC106883254	LOC110443204	ar20	LOC129963359
OG0005233	LOC121863059	LOC136446765	Rala	LOC135682345	LOC106883199	LOC110465092	LOC100185283	LOC129965654
OG0005234	LOC121863078	LOC136443242	CG8372	LOC135688343	LOC106876716	LOC110451003	LOC100180588	LOC129975726
OG0005235	LOC121863079	LOC136438843	Pgls	LOC135691302	LOC106871026	LOC110458624	LOC100187363	LOC129981314
OG0005236	LOC121863098	LOC136437371	CG42271	LOC135686862	LOC106867758	LOC110457829	LOC100180081	LOC129958492
OG0005237	LOC121863145	LOC136432736	NC2alpha	LOC135688824	LOC106872669	LOC110447926	LOC100186645	LOC129966224
OG0005238	LOC121863154	LOC136420415	BBS9	LOC135681410	LOC106881957	LOC110448977	LOC100181654	LOC129961973
OG0005239	LOC121863156	LOC136434962	mRpL46	LOC135692458	LOC106869198	LOC110461249	LOC100182692	LOC129984353
OG0005241	LOC121863183	LOC136447319	CG6843	LOC135696631	LOC106874734	LOC110459542	cir	LOC129969194
OG0005242	LOC121863199	LOC136439023	CG9356	LOC135684513	LOC106875882	LOC110460059	LOC100186591	LOC129967073
OG0005243	LOC121863225	LOC136439309	Adat1	LOC135690663	LOC106874675	LOC110464775	LOC100182358	LOC129987759
OG0005244	LOC121863233	LOC136442406	wds	LOC135693413	LOC106875273	LOC110447572	LOC100176938	LOC129963025
OG0005245	LOC121863234	LOC136441613	Su_P	LOC135693675	LOC106879230	LOC110446128	LOC100175706	LOC129971420
OG0005246	LOC121863237	LOC136422867	MED4	LOC135684568	LOC106877818	LOC110463769	LOC100187033	LOC129972933
OG0005247	LOC121863241	LOC136434467	RtcB	LOC135692479	LOC106867593	LOC110462262	LOC100176177	LOC129963814
OG0005248	LOC121863243	LOC136434580	CG3149	LOC135682524	LOC106876055	LOC110453210	LOC100180161	LOC129988070
OG0005249	LOC121863245	LOC136443048	Eno	LOC135681733	LOC106877619	LOC110455308	LOC100177203	LOC129983856
OG0005250	LOC121863249	LOC136444682	Hyccin	LOC135681530	LOC106867959	LOC110442222	LOC100180880	LOC129958713
OG0005251	LOC121863257	LOC136433954	PolA2	LOC135692561	LOC106873471	LOC110461465	LOC100182528	LOC129988375
OG0005252	LOC121863260	LOC136443108	Pex14	LOC135688025	LOC106873420	LOC110450269	LOC100180448	LOC129981725
OG0005254	LOC121863274	LOC136422861	CycB3	LOC135684946	LOC106882904	LOC110441995	LOC100184160	LOC129956998
OG0005255	LOC121863275	LOC136439821	CG3184	LOC135682877	LOC106877490	LOC110467030	LOC113475717	LOC129987706
OG0005256	LOC121863276	LOC136443343	Pp4-19C	LOC135683820	LOC106872326	LOC110461331	LOC100178929	LOC129968739
OG0005257	LOC121863277	LOC136432452	Rpt2	LOC135691607	LOC106870842	LOC110466341	LOC100182082	LOC129957280
OG0005258	LOC121863295	LOC136424148	CG7565	LOC135689915	LOC106884249	LOC110459692	LOC100175717	LOC129960131
OG0005259	LOC121863300	LOC136433885	AP-2sigma	LOC135681500	LOC106869800	LOC110463094	LOC100187027	LOC129984846
OG0005260	LOC121863301	LOC136430806	polybromo	LOC135692598	LOC106870580	LOC110465162	LOC780718	LOC129956923
OG0005261	LOC121863302	LOC136426650	Dolk	LOC135693400	LOC106870889	LOC110460194	LOC104266616	LOC129961948
OG0005262	LOC121863326	LOC136433053	htk	LOC135685332	LOC106874410	LOC110466364	rbp1-like	LOC129971229
OG0005263	LOC121863331	LOC136429982	Tfb1	LOC135695583	LOC106872060	LOC110440916	LOC100176629	LOC129966854
OG0005265	LOC121863409	LOC136436520	waw	LOC135686031	LOC106871983	LOC110454113	LOC100184882	LOC129958206
OG0005266	LOC121863411	LOC136427242	Pxn	LOC135689260	LOC106877351	LOC110467150	LOC100185463	LOC129971452
OG0005267	LOC121863457	LOC136430228	CG5104	LOC135685435	LOC106871890	LOC110458053	LOC100177665	LOC129963686
OG0005268	LOC121863459	LOC136436163	Kr-h2	LOC135686406	LOC106868071	LOC110447237	LOC100182422	LOC129964003
OG0005269	LOC121863460	LOC136433541	CG1544	LOC135683953	LOC106874001	LOC110455544	LOC100179490	LOC129971221
OG0005270	LOC121863461	LOC136445365	Srp54	LOC135695162	LOC106879189	LOC110466620	LOC100176178	LOC129963657
OG0005271	LOC121863462	LOC136438969	CG4752	LOC135691340	LOC106867745	LOC110446313	LOC100176159	LOC129964134
OG0005272	LOC121863485	LOC136438554	Nhe1	LOC135691205	LOC106878931	LOC110443884	LOC100177813	LOC129963678
OG0005276	LOC121863570	LOC136438446	CG9067	LOC135691338	LOC106877547	LOC110447022	LOC100182304	LOC129969265
OG0005277	LOC121863571	LOC136441254	Atg1	LOC135683656	LOC106876056	LOC110461903	LOC100175789	LOC129974886
OG0005279	LOC121863581	LOC136446615	CG8003	LOC135690286	LOC106879486	LOC110446816	LOC100187476	LOC129960946
OG0005280	LOC121863583	LOC136420622	CG1354	LOC135684793	LOC106884460	LOC110442027	LOC100181545	LOC129971171
OG0005281	LOC121863588	LOC136431667	CG13016	LOC135685117	LOC106868002	LOC110456407	LOC100177161	LOC129984288
OG0005282	LOC121863604	LOC136433889	Polr1C	LOC135685351	LOC106880528	LOC110463087	LOC100178608	LOC129985333
OG0005283	LOC121863615	LOC136444879	CG3527	LOC135683760	LOC106867204	LOC110463073	LOC100184403	LOC129966140
OG0005284	LOC121863627	LOC136447803	Mob4	LOC135682833	LOC106871335	LOC110451827	LOC100185615	LOC129965872
OG0005285	LOC121863670	LOC136427661	CG32333	LOC135688848	LOC106874649	LOC110464447	LOC100181660	LOC129960258
OG0005286	LOC121863685	LOC136430997	RhoGAP54D	LOC135695948	LOC106884226	LOC110462332	LOC100175553	LOC129966184
OG0005288	LOC121863710	LOC136432242	CG4238	LOC135687607	LOC106876093	LOC110461469	LOC100184182	LOC129976165
OG0005289	LOC121863712	LOC136430257	PolD1	LOC135695142	LOC106881377	LOC110442995	LOC100178968	LOC129975241
OG0005290	LOC121863720	LOC136433127	CG31249	LOC135685475	LOC106872631	LOC110452697	LOC100180085	LOC129980993
OG0005292	LOC121863727	LOC136440573	CG10903	LOC135692696	LOC106881134	LOC110442844	LOC100186392	LOC129967085
OG0005293	LOC121863729	LOC136445596	CG10257	LOC135682553	LOC106878341	LOC110458730	LOC100178690	LOC129970570
OG0005294	LOC121863733	LOC136439692	retm	LOC135692243	LOC106869109	LOC110447463	LOC100181424	LOC129975632
OG0005295	LOC121863734	LOC136439428	Brd7-9	LOC135690642	LOC106869480	LOC110440239	LOC100186636	LOC129964064
OG0005297	LOC121863746	LOC136429686	CG7183	LOC135685045	LOC106878695	LOC110440382	LOC100175856	LOC129968362
OG0005299	LOC121863774	LOC136435536	CG16789	LOC135692797	LOC106877731	LOC110449425	LOC100182784	LOC129965612
OG0005300	LOC121863789	LOC136448405	CG10341	LOC135689784	LOC106868703	LOC110448890	LOC100176324	LOC129968883
OG0005301	LOC121863797	LOC136428464	COX5A	LOC135687376	LOC106880183	LOC110453108	LOC100181337	LOC129963431
OG0005302	LOC121863800	LOC136422547	kri	LOC135685405	LOC106877445	LOC110451597	LOC100181977	LOC129976764
OG0005303	LOC121863802	LOC136422484	ABCB7	LOC135685343	LOC106877447	LOC110451622	LOC113475741	LOC129984840
OG0005304	LOC121863808	LOC136430059	CG9646	LOC135695268	LOC106880030	LOC110446858	LOC100180882	LOC129972564
OG0005306	LOC121863820	LOC136438517	CG7772	LOC135683451	LOC106869574	LOC110463834	LOC100182480	LOC129969282
OG0005307	LOC121863841	LOC136439414	RpL13	LOC135690613	LOC106867793	LOC110443223	LOC100184047	LOC129963817
OG0005308	LOC121863846	LOC136449294	shv	LOC135681305	LOC106875108	LOC110456853	LOC100187478	LOC129972286
OG0005309	LOC121863849	LOC136424146	Naprt	LOC135689602	LOC106882586	LOC110462005	LOC445731	LOC129987384
OG0005310	LOC121863851	LOC136438212	VhaAC39-1	LOC135691114	LOC106872764	LOC110453352	LOC100187083	LOC129963077
OG0005311	LOC121863856	LOC136424975	CG3744	LOC135690268	LOC106882202	LOC110443124	LOC100180483	LOC129976428
OG0005312	LOC121863862	LOC136425024	Mfap1	LOC135680788	LOC106873089	LOC110448416	LOC100184917	LOC129957570
OG0005313	LOC121863864	LOC136435206	BRWD3	LOC135685714	LOC106875700	LOC110456447	LOC100175663	LOC129976579
OG0005314	LOC121863865	LOC136435231	Dhdds	LOC135685718	LOC106875357	LOC110456448	LOC100179261	LOC129976580
OG0005315	LOC121863868	LOC136432806	mIF2	LOC135687035	LOC106870599	LOC110456271	LOC100176223	LOC129984933
OG0005316	LOC121863870	LOC136436769	Tango4	LOC135686759	LOC106868965	LOC110467091	LOC100183159	LOC129980883
OG0005317	LOC121863877	LOC136432219	Epp	LOC135682863	LOC106869956	LOC110456005	LOC100181236	LOC129984374
OG0005318	LOC121863879	LOC136442841	Polr2H	LOC135684338	LOC106867543	LOC110464273	LOC100178283	LOC129957254
OG0005320	LOC121864013	LOC136429027	Mctp	LOC135687576	LOC106868836	LOC110467055	LOC100177769	LOC129971338
OG0005322	LOC121864028	LOC136428680	Phax	LOC135696632	LOC106877271	LOC110446563	LOC100177793	LOC129989292
OG0005323	LOC121864029	LOC136444660	CG1542	LOC135695079	LOC106884042	LOC110458543	LOC100183007	LOC129972227
OG0005324	LOC121864056	LOC136421600	Nadsyn	LOC135689981	LOC106874984	LOC110450691	LOC100181628	LOC129965948
OG0005325	LOC121864072	LOC136439377	Mettl3	LOC135690592	LOC106879794	LOC110443235	LOC100176137	LOC129964167
OG0005326	LOC121864083	LOC136428034	TM9SF4	LOC135689125	LOC106868321	LOC110441814	LOC100181365	LOC129958776
OG0005327	LOC121864116	LOC136441454	Pbgs	LOC135693369	LOC106870329	LOC110458627	LOC100177890	LOC129962332
OG0005328	LOC121864126	LOC136446807	shep	LOC135682582	LOC106870514	LOC110464321	LOC100181743	LOC129965555
OG0005329	LOC121864130	LOC136438579	CG31638	LOC135691214	LOC106867611	LOC110448304	LOC100185536	LOC129965384
OG0005330	LOC121864131	LOC136439937	Naa60	LOC135692168	LOC106883587	LOC110466956	LOC100185125	LOC129962600
OG0005331	LOC121864135	LOC136443436	Ack	LOC135688191	LOC106867394	LOC110457794	LOC100175548	LOC129971534
OG0005332	LOC121864145	LOC136439830	Pmi	LOC135692175	LOC106881959	LOC110447360	LOC100181806	LOC129967162
OG0005333	LOC121864158	LOC136421749	CG6984	LOC135690139	LOC106875134	LOC110454882	LOC100179813	LOC129968527
OG0005334	LOC121864167	LOC136429120	Nup50	LOC135695526	LOC106876049	LOC110450130	LOC100175078	LOC129980972
OG0005335	LOC121864178	LOC136423119	Bcs1	LOC135688792	LOC106871007	LOC110442582	LOC100181911	LOC129967046
OG0005336	LOC121864179	LOC136422988	WDR79	LOC135684377	LOC106880092	LOC110463206	LOC100179596	LOC129981970
OG0005337	LOC121864180	LOC136423699	CG34384	LOC135684827	LOC106875416	LOC110465911	LOC100183115	LOC129989277
OG0005338	LOC121864189	LOC136430450	Sld5	LOC135696440	LOC106877606	LOC110442251	LOC100184087	LOC129989275
OG0005339	LOC121864193	LOC136432360	MED17	LOC135689450	LOC106873745	LOC110454662	LOC100178713	LOC129984839
OG0005340	LOC121864198	LOC136428861	CG7220	LOC135688945	LOC106871524	LOC110457543	LOC100177184	LOC129971162
OG0005341	LOC121864202	LOC136432287	CG6695	LOC135681613	LOC106879711	LOC110446512	LOC100185078	LOC129980865
OG0005342	LOC121864207	LOC136421414	rush	LOC135696685	LOC106881081	LOC110448413	zf_fyve_-9	LOC129960755
OG0005343	LOC121864211	LOC136432251	frtz	LOC135689837	LOC106884450	LOC110446834	LOC100182266	LOC129959008
OG0005345	LOC121864226	LOC136444738	Rpn11	LOC135690092	LOC106876959	LOC110450608	LOC100179683	LOC129975688
OG0005346	LOC121864227	LOC136427461	l_3_80Fj	LOC135683733	LOC106872572	LOC110457742	LOC100182763	LOC129968484
OG0005349	LOC121864259	LOC136422974	P58IPK	LOC135684233	LOC106872831	LOC110465233	LOC100180800	LOC129968022
OG0005351	LOC121864276	LOC136447154	Rif1	LOC135682426	LOC106883982	LOC110454015	LOC100178021	LOC129956922
OG0005352	LOC121864307	LOC136431378	Suv3	LOC135696068	LOC106877494	LOC110466474	LOC100178390	LOC129988914
OG0005353	LOC121864383	LOC136428430	Rtc1	LOC135694456	LOC106880388	LOC110465453	LOC100183562	LOC129975810
OG0005355	LOC121864471	LOC136449004	IntS10	LOC135684875	LOC106870003	LOC110463758	LOC100182327	LOC129967005
OG0005356	LOC121864474	LOC136439714	E_bx	LOC135692090	LOC106882806	LOC110455698	LOC778829	LOC129962489
OG0005357	LOC121864475	LOC136441020	CG6972	LOC135692016	LOC106877851	LOC110448615	LOC100179183	LOC129965740
OG0005358	LOC121864494	LOC136427659	RpS7	LOC135688723	LOC106875344	LOC110456605	LOC100177158	LOC129963908
OG0005360	LOC121864504	LOC136434090	CG7611	LOC135687134	LOC106875223	LOC110455527	LOC100182411	LOC129983838
OG0005361	LOC121864508	LOC136420560	Vps25	LOC135681339	LOC106877880	LOC110458519	LOC100177673	LOC129955197
OG0005362	LOC121864514	LOC136441450	Catsup	LOC135694075	LOC106884363	LOC110441491	LOC100177251	LOC129957533
OG0005363	LOC121864523	LOC136423889	Oseg4	LOC135689762	LOC106879895	LOC110445890	LOC100185035	LOC129960569
OG0005365	LOC121864604	LOC136441494	CG8611	LOC135686482	LOC106876700	LOC110449462	LOC100181091	LOC129972882
OG0005367	LOC121864612	LOC136422701	CG8892	LOC135684822	LOC106870443	LOC110442594	LOC100175903	LOC129981543
OG0005371	LOC121864643	LOC136423897	RpL30	LOC135689624	LOC106883751	LOC110445891	LOC100183305	LOC129975173
OG0005372	LOC121864645	LOC136429152	CG34126	LOC135695349	LOC106876333	LOC110459969	LOC494371	LOC129983924
OG0005373	LOC121864652	LOC136436300	PGAP1	LOC135688289	LOC106877853	LOC110447373	LOC100182492	LOC129987532
OG0005374	LOC121864654	LOC136422905	Ufc1	LOC135684978	LOC106873199	LOC110463746	LOC100180518	LOC129975721
OG0005375	LOC121864657	LOC136439941	Exo70	LOC135692142	LOC106880738	LOC110448913	LOC100180890	LOC129969086
OG0005376	LOC121864658	LOC136433618	CG3735	LOC135694268	LOC106868577	LOC110466057	LOC100184993	LOC129969605
OG0005378	LOC121864678	LOC136437435	dor	LOC135696751	LOC106874497	LOC110461957	LOC100185122	LOC129971188
OG0005380	LOC121864749	LOC136422775	Ypel	LOC135683963	LOC106875035	LOC110445220	LOC100176204	LOC129971402
OG0005381	LOC121864890	LOC136440288	SC35	LOC135691600	LOC106871612	LOC110443187	LOC100178093	LOC129957874
OG0005382	LOC121864904	LOC136421205	ICA69	LOC135681377	LOC106884461	LOC110442425	LOC100179581	LOC129958761
OG0005383	LOC121864908	LOC136434508	CG9752	LOC135692519	LOC106878108	LOC110446171	LOC100177511	LOC129975139
OG0005384	LOC121864910	LOC136442922	Rlip	LOC135689437	LOC106883353	LOC110453839	LOC100180301	LOC129960276
OG0005385	LOC121864911	LOC136436103	CG17141	LOC135694357	LOC106873742	LOC110454021	LOC100179707	LOC129963226
OG0005386	LOC121864922	LOC136443157	DNAlig3	LOC135688242	LOC106874569	LOC110464557	zf_parp_-2	LOC129968517
OG0005387	LOC121864944	LOC136429593	hd	LOC135682233	LOC106882244	LOC110460706	LOC100177723	LOC129984085
OG0005388	LOC121864948	LOC136436142	xit	LOC135686689	LOC106869268	LOC110448445	LOC101242594	LOC129969251
OG0005389	LOC121864950	LOC136437427	obe	LOC135685602	LOC106884418	LOC110456442	LOC100184080	LOC129983803
OG0005390	LOC121864960	LOC136438953	Glg1	LOC135690717	LOC106878935	LOC110457468	LOC100175586	LOC129972884
OG0005391	LOC121864962	LOC136437336	Xe7	LOC135686837	LOC106871924	LOC110456559	LOC100180891	LOC129979178
OG0005392	LOC121864973	LOC136433009	Cog7	LOC135693774	LOC106880341	LOC110447616	LOC100185334	LOC129984042
OG0005393	LOC121864983	LOC136427648	eIF2alpha	LOC135689295	LOC106880774	LOC110461560	LOC113474014	LOC129958247
OG0005394	LOC121864984	LOC136430645	Oga	LOC135695916	LOC106884279	LOC110449102	LOC100179919	LOC129960188
OG0005395	LOC121864989	LOC136432739	Noc1	LOC135694229	LOC106884443	LOC110447927	cbf	LOC129972708
OG0005396	LOC121864990	LOC136432773	Cog2	LOC135691059	LOC106867917	LOC110447812	LOC100184248	LOC129959130
OG0005397	LOC121864991	LOC136448532	rin	LOC135686003	LOC106880498	LOC110447520	LOC100185830	LOC129955601
OG0005398	LOC121864996	LOC136434812	RpL18A	LOC135692883	LOC106883512	LOC110454475	LOC100182402	LOC129968532
OG0005399	LOC121865000	LOC136443231	Tfb4	LOC135683843	LOC106870275	LOC110461333	LOC100184165	LOC129961675
OG0005400	LOC121865012	LOC136437884	CG12341	LOC135690648	LOC106874756	LOC110446299	LOC100182421	LOC129988038
OG0005401	LOC121865026	LOC136431354	SNRPG	LOC135696215	LOC106876131	LOC110449100	LOC100175847	LOC129966522
OG0005402	LOC121865035	LOC136442196	Kdm2	LOC135683642	LOC106871161	LOC110463070	zf_cxxc_-1	LOC129971449
OG0005404	LOC121865053	LOC136442433	HSPBAP1	LOC135688067	LOC106877815	LOC110451459	LOC100187139	LOC129961991
OG0005405	LOC121865061	LOC136424674	CG10338	LOC135683667	LOC106871856	LOC110457711	LOC100182577	LOC129972622
OG0005406	LOC121865070	LOC136434818	Sec13	LOC135692615	LOC106870401	LOC110449429	LOC100182407	LOC129963832
OG0005407	LOC121865071	LOC136434737	Idh3g	LOC135696011	LOC106870446	LOC110460604	LOC100186950	LOC129965959
OG0005408	LOC121865171	LOC136449167	TM9SF3	LOC135685914	LOC106882708	LOC110452866	LOC100181892	LOC129972322
OG0005409	LOC121865198	LOC136441710	mmy	LOC135696756	LOC106878995	LOC110446967	LOC100175591	LOC129984032
OG0005410	LOC121865206	LOC136449238	Vps8	LOC135693505	LOC106867296	LOC110449374	LOC100183099	LOC129960432
OG0005411	LOC121865210	LOC136435881	CG9578	LOC135685263	LOC106873645	LOC110448813	LOC100182021	LOC129976719
OG0005412	LOC121865226	LOC136436944	Spase22-23	LOC135685999	LOC106871431	LOC110455512	LOC100184661	LOC129957038
OG0005413	LOC121865228	LOC136437408	CG14194	LOC135686191	LOC106872416	LOC110451641	LOC100186760	LOC129958572
OG0005414	LOC121865238	LOC136442928	CstF50	LOC135688235	LOC106882355	LOC110450452	LOC100183358	LOC129963492
OG0005415	LOC121865246	LOC136420633	Dysb	LOC135690650	LOC106882601	LOC110462631	LOC101243496	LOC129972926
OG0005416	LOC121865247	LOC136441551	tst	LOC135693518	LOC106876526	LOC110464402	LOC104266154	LOC129972872
OG0005418	LOC121865253	LOC136433191	CG32281	LOC135682815	LOC106877772	LOC110466074	LOC100180256	LOC129989411
OG0005419	LOC121865321	LOC136430643	mus301	LOC135682645	LOC106877873	LOC110448661	LOC100180637	LOC129988163
OG0005420	LOC121865366	LOC136443607	Rpt1	LOC135688433	LOC106882908	LOC110458881	LOC100185096	LOC129972506
OG0005421	LOC121865382	LOC136428408	l_2_34Fd	LOC135683177	LOC106872565	LOC110445955	LOC100183227	LOC129969453
OG0005422	LOC121865385	LOC136433323	Scm	LOC135685199	LOC106877822	LOC110465359	scmh1	LOC129958265
OG0005424	LOC121865392	LOC136423184	CG13585	LOC135683215	LOC128248698	LOC110450648	LOC113474059	LOC129978032
OG0005425	LOC121865397	LOC136447362	Nost	LOC135682260	LOC106869150	LOC110460102	LOC100179250	LOC129981172
OG0005426	LOC121865405	LOC136428494	tgo	LOC135687108	LOC106870787	LOC110460212	arnt	LOC129959991
OG0005427	LOC121865408	LOC136432375	Syt14	LOC135690424	LOC106883903	LOC110442579	LOC100181713	LOC129975091
OG0005428	LOC121865410	LOC136433301	emb	LOC135685080	LOC106877761	LOC110456692	LOC100184417	LOC129983706
OG0005430	LOC121865443	LOC136433789	Clbn	LOC135690055	LOC106876981	LOC110450323	LOC100184133	LOC129966615
OG0005431	LOC121865445	LOC136438448	Top1	LOC135690952	LOC106877554	LOC110447037	LOC100186905	LOC129984792
OG0005432	LOC121865448	LOC136421249	Atg6	LOC135681574	LOC106883798	LOC110458887	LOC100180762	LOC129972263
OG0005433	LOC121865458	LOC136423748	Stt3A	LOC135689517	LOC106874680	LOC110459686	LOC100177361	LOC129981016
OG0005434	LOC121865474	LOC136427511	PIG-T	LOC135691368	LOC106874901	LOC110443238	LOC100187218	LOC129963571
OG0005435	LOC121865482	LOC136436466	PAN3	LOC135686189	LOC106878849	LOC110457243	LOC100182030	LOC129988004
OG0005436	LOC121865485	LOC136435104	CG9890	LOC135686773	LOC106870444	LOC110460554	LOC100176882	LOC129981068
OG0005437	LOC121865489	LOC136445053	U2A	LOC135694880	LOC106883950	LOC110456058	LOC100180259	LOC129985136
OG0005438	LOC121865490	LOC136423759	VhaSFD	LOC135689616	LOC106874994	LOC110443519	LOC100178823	LOC129975234
OG0005439	LOC121865493	LOC136435703	EMC1	LOC135695077	LOC106879782	LOC110460247	LOC100177708	LOC129983583
OG0005440	LOC121865494	LOC136433861	Trs23	LOC135694741	LOC106880140	LOC110460231	LOC100186911	LOC129965570
OG0005441	LOC121865510	LOC136441642	CG10616	LOC135694105	LOC106879069	LOC110463032	LOC100180595	LOC129963250
OG0005442	LOC121865602	LOC136424165	brun	LOC135689608	LOC106882859	LOC110446421	LOC100182907	LOC129960367
OG0005443	LOC121865606	LOC136422614	CSN6	LOC135684932	LOC106870338	LOC110451225	LOC100176116	LOC129963967
OG0005444	LOC121865607	LOC136448361	Polr3I	LOC135686249	LOC106875437	LOC110465489	cgrp-rcp	LOC129972246
OG0005446	LOC121865700	LOC136439056	Snr1	LOC135683737	LOC106868974	LOC110459390	LOC100175060	LOC129965571
OG0005447	LOC121865704	LOC136429906	CG12343	LOC135685086	LOC106884364	LOC110449813	LOC100176400	LOC129989132
OG0005448	LOC121865719	LOC136421242	Polr3A	LOC135690146	LOC106870739	LOC110456771	LOC100185039	LOC129962590
OG0005449	LOC121865722	LOC136439791	Dgp-1	LOC135692178	LOC106873733	LOC110447379	LOC100184487	LOC129971154
OG0005450	LOC121865735	LOC136422640	CG7785	LOC135684245	LOC106877017	LOC110464264	LOC100183694	LOC129968819
OG0005451	LOC121865737	LOC136427170	eIF6	LOC135691272	LOC106868122	LOC110443748	LOC100178387	LOC129965765
OG0005452	LOC121865748	LOC136434810	Gdi	LOC135680811	LOC106870635	LOC110447331	LOC100175064	LOC129963203
OG0005455	LOC121865771	LOC136436366	btv	LOC135686687	LOC106875444	LOC110440386	LOC100185331	LOC129985220
OG0005456	LOC121865774	LOC136436254	MICU3	LOC135686343	LOC106876559	LOC110466704	LOC100176527	LOC129958532
OG0005457	LOC121865783	LOC136421416	CCT2	LOC135694580	LOC106871773	LOC110448382	LOC100181431	LOC129988758
OG0005458	LOC121865806	LOC136438152	Nsun2	LOC135690627	LOC106883416	LOC110446873	LOC100184803	LOC129988156
OG0005460	LOC121865846	LOC136428550	Cbp80	LOC135687097	LOC106867281	LOC110454981	LOC100187372	LOC129957466
OG0005461	LOC121865848	LOC136430067	eIF3m	LOC135695441	LOC106882221	LOC110462077	LOC100181765	LOC129989172
OG0005462	LOC121865853	LOC136438770	EMC8-9	LOC135690712	LOC106883906	LOC110441148	LOC100183228	LOC129973021
OG0005463	LOC121865891	LOC136422492	Uggt	LOC135684147	LOC106873980	LOC110452121	LOC100183554	LOC129969226
OG0005464	LOC121865892	LOC136427976	Usp30	LOC135683669	LOC106881207	LOC110458558	LOC100185969	LOC129969331
OG0005465	LOC121865925	LOC136441246	ppan	LOC135693745	LOC106867552	LOC110455687	ppan	LOC129963429
OG0005466	LOC121865927	LOC136439983	Prp31	LOC135689323	LOC106872744	LOC110455671	LOC100181728	LOC129957341
OG0005467	LOC121865928	LOC136432575	CG10947	LOC135692057	LOC106870967	LOC110445241	LOC100179656	LOC129966420
OG0005472	LOC121866009	LOC136433256	Prosalpha7	LOC135692169	LOC106877031	LOC110461448	LOC100177476	LOC129966769
OG0005474	LOC121866015	LOC136445958	Orc2	LOC135682434	LOC106870148	LOC110454987	LOC100182471	LOC129968967
OG0005477	LOC121866055	LOC136437115	CG15099	LOC135685499	LOC106884379	LOC110455075	LOC100179578	LOC129959090
OG0005478	LOC121866064	LOC136434809	muskelin	LOC135692647	LOC106867326	LOC110442854	LOC100178284	LOC129959272
OG0005479	LOC121866142	LOC136446809	CG16984	LOC135682895	LOC106879501	LOC110448509	LOC100180681	LOC129961996
OG0005480	LOC121866172	LOC136441465	Prosbeta2	LOC135693716	LOC106882232	LOC110449858	zeta	LOC129963370
OG0005482	LOC121866224	LOC136430897	Rpp30	LOC135685220	LOC106884283	LOC110462298	LOC100177882	LOC129968779
OG0005483	LOC121866255	LOC136430547	Rev1	LOC135688192	LOC106877472	LOC110445688	LOC100178366	LOC129976464
OG0005485	LOC121866264	LOC136435668	CG5569	LOC135693970	LOC106879602	LOC110456486	LOC100182228	LOC129969159
OG0005486	LOC121866274	LOC136425680	shop	LOC135681373	LOC106877713	LOC110455170	LOC100178002	LOC129963670
OG0005487	LOC121866309	LOC136446739	CG18004	LOC135683844	LOC106871690	LOC110463095	LOC100186474	LOC129984693
OG0005488	LOC121866313	LOC136438550	Paics	LOC135686374	LOC106881666	LOC110447155	LOC100177417	LOC129962615
OG0005490	LOC121866321	LOC136432264	Adck1	LOC135693319	LOC106878997	LOC110447987	LOC100176610	LOC129961802
OG0005491	LOC121866363	LOC136433815	Usf	LOC135684219	LOC106879880	LOC110447091	usf	LOC129976232
OG0005492	LOC121866366	LOC136446847	Rcd-1	LOC135687519	LOC106871046	LOC110451479	LOC100186939	LOC129981574
OG0005493	LOC121866375	LOC136430749	Bet5	LOC135684902	LOC106878901	LOC110442934	LOC100176246	LOC129957603
OG0005494	LOC121866382	LOC136428685	CG13876	LOC135687604	LOC106868244	LOC110454231	LOC100180117	LOC129967013
OG0005495	LOC121866383	LOC136432146	CG10581	LOC135681164	LOC106883627	LOC110457776	LOC104266877	LOC129965386
OG0005496	LOC121866388	LOC136440063	Sirt7	LOC135687327	LOC106871322	LOC110447655	LOC100185848	LOC129984111
OG0005497	LOC121866392	LOC136438311	RecQ4	LOC135690965	LOC106878681	LOC110462649	LOC100175589	LOC129963405
OG0005498	LOC121866413	LOC136434650	RpS23	LOC135686792	LOC106870837	LOC110463786	rs23	LOC129962473
OG0005499	LOC121866425	LOC136421789	na	LOC135694791	LOC106875399	LOC110451424	LOC100175593	LOC129965603
OG0005500	LOC121866439	LOC136437140	app	LOC135685068	LOC106880938	LOC110451564	LOC100178837	LOC129975609
OG0005501	LOC121866443	LOC136429606	Hip14	LOC135695736	LOC106870236	LOC110442909	zf_dhhc_-4	LOC129977386
OG0005502	LOC121866444	LOC136437629	CG11334	LOC135696617	LOC106868743	LOC110443704	LOC100182449	LOC129968588
OG0005503	LOC121866467	LOC136435487	Pdhb	LOC135692485	LOC106879672	LOC110443878	LOC100181861	LOC129964058
OG0005504	LOC121866472	LOC136434556	RpL24	LOC135685832	LOC106881060	LOC110459082	LOC100175217	LOC129975703
OG0005505	LOC121866486	LOC136433479	l_1_G0004	LOC135692806	LOC106870381	LOC110449285	LOC100180019	LOC129962694
OG0005506	LOC121866501	LOC136421565	TTLL12	LOC135694568	LOC106877541	LOC110454760	LOC100182962	LOC129971201
OG0005507	LOC121866503	LOC136439875	Archease	LOC135696338	LOC106875373	LOC110446907	LOC104265895	LOC129975840
OG0005508	LOC121866506	LOC136440253	snama	LOC135691828	LOC106874965	LOC110456758	LOC100177084	LOC129962429
OG0005510	LOC121866549	LOC136431725	Usp16-45	LOC135685522	LOC106877601	LOC110460355	LOC100177168	LOC129963240
OG0005511	LOC121866629	LOC136443855	Usp32	LOC135683164	LOC106879368	LOC110448129	LOC100175369	LOC129965714
OG0005512	LOC121866677	LOC136445460	Lk6	LOC135695102	LOC106869528	LOC110445184	LOC100180628	LOC129959138
OG0005513	LOC121866710	LOC136439027	Rrp42	LOC135682844	LOC106879893	LOC110463538	LOC100184256	LOC129981281
OG0005514	LOC121866731	LOC136438901	Not1	LOC135691393	LOC106872123	LOC110450788	LOC100182575	LOC129985353
OG0005515	LOC121866829	LOC136446816	CG3918	LOC135695120	LOC106867450	LOC110448645	ci-zf_cchc_-1	LOC129988506
OG0005518	LOC121866951	LOC136434055	CG17896	LOC135681379	LOC106879407	LOC110466515	LOC100181655	LOC129956976
OG0005519	LOC121866961	LOC136444494	CG14130	LOC135695155	LOC106875440	LOC110461532	LOC100180366	LOC129987423
OG0005521	LOC121866985	LOC136422372	CG11164	LOC135684947	LOC106875240	LOC110452266	LOC100182593	LOC129963709
OG0005522	LOC121867041	LOC136423751	capt	LOC135689795	LOC106884250	LOC110458010	LOC100179762	LOC129964277
OG0005525	LOC121867155	LOC136446989	ORMDL	LOC135682869	LOC106880054	LOC110463216	LOC100176756	LOC129984161
OG0005526	LOC121867156	LOC136422424	Cul4	LOC135684385	LOC106870643	LOC110441382	LOC100175879	LOC129957364
OG0005527	LOC121867162	LOC136432456	grp	LOC135684364	LOC106874761	LOC110465676	LOC100185343	LOC129969474
OG0005528	LOC121867167	LOC136433229	Klc	LOC135690392	LOC106867804	LOC110454909	LOC100179158	LOC129971168
OG0005529	LOC121867168	LOC136446819	mei-9	LOC135695019	LOC106870199	LOC110440561	LOC100176727	LOC129957085
OG0005530	LOC121867172	LOC136435127	ATPsyngamma	LOC135692550	LOC106876413	LOC110460979	LOC100186718	LOC129981663
OG0005531	LOC121867183	LOC136447902	l_2_05287	LOC135682138	LOC106868949	LOC110442552	LOC100175516	LOC129969535
OG0005532	LOC121867184	LOC136428284	Ctu2	LOC135692192	LOC106871297	LOC110443724	LOC100186152	LOC129973026
OG0005533	LOC121867192	LOC136430841	CG42724	LOC135696230	LOC106876133	LOC110455921	LOC100179443	LOC129958161
OG0005534	LOC121867210	LOC136425334	CG11790	LOC135690387	LOC106874623	LOC110466923	LOC100179436	LOC129981176
OG0005535	LOC121867214	LOC136430513	CG3500	LOC135695897	LOC106882080	LOC110442107	LOC100186517	LOC129958765
OG0005536	LOC121867216	LOC136442832	CG8545	LOC135688415	LOC106883500	LOC110457804	LOC100184370	LOC129984315
OG0005537	LOC121867227	LOC136428849	l_2_k01209	LOC135689126	LOC106872061	LOC110448835	LOC100186604	LOC129964234
OG0005538	LOC121867241	LOC136423753	POLDIP2	LOC135683263	LOC106872074	LOC110460726	LOC100180438	LOC129971372
OG0005539	LOC121867245	LOC136445921	gwl	LOC135696587	LOC106867829	LOC110446979	LOC100176473	LOC129961861
OG0005540	LOC121867247	LOC136433151	Nop17l	LOC135688869	LOC106872208	LOC110440587	LOC100179291	LOC129975382
OG0005541	LOC121867255	LOC136422366	Cul3	LOC135684217	LOC106881211	LOC110441383	LOC100177000	LOC129988300
OG0005542	LOC121867256	LOC136425302	twr	LOC135690439	LOC106872278	LOC110454484	LOC100183780	LOC129960363
OG0005543	LOC121867260	LOC136436531	plu	LOC135691004	LOC106870840	LOC110454053	LOC100185444	LOC129956488
OG0005544	LOC121867263	LOC136446285	sel	LOC135685591	LOC106874104	LOC110462910	LOC101242532	LOC129960976
OG0005546	LOC121867275	LOC136436679	Oscillin	LOC135686681	LOC106874126	LOC110458654	LOC100184260	LOC129962704
OG0005547	LOC121867279	LOC136435199	Rrp1	LOC135685431	LOC106876458	LOC110461637	LOC100176572	LOC129985312
OG0005548	LOC121867282	LOC136430523	Roe1	LOC135693516	LOC106870469	LOC110463951	LOC100187058	LOC129966648
OG0005549	LOC121867303	LOC136439446	slmo	LOC135681974	LOC106875811	LOC110454376	LOC100175092	LOC129972545
OG0005550	LOC121867306	LOC136442225	NC2beta	LOC135695840	LOC106870325	LOC110441609	LOC113474005	LOC129969033
OG0005551	LOC121867329	LOC136432418	mRpL4	LOC135690164	LOC106878320	LOC110460289	LOC100175768	LOC129975997
OG0005552	LOC121867331	LOC136423046	Spase25	LOC135693954	LOC106874174	LOC110447893	LOC100178515	LOC129957207
OG0005553	LOC121867333	LOC136421026	mRpS35	LOC135681122	LOC106872158	LOC110459073	LOC101242304	LOC129981649
OG0005554	LOC121867382	LOC136437841	CG14480	LOC135691314	LOC106882165	LOC110451116	LOC104266290	LOC129962003
OG0005555	LOC121867384	LOC136446340	Ppcs	LOC135682133	LOC106869582	LOC110451916	LOC100187386	LOC129983973
OG0005556	LOC121867461	LOC136444214	CG11537	LOC135695025	LOC106874946	LOC110456600	LOC100182806	LOC129965868
OG0005558	LOC121867487	LOC136446693	stc	LOC135682543	LOC106871149	LOC110463701	nf-x-like	LOC129972256
OG0005559	LOC121867489	LOC136435492	cpa	LOC135692633	LOC106875702	LOC110443854	capza	LOC129960115
OG0005560	LOC121867490	LOC136421716	Unr	LOC135690206	LOC106878826	LOC110467178	LOC100177739	LOC129968523
OG0005562	LOC121867500	LOC136433664	BBS8	LOC135693586	LOC106876944	LOC110455536	LOC100183870	LOC129981563
OG0005563	LOC121867502	LOC136431454	CG5510	LOC135696131	LOC106876134	LOC110466315	LOC100176828	LOC129958446
OG0005564	LOC121867503	LOC136433981	eIF3k	LOC135681788	LOC106880899	LOC110447830	LOC100182909	LOC129972855
OG0005565	LOC121867504	LOC136422763	Polr2J	LOC135687546	LOC106874013	LOC110460929	LOC100181341	LOC129965975
OG0005566	LOC121867515	LOC136436634	kibra	LOC135686085	LOC106872603	LOC110456281	LOC100186141	LOC129958193
OG0005568	LOC121867533	LOC136436082	Gcna	LOC135686423	LOC106879010	LOC110449542	LOC100181834	LOC129970350
OG0005569	LOC121867534	LOC136436100	yem	LOC135686533	LOC106871178	LOC110449541	LOC100179104	LOC129960042
OG0005570	LOC121867535	LOC136425104	Prosbeta7	LOC135688931	LOC106874617	LOC110466911	LOC100183387	LOC129961643
OG0005571	LOC121867547	LOC136433922	Coa8	LOC135691245	LOC106869892	LOC110455540	LOC104265593	LOC129988985
OG0005572	LOC121867573	LOC136442526	Pkn	LOC135693486	LOC106867289	LOC110467410	LOC100175164	LOC129988405
OG0005574	LOC121867627	LOC136447829	Sgf29	LOC135683812	LOC106867454	LOC110461359	LOC100187426	LOC129968920
OG0005575	LOC121867645	LOC136430521	CG30389	LOC135685063	LOC106873082	LOC110464125	LOC778837	LOC129975657
OG0005576	LOC121867715	LOC136437858	Pop4	LOC135681261	LOC106882309	LOC110443796	LOC104266407	LOC129989238
OG0005577	LOC121867718	LOC136433216	CLS	LOC135683913	LOC106867467	LOC110467246	LOC100182415	LOC129981446
OG0005578	LOC121867719	LOC136433220	Gnpnat	LOC135685895	LOC106873919	LOC110467235	LOC100187046	LOC129975737
OG0005579	LOC121867724	LOC136438850	mRpL38	LOC135690540	LOC106878769	LOC110466794	LOC100176930	LOC129985237
OG0005580	LOC121867740	LOC136448674	wkd	LOC135683995	LOC106873650	LOC110448157	LOC100177627	LOC129969054
OG0005581	LOC121867747	LOC136436479	CG12170	LOC135682276	LOC106870518	LOC110448151	LOC100178841	LOC129968912
OG0005582	LOC121867752	LOC136424097	CG4646	LOC135695015	LOC106883604	LOC110466591	LOC100183970	LOC129961669
OG0005583	LOC121867753	LOC136421879	mtTFB1	LOC135685670	LOC106868064	LOC110452835	LOC100181797	LOC129962714
OG0005584	LOC121867755	LOC136421644	Vha26	LOC135683434	LOC106878891	LOC110464086	LOC100178177	LOC129989242
OG0005585	LOC121867761	LOC136443938	Sbds	LOC135684032	LOC106869813	LOC110461262	LOC100182003	LOC129980953
OG0005586	LOC121867793	LOC136441655	CG3434	LOC135693663	LOC106883222	LOC110467471	LOC100175148	LOC129966366
OG0005587	LOC121867798	LOC136421744	Tudor-SN	LOC135694362	LOC106878105	LOC110457614	LOC100178170	LOC129960050
OG0005588	LOC121867832	LOC136446390	ais	LOC135689775	LOC106868567	LOC110467098	LOC100180242	LOC129972438
OG0005589	LOC121867845	LOC136438495	CYLD	LOC135690999	LOC106877142	LOC110466750	LOC100180643	LOC129963162
OG0005590	LOC121867869	LOC136427638	l_2_gd1	LOC135688943	LOC106872411	LOC110461762	LOC100178072	LOC129958775
OG0005591	LOC121867875	LOC136444408	bic	LOC135694512	LOC106869004	LOC110445966	ci-btf3	LOC129966564
OG0005592	LOC121867906	LOC136435272	Upf2	LOC135692794	LOC106869790	LOC110442124	LOC100175747	LOC129975670
OG0005593	LOC121867913	LOC136432298	Su_z_12	LOC135691665	LOC106884444	LOC110442519	LOC100185521	LOC129957156
OG0005594	LOC121867918	LOC136420772	trio	LOC135681325	LOC106875262	LOC110458743	LOC100185718	LOC129983772
OG0005595	LOC121867948	LOC136420732	DNAlig4	LOC135681630	LOC106870923	LOC110445164	LOC100176197	LOC129976215
OG0005596	LOC121867953	LOC136445440	Tsen34	LOC135695008	LOC106877127	LOC110464171	LOC100186340	LOC129975830
OG0005597	LOC121867956	LOC136433562	PolE2	LOC135685511	LOC106875171	LOC110466137	LOC100180177	LOC129963514
OG0005598	LOC121867960	LOC136420441	Uba5	LOC135691862	LOC106868098	LOC110460533	LOC113474063	LOC129972889
OG0005599	LOC121867963	LOC136438626	Fen1	LOC135691040	LOC106868526	LOC110443241	LOC100181411	LOC129984113
OG0005600	LOC121867966	LOC136422004	Gdap2	LOC135685812	LOC106871998	LOC110448816	LOC100186783	LOC129960830
OG0005601	LOC121867975	LOC136444568	TfIIFalpha	LOC135694588	LOC106881049	LOC110463270	LOC100186440	LOC129975687
OG0005602	LOC121867982	LOC136444105	SdhB	LOC135688279	LOC106881280	LOC110440487	LOC100181830	LOC129981162
OG0005603	LOC121867983	LOC136443328	Ccdc58	LOC135685212	LOC106879438	LOC110449817	LOC100177160	LOC129976478
OG0005604	LOC121867984	LOC136439070	Dlic	LOC135690501	LOC106877363	LOC110443639	LOC100178682	LOC129976559
OG0005605	LOC121867997	LOC136429789	CG32668	LOC135685061	LOC106873476	LOC110446131	LOC101242985	LOC129966506
OG0005606	LOC121868011	LOC136431946	eIF2gamma	LOC135685271	LOC106875238	LOC110457574	LOC100179499	LOC129957536
OG0005607	LOC121868013	LOC136446548	Bap111	LOC135682665	LOC106878467	LOC110463593	LOC100178664	LOC129963260
OG0005608	LOC121868031	LOC136433221	mRpS18A	LOC135683936	LOC106881075	LOC110462917	LOC100176113	LOC129969259
OG0005609	LOC121868036	LOC136446527	P32	LOC135683477	LOC106878065	LOC110445835	LOC100180028	LOC129971174
OG0005610	LOC121868042	LOC136436312	tho2	LOC135686891	LOC106878851	LOC110445759	LOC100177358	LOC129987796
OG0005611	LOC121868048	LOC136439528	Tsen54	LOC135691596	LOC106871309	LOC110447499	LOC104265914	LOC129968635
OG0005612	LOC121868049	LOC136435023	CG6479	LOC135692958	LOC106870119	LOC110445375	LOC100176709	LOC129972915
OG0005613	LOC121868064	LOC136448159	PCNA	LOC135681008	LOC106869688	LOC110447507	LOC100184693	LOC129963167
OG0005614	LOC121868109	LOC136430386	Polr2B	LOC135695909	LOC106874492	LOC110452053	LOC100181952	LOC129989441
OG0005615	LOC121868118	LOC136444752	dop	LOC135694969	LOC106880501	LOC110456190	LOC100176684	LOC129972826
OG0005616	LOC121868121	LOC136422727	JMJD6	LOC135696741	LOC106875890	LOC110450224	LOC100176171	LOC129976670
OG0005618	LOC121868125	LOC136435514	CG4045	LOC135696712	LOC106879772	LOC110441747	LOC100180383	LOC129984117
OG0005619	LOC121868130	LOC136430902	mgr	LOC135685654	LOC106877124	LOC110442709	LOC100183491	LOC129975676
OG0005620	LOC121868137	LOC136442148	poe	LOC135693337	LOC106881733	LOC110461808	LOC100185140	LOC129963139
OG0005621	LOC121868140	LOC136446795	ATPsynbeta	LOC135681897	LOC106868942	LOC110452283	LOC100177133	LOC129988118
OG0005622	LOC121868142	LOC136447493	Ubr3	LOC135682117	LOC106871298	LOC110450371	LOC100175735	LOC129987901
OG0005623	LOC121868144	LOC136435250	Tapdelta	LOC135692859	LOC106882605	LOC110443423	LOC100176202	LOC129960282
OG0005624	LOC121868145	LOC136447191	Vps50	LOC135682281	LOC106874110	LOC110441765	LOC100186247	LOC129980980
OG0005625	LOC121868183	LOC136444220	su_r	LOC135694993	LOC106882744	LOC110451490	LOC100175681	LOC129969332
OG0005626	LOC121868236	LOC136446967	CG6287	LOC135682767	LOC106883983	LOC110465020	LOC100186739	LOC129968620
OG0005627	LOC121868251	LOC136430867	Zip99C	LOC135696438	LOC106876000	LOC110464596	LOC100178071	LOC129966665
OG0005628	LOC121868265	LOC136442856	CG9706	LOC135688052	LOC106867337	LOC110440514	LOC100181010	LOC129988678
OG0005629	LOC121868274	LOC136441502	CG44247	LOC135693116	LOC106876558	LOC110464996	LOC108949751	LOC129988628
OG0005630	LOC121868288	LOC136444917	Rich	LOC135694921	LOC106874539	LOC110456589	LOC100177431	LOC129991643
OG0005631	LOC121868290	LOC136436214	LSm-4	LOC135682531	LOC106867889	LOC110445975	LOC100181960	LOC129984521
OG0005632	LOC121868291	LOC136434975	Echs1	LOC135691636	LOC106872368	LOC110448572	LOC100186995	LOC129962056
OG0005633	LOC121868293	LOC136441402	CG8728	LOC135693161	LOC106881124	LOC110459353	LOC100186033	LOC129963869
OG0005634	LOC121868301	LOC136429653	Glys	LOC135690201	LOC106882342	LOC110453713	LOC100183713	LOC129985149
OG0005635	LOC121868304	LOC136438973	Ski6	LOC135682584	LOC106879058	LOC110449947	LOC100179476	LOC129988510
OG0005636	LOC121868305	LOC136440462	IntS1	LOC135691777	LOC106880421	LOC110463255	LOC101243305	LOC129961983
OG0005637	LOC121868308	LOC136448340	Sf3a1	LOC135680821	LOC106874661	LOC110446220	LOC100186513	LOC129981440
OG0005638	LOC121868320	LOC136423798	ND-51	LOC135689530	LOC106874930	LOC110459693	LOC100179486	LOC129972821
OG0005639	LOC121868325	LOC136434057	lin-52	LOC135681292	LOC106877182	LOC110466520	LOC100183434	LOC129971524
OG0005640	LOC121868326	LOC136429731	CG1951	LOC135695386	LOC106867821	LOC110440289	LOC100178463	LOC129970554
OG0005641	LOC121868329	LOC136432561	CG17660	LOC135681442	LOC106871102	LOC110441622	LOC100176466	LOC129960266
OG0005642	LOC121868331	LOC136424761	mRpL15	LOC135688885	LOC106873327	LOC110456191	LOC100175207	LOC129962703
OG0005643	LOC121868335	LOC136438591	CG14971	LOC135690925	LOC106877559	LOC110466827	LOC100181275	LOC129964260
OG0005645	LOC121868341	LOC136431079	Nop56	LOC135695956	LOC106880091	LOC110462320	LOC100178209	LOC129988981
OG0005646	LOC121868345	LOC136430664	sra	LOC135685508	LOC106873700	LOC110457596	LOC100186189	LOC129958476
OG0005647	LOC121868353	LOC136434807	Taf9	LOC135684570	LOC106873098	LOC110462222	LOC100177176	LOC129981527
OG0005648	LOC121868363	LOC136448116	kz	LOC135683964	LOC106881887	LOC110461335	LOC100178493	LOC129959952
OG0005649	LOC121868368	LOC136441538	CG34183	LOC135693195	LOC106879313	LOC110452472	LOC100177812	LOC129972979
OG0005650	LOC121868380	LOC136427154	Ada	LOC135696517	LOC106870933	LOC110462166	LOC100185007	LOC129961683
OG0005651	LOC121868381	LOC136441478	Etfb	LOC135684146	LOC106867603	LOC110453343	LOC100175883	LOC129968452
OG0005652	LOC121868384	LOC136442197	pins	LOC135693171	LOC106883508	LOC110456128	LOC100184538	LOC129971445
OG0005653	LOC121868387	LOC136439825	step	LOC135691581	LOC106870408	LOC110453896	LOC100175409	LOC129989224
OG0005654	LOC121868393	LOC136444394	mRpL18	LOC135683181	LOC106875219	LOC110446030	LOC100179281	LOC129965536
OG0005655	LOC121868400	LOC136442327	CG1418	LOC135684246	LOC106880250	LOC110455184	LOC100178827	LOC129967270
OG0005656	LOC121868411	LOC136440238	ECSIT	LOC135692292	LOC106874086	LOC110466997	LOC100178260	LOC129972091
OG0005657	LOC121868414	LOC136434313	CG8665	LOC135692539	LOC106875996	LOC110441897	LOC100184767	LOC129960259
OG0005658	LOC121868422	LOC136437417	Dnaaf6	LOC135686291	LOC106868341	LOC110456670	LOC100182849	LOC129972691
OG0005659	LOC121868423	LOC136421708	MFS16	LOC135684279	LOC106872525	LOC110445906	LOC100186540	LOC129960289
OG0005662	LOC121868430	LOC136439303	LysRS	LOC135690600	LOC106882317	LOC110453632	LOC100185662	LOC129969573
OG0005663	LOC121868432	LOC136425715	Sin3A	LOC135690290	LOC106881986	LOC110466965	LOC100174991	LOC129980859
OG0005664	LOC121868435	LOC136435773	RYBP	LOC135692855	LOC128251352	LOC110466828	LOC113474371	LOC129988414
OG0005665	LOC121868463	LOC136430309	CG4679	LOC135696183	LOC106868930	LOC110452538	LOC100179249	LOC129981864
OG0005666	LOC121868465	LOC136438477	PIG-U	LOC135691422	LOC106884285	LOC110463596	LOC100179414	LOC129971069
OG0005668	LOC121868481	LOC136423667	Lrch	LOC135684196	LOC106872026	LOC110462215	LOC100184695	LOC129983624
OG0005669	LOC121868490	LOC136440725	sno	LOC135683681	LOC106873356	LOC110445832	LOC100185568	LOC129983762
OG0005670	LOC121868516	LOC136438105	CG15923	LOC135690147	LOC106883644	LOC110451852	LOC100179751	LOC129963976
OG0005671	LOC121868530	LOC136432995	Nnp-1	LOC135685110	LOC106879446	LOC110461415	LOC100183803	LOC129988521
OG0005672	LOC121868534	LOC136428422	wal	LOC135687282	LOC106879363	LOC110450988	LOC100179156	LOC129967093
OG0005673	LOC121868536	LOC136438334	S1P	LOC135691290	LOC106870664	LOC110453394	LOC100177229	LOC129984198
OG0005674	LOC121868539	LOC136427645	Rok	LOC135689297	LOC106876226	LOC110466108	LOC100176906	LOC129972419
OG0005675	LOC121868541	LOC136438837	MED10	LOC135691402	LOC106882862	LOC110440240	LOC100175933	LOC129973065
OG0005676	LOC121868544	LOC136439588	raptor	LOC135692201	LOC106869827	LOC110448552	LOC100176030	LOC129963214
OG0005677	LOC121868545	LOC136449326	CSN8	LOC135681579	LOC106871352	LOC110458516	LOC100182035	LOC129985316
OG0005678	LOC121868558	LOC136427213	Fcp1	LOC135690551	LOC106880648	LOC110458462	LOC100180266	LOC129962978
OG0005679	LOC121868560	LOC136441448	Rgl	LOC135694193	LOC106871381	LOC110445240	LOC101242334	LOC129960622
OG0005680	LOC121868574	LOC136431074	CG33298	LOC135686776	LOC106881894	LOC110458651	LOC100186331	LOC129956193
OG0005681	LOC121868596	LOC136430766	Vps51	LOC135695824	LOC106875028	LOC110466408	LOC100181549	LOC129965498
OG0005682	LOC121868607	LOC136437026	Nup54	LOC135686809	LOC106875908	LOC110440308	LOC100185127	LOC129963983
OG0005687	LOC121868641	LOC136435360	asun	LOC135685955	LOC106878832	LOC110442847	LOC100186394	LOC129966983
OG0005688	LOC121868645	LOC136433135	Rab3-GAP	LOC135685613	LOC106879836	LOC110466509	LOC100186231	LOC129983766
OG0005689	LOC121868708	LOC136443331	mRpL47	LOC135680870	LOC106869083	LOC110462766	LOC108949611	LOC129983952
OG0005691	LOC121868717	LOC136432450	Fntb	LOC135681211	LOC106879051	LOC110441901	LOC100182889	LOC129963209
OG0005692	LOC121868718	LOC136435544	LanB1	LOC135692469	LOC106877208	LOC110452628	LOC100179911	LOC129958217
OG0005693	LOC121868721	LOC136420893	ncm	LOC135681521	LOC106876965	LOC110452078	LOC100187293	LOC129989358
OG0005694	LOC121868729	LOC136445567	CG3071	LOC135687026	LOC106876864	LOC110445596	LOC100176040	LOC129969558
OG0005695	LOC121868734	LOC136431350	CG2162	LOC135696545	LOC106867709	LOC110455383	LOC100182346	LOC129960336
OG0005696	LOC121868753	LOC136436639	CG12325	LOC135686360	LOC106869265	LOC110447143	LOC100183259	LOC129961937
OG0005697	LOC121868758	LOC136439640	Kap-alpha1	LOC135685292	LOC106879430	LOC110449816	LOC100185571	LOC129976477
OG0005698	LOC121868766	LOC136449287	Rad1	LOC135683742	LOC106882824	LOC110461387	LOC100185026	LOC129966583
OG0005699	LOC121868779	LOC136424710	CG8460	LOC135689919	LOC106876572	LOC110451721	LOC100182328	LOC129960518
OG0005702	LOC121868801	LOC136436596	Nup58	LOC135686549	LOC106880673	LOC110449668	LOC100182924	LOC129963059
OG0005703	LOC121868804	LOC136441296	PpV	LOC135696758	LOC106880958	LOC110459360	LOC100177460	LOC129980575
OG0005705	LOC121868808	LOC136429699	Dim1	LOC135683470	LOC106871927	LOC110445493	LOC100179239	LOC129968996
OG0005706	LOC121868810	LOC136439037	MESR6	LOC135690503	LOC106878157	LOC110443759	LOC100179992	LOC129972551
OG0005707	LOC121868811	LOC136439919	CG4768	LOC135691810	LOC106876496	LOC110453662	LOC100181256	LOC129956956
OG0005708	LOC121868812	LOC136439277	Sec5	LOC135690695	LOC106869208	LOC110466793	LOC100184592	LOC129988946
OG0005709	LOC121868818	LOC136441571	CG1622	LOC135693158	LOC106867643	LOC110452956	LOC100186660	LOC129980122
OG0005710	LOC121868823	LOC136434091	Aos1	LOC135681686	LOC106872067	LOC110460263	LOC100175473	LOC129957112
OG0005711	LOC121868836	LOC136429219	CG6454	LOC135684235	LOC106871127	LOC110465587	LOC100180905	LOC129971591
OG0005712	LOC121868860	LOC136423606	Rab6	LOC135684119	LOC106876560	LOC110465861	LOC100178081	LOC129980488
OG0005713	LOC121868864	LOC136427336	Naa35	LOC135688763	LOC106869346	LOC110460822	LOC100187003	LOC129965916
OG0005715	LOC121868978	LOC136446143	tou	LOC135682272	LOC106872674	LOC110446617	LOC100178117	LOC129964285
OG0005716	LOC121868995	LOC136433859	Seipin	LOC135693157	LOC106877692	LOC110449130	LOC100176873	LOC129957690
OG0005717	LOC121869020	LOC136434309	Alg10	LOC135692637	LOC106876907	LOC110461259	LOC100184563	LOC129988384
OG0005718	LOC121869022	LOC136437997	OSCP1	LOC135685240	LOC106867857	LOC110465360	LOC100178633	LOC129960401
OG0005719	LOC121869024	LOC136430884	CG14868	LOC135695913	LOC106872976	LOC110458464	LOC100181587	LOC129988243
OG0005720	LOC121869033	LOC136444413	SCOT	LOC135694566	LOC106877113	LOC110459125	LOC100180566	LOC129983874
OG0005723	LOC121869045	LOC136441738	PNUTS	LOC135693984	LOC106872693	LOC110456837	LOC100185441	LOC129989937
OG0005724	LOC121869046	LOC136441741	mRpS18B	LOC135694008	LOC106876570	LOC110441206	LOC100183210	LOC129976031
OG0005725	LOC121869061	LOC136444848	CG3999	LOC135694404	LOC106880430	LOC110454425	LOC100176441	LOC129957481
OG0005726	LOC121869067	LOC136442970	mTor	LOC135686846	LOC106870424	LOC110448263	LOC100178479	LOC129968767
OG0005727	LOC121869068	LOC136443358	mRpL37	LOC135683951	LOC106871900	LOC110451286	LOC100186298	LOC129969470
OG0005728	LOC121869078	LOC136438578	gry	LOC135683614	LOC106871310	LOC110458548	LOC100177930	LOC129975702
OG0005729	LOC121869089	LOC136440004	Wbp2	LOC135691765	LOC106882092	LOC110464191	LOC104265415	LOC129976212
OG0005730	LOC121869099	LOC136434512	TfIIEbeta	LOC135684766	LOC106868283	LOC110456056	LOC100180599	LOC129965889
OG0005731	LOC121869102	LOC136443439	CG14647	LOC135695938	LOC106878011	LOC110462340	LOC100180860	LOC129960761
OG0005732	LOC121869104	LOC136435021	Pex19	LOC135684382	LOC106867886	LOC110450345	LOC100182608	LOC129976740
OG0005733	LOC121869105	LOC136427721	CG7600	LOC135688860	LOC106880704	LOC110449197	LOC100185286	LOC129958230
OG0005734	LOC121869106	LOC136449127	mad2	LOC135681809	LOC106881040	LOC110467354	LOC100176682	LOC129972318
OG0005735	LOC121869107	LOC136433845	Fibp	LOC135694398	LOC106877419	LOC110455528	LOC100183687	LOC129958489
OG0005736	LOC121869112	LOC136443555	Cals	LOC135688445	LOC106870272	LOC110458930	LOC100185927	LOC129987972
OG0005737	LOC121869165	LOC136448089	Mettl14	LOC135687396	LOC106879257	LOC110451229	LOC100176240	LOC129972477
OG0005738	LOC121869169	LOC136435328	CG8778	LOC135692463	LOC106874290	LOC110457275	LOC100185648	LOC129957416
OG0005739	LOC121869173	LOC136440616	RnpS1	LOC135692195	LOC106872740	LOC110455681	LOC100175141	LOC129957704
OG0005740	LOC121869175	LOC136441830	Pfdn6	LOC135694083	LOC106867654	LOC110447551	LOC100179681	LOC129961885
OG0005741	LOC121869179	LOC136432973	Cbl	LOC135684527	LOC106869207	LOC110444983	LOC100176362	LOC129984003
OG0005742	LOC121869181	LOC136447102	MED24	LOC135696247	LOC106884416	LOC110452910	LOC108951018	LOC129966893
OG0005743	LOC121869182	LOC136427872	rb	LOC135687750	LOC106869107	LOC110454208	LOC100181883	LOC129970879
OG0005744	LOC121869188	LOC136431104	snf	LOC135696669	LOC106878535	LOC110447709	LOC100175421	LOC129962081
OG0005745	LOC121869189	LOC136424205	Vps26	LOC135696764	LOC106882383	LOC110452734	LOC100179535	LOC129958839
OG0005746	LOC121869214	LOC136433449	CG2126	LOC135693259	LOC106878827	LOC110462795	LOC100184136	LOC129968876
OG0005747	LOC121869217	LOC136432625	Fbxl4	LOC135682432	LOC106871283	LOC110465049	LOC100177543	LOC129965811
OG0005748	LOC121869231	LOC136431041	cno	LOC135685069	LOC106880869	LOC110442227	LOC100177180	LOC129974933
OG0005751	LOC121869297	LOC136439349	Lis-1	LOC135683153	LOC106869563	LOC110455567	LOC100180225	LOC129963818
OG0005752	LOC121869302	LOC136422374	nmdyn-D7	LOC135684559	LOC106875880	LOC110460079	ci-ndk/dm44	LOC129988792
OG0005753	LOC121869311	LOC136441752	U4-U6-60K	LOC135693953	LOC106872767	LOC110451713	LOC100187252	LOC129965505
OG0005754	LOC121869320	LOC136438017	Dap160	LOC135685067	LOC106874748	LOC110459045	LOC100179552	LOC129963239
OG0005755	LOC121869323	LOC136427685	Pex3	LOC135695451	LOC106880718	LOC110451417	LOC100175349	LOC129981796
OG0005757	LOC121869331	LOC136432160	Atg5	LOC135693729	LOC106876337	LOC110459064	atg5	LOC129976076
OG0005758	LOC121869335	LOC136430286	Gprk2	LOC135695820	LOC106876126	LOC110451725	LOC100186924	LOC129960189
OG0005759	LOC121869337	LOC136444131	CG8531	LOC135688535	LOC106879708	LOC110462947	LOC100179306	LOC129957947
OG0005760	LOC121869344	LOC136442822	CSN7	LOC135688522	LOC106870224	LOC110460921	LOC113474404	LOC129984597
OG0005761	LOC121869346	LOC136442932	Opa1	LOC135687958	LOC106875919	LOC110462729	LOC100179216	LOC129989505
OG0005763	LOC121869406	LOC136440847	IPIP	LOC135683927	LOC106882198	LOC110456008	LOC100177328	LOC129956023
OG0005764	LOC121869471	LOC136444275	PIG-G	LOC135694540	LOC106876241	LOC110461529	LOC100182776	LOC129987742
OG0005765	LOC121869501	LOC136439114	CG1317	LOC135690581	LOC106874637	LOC110458460	LOC100184259	LOC129971416
OG0005766	LOC121869518	LOC136433227	PIG-A	LOC135686865	LOC106879177	LOC110463989	LOC100178746	LOC129966819
OG0005767	LOC121869528	LOC136438496	Maf1	LOC135690595	LOC106871613	LOC110466756	LOC100185613	LOC129963163
OG0005768	LOC121869533	LOC136433502	CG17260	LOC135696715	LOC106875784	LOC110457571	LOC100177726	LOC129989485
OG0005769	LOC121869536	LOC136434870	Sec61alpha	LOC135686348	LOC106872762	LOC110445924	LOC100176997	LOC129963063
OG0005770	LOC121869538	LOC136436815	Taf1	LOC135686744	LOC106877877	LOC110447131	LOC100180928	LOC129960084
OG0005771	LOC121869540	LOC136430638	Brr2	LOC135696307	LOC106873134	LOC110449759	LOC100176960	LOC129968664
OG0005772	LOC121869543	LOC136438995	SPoCk	LOC135690533	LOC106878472	LOC110461899	LOC100185912	LOC129984662
OG0005773	LOC121869560	LOC136433554	CG30105	LOC135691845	LOC106876667	LOC110466373	LOC100178947	LOC129963475
OG0005774	LOC121869565	LOC136427825	Rnf146	LOC135688828	LOC106873788	LOC110464442	LOC100175838	LOC129989298
OG0005775	LOC121869586	LOC136439270	Kdsr	LOC135690494	LOC106882256	LOC110443788	LOC100178248	LOC129988092
OG0005776	LOC121869591	LOC136443152	Ns3	LOC135687601	LOC106880134	LOC110455212	LOC100177800	LOC129988417
OG0005777	LOC121869605	LOC136431314	stas	LOC135695304	LOC106880314	LOC110446977	LOC100182206	LOC129972619
OG0005778	LOC121869606	LOC136436528	crm	LOC135686892	LOC106875862	LOC110456544	LOC100177868	LOC129960142
OG0005779	LOC121869607	LOC136443151	Elp5	LOC135688362	LOC106881229	LOC110440496	LOC100179787	LOC129969505
OG0005780	LOC121869608	LOC136441856	CG17019	LOC135683758	LOC106876032	LOC110457719	LOC100178192	LOC129976625
OG0005781	LOC121869611	LOC136433886	Nup35	LOC135680932	LOC106869628	LOC110462054	LOC100176184	LOC129976752
OG0005782	LOC121869615	LOC136443290	Sas10	LOC135691088	LOC106878413	LOC110463306	LOC100179273	LOC129988299
OG0005783	LOC121869618	LOC136437437	Su_var_3-3	LOC135685203	LOC106869849	LOC110454266	LOC100187100	LOC129972669
OG0005784	LOC121869627	LOC136445510	Stlk	LOC135681867	LOC106878403	LOC110451921	LOC100176369	LOC129962629
OG0005786	LOC121869634	LOC136436375	CG7766	LOC135686034	LOC106873376	LOC110458667	LOC101243227	LOC129962663
OG0005787	LOC121869636	LOC136440525	l_2_k14505	LOC135692218	LOC106873864	LOC110451216	LOC100179352	LOC129968555
OG0005789	LOC121869644	LOC136442510	sws	LOC135693340	LOC106876024	LOC110459181	LOC100184309	LOC129968551
OG0005790	LOC121869645	LOC136427889	RIOK2	LOC135687109	LOC106881539	LOC110445625	LOC100177064	LOC129974159
OG0005791	LOC121869654	LOC136449055	CG9662	LOC135682619	LOC106870328	LOC110447581	LOC100186213	LOC129983579
OG0005792	LOC121869658	LOC136433210	CIA30	LOC135685407	LOC106881200	LOC110467224	LOC100179693	LOC129976724
OG0005793	LOC121869662	LOC136445362	CG7872	LOC135680789	LOC106875066	LOC110455257	LOC100184763	LOC129968930
OG0005794	LOC121869664	LOC136435391	Spf45	LOC135692591	LOC106875044	LOC110445925	LOC100180140	LOC129962061
OG0005795	LOC121869670	LOC136439430	CG5608	LOC135691202	LOC106869092	LOC110449476	LOC100181175	LOC129984762
OG0005796	LOC121869677	LOC136445854	RpL23	LOC135682332	LOC106869357	LOC110463033	LOC100176034	LOC129987910
OG0005797	LOC121869679	LOC136446162	CG11257	LOC135685526	LOC106877824	LOC110459447	LOC100178699	LOC129960243
OG0005798	LOC121869689	LOC136434803	Uba3	LOC135690646	LOC106883626	LOC110454458	LOC100183602	LOC129988000
OG0005799	LOC121869739	LOC136439708	not	LOC135685116	LOC106880935	LOC110447368	LOC100175972	LOC129988568
OG0005800	LOC121869758	LOC136445504	ics	LOC135682208	LOC106880469	LOC110459349	LOC100176592	LOC129958415
OG0005801	LOC121869901	LOC136428016	Ns2	LOC135689042	LOC106873083	LOC110452535	LOC100183745	LOC129974978
OG0005802	LOC121869941	LOC136433289	defl	LOC135687027	LOC106884515	LOC110445258	LOC100183323	LOC129974982
OG0005803	LOC121869945	LOC136439271	l_1_G0320	LOC135691213	LOC106871296	LOC110443768	LOC100177374	LOC129957147
OG0005804	LOC121869947	LOC136425626	Rcc1	LOC135690309	LOC106868001	LOC110442354	rcc1	LOC129989315
OG0005805	LOC121869951	LOC136433577	CG7706	LOC135684159	LOC106876109	LOC110445251	LOC100180215	LOC129985260
OG0005807	LOC121869975	LOC136443084	CG7006	LOC135688240	LOC106868040	LOC110463975	LOC100180799	LOC129988159
OG0005808	LOC121869982	LOC136449046	Sirt1	LOC135686261	LOC106881695	LOC110460060	LOC101242972	LOC129962755
OG0005809	LOC121869983	LOC136432604	CG5986	LOC135694025	LOC106873972	LOC110450453	LOC100186066	LOC129972931
OG0005810	LOC121869985	LOC136430080	mRpS31	LOC135687733	LOC106881734	LOC110457849	LOC100178207	LOC129975598
OG0005811	LOC121869992	LOC136439191	Ctps	LOC135685094	LOC106873501	LOC110454308	LOC100176660	LOC129984075
OG0005812	LOC121870001	LOC136442937	mRpL20	LOC135687236	LOC106883924	LOC110460403	LOC101243542	LOC129968578
OG0005813	LOC121870013	LOC136439869	CG8202	LOC135691631	LOC106870037	LOC110448562	LOC100179001	LOC129983756
OG0005814	LOC121870017	LOC136433380	Cbs	LOC135684191	LOC106872868	LOC110457846	LOC100180445	LOC129965485
OG0005815	LOC121870018	LOC136438859	Psf2	LOC135690607	LOC106882431	LOC110466778	LOC100185409	LOC129966524
OG0005816	LOC121870020	LOC136442905	Ost48	LOC135688345	LOC106868972	LOC110459788	LOC100178567	LOC129981458
OG0005817	LOC121870026	LOC136448400	AGBE	LOC135680781	LOC106871134	LOC110444389	LOC100184786	LOC129988680
OG0005818	LOC121870034	LOC136441757	raskol	LOC135694042	LOC106883233	LOC110455629	LOC100178487	LOC129983872
OG0005819	LOC121870067	LOC136440425	Miro	LOC135691725	LOC106871508	LOC110464234	LOC100186040	LOC129971588
OG0005820	LOC121870069	LOC136448412	CG31064	LOC135696721	LOC106868839	LOC110446600	zf_fyve_-7	LOC129971341
OG0005821	LOC121870070	LOC136449175	Gdh	LOC135682723	LOC106868507	LOC110451165	LOC100177733	LOC129981040
OG0005822	LOC121870071	LOC136425060	or	LOC135691895	LOC106877014	LOC110448479	LOC100180975	LOC129957608
OG0005823	LOC121870116	LOC136428285	Pbp49	LOC135687051	LOC106879362	LOC110458300	LOC100181619	LOC129954643
OG0005824	LOC121870130	LOC136440768	DNAlig1	LOC135691712	LOC106867431	LOC110443185	LOC100181519	LOC129966970
OG0005825	LOC121870192	LOC136435506	ND-13B	LOC135686569	LOC106883598	LOC110441302	LOC100180061	LOC129963228
OG0005826	LOC121870211	LOC136435772	Slmap	LOC135692630	LOC106869515	LOC110456710	LOC100179267	LOC129963036
OG0005828	LOC121870236	LOC136429864	CG33635	LOC135688572	LOC106884073	LOC110462746	LOC100183260	LOC129989285
OG0005830	LOC121870247	LOC136428123	zda	LOC135689134	LOC106870798	LOC110445585	LOC100179953	LOC129961964
OG0005831	LOC121870272	LOC136432467	Pp2A-29B	LOC135684765	LOC106881318	LOC110442272	LOC100187349	LOC129965783
OG0005832	LOC121870279	LOC136439770	Rabex-5	LOC135694028	LOC106876042	LOC110461854	LOC100184203	LOC129971547
OG0005833	LOC121870291	LOC136438609	CG8237	LOC135689527	LOC106868754	LOC110457339	LOC100179729	LOC129975673
OG0005834	LOC121870356	LOC136441760	CG4709	LOC135693614	LOC106868904	LOC110460785	LOC100184094	LOC129972685
OG0005835	LOC121870370	LOC136422818	CG34117	LOC135682721	LOC106870721	LOC110460320	LOC100179178	LOC129960820
OG0005836	LOC121870376	LOC136435405	Oseg1	LOC135692580	LOC106871393	LOC110454772	LOC100184920	LOC129981707
OG0005837	LOC121870378	LOC136442127	Tgt	LOC135693478	LOC106879987	LOC110464409	LOC100185001	LOC129981298
OG0005838	LOC121870383	LOC136433854	hrg	LOC135693243	LOC106883335	LOC110449133	LOC100186273	LOC129965708
OG0005839	LOC121870385	LOC136421420	Arp6	LOC135682161	LOC106877939	LOC110460646	LOC100180073	LOC129980884
OG0005840	LOC121870387	LOC136433475	Polr3F	LOC135684573	LOC106883206	LOC110466379	LOC100182884	LOC129976597
OG0005841	LOC121870389	LOC136441330	GM130	LOC135694063	LOC106870395	LOC110450300	LOC100186275	LOC129957189
OG0005842	LOC121870391	LOC136424006	MED16	LOC135690034	LOC106879282	LOC110441296	LOC100185858	LOC129981679
OG0005843	LOC121870399	LOC136441210	GPHR	LOC135687163	LOC106881228	LOC110460524	LOC104266365	LOC129971513
OG0005844	LOC121870468	LOC136445036	cdm	LOC135695870	LOC106874703	LOC110461519	LOC100183609	LOC129960847
OG0005845	LOC121870484	LOC136445418	CG8405	LOC135695046	LOC106878148	LOC110466624	LOC100184490	LOC129983996
OG0005846	LOC121870495	LOC136437170	Tdrd3	LOC135686328	LOC106869514	LOC110456564	LOC100181610	LOC129966680
OG0005847	LOC121870506	LOC136446724	CG9410	LOC135681982	LOC106876320	LOC110459517	LOC100176158	LOC129957659
OG0005848	LOC121870517	LOC136444399	SrpRbeta	LOC135688270	LOC106868975	LOC110463973	LOC100179908	LOC129972131
OG0005849	LOC121870528	LOC136430870	THG	LOC135686425	LOC106880761	LOC110452037	LOC100179812	LOC129966953
OG0005851	LOC121870586	LOC136436360	wol	LOC135686843	LOC106869719	LOC110454819	LOC100183398	LOC129969692
OG0005853	LOC121870612	LOC136428325	CG33158	LOC135687249	LOC106867407	LOC110456367	LOC100175902	LOC129989732
OG0005854	LOC121870632	LOC136445357	CG9485	LOC135695181	LOC106878848	LOC110465491	LOC100181714	LOC129962628
OG0005855	LOC121870636	LOC136430487	Slu7	LOC135695809	LOC106868620	LOC110466443	zf_cchc_-12	LOC129980876
OG0005856	LOC121870639	LOC136421584	Tbc1d15-17	LOC135696448	LOC106873698	LOC110457595	LOC100184766	LOC129964013
OG0005858	LOC121870648	LOC136446828	CG9281	LOC135681881	LOC106878495	LOC110460095	LOC100185135	LOC129980581
OG0005859	LOC121870659	LOC136432238	mus302	LOC135696609	LOC106876863	LOC110450252	LOC100184542	LOC129966914
OG0005861	LOC121870668	LOC136445586	Pur-alpha	LOC135681012	LOC106880519	LOC110450102	pur-alpha/beta/gamma	LOC129983802
OG0005862	LOC121870684	LOC136438173	Edem1	LOC135691308	LOC106878781	LOC110448442	LOC100175549	LOC129959996
OG0005863	LOC121870691	LOC136439904	CG5262	LOC135692120	LOC106882875	LOC110449872	LOC100182531	LOC129988594
OG0005864	LOC121870696	LOC136430982	Pdcd4	LOC135696294	LOC106868596	LOC110464744	LOC100186627	LOC129960080
OG0005865	LOC121870724	LOC136431151	CG2691	LOC135695937	LOC106873391	LOC110442252	LOC100184722	LOC129976373
OG0005867	LOC121870760	LOC136423775	NKAIN	LOC135689688	LOC106878292	LOC110454517	LOC100186478	LOC129976460
OG0005868	LOC121870766	LOC136435382	Arl8	LOC135692707	LOC106884383	LOC110449443	LOC100176528	LOC129985212
OG0005869	LOC121870767	LOC136432367	BBS1	LOC135688879	LOC106882756	LOC110461463	LOC100186922	LOC129984149
OG0005871	LOC121870772	LOC136423873	SdhA	LOC135689515	LOC106882182	LOC110450908	LOC100183000	LOC129965518
OG0005872	LOC121870795	LOC136443936	gus	LOC135688548	LOC106878318	LOC110464544	meta3	LOC129988277
OG0005873	LOC121870806	LOC136440071	mRF1	LOC135696497	LOC106876493	LOC110451374	LOC104266050	LOC129983714
OG0005874	LOC121870838	LOC136445571	cnc	LOC135682362	LOC106879630	LOC110447425	nf-e2	LOC129958380
OG0005875	LOC121870839	LOC136445547	mor	LOC135681997	LOC106871460	LOC110445071	LOC100184235	LOC129980546
OG0005876	LOC121870879	LOC136420358	Pngl	LOC135681489	LOC106870946	LOC110447229	LOC100181653	LOC129972140
OG0005877	LOC121870959	LOC136438293	ZC3H3	LOC135690635	LOC106872170	LOC110466770	LOC100179660	LOC129963204
OG0005878	LOC121870962	LOC136429750	CG5445	LOC135695380	LOC106876229	LOC110457643	LOC100179235	LOC129971508
OG0005879	LOC121870965	LOC136422404	CG11858	LOC135684183	LOC106882354	LOC110446077	LOC100186662	LOC129963479
OG0005880	LOC121870967	LOC136442195	fand	LOC135693361	LOC106870639	LOC110456127	LOC100183671	LOC129988179
OG0005881	LOC121870968	LOC136431167	CG13690	LOC135696171	LOC106875975	LOC110455438	LOC100178254	LOC129969145
OG0005882	LOC121870971	LOC136444431	CG3511	LOC135694928	LOC106873333	LOC110456195	LOC100176911	LOC129966969
OG0005883	LOC121870976	LOC136425092	tmod	LOC135690252	LOC106881046	LOC110451034	tmod	LOC129976600
OG0005884	LOC121870992	LOC136438029	Sac1	LOC135691128	LOC106878932	LOC110466766	LOC100182691	LOC129963974
OG0005886	LOC121870997	LOC136428250	Amacr	LOC135687085	LOC106875871	LOC110465588	LOC100182682	LOC129964249
OG0005887	LOC121871004	LOC136446702	Rbm13	LOC135696058	LOC106874548	LOC110466302	LOC100176224	LOC129984812
OG0005888	LOC121871024	LOC136431311	TTLL1B	LOC135682189	LOC106880315	LOC110446976	LOC104265811	LOC129972692
OG0005889	LOC121871029	LOC136422748	CG8142	LOC135684426	LOC106882033	LOC110452115	LOC100181635	LOC129971656
OG0005890	LOC121871039	LOC136427372	PIG-B	LOC135687322	LOC106878051	LOC110451491	LOC100182031	LOC129959386
OG0005891	LOC121871040	LOC136435398	Prp18	LOC135687955	LOC106882627	LOC110452624	LOC100183985	LOC129981842
OG0005892	LOC121871042	LOC136433781	sm	LOC135683462	LOC106873560	LOC110451516	LOC100180136	LOC129975628
OG0005893	LOC121871045	LOC136442829	Icmt	LOC135688563	LOC106868383	LOC110462725	LOC100180736	LOC129969693
OG0005894	LOC121871060	LOC136443236	dsh	LOC135688288	LOC106876540	LOC110455289	dsh	LOC129968731
OG0005895	LOC121871073	LOC136428351	IntS14	LOC135687626	LOC106870817	LOC110453992	LOC101243230	LOC129969676
OG0005896	LOC121871088	LOC136434345	CG33303	LOC135686654	LOC106877058	LOC110442128	LOC100181376	LOC129969149
OG0005897	LOC121871095	LOC136441011	CG5021	LOC135691902	LOC106884314	LOC110447455	LOC100180313	LOC129990731
OG0005898	LOC121871096	LOC136440890	SCCRO3	LOC135691959	LOC106878858	LOC110450559	LOC100186269	LOC129984829
OG0005899	LOC121871100	LOC136433173	Xpd	LOC135693777	LOC106868561	LOC110466368	LOC100177945	LOC129971330
OG0005901	LOC121871146	LOC136433830	CG3062	LOC135684498	LOC106867892	LOC110445911	LOC100185443	LOC129981819
OG0005902	LOC121871163	LOC136428112	sip1	LOC135682808	LOC106875114	LOC110452350	stip	LOC129981157
OG0005903	LOC121871169	LOC136431523	Ranbp16	LOC135696501	LOC106874165	LOC110462304	LOC100180025	LOC129958937
OG0005904	LOC121871171	LOC136443376	IFT46	LOC135684975	LOC106882416	LOC110447791	LOC100178331	LOC129984380
OG0005905	LOC121871176	LOC136443332	PrBP	LOC135688475	LOC106876356	LOC110462781	pdedelta	LOC129972565
OG0005906	LOC121871201	LOC136435545	Alg12	LOC135693725	LOC106867594	LOC110454805	LOC100177471	LOC129966667
OG0005907	LOC121871206	LOC136422900	Nup44A	LOC135691388	LOC106875457	LOC110443740	LOC100177327	LOC129968380
OG0005908	LOC121871215	LOC136443330	Pex5	LOC135688234	LOC106876355	LOC110462772	LOC100183934	LOC129976671
OG0005909	LOC121871220	LOC136420892	arm	LOC135681341	LOC106873176	LOC110456865	cibeta-catenin	LOC129965776
OG0005910	LOC121871225	LOC136423808	RpLP0-like	LOC135689724	LOC106880161	LOC110458012	LOC100175915	LOC129972283
OG0005911	LOC121871230	LOC136439829	Gga	LOC135692266	LOC106880435	LOC110467001	LOC100177371	LOC129985143
OG0005912	LOC121871243	LOC136432212	CG6015	LOC135685503	LOC106870024	LOC110460261	LOC100184816	LOC129968888
OG0005913	LOC121871260	LOC136445606	CG14721	LOC135682289	LOC106867280	LOC110454988	LOC104265772	LOC129966187
OG0005914	LOC121871264	LOC136438048	ND-24	LOC135690587	LOC106869160	LOC110443735	LOC100182655	LOC129963936
OG0005915	LOC121871266	LOC136436436	Etf-QO	LOC135686740	LOC106873736	LOC110464812	LOC100187271	LOC129965750
OG0005916	LOC121871336	LOC136436657	nwk	LOC135686422	LOC106881394	LOC110440314	LOC100179143	LOC129969009
OG0005918	LOC121871393	LOC136428652	Grip75	LOC135687011	LOC106867278	LOC110462164	LOC100180749	LOC129977281
OG0005919	LOC121871396	LOC136437349	Taz	LOC135692849	LOC106874112	LOC110453215	LOC100181680	LOC129989462
OG0005921	LOC121871416	LOC136435356	Itpr	LOC135686051	LOC106882671	LOC110460372	LOC101243127	LOC129963293
OG0005922	LOC121871420	LOC136424118	wcd	LOC135686899	LOC106883398	LOC110445195	LOC100179094	LOC129969542
OG0005923	LOC121871444	LOC136430796	CG1172	LOC135695992	LOC106882938	LOC110464738	LOC100176939	LOC129958088
OG0005924	LOC121871445	LOC136437200	Etl1	LOC135685284	LOC106878715	LOC110459062	LOC100178722	LOC129963213
OG0005925	LOC121871448	LOC136440184	CG16989	LOC135683216	LOC106867933	LOC110464634	LOC100176222	LOC129984092
OG0005927	LOC121871465	LOC136427204	Lon	LOC135686978	LOC106872622	LOC110451944	LOC100178941	LOC129968512
OG0005928	LOC121871486	LOC136433543	CG8001	LOC135684475	LOC106878884	LOC110445905	LOC100182770	LOC129980956
OG0005929	LOC121871487	LOC136435873	Mcm10	LOC135692562	LOC106874325	LOC110442134	LOC100180466	LOC129966209
OG0005930	LOC121871489	LOC136442144	Syx6	LOC135694183	LOC106879764	LOC110467409	LOC100175520	LOC129972888
OG0005931	LOC121871490	LOC136435739	IleRS	LOC135686561	LOC106880005	LOC110443418	LOC100187404	LOC129988003
OG0005932	LOC121871492	LOC136425733	Mesh1	LOC135694944	LOC106876398	LOC110461353	LOC100186488	LOC129965906
OG0005933	LOC121871494	LOC136425260	CG1750	LOC135688094	LOC106873221	LOC110451462	LOC100179457	LOC129971343
OG0005935	LOC121871507	LOC136425230	CG9588	LOC135684571	LOC106879261	LOC110443066	LOC104266688	LOC129981357
OG0005936	LOC121871522	LOC136428918	MrgBP	LOC135691192	LOC106873748	LOC110466674	LOC100183508	LOC129989382
OG0005937	LOC121871526	LOC136428358	Hpr1	LOC135696308	LOC106878146	LOC110461533	LOC100179277	LOC129981103
OG0005938	LOC121871627	LOC136424944	unc-119	LOC135683185	LOC106872876	LOC110450652	LOC100182443	LOC129967075
OG0005939	LOC121871676	LOC136420553	DIP2	LOC135681590	LOC106868181	LOC110460110	LOC100183162	LOC129958160
OG0005940	LOC121871722	LOC136443079	CG2931	LOC135684156	LOC106883788	LOC110453444	LOC100178635	LOC129965683
OG0005941	LOC121871729	LOC136425710	Oseg6	LOC135690264	LOC106884413	LOC110455966	LOC100183018	LOC129968756
OG0005942	LOC121871745	LOC136437078	RanGAP	LOC135686806	LOC106871481	LOC110440339	LOC100178936	LOC129976649
OG0005943	LOC121871746	LOC136433683	CG8461	LOC135692078	LOC106877155	LOC110467249	LOC100184197	LOC129972430
OG0005944	LOC121871749	LOC136447279	CG17593	LOC135681988	LOC106872723	LOC110442692	LOC100185712	LOC129957648
OG0005945	LOC121871750	LOC136434894	Gem2	LOC135692622	LOC106876678	LOC110459510	LOC100181701	LOC129957633
OG0005946	LOC121871752	LOC136427681	Mtpbeta	LOC135689064	LOC106883267	LOC110448332	LOC100179652	LOC129972716
OG0005947	LOC121871758	LOC136426648	CG4972	LOC135687205	LOC106872579	LOC110451948	LOC100185605	LOC129960915
OG0005948	LOC121871761	LOC136433948	Cpsf100	LOC135682337	LOC106867997	LOC110466325	LOC113474389	LOC129988872
OG0005949	LOC121871764	LOC136435602	Aduk	LOC135684935	LOC106869961	LOC110443148	LOC100185093	LOC129987522
OG0005950	LOC121871772	LOC136437287	CycH	LOC135694651	LOC106879470	LOC110451027	LOC100177816	LOC129971604
OG0005952	LOC121871806	LOC136432946	alphaCOP	LOC135681875	LOC106883905	LOC110460311	LOC100185196	LOC129975939
OG0005953	LOC121871809	LOC136439808	Hrs	LOC135691720	LOC106883725	LOC110453672	zf_fyve_-11	LOC129965773
OG0005954	LOC121871826	LOC136439311	CG11367	LOC135691394	LOC106874903	LOC110451112	LOC100181842	LOC129984467
OG0005955	LOC121871848	LOC136428507	CSN5	LOC135688838	LOC106871745	LOC110456627	LOC100187322	LOC129968780
OG0005956	LOC121871855	LOC136429002	Bdp1	LOC135680865	LOC106875735	LOC110450058	LOC100184128	LOC129976189
OG0005957	LOC121871858	LOC136427185	sau	LOC135687722	LOC106881941	LOC110446589	LOC100180419	LOC129988240
OG0005958	LOC121871867	LOC136444524	CG8245	LOC135685855	LOC106874432	LOC110456198	LOC100184919	LOC129989081
OG0005959	LOC121871868	LOC136423097	Hsc20	LOC135683074	LOC106884380	LOC110453739	LOC100177909	LOC129965920
OG0005960	LOC121871871	LOC136439444	CG6707	LOC135691170	LOC106874795	LOC110464767	LOC104266484	LOC129971650
OG0005961	LOC121871882	LOC136439914	l_1_10Bb	LOC135696365	LOC106875354	LOC110453076	LOC100177488	LOC129965939
OG0005962	LOC121871889	LOC136430736	Oat	LOC135696037	LOC106870099	LOC110441975	LOC100176122	LOC129956487
OG0005963	LOC121871903	LOC136427821	eIF3e	LOC135688842	LOC106874153	LOC110464441	LOC100185058	LOC129966683
OG0005964	LOC121871905	LOC136437275	Fip1	LOC135686522	LOC106877726	LOC110456545	LOC100176131	LOC129972703
OG0005966	LOC121871913	LOC136420705	CG5989	LOC135681444	LOC106871216	LOC110461595	LOC100175014	LOC129983626
OG0005967	LOC121871917	LOC136430448	Tnks	LOC135695867	LOC106878247	LOC110455908	LOC100179282	LOC129985314
OG0005968	LOC121871940	LOC136440039	Ccz1	LOC135694962	LOC106882257	LOC110458086	LOC100187255	LOC129984842
OG0005969	LOC121871942	LOC136424323	SdhD	LOC135684785	LOC106871739	LOC110466478	LOC100180725	LOC129968129
OG0005970	LOC121872003	LOC136432175	Girdin	LOC135693489	LOC106881190	LOC110447431	LOC100185234	LOC129975699
OG0005971	LOC121872005	LOC136422393	Oseg5	LOC135684921	LOC106881077	LOC110462842	LOC100184954	LOC129969616
OG0005972	LOC121872006	LOC136444228	Ttc26	LOC135691835	LOC106876279	LOC110446994	LOC100177132	LOC129981648
OG0005973	LOC121872010	LOC136445353	Calr	LOC135694638	LOC106879949	LOC110460456	LOC100181856	LOC129957043
OG0005975	LOC121872016	LOC136447371	CG1227	LOC135686734	LOC106870981	LOC110463217	LOC100178636	LOC129980975
OG0005977	LOC121872028	LOC136427287	CG6153	LOC135688906	LOC106884523	LOC110454553	LOC100176678	LOC129957694
OG0005979	LOC121872036	LOC136422840	Sap130	LOC135684365	LOC106875413	LOC110464585	LOC100176836	LOC129965422
OG0005980	LOC121872041	LOC136423062	Utx	LOC135684112	LOC106880021	LOC110466209	LOC100185843	LOC129959951
OG0005981	LOC121872045	LOC136431133	Ddx56	LOC135693443	LOC106870628	LOC110462363	LOC100184614	LOC129971592
OG0005982	LOC121872054	LOC136438612	mRpL3	LOC135683347	LOC106874857	LOC110443968	LOC100175965	LOC129963127
OG0005983	LOC121872056	LOC136438197	Got2	LOC135690713	LOC106871279	LOC110461887	LOC100179315	LOC129963128
OG0005984	LOC121872057	LOC136427716	Secp43	LOC135688775	LOC106868332	LOC110456253	LOC100183240	LOC129971158
OG0005985	LOC121872075	LOC136434693	vnc	LOC135681758	LOC106880538	LOC110443139	LOC100186199	LOC129984107
OG0005986	LOC121872076	LOC136430405	SMC3	LOC135695994	LOC106880200	LOC110466402	LOC100185546	LOC129984223
OG0005987	LOC121872082	LOC136432483	CG6420	LOC135688521	LOC106868774	LOC110459600	LOC100183134	LOC129958131
OG0005989	LOC121872263	LOC136441807	Sce	LOC135696743	LOC106868102	LOC110448603	LOC100181787	LOC129968818
OG0005990	LOC121872267	LOC136446232	CG6937	LOC135681958	LOC106878576	LOC110460783	LOC100181259	LOC129966037
OG0005991	LOC121872273	LOC136440194	PIG-Q	LOC135694933	LOC106869312	LOC110454601	LOC100175389	LOC129962116
OG0005992	LOC121872283	LOC136442358	Coq4	LOC135693785	LOC106881774	LOC110442160	LOC100184934	LOC129981901
OG0005993	LOC121872284	LOC136444549	mago	LOC135690344	LOC106879653	LOC110449587	LOC100184300	LOC129956109
OG0005994	LOC121872306	LOC136437327	ArgRS	LOC135686481	LOC106881690	LOC110456538	LOC100186943	LOC129954758
OG0005995	LOC121872322	LOC136433313	atms	LOC135693302	LOC106879593	LOC110447913	LOC100177014	LOC129984148
OG0005997	LOC121872327	LOC136449047	twin	LOC135695152	LOC106872455	LOC110451168	LOC100187049	LOC129971401
OG0005998	LOC121872330	LOC136442389	RpL5	LOC135694212	LOC106874524	LOC110460781	LOC100186763	LOC129988451
OG0005999	LOC121872348	LOC136431038	CG32533	LOC135696414	LOC106875158	LOC110445643	LOC100178637	LOC129968661
OG0006000	LOC121872364	LOC136436640	Rep	LOC135686479	LOC106881528	LOC110449635	LOC100179618	LOC129980912
OG0006001	LOC121872365	LOC136439209	TH1	LOC135695962	LOC106883768	LOC110449916	LOC100183995	LOC129966919
OG0006002	LOC121872366	LOC136436476	spartin	LOC135682737	LOC106868894	LOC110449685	LOC100186436	LOC129963028
OG0006003	LOC121872371	LOC136445297	RanBP3	LOC135694380	LOC106874619	LOC110443571	LOC100182216	LOC129984316
OG0006004	LOC121872372	LOC136449116	eIF2Bgamma	LOC135695000	LOC106876096	LOC110448133	LOC100175122	LOC129968887
OG0006005	LOC121872374	LOC136428598	CG17715	LOC135689101	LOC106871647	LOC110456285	LOC100184985	LOC129966890
OG0006006	LOC121872378	LOC136436618	Noa36	LOC135681494	LOC106880883	LOC110458660	LOC100177720	LOC129976086
OG0006007	LOC121872379	LOC136433512	MED6	LOC135689061	LOC106879940	LOC110459604	LOC100177788	LOC129975722
OG0006008	LOC121872435	LOC136429995	rept	LOC135695361	LOC106872164	LOC110455133	LOC100177411	LOC129972159
OG0006009	LOC121872436	LOC136427334	Snup	LOC135687826	LOC106879541	LOC110460078	LOC100186984	LOC129978984
OG0006010	LOC121872441	LOC136447040	fidipidine	LOC135696753	LOC106883792	LOC110457074	LOC100175102	LOC129980826
OG0006011	LOC121872445	LOC136441606	CG3704	LOC135691517	LOC106882436	LOC110442877	LOC100181218	LOC129984824
OG0006012	LOC121872453	LOC136430502	Grx3	LOC135696285	LOC106881445	LOC110448743	LOC100186125	LOC129962092
OG0006013	LOC121872455	LOC136440736	Nubp1	LOC135692114	LOC106879567	LOC110453898	LOC100182393	LOC129968606
OG0006014	LOC121872465	LOC136448366	CG14641	LOC135696778	LOC106870699	LOC110441936	zf_c3h_-12	LOC129961982
OG0006016	LOC121872509	LOC136424007	Vps11	LOC135689492	LOC106876510	LOC110451669	LOC100182517	LOC129975974
OG0006017	LOC121872528	LOC136434332	wash	LOC135685276	LOC106883601	LOC110449577	LOC100182113	LOC129965764
OG0006018	LOC121872548	LOC136434710	gammaCOP	LOC135692770	LOC106873628	LOC110453228	LOC100175404	LOC129957646
OG0006019	LOC121872549	LOC136447054	Idi	LOC135682147	LOC106879292	LOC110450029	LOC104266771	LOC129968583
OG0006020	LOC121872561	LOC136432926	DCTN3-p24	LOC135694178	LOC106883605	LOC110446559	LOC100177191	LOC129975060
OG0006021	LOC121872569	LOC136435077	mRpS33	LOC135694078	LOC106883091	LOC110442860	LOC113475371	LOC129969576
OG0006023	LOC121872571	LOC136423549	Alg9	LOC135684343	LOC106873572	LOC110464260	LOC100176497	LOC129957090
OG0006024	LOC121872572	LOC136422581	CG5916	LOC135684193	LOC106871331	LOC110452105	LOC100185754	LOC129968864
OG0006025	LOC121872586	LOC136441618	Miga	LOC135694091	LOC106868429	LOC110451065	LOC100175476	LOC129969689
OG0006026	LOC121872588	LOC136433177	CG8067	LOC135696775	LOC106869034	LOC110466378	LOC100176583	LOC129975599
OG0006027	LOC121872592	LOC136432678	mRpL41	LOC135684524	LOC106876075	LOC110462811	LOC100185051	LOC129981289
OG0006028	LOC121872594	LOC136431214	Pi3K68D	LOC135690821	LOC106869736	LOC110441528	LOC100175620	LOC129983860
OG0006029	LOC121872601	LOC136446740	CG34313	LOC135690074	LOC106871870	LOC110457391	LOC113474017	LOC129971548
OG0006030	LOC121872605	LOC136432543	B9d2	LOC135681863	LOC106875288	LOC110463528	LOC100183352	LOC129984542
OG0006031	LOC121872619	LOC136429769	Pex16	LOC135684329	LOC106874134	LOC110454788	LOC100175223	LOC129981791
OG0006032	LOC121872620	LOC136439436	pch2	LOC135691425	LOC106870552	LOC110463336	LOC100179704	LOC129972518
OG0006033	LOC121872622	LOC136434314	CG12259	LOC135692593	LOC106883818	LOC110455725	LOC100184159	LOC129989387
OG0006034	LOC121872633	LOC136447508	clu	LOC135683214	LOC106870455	LOC110465442	LOC100185190	LOC129986553
OG0006035	LOC121872636	LOC136439722	eIF3b	LOC135692076	LOC106876072	LOC110465230	LOC100182767	LOC129988214
OG0006038	LOC121872668	LOC136427244	Vps28	LOC135688748	LOC106879199	LOC110443662	LOC100182534	LOC129971414
OG0006041	LOC121872684	LOC136432850	IFT43	LOC135681703	LOC106879400	LOC110442569	LOC100183282	LOC129958505
OG0006042	LOC121872688	LOC136423882	CG6962	LOC135683435	LOC106868281	LOC110445822	LOC100184183	LOC129981886
OG0006043	LOC121872704	LOC136421792	Rpn9	LOC135684441	LOC106881542	LOC110457954	LOC100184104	LOC129957390
OG0006044	LOC121872707	LOC136447328	Hmt-1	LOC135688485	LOC106871038	LOC110465536	LOC100187491	LOC129971429
OG0006045	LOC121872709	LOC136430529	Ltn1	LOC135685775	LOC106880280	LOC110446126	LOC100185225	LOC129956977
OG0006046	LOC121872710	LOC136439220	Sys1	LOC135690722	LOC106871610	LOC110453624	LOC100181137	LOC129972586
OG0006047	LOC121872713	LOC136443974	CG11089	LOC135682294	LOC106874801	LOC110460844	LOC100178564	LOC129956920
OG0006048	LOC121872717	LOC136444263	l_2_k09022	LOC135694589	LOC106876566	LOC110466626	LOC100175808	LOC129965840
OG0006049	LOC121872718	LOC136433066	RpS25	LOC135684207	LOC106867867	LOC110461281	LOC100184647	LOC129981766
OG0006050	LOC121872726	LOC136426046	Elp1	LOC135687214	LOC106875593	LOC110453760	LOC100176504	LOC129972817
OG0006051	LOC121872746	LOC136439833	Der-2	LOC135683594	LOC106875017	LOC110448137	LOC100184155	LOC129969653
OG0006052	LOC121872749	LOC136442324	CG14414	LOC135690807	LOC106882231	LOC110451676	LOC100175001	LOC129959005
OG0006054	LOC121872757	LOC136432308	CG31368	LOC135685581	LOC106878040	LOC110466636	LOC100176468	LOC129981525
OG0006055	LOC121872766	LOC136420697	Srp68	LOC135692172	LOC106883087	LOC110446656	LOC100175265	LOC129989129
OG0006056	LOC121872790	LOC136437975	nudC	LOC135685159	LOC106867314	LOC110456401	LOC100179430	LOC129963625
OG0006058	LOC121872833	LOC136438536	Rpn8	LOC135681449	LOC106873421	LOC110453615	LOC100183181	LOC129984445
OG0006059	LOC121872849	LOC136422061	fmt	LOC135691637	LOC106883394	LOC110442726	LOC100177844	LOC129981776
OG0006060	LOC121872860	LOC136444463	Mettl4	LOC135694419	LOC106880387	LOC110452519	LOC100186432	LOC129975745
OG0006061	LOC121872861	LOC136439138	Cpsf5	LOC135690617	LOC106875961	LOC110457491	LOC104266883	LOC129971614
OG0006062	LOC121872862	LOC136446566	Bicra	LOC135680780	LOC106882512	LOC110447843	LOC100184664	LOC129983672
OG0006063	LOC121872882	LOC136425020	Rbcn-3B	LOC135691870	LOC106880060	LOC110443381	LOC100186567	LOC129962490
OG0006064	LOC121872911	LOC136439019	Rab2	LOC135690611	LOC106881148	LOC110443237	rab2	LOC129971256
OG0006065	LOC121872921	LOC136428957	CG15743	LOC135688789	LOC106874979	LOC110457545	LOC100178124	LOC129972287
OG0006067	LOC121872956	LOC136449275	Membrin	LOC135681702	LOC106875135	LOC110450898	LOC100184992	LOC129965993
OG0006068	LOC121872962	LOC136440855	Syngr	LOC135691559	LOC106873979	LOC110446439	LOC100185045	LOC129976029
OG0006069	LOC121872984	LOC136429004	Fpps	LOC135696615	LOC106877226	LOC110451367	LOC100176910	LOC129977493
OG0006070	LOC121872987	LOC136442457	Ssrp	LOC135685710	LOC106880814	LOC110457827	ssrp1	LOC129975228
OG0006071	LOC121872994	LOC136439046	l_3_76BDm	LOC135690555	LOC106869306	LOC110449893	LOC100184621	LOC129984095
OG0006072	LOC121873000	LOC136422945	rho-7	LOC135684825	LOC106874295	LOC110458380	LOC100181904	LOC129963432
OG0006073	LOC121873001	LOC136432296	Vps39	LOC135681346	LOC106877150	LOC110455936	LOC100185137	LOC129975626
OG0006074	LOC121873008	LOC136442500	Rad17	LOC135694457	LOC106876490	LOC110466699	LOC100179734	LOC129984402
OG0006075	LOC121873010	LOC136435163	Tsr1	LOC135690520	LOC106882027	LOC110460612	LOC100181824	LOC129966639
OG0006076	LOC121873011	LOC136446068	CG9003	LOC135682658	LOC106881021	LOC110455856	LOC100180425	LOC129980917
OG0006077	LOC121873013	LOC136433471	Tip60	LOC135693380	LOC106879052	LOC110466367	LOC100177949	LOC129983820
OG0006080	LOC121873026	LOC136435186	U3-55K	LOC135686492	LOC106875571	LOC110460988	LOC100180728	LOC129964160
OG0006081	LOC121873028	LOC136421857	Dnaaf3	LOC135681010	LOC106879746	LOC110453725	LOC100186702	LOC129975077
OG0006082	LOC121873040	LOC136422576	CG34133	LOC135684192	LOC106868358	LOC110455810	LOC100175773	LOC129965979
OG0006083	LOC121873055	LOC136440203	ecd	LOC135692118	LOC106870688	LOC110453836	hsignallingt1	LOC129980997
OG0006085	LOC121873124	LOC136426027	Alg13	LOC135692635	LOC106872311	LOC110462514	LOC100181785	LOC129957311
OG0006086	LOC121873148	LOC136446216	RpL32	LOC135696624	LOC106867942	LOC110443010	rl32	LOC129961789
OG0006087	LOC121873154	LOC136443418	Dd	LOC135688280	LOC106878558	LOC110464535	LOC100178593	LOC129965963
OG0006089	LOC121873162	LOC136448874	Nak	LOC135689936	LOC106883250	LOC110450570	LOC113474843	LOC129971608
OG0006090	LOC121873165	LOC136427182	Nelf-A	LOC135684140	LOC106874145	LOC110442108	LOC100183386	LOC129957209
OG0006091	LOC121873166	LOC136433138	Vps53	LOC135683311	LOC106881886	LOC110461341	LOC100181726	LOC129968836
OG0006092	LOC121873171	LOC136427776	Noc3	LOC135695855	LOC106869614	LOC110460127	LOC100182377	LOC129980821
OG0006093	LOC121873173	LOC136432080	Ctf4	LOC135681378	LOC106867383	LOC110447040	LOC100186467	LOC129965802
OG0006094	LOC121873208	LOC136424158	RagC-D	LOC135689662	LOC106881646	LOC110442625	LOC100180665	LOC129965791
OG0006095	LOC121873211	LOC136428220	Coprox	LOC135683827	LOC106870177	LOC110453297	LOC100182317	LOC129965504
OG0006096	LOC121873217	LOC136446904	CG10333	LOC135682562	LOC106868731	LOC110441851	LOC100182908	LOC129981729
OG0006097	LOC121873219	LOC136444647	Atac2	LOC135695133	LOC106872154	LOC110448694	LOC100186869	LOC129985342
OG0006098	LOC121873226	LOC136433348	shams	LOC135688130	LOC106869585	LOC110463433	LOC108949523	LOC129958863
OG0006099	LOC121873231	LOC136426880	rnh1	LOC135688942	LOC106875333	LOC110456604	LOC100175037	LOC129963460
OG0006100	LOC121873236	LOC136445144	gpp	LOC135694888	LOC106875466	LOC110440609	LOC100178360	LOC129958474
OG0006101	LOC121873238	LOC136439623	Dnaaf5	LOC135693718	LOC106878709	LOC110451844	LOC100177605	LOC129969224
OG0006102	LOC121873254	LOC136435091	CG10600	LOC135686126	LOC106867373	LOC110460626	LOC100185747	LOC129988224
OG0006105	LOC121873260	LOC136442118	Nup214	LOC135693682	LOC106883850	LOC110449861	LOC100187128	LOC129963313
OG0006106	LOC121873265	LOC136427961	Xpac	LOC135690228	LOC106876764	LOC110461570	LOC100179498	LOC129989202
OG0006107	LOC121873268	LOC136426025	tun	LOC135690220	LOC106884428	LOC110463101	LOC100177033	LOC129961660
OG0006108	LOC121873273	LOC136439244	CG14435	LOC135690601	LOC106871113	LOC110448287	LOC100181970	LOC129972247
OG0006109	LOC121873277	LOC136424959	FeCH	LOC135690227	LOC106873668	LOC110449109	LOC100181547	LOC129981126
OG0006110	LOC121873281	LOC136422091	BckdhB	LOC135685146	LOC106875153	LOC110452582	LOC100179963	LOC129984744
OG0006112	LOC121873286	LOC136433038	numb	LOC135681284	LOC106880682	LOC110466139	numb	LOC129983918
OG0006113	LOC121873288	LOC136441632	CG30496	LOC135693923	LOC106881275	LOC110442481	LOC100186954	LOC129983617
OG0006114	LOC121873290	LOC136439949	ATPsynD	LOC135692222	LOC106882660	LOC110450566	LOC100176413	LOC129984837
OG0006115	LOC121873291	LOC136421468	CG12702	LOC135681170	LOC106873491	LOC110451582	LOC100179686	LOC129965407
OG0006116	LOC121873292	LOC136438648	CG11241	LOC135691333	LOC106882838	LOC110453623	LOC100178847	LOC129959118
OG0006117	LOC121873293	LOC136430622	CG44249	LOC135695899	LOC106871351	LOC110459120	LOC100180841	LOC129981018
OG0006118	LOC121873298	LOC136439334	CG15916	LOC135691356	LOC106874671	LOC110442715	LOC100182565	LOC129988483
OG0006119	LOC121873299	LOC136433990	tko	LOC135692468	LOC106868883	LOC110442575	LOC100182431	LOC129967922
OG0006120	LOC121873300	LOC136422704	CG7791	LOC135684595	LOC106879897	LOC110466918	LOC113473986	LOC129976223
OG0006121	LOC121873302	LOC136430818	GCS1	LOC135696502	LOC106869785	LOC110460508	LOC100183132	LOC129965548
OG0006122	LOC121873314	LOC136427080	Set1	LOC135683978	LOC106883719	LOC110448131	LOC101243241	LOC129974878
OG0006123	LOC121873328	LOC136433748	CG3769	LOC135694526	LOC106880252	LOC110466142	LOC100187521	LOC129965737
OG0006124	LOC121873335	LOC136433412	sll	LOC135689733	LOC106880632	LOC110441525	LOC100177698	LOC129984516
OG0006126	LOC121873344	LOC136423633	PIG-S	LOC135691107	LOC106867783	LOC110442249	LOC100178379	LOC129990572
OG0006127	LOC121873365	LOC136436757	ClC-c	LOC135686257	LOC106878803	LOC110466201	LOC100185252	LOC129958185
OG0006128	LOC121873393	LOC136438863	Not10	LOC135691265	LOC106882617	LOC110464796	LOC100181899	LOC129961873
OG0006130	LOC121873441	LOC136428837	CG10646	LOC135696616	LOC106874970	LOC110456633	LOC100180158	LOC129969356
OG0006131	LOC121873459	LOC136443364	CG5885	LOC135687981	LOC106879259	LOC110440493	LOC100183290	LOC129970804
OG0006133	LOC121873484	LOC136436793	CG17754	LOC135686836	LOC106872640	LOC110441644	LOC100181969	LOC129960269
OG0006134	LOC121873493	LOC136444651	CG5645	LOC135694541	LOC106883273	LOC110453811	LOC100176459	LOC129969111
OG0006136	LOC121873513	LOC136436886	CG1628	LOC135686239	LOC106872059	LOC110440420	LOC100179112	LOC129958359
OG0006137	LOC121873523	LOC136423622	Mo25	LOC135684461	LOC106875420	LOC110448090	dkc1	LOC129968845
OG0006138	LOC121873530	LOC136424742	Ythdf	LOC135689976	LOC106881375	LOC110451661	LOC100176124	LOC129971642
OG0006139	LOC121873540	LOC136433769	CG15141	LOC135695027	LOC106882713	LOC110460204	LOC100175841	LOC129957506
OG0006140	LOC121873546	LOC136442815	CG9630	LOC135683109	LOC106875707	LOC110459983	LOC100185526	LOC129988259
OG0006141	LOC121873662	LOC136445069	Dbct	LOC135694454	LOC106880374	LOC110465621	LOC100177209	LOC129984621
OG0006143	LOC121873684	LOC136437820	dre4	LOC135684668	LOC106867837	LOC110446865	LOC100183139	LOC129984033
OG0006144	LOC121873690	LOC136429981	CG9986	LOC135694172	LOC106880132	LOC110448569	LOC100186616	LOC129956971
OG0006145	LOC121873691	LOC136434346	Mon1	LOC135682072	LOC106871415	LOC110443104	LOC100180180	LOC129971920
OG0006146	LOC121873695	LOC136449246	CG7488	LOC135692581	LOC106871545	LOC110448139	LOC100175201	LOC129966591
OG0006147	LOC121873696	LOC136434949	ras	LOC135686098	LOC106870430	LOC110461742	LOC100178866	LOC129962697
OG0006148	LOC121873704	LOC136434582	MAGE	LOC135692755	LOC106875978	LOC110453235	LOC100181542	LOC129972923
OG0006149	LOC121873735	LOC136428377	ND-B16.6	LOC135687616	LOC106878464	LOC110453098	LOC101242590	LOC129981271
OG0006150	LOC121873747	LOC136439680	Cp110	LOC135691918	LOC106878946	LOC110453907	LOC100185558	LOC129988830
OG0006151	LOC121873764	LOC136423139	Elp2	LOC135682108	LOC106878490	LOC110463482	LOC100183883	LOC129957087
OG0006152	LOC121873810	LOC136435197	mip40	LOC135686701	LOC106872180	LOC110460597	LOC100182887	LOC129981017
OG0006153	LOC121873811	LOC136429985	Nap1	LOC135695595	LOC106876225	LOC110447859	LOC100181833	LOC129971439
OG0006154	LOC121873812	LOC136443168	CG10283	LOC135688013	LOC106880530	LOC110445127	LOC100183971	LOC129988248
OG0006155	LOC121873821	LOC136424076	RfC3	LOC135683604	LOC106871854	LOC110457706	LOC100179093	LOC129967103
OG0006156	LOC121873822	LOC136433943	Dtd	LOC135681486	LOC106869573	LOC110463508	LOC100185807	LOC129972212
OG0006157	LOC121873825	LOC136431407	Rcd1	LOC135696216	LOC106874144	LOC110449631	LOC100178064	LOC129984810
OG0006158	LOC121873832	LOC136444093	CG42553	LOC135696483	LOC106878116	LOC110442393	LOC100178800	LOC129968713
OG0006159	LOC121873838	LOC136442825	CG9132	LOC135688456	LOC106869513	LOC110462742	LOC100175123	LOC129960334
OG0006160	LOC121873842	LOC136448279	tos	LOC135694384	LOC106871652	LOC110459283	LOC100183542	LOC129989316
OG0006161	LOC121873844	LOC136433312	Srp54k	LOC135681529	LOC106874258	LOC110459280	LOC100178643	LOC129966964
OG0006162	LOC121873845	LOC136443223	Spx	LOC135688002	LOC106883966	LOC110458836	LOC100177970	LOC129988540
OG0006163	LOC121873856	LOC136441697	Ntmt	LOC135680791	LOC106875627	LOC110451703	LOC100185139	LOC129969523
OG0006164	LOC121873857	LOC136436831	Sgt1	LOC135686426	LOC106875994	LOC110457418	LOC100179637	LOC129969229
OG0006166	LOC121873862	LOC136433561	eIF2Bepsilon	LOC135695904	LOC106878373	LOC110458656	LOC100186132	LOC129971206
OG0006167	LOC121873866	LOC136444955	CG4364	LOC135683051	LOC106875050	LOC110457830	LOC100177889	LOC129959820
OG0006168	LOC121873870	LOC136444588	CG10340	LOC135694407	LOC106876012	LOC110455883	LOC104265750	LOC129985130
OG0006169	LOC121873884	LOC136436205	Trap1	LOC135686048	LOC106869264	LOC110447145	LOC100176051	LOC129963451
OG0006170	LOC121873887	LOC136431419	dbe	LOC135695715	LOC106878967	LOC110442901	LOC100178413	LOC129972535
OG0006171	LOC121873892	LOC136428029	Ppt1	LOC135688736	LOC106871646	LOC110441359	LOC100177362	LOC129981956
OG0006172	LOC121873899	LOC136436643	mRpL22	LOC135686648	LOC106884524	LOC110457244	LOC100175042	LOC129963424
OG0006175	LOC121874007	LOC136438905	RanBPM	LOC135691251	LOC106872121	LOC110458681	LOC100185411	LOC129965798
OG0006177	LOC121874061	LOC136442923	Prosbeta1	LOC135687946	LOC106882639	LOC110442947	LOC100181414	LOC129984133
OG0006178	LOC121874083	LOC136432899	Pgant2	LOC135688645	LOC106869793	LOC110454633	LOC100179270	LOC129958381
OG0006179	LOC121874085	LOC136435482	CG8726	LOC135692927	LOC106878940	LOC110443406	LOC100184084	LOC129988126
OG0006180	LOC121874103	LOC136433374	san	LOC135684604	LOC106871775	LOC110462991	LOC100184886	LOC129984431
OG0006181	LOC121874108	LOC136433169	Pex6	LOC135684942	LOC106877468	LOC110466371	LOC100184224	LOC129968617
OG0006182	LOC121874110	LOC136444123	CG17768	LOC135694524	LOC106876251	LOC110442182	LOC100184512	LOC129966063
OG0006183	LOC121874111	LOC136444418	CG1598	LOC135694330	LOC106879160	LOC110461542	LOC101243091	LOC129968308
OG0006185	LOC121874119	LOC136444212	Atg4b	LOC135694432	LOC106876491	LOC110456193	LOC100176661	LOC129961035
OG0006186	LOC121874147	LOC136445941	Prosalpha2	LOC135681999	LOC106872126	LOC110465517	LOC100179585	LOC129975693
OG0006189	LOC121874169	LOC136432688	Fancm	LOC135689751	LOC106882293	LOC110449967	LOC100175837	LOC129965732
OG0006190	LOC121874178	LOC136423876	Prp6	LOC135690106	LOC106876317	LOC110451318	LOC100176856	LOC129955063
OG0006191	LOC121874179	LOC136439447	EMC4	LOC135691209	LOC106879874	LOC110449936	LOC100179818	LOC129973055
OG0006192	LOC121874185	LOC136430183	Pdxk	LOC135685420	LOC106873490	LOC110450715	LOC100178162	LOC129961795
OG0006193	LOC121874192	LOC136443596	Dp1	LOC135688609	LOC106872584	LOC110455214	LOC100176627	LOC129966906
OG0006194	LOC121874194	LOC136439299	Mpp6	LOC135690854	LOC106880105	LOC110442716	LOC100185079	LOC129984409
OG0006195	LOC121874201	LOC136441978	Ass	LOC135693470	LOC106881508	LOC110462019	LOC100176491	LOC129983826
OG0006196	LOC121874203	LOC136439290	Hnf4	LOC135690616	LOC106867718	LOC110446294	hnf4	LOC129962617
OG0006197	LOC121874204	LOC136421669	CycC	LOC135696711	LOC106867551	LOC110462430	LOC100185167	LOC129969236
OG0006198	LOC121874206	LOC136447604	Bap60	LOC135681973	LOC106869145	LOC110461780	LOC100177871	LOC129976422
OG0006200	LOC121874215	LOC136423772	fwd	LOC135693441	LOC106875522	LOC110450896	LOC100177020	LOC129971422
OG0006201	LOC121874227	LOC136445964	ced-6	LOC135682719	LOC106877366	LOC110463586	LOC100182079	LOC129975963
OG0006203	LOC121874233	LOC136435600	CG3337	LOC135695341	LOC106872563	LOC110460846	LOC100185470	LOC129968976
OG0006204	LOC121874240	LOC136423440	mre11	LOC135684578	LOC106882263	LOC110453690	LOC100185652	LOC129976542
OG0006205	LOC121874245	LOC136440281	CG4338	LOC135692050	LOC106872717	LOC110455398	LOC100176322	LOC129966660
OG0006206	LOC121874249	LOC136448117	sfl	LOC135690011	LOC106883670	LOC110448531	LOC100180501	LOC129988090
OG0006207	LOC121874251	LOC136436601	spict	LOC135686439	LOC106876696	LOC110460468	LOC100186071	LOC129959630
OG0006208	LOC121874318	LOC136437967	Uev1A	LOC135690791	LOC106881923	LOC110458448	LOC100176652	LOC129972755
OG0006209	LOC121874330	LOC136426459	Rbcn-3A	LOC135687797	LOC106878469	LOC110455002	LOC100183656	LOC129961682
OG0006210	LOC121874336	LOC136422794	Ziz	LOC135684321	LOC106880262	LOC110465901	LOC100177087	LOC129980961
OG0006212	LOC121874397	LOC136432270	Mps1	LOC135693394	LOC106875756	LOC110451798	LOC100176899	LOC129965987
OG0006213	LOC121874400	LOC136445028	dnc	LOC135694795	LOC106867760	LOC110463904	LOC100186599	LOC129958840
OG0006214	LOC121874410	LOC136434677	Xpc	LOC135692659	LOC106874214	LOC110443908	LOC100177013	LOC129971080
OG0006215	LOC121874427	LOC136437449	RfC38	LOC135686655	LOC106872714	LOC110445789	LOC100184859	LOC129966061
OG0006216	LOC121874446	LOC136433017	Grp170	LOC135684299	LOC106879450	LOC110461418	LOC100186888	LOC129966554
OG0006217	LOC121874465	LOC136428323	ear	LOC135687186	LOC106883684	LOC110453080	LOC100180711	LOC129988039
OG0006218	LOC121874468	LOC136427513	Prp19	LOC135683950	LOC106881452	LOC110442736	LOC108949967	LOC129965788
OG0006219	LOC121874494	LOC136434010	CG5382	LOC135691227	LOC106869100	LOC110466006	LOC778831	LOC129981855
OG0006220	LOC121874497	LOC136448871	mts	LOC135695070	LOC106882016	LOC110457665	LOC100186064	LOC129957145
OG0006221	LOC121874498	LOC136437309	Pomp	LOC135686504	LOC106877729	LOC110447180	LOC113474870	LOC129963490
OG0006222	LOC121874499	LOC136436192	Pfas	LOC135686801	LOC106879080	LOC110446648	LOC100184530	LOC129958428
OG0006223	LOC121874505	LOC136433763	CycK	LOC135690100	LOC106871018	LOC110446434	LOC101243154	LOC129975627
OG0006225	LOC121874509	LOC136433101	Uba4	LOC135691204	LOC106869497	LOC110462807	LOC100181227	LOC129965287
OG0006227	LOC121874545	LOC136427783	Strump	LOC135688876	LOC106869244	LOC110456046	LOC100175056	LOC129963024
OG0006228	LOC121874548	LOC136420863	CG1161	LOC135695940	LOC106883151	LOC110450697	LOC100183612	LOC129964090
OG0006229	LOC121874549	LOC136427524	Mat89Ba	LOC135696354	LOC106871530	LOC110453737	LOC100185538	LOC129966374
OG0006231	LOC121874585	LOC136434026	e_y_3	LOC135681645	LOC106877163	LOC110454368	zf_phd_-1	LOC129980499
OG0006232	LOC121874591	LOC136447975	IFT20	LOC135683931	LOC106872889	LOC110461230	LOC100178357	LOC129960222
OG0006234	LOC121874602	LOC136443953	ND-13A	LOC135691424	LOC106882222	LOC110466944	LOC100186511	LOC129965755
OG0006235	LOC121874645	LOC136442364	Non3	LOC135685767	LOC106877602	LOC110448374	LOC100176470	LOC129976576
OG0006236	LOC121874677	LOC136438911	Bug22	LOC135690806	LOC106882506	LOC110453638	LOC100175467	LOC129963388
OG0006237	LOC121874680	LOC136441603	INPP5E	LOC135693961	LOC106880773	LOC110447300	LOC100180050	LOC129981681
OG0006238	LOC121874682	LOC136436250	beag	LOC135686858	LOC106875032	LOC110466715	LOC100178495	LOC129965799
OG0006240	LOC121874691	LOC136433226	Trmt61	LOC135682557	LOC106871100	LOC110466064	LOC100186814	LOC129969070
OG0006241	LOC121874692	LOC136440209	Lamtor2	LOC135692248	LOC106870689	LOC110453856	LOC100177011	LOC129975835
OG0006242	LOC121874698	LOC136425056	aph-1	LOC135696780	LOC106869604	LOC110448408	LOC100179067	LOC129981612
OG0006244	LOC121874704	LOC136445968	CG15093	LOC135682482	LOC106878483	LOC110460251	LOC100178943	LOC129976685
OG0006245	LOC121874710	LOC136436780	CG9799	LOC135686885	LOC106868302	LOC110452505	LOC100186454	LOC129988655
OG0006246	LOC121874711	LOC136430822	Arp1	LOC135696510	LOC106869795	LOC110460514	LOC100184579	LOC129965955
OG0006247	LOC121874715	LOC136426932	Tmem214	LOC135688895	LOC106880386	LOC110442839	LOC100186389	LOC129969432
OG0006248	LOC121874776	LOC136430141	Lipt1	LOC135695812	LOC106883160	LOC110448763	LOC100184117	LOC129981256
OG0006249	LOC121874849	LOC136433003	Pfdn2	LOC135690901	LOC106877963	LOC110461274	LOC100177542	LOC129976474
OG0006250	LOC121874855	LOC136436502	Nup98-96	LOC135686161	LOC106867789	LOC110449676	LOC100177504	LOC129957160
OG0006251	LOC121874873	LOC136424000	Zpr1	LOC135684359	LOC106867878	LOC110464833	LOC100182660	LOC129983846
OG0006252	LOC121874875	LOC136433182	mRpL49	LOC135691019	LOC106879573	LOC110464080	LOC100179051	LOC129984251
OG0006253	LOC121874900	LOC136423887	Not11	LOC135696611	LOC106872963	LOC110450095	LOC100186999	LOC129958575
OG0006254	LOC121874923	LOC136423850	botv	LOC135689836	LOC106874784	LOC110442614	LOC100184170	LOC129988529
OG0006255	LOC121874924	LOC136445994	Orc4	LOC135682436	LOC106870698	LOC110456234	LOC100183401	LOC129975914
OG0006256	LOC121874960	LOC136430295	Srp72	LOC135695807	LOC106874148	LOC110462334	LOC100182362	LOC129988098
OG0006257	LOC121874968	LOC136435584	caly	LOC135692941	LOC106869902	LOC110461258	LOC100177765	LOC129981362
OG0006258	LOC121874969	LOC136432266	Rrp46	LOC135693633	LOC106880623	LOC110447469	LOC100183725	LOC129981266
OG0006259	LOC121874971	LOC136448189	hob	LOC135683697	LOC106869079	LOC110452815	LOC100179534	LOC129965828
OG0006260	LOC121874978	LOC136433893	elm	LOC135686137	LOC106881204	LOC110467226	LOC100178190	LOC129974909
OG0006261	LOC121874979	LOC136430924	eRF1	LOC135695838	LOC106872975	LOC110466482	LOC100175820	LOC129966114
OG0006262	LOC121874980	LOC136443745	Usp5	LOC135688488	LOC106871526	LOC110464538	zf_ubp_-1	LOC129968707
OG0006263	LOC121874997	LOC136430612	IntS3	LOC135687318	LOC106874043	LOC110467041	LOC100176679	LOC129959825
OG0006264	LOC121875016	LOC136425379	emei	LOC135691269	LOC106873477	LOC110452581	LOC100185206	LOC129957412
OG0006266	LOC121875051	LOC136448374	Gar1	LOC135686236	LOC106869349	LOC110450410	LOC100181113	LOC129972828
OG0006267	LOC121875104	LOC136422625	CG33217	LOC135689794	LOC106875411	LOC110463205	LOC100180113	LOC129968138
OG0006268	LOC121875119	LOC136433488	Fancl	LOC135686325	LOC106880838	LOC110442570	LOC100175446	LOC129963682
OG0006269	LOC121875121	LOC136424126	Faf2	LOC135696610	LOC106879715	LOC110450917	LOC100183177	LOC129971612
OG0006270	LOC121875128	LOC136446644	Pex11ab	LOC135693930	LOC106883833	LOC110449272	LOC100180565	LOC129989282
OG0006271	LOC121875136	LOC136429757	snRNP-U1-C	LOC135681059	LOC106877223	LOC110466202	ci-zf_matrin_-4	LOC129972897
OG0006272	LOC121875139	LOC136423031	Cbp20	LOC135684137	LOC106871005	LOC110463204	LOC100181697	LOC129961985
OG0006273	LOC121875143	LOC136443263	CG7289	LOC135696725	LOC106878811	LOC110445465	LOC100177019	LOC129968637
OG0006274	LOC121875145	LOC136438460	Nprl2	LOC135681259	LOC106882059	LOC110462238	LOC100183442	LOC129975724
OG0006276	LOC121875168	LOC136449288	Cdc27	LOC135681763	LOC106884236	LOC110458634	LOC100185729	LOC129965915
OG0006277	LOC121875169	LOC136420409	CG8635	LOC135681567	LOC106869416	LOC110447101	zf_c3h_-2	LOC129961654
OG0006278	LOC121875204	LOC136445020	eIF2D	LOC135694679	LOC106873301	LOC110457897	LOC100178236	LOC129962040
OG0006279	LOC121875208	LOC136428075	blw	LOC135687323	LOC106878498	LOC110454000	ciatpsyna	LOC129969138
OG0006280	LOC121875252	LOC136432683	Megf8	LOC135684561	LOC106877988	LOC110457864	LOC100176201	LOC129971371
OG0006281	LOC121875281	LOC136425065	TfIIA-S	LOC135695281	LOC106873790	LOC110466022	LOC104266385	LOC129969600
OG0006282	LOC121875283	LOC136421668	Prosalpha5	LOC135692640	LOC106867541	LOC110454910	LOC100176195	LOC129963418
OG0006283	LOC121875284	LOC136427465	psidin	LOC135683000	LOC106869073	LOC110453291	LOC100184097	LOC129963081
OG0006284	LOC121875285	LOC136430653	Vps24	LOC135696065	LOC106882507	LOC110457165	LOC100176174	LOC129959070
OG0006285	LOC121875291	LOC136445999	Sgf11	LOC135682004	LOC106877361	LOC110465515	LOC100178640	LOC129964216
OG0006286	LOC121875295	LOC136423642	CG14591	LOC135684383	LOC106874915	LOC110466599	LOC100176212	LOC129958268
OG0006287	LOC121875298	LOC136440786	Pms2	LOC135691426	LOC106867657	LOC110447079	LOC100180400	LOC129976574
OG0006288	LOC121875301	LOC136432500	CG16952	LOC135681411	LOC106877185	LOC110440612	LOC100183802	LOC129959392
OG0006289	LOC121875310	LOC136439399	nbs	LOC135691320	LOC106875187	LOC110463998	LOC100178467	LOC129966012
OG0006290	LOC121875314	LOC136431169	Rpe	LOC135681551	LOC106882351	LOC110441398	LOC100177250	LOC129966831
OG0006292	LOC121875318	LOC136434039	SmD2	LOC135689356	LOC106881112	LOC110449632	LOC100181382	LOC129981542
OG0006293	LOC121875319	LOC136439591	Rint1	LOC135692212	LOC106867402	LOC110449885	LOC100181370	LOC129971153
OG0006294	LOC121875324	LOC136427062	Caf1-180	LOC135687266	LOC106879361	LOC110458302	LOC101242947	LOC129962009
OG0006295	LOC121875326	LOC136434521	und	LOC135692799	LOC106876094	LOC110443341	LOC100177432	LOC129965510
OG0006296	LOC121875338	LOC136433368	angel	LOC135693213	LOC106868579	LOC110446262	LOC100178596	LOC129975233
OG0006297	LOC121875342	LOC136447156	lt	LOC135684858	LOC106883153	LOC110455283	zf_ring_-20	LOC129987944
OG0006298	LOC121875344	LOC136441499	CG13293	LOC135694103	LOC106874603	LOC110451337	LOC100186211	LOC129981380
OG0006299	LOC121875355	LOC136428948	Pde8	LOC135687074	LOC106876564	LOC110451499	LOC100187433	LOC129957213
OG0006300	LOC121875357	LOC136423661	PIG-L	LOC135684956	LOC106871685	LOC110455343	LOC104266429	LOC129972296
OG0006301	LOC121875398	LOC136442318	mRRF1	LOC135683261	LOC106882229	LOC110451652	LOC104266851	LOC129968971
OG0006302	LOC121875412	LOC136422747	Hira	LOC135683336	LOC106882986	LOC110446044	LOC100181966	LOC129966696
OG0006303	LOC121875476	LOC136433559	Asator	LOC135688886	LOC106876343	LOC110447434	LOC100176391	LOC129956480
OG0006304	LOC121875530	LOC136442427	Sec16	LOC135693218	LOC106868398	LOC110447583	LOC108949786	LOC129971262
OG0006306	LOC121875553	LOC136437935	APP-BP1	LOC135696648	LOC106883862	LOC110449909	LOC100185177	LOC129969654
OG0006307	LOC121875607	LOC136427673	Spp	LOC135688881	LOC106880915	LOC110445171	psl3	LOC129972232
OG0006308	LOC121875608	LOC136439856	BHD	LOC135693834	LOC106878955	LOC110453908	LOC100186629	LOC129964079
OG0006309	LOC121875629	LOC136436968	FRG1	LOC135692954	LOC106872044	LOC110466731	LOC100179962	LOC129956589
OG0006310	LOC121875639	LOC136422573	PolA1	LOC135687092	LOC106882693	LOC110462429	LOC100184358	LOC129988231
OG0006311	LOC121875642	LOC136427919	CG13097	LOC135687389	LOC106873785	LOC110445575	LOC100178939	LOC129977119
OG0006312	LOC121875645	LOC136443951	Bap55	LOC135681056	LOC106871757	LOC110452324	LOC100185398	LOC129981099
OG0006313	LOC121875646	LOC136430709	Nup107	LOC135693939	LOC106872989	LOC110466293	LOC100181332	LOC129987950
OG0006315	LOC121875656	LOC136436559	CG15011	LOC135686815	LOC106884187	LOC110447140	zf_nfx1	LOC129959054
OG0006316	LOC121875679	LOC136422538	CG31111	LOC135684904	LOC106868347	LOC110449231	LOC104265998	LOC129972125
OG0006317	LOC121875685	LOC136430573	Golgin104	LOC135696202	LOC106878020	LOC110464693	LOC100175412	LOC129960351
OG0006318	LOC121875700	LOC136448148	mRpS24	LOC135692055	LOC106867661	LOC110447391	LOC100182378	LOC129989249
OG0006319	LOC121875703	LOC136446256	Pdk	LOC135682497	LOC106874800	LOC110456227	LOC100185085	LOC129981184
OG0006320	LOC121875716	LOC136439368	Su_dx	LOC135691147	LOC106883192	LOC110466815	LOC100182617	LOC129962720
OG0006321	LOC121875727	LOC136436765	Rrp45	LOC135686917	LOC106872890	LOC110449527	LOC100176284	LOC129971660
OG0006322	LOC121875736	LOC136422797	Karybeta3	LOC135684768	LOC106877198	LOC110454698	LOC100178062	LOC129959529
OG0006323	LOC121875746	LOC136428917	CG4593	LOC135688917	LOC106875825	LOC110442012	LOC100176778	LOC129969245
OG0006324	LOC121875748	LOC136420801	CG12384	LOC135681734	LOC106870265	LOC110442383	LOC100183633	LOC129959325
OG0006326	LOC121875778	LOC136431160	BNIP3	LOC135696520	LOC106879526	LOC110457227	LOC100182592	LOC129958443
OG0006327	LOC121875792	LOC136435724	Mcm2	LOC135692698	LOC106868147	LOC110462246	LOC100186333	LOC129975852
OG0006328	LOC121875794	LOC136444377	Urod	LOC135694615	LOC106868090	LOC110452530	LOC100182622	LOC129968871
OG0006329	LOC121875807	LOC136432197	CG15602	LOC135684893	LOC106875126	LOC110454665	zf_fyve_-10	LOC129984247
OG0006330	LOC121875823	LOC136427712	Nse1	LOC135689142	LOC106869000	LOC110463536	LOC100179021	LOC129963616
OG0006331	LOC121875826	LOC136430377	CG5498	LOC135696295	LOC106880660	LOC110466409	LOC100185525	LOC129967123
OG0006332	LOC121875829	LOC136441002	Mnat9	LOC135692221	LOC106882876	LOC110467350	LOC100177307	LOC129983969
OG0006333	LOC121875831	LOC136446643	YME1L	LOC135682293	LOC106881149	LOC110456218	LOC100179733	LOC129960682
OG0006334	LOC121875852	LOC136433057	ida	LOC135693951	LOC106881776	LOC110450301	LOC100185104	LOC129969355
OG0006335	LOC121875853	LOC136445528	AspRS	LOC135681912	LOC106875161	LOC110442645	LOC100186203	LOC129976402
OG0006336	LOC121875880	LOC136433405	Trs33	LOC135694214	LOC106875750	LOC110461466	LOC100183093	LOC129965515
OG0006337	LOC121875904	LOC136437973	HemK2	LOC135688144	LOC106872149	LOC110451999	LOC100181953	LOC129981573
OG0006338	LOC121875907	LOC136441714	Snapin	LOC135693262	LOC106870326	LOC110442232	LOC100176356	LOC129972848
OG0006339	LOC121875937	LOC136434558	CG5274	LOC135689832	LOC106879053	LOC110466941	LOC100186283	LOC129968813
OG0006340	LOC121875965	LOC136439026	CG8314	LOC135691007	LOC106878124	LOC110463533	LOC100185534	LOC129963799
OG0006342	LOC121876040	LOC136422698	Wdfy2	LOC135684772	LOC106868453	LOC110461857	zf_fyve_-1	LOC129957216
OG0006343	LOC121876058	LOC136443529	Ssl1	LOC135688053	LOC106875921	LOC110462731	zf_c2h2_-114	LOC129981215
OG0006345	LOC121876061	LOC136442432	CG2991	LOC135694036	LOC106874178	LOC110459352	LOC100176980	LOC129960182
OG0006346	LOC121876062	LOC136433924	PCB	LOC135685119	LOC106876357	LOC110461483	LOC100181512	LOC129957117
OG0006347	LOC121876079	LOC136430777	Kaz	LOC135696410	LOC106874731	LOC110466406	LOC100177105	LOC129988324
OG0006348	LOC121876082	LOC136421743	betaCOP	LOC135696796	LOC106880484	LOC110447064	LOC100175227	LOC129988265
OG0006350	LOC121876086	LOC136433567	L2HGDH	LOC135689814	LOC106870546	LOC110461468	LOC100184325	LOC129980938
OG0006352	LOC121876094	LOC136424488	Khc-73	LOC135689658	LOC106881370	LOC110458105	LOC100176345	LOC129968895
OG0006353	LOC121876144	LOC136432233	Ubr1	LOC135687017	LOC106876698	LOC110445254	LOC100184173	LOC129988947
OG0006354	LOC121876155	LOC136435685	Synj	LOC135681040	LOC106879251	LOC110442910	LOC100177642	LOC129960133
OG0006356	LOC121876188	LOC136427005	Mgtor	LOC135684979	LOC106884301	LOC110456047	LOC100185005	LOC129975146
OG0006357	LOC121876190	LOC136428750	FIG4	LOC135685412	LOC106877055	LOC110447694	LOC100185300	LOC129975849
OG0006358	LOC121876198	LOC136443117	CG14105	LOC135688054	LOC106882274	LOC110442946	LOC100182862	LOC129965589
OG0006359	LOC121876206	LOC136439065	Dus2	LOC135685156	LOC106875714	LOC110443785	LOC100176105	LOC129968488
OG0006360	LOC121876211	LOC136438938	Asciz	LOC135690527	LOC106883165	LOC110457497	LOC100183782	LOC129963302
OG0006361	LOC121876221	LOC136443170	Trp1	LOC135688504	LOC106881460	LOC110460819	LOC100178586	LOC129972633
OG0006362	LOC121876228	LOC136437942	CG10555	LOC135685694	LOC106872765	LOC110450826	LOC100182754	LOC129956987
OG0006363	LOC121876239	LOC136433903	Mcm5	LOC135693761	LOC106867185	LOC110461444	LOC100180633	LOC129975262
OG0006364	LOC121876247	LOC136429817	CG8379	LOC135696417	LOC106876394	LOC110466433	LOC100183951	LOC129958232
OG0006365	LOC121876253	LOC136443495	yps	LOC135688049	LOC106879831	LOC110448255	yb1/2/3	LOC129971264
OG0006367	LOC121876282	LOC136420909	Ca-beta	LOC135681453	LOC106873463	LOC110442884	LOC100184830	LOC129962377
OG0006368	LOC121876285	LOC136435767	CG3309	LOC135692763	LOC106877922	LOC110456725	LOC100181589	LOC129963158
OG0006369	LOC121876300	LOC136437062	Ubc4	LOC135686500	LOC106881535	LOC110445276	LOC100176571	LOC129968869
OG0006370	LOC121876304	LOC136436785	AIF	LOC135684210	LOC106870755	LOC110454837	LOC100178288	LOC129973029
OG0006372	LOC121876349	LOC136423954	Mcm3	LOC135689401	LOC106877107	LOC110464168	LOC108950147	LOC129965820
OG0006374	LOC121876381	LOC136444199	g	LOC135695041	LOC106879847	LOC110456060	LOC100175457	LOC129960193
OG0006375	LOC121876385	LOC136444579	Art4	LOC135694458	LOC106871195	LOC110443659	LOC100182639	LOC129974996
OG0006376	LOC121876388	LOC136447146	sgl	LOC135688556	LOC106872643	LOC110458657	LOC100178373	LOC129989043
OG0006377	LOC121876403	LOC136446208	Rpn3	LOC135682885	LOC106884432	LOC110445077	LOC100181298	LOC129963515
OG0006379	LOC121876442	LOC136434568	Gmppb	LOC135692453	LOC106883859	LOC110449578	LOC100183658	LOC129964029
OG0006380	LOC121876449	LOC136435653	tank	LOC135684479	LOC106881319	LOC110461275	LOC100182820	LOC129972859
OG0006381	LOC121876465	LOC136437321	larp	LOC135686605	LOC106881367	LOC110457424	LOC100185354	LOC129960125
OG0006382	LOC121876467	LOC136427278	MED23	LOC135688786	LOC106880566	LOC110465633	LOC100177856	LOC129968963
OG0006383	LOC121876472	LOC136421149	hzg	LOC135681367	LOC106877370	LOC110446183	LOC100176815	LOC129968470
OG0006385	LOC121876486	LOC136432186	NO66	LOC135691700	LOC106882535	LOC110459592	LOC100179691	LOC129976355
OG0006387	LOC121876524	LOC136423627	CG6066	LOC135684842	LOC106884000	LOC110462432	LOC100183678	LOC129968849
OG0006388	LOC121876585	LOC136445019	Pgm1	LOC135695086	LOC106876411	LOC110445181	LOC100178660	LOC129976146
OG0006389	LOC121876587	LOC136435303	SerRS	LOC135686786	LOC106874763	LOC110457993	LOC100183239	LOC129958374
OG0006390	LOC121876590	LOC136449328	nop5	LOC135681492	LOC106868126	LOC110442969	LOC100183900	LOC129989384
OG0006391	LOC121876592	LOC136445975	CG15701	LOC135682350	LOC106878388	LOC110447980	LOC101243160	LOC129981101
OG0006392	LOC121876602	LOC136442123	Kap3	LOC135693702	LOC106876140	LOC110451690	LOC100179824	LOC129988235
OG0006393	LOC121876605	LOC136439153	PheRS-m	LOC135687022	LOC106880224	LOC110446318	LOC100179100	LOC129962475
OG0006394	LOC121876640	LOC136438931	beg	LOC135690779	LOC106879014	LOC110441927	LOC100178149	LOC129984183
OG0006395	LOC121876643	LOC136428322	Pi3K59F	LOC135687183	LOC106868964	LOC110455003	LOC100182163	LOC129961772
OG0006396	LOC121876648	LOC136441367	Rop	LOC135686038	LOC106874525	LOC110449855	LOC100176725	LOC129963137
OG0006397	LOC121876655	LOC136421274	Rme-8	LOC135681461	LOC106870860	LOC110458712	LOC100180759	LOC129983730
OG0006398	LOC121876661	LOC136431114	nst	LOC135696126	LOC106875741	LOC110460506	LOC100184742	LOC129971554
OG0006399	LOC121876664	LOC136429796	CG32576	LOC135695666	LOC106875604	LOC110459940	LOC100184252	LOC129972803
OG0006400	LOC121876669	LOC136424979	CG14043	LOC135683987	LOC106871311	LOC110466136	LOC100182026	LOC129984608
OG0006401	LOC121876670	LOC136433668	Vps16B	LOC135689645	LOC106881195	LOC110459432	LOC100185024	LOC129960714
OG0006402	LOC121876688	LOC136428706	Usp14	LOC135688922	LOC106879652	LOC110457133	LOC100177289	LOC129971544
OG0006403	LOC121876704	LOC136430475	Cog8	LOC135684218	LOC106869850	LOC110464281	LOC100183319	LOC129960423
OG0006405	LOC121876710	LOC136432145	CG3040	LOC135681782	LOC106883729	LOC110457790	LOC100185021	LOC129967099
OG0006406	LOC121876712	LOC136432894	Ufd4	LOC135692018	LOC106883594	LOC110454650	LOC100186019	LOC129960846
OG0006407	LOC121876731	LOC136439021	kis	LOC135690890	LOC106872482	LOC110462670	LOC100185023	LOC129963189
OG0006408	LOC121876736	LOC136428848	HBS1	LOC135688777	LOC106882204	LOC110459729	LOC100186450	LOC129981763
OG0006409	LOC121876737	LOC136448351	CG2224	LOC135680786	LOC106875332	LOC110451220	LOC100177767	LOC129988679
OG0006410	LOC121876738	LOC136432347	TfIIEalpha	LOC135685819	LOC106883880	LOC110465379	LOC100175005	LOC129985322
OG0006411	LOC121876739	LOC136448371	CG3764	LOC135689626	LOC106874084	LOC110463851	LOC101242748	LOC129963623
OG0006412	LOC121876742	LOC136441559	CG16787	LOC135693968	LOC106871490	LOC110450303	LOC100182736	LOC129988174
OG0006413	LOC121876771	LOC136433264	CG11141	LOC135688401	LOC106873891	LOC110467229	LOC100177602	LOC129975210
OG0006415	LOC121876779	LOC136448341	Papss	LOC135696608	LOC106875650	LOC110441138	asak	LOC129975604
OG0006416	LOC121876784	LOC136445874	trsn	LOC135681914	LOC106869460	LOC110465766	LOC100183012	LOC129966011
OG0006417	LOC121876788	LOC136443140	P5CDh1	LOC135687977	LOC106880181	LOC110440488	LOC100179556	LOC129980585
OG0006418	LOC121876789	LOC136446559	Cox11	LOC135691842	LOC106869477	LOC110447392	LOC100181516	LOC129975967
OG0006420	LOC121876791	LOC136444717	hook	LOC135694513	LOC106871435	LOC110448788	LOC100176517	LOC129958861
OG0006421	LOC121876813	LOC136449163	Lamtor3	LOC135680929	LOC106875484	LOC110449881	LOC113475835	LOC129964918
OG0006422	LOC121876815	LOC136446733	CG4957	LOC135682740	LOC106869964	LOC110461930	LOC100179843	LOC129981984
OG0006424	LOC121876836	LOC136430022	Eaf6	LOC135685161	LOC106879020	LOC110456451	LOC100185254	LOC129984755
OG0006425	LOC121876879	LOC136434430	Tbc1d22	LOC135692470	LOC106878652	LOC110465165	LOC100183852	LOC129966787
OG0006427	LOC121876890	LOC136435570	bonsai	LOC135685843	LOC106869425	LOC110460356	LOC100180232	LOC129972252
OG0006428	LOC121876891	LOC136436524	Unc50	LOC135686674	LOC106872630	LOC110458982	LOC100175882	LOC129965707
OG0006429	LOC121876892	LOC136448594	CG6724	LOC135682268	LOC106882734	LOC110463470	LOC113474056	LOC129981354
OG0006430	LOC121876904	LOC136431415	CG6005	LOC135696005	LOC106867412	LOC110463801	LOC100182121	LOC129966257
OG0006431	LOC121876923	LOC136436851	Gnptab	LOC135692341	LOC106867695	LOC110450047	LOC100175423	LOC129981140
OG0006432	LOC121876929	LOC136438834	Cnep1r2	LOC135691339	LOC106882230	LOC110448172	LOC100178514	LOC129971803
OG0006434	LOC121876940	LOC136443620	Snoo	LOC135688135	LOC106881090	LOC110440516	LOC100175177	LOC129966055
OG0006435	LOC121876992	LOC136447628	CG2656	LOC135693117	LOC106884178	LOC110461380	LOC100180720	LOC129968955
OG0006436	LOC121876994	LOC136439313	CG13784	LOC135691300	LOC106878029	LOC110453605	LOC100176476	LOC129963744
OG0006437	LOC121877002	LOC136434323	mon2	LOC135692383	LOC106883236	LOC110443862	LOC108950893	LOC129960013
OG0006439	LOC121877018	LOC136444014	aPKC	LOC135688290	LOC106871364	LOC110459789	LOC100180863	LOC129968960
OG0006440	LOC121877038	LOC136442795	cpb	LOC135687993	LOC106871873	LOC110459791	capzb	LOC129968486
OG0006442	LOC121877179	LOC136438142	CG12321	LOC135690558	LOC106870864	LOC110453642	LOC100176692	LOC129966512
OG0006443	LOC121877186	LOC136433296	Wdr92	LOC135689876	LOC106879941	LOC110467251	LOC100179696	LOC129957480
OG0006444	LOC121877189	LOC136439417	dup	LOC135691230	LOC106880472	LOC110466849	LOC100184078	LOC129971659
OG0006445	LOC121877190	LOC136442485	Ufd1	LOC135683115	LOC106870498	LOC110463129	LOC100177140	LOC129975230
OG0006446	LOC121877211	LOC136441231	CG16865	LOC135694093	LOC106867364	LOC110441369	LOC100184687	LOC129971632
OG0006447	LOC121877241	LOC136427365	fbp	LOC135687310	LOC106868967	LOC110465549	LOC100184976	LOC129966839
OG0006448	LOC121877244	LOC136432361	Psn	LOC135688955	LOC106879938	LOC110448115	LOC100180547	LOC129976228
OG0006449	LOC121877245	LOC136440468	rig	LOC135686640	LOC106875942	LOC110457206	LOC100177551	LOC129962662
OG0006450	LOC121877247	LOC136446013	Nacalpha	LOC135682830	LOC106884019	LOC110442631	LOC100178016	LOC129983584
OG0006451	LOC121877250	LOC136428054	CG12818	LOC135691217	LOC106878839	LOC110442879	LOC100177873	LOC129984699
OG0006452	LOC121877255	LOC136448362	Usp39	LOC135691268	LOC106880809	LOC110461135	zf_ubp_-4	LOC129954800
OG0006453	LOC121877257	LOC136425627	CG8230	LOC135690369	LOC106877678	LOC110466030	LOC100178029	LOC129958242
OG0006454	LOC121877261	LOC136443603	meigo	LOC135682422	LOC106876680	LOC110448028	LOC100185019	LOC129972559
OG0006455	LOC121877265	LOC136436444	mRpL44	LOC135685254	LOC106871979	LOC110461859	LOC100176475	LOC129965587
OG0006456	LOC121877268	LOC136444221	Ak3	LOC135694762	LOC106874656	LOC110442802	LOC100182043	LOC129960559
OG0006457	LOC121877270	LOC136422774	Vps16A	LOC135682227	LOC106882863	LOC110463599	LOC100186439	LOC129975787
OG0006458	LOC121877299	LOC136444655	fzr	LOC135695062	LOC106869096	LOC110458534	LOC100179951	LOC129981823
OG0006459	LOC121877308	LOC136429810	Top3beta	LOC135695415	LOC106871905	LOC110443000	LOC100179759	LOC129981311
OG0006460	LOC121877315	LOC136432694	Mocs1	LOC135681490	LOC106868074	LOC110466522	LOC100183279	LOC129988601
OG0006461	LOC121877328	LOC136432274	Tbcc	LOC135691857	LOC106880156	LOC110466503	LOC100178006	LOC129957114
OG0006462	LOC121877333	LOC136421492	Aatf	LOC135682414	LOC106867473	LOC110450048	LOC100183752	LOC129960853
OG0006463	LOC121877336	LOC136440058	Arpc1	LOC135691697	LOC106870614	LOC110466942	LOC100182145	LOC129988254
OG0006464	LOC121877351	LOC136422967	CG31229	LOC135683560	LOC106881380	LOC110461343	LOC100180734	LOC129963446
OG0006465	LOC121877395	LOC136447354	IA-2	LOC135682915	LOC106876783	LOC110448041	LOC100187431	LOC129967124
OG0006466	LOC121877398	LOC136439926	CG1532	LOC135683741	LOC106873020	LOC110445827	LOC100176864	LOC129965348
OG0006468	LOC121877435	LOC136448291	MCU	LOC135680978	LOC106867904	LOC110464245	LOC100175007	LOC129962594
OG0006469	LOC121877440	LOC136422980	dtr	LOC135696589	LOC106882542	LOC110445283	LOC100183546	LOC129975349
OG0006470	LOC121877459	LOC136433299	Trs20	LOC135686357	LOC106873675	LOC110454842	LOC113474008	LOC129967120
OG0006471	LOC121877478	LOC136440792	CG41099	LOC135683006	LOC106881632	LOC110460738	zf_fyve_-5	LOC129965769
OG0006473	LOC121877485	LOC136444178	MED31	LOC135683232	LOC106881139	LOC110457151	LOC100177801	LOC129983855
OG0006474	LOC121877529	LOC136447898	wap	LOC135692577	LOC106870976	LOC110459935	LOC100186524	LOC129963773
OG0006475	LOC121877541	LOC136439287	CG1677	LOC135690750	LOC106883042	LOC110454451	LOC100179844	LOC129958872
OG0006476	LOC121877573	LOC136433465	smg	LOC135687960	LOC106877587	LOC110442559	LOC100186496	LOC129971387
OG0006477	LOC121877592	LOC136430899	Atg101	LOC135680771	LOC106874664	LOC110442768	LOC100185215	LOC129972574
OG0006478	LOC121877624	LOC136430824	CG9286	LOC135696032	LOC106872987	LOC110466294	LOC100181185	LOC129987955
OG0006479	LOC121877625	LOC136438809	Kua	LOC135690858	LOC106877806	LOC110464778	LOC100178755	LOC129972297
OG0006480	LOC121877628	LOC136433359	Rab4	LOC135694594	LOC106870962	LOC110466131	LOC100177325	LOC129984073
OG0006481	LOC121877661	LOC136444746	bisc	LOC135695198	LOC106883008	LOC110450299	LOC100176981	LOC129971134
OG0006483	LOC121877706	LOC136433441	pcx	LOC135687458	LOC106881599	LOC110466333	LOC100182855	LOC129988213
OG0006484	LOC121877710	LOC136421617	pasha	LOC135683502	LOC106876173	LOC110452894	LOC100181045	LOC129971462
OG0006485	LOC121877718	LOC136435483	Rpn7	LOC135692546	LOC106877911	LOC110461260	LOC100184510	LOC129964373
OG0006486	LOC121877772	LOC136438881	dpa	LOC135690586	LOC106874208	LOC110441928	LOC100176589	LOC129984778
OG0006487	LOC121877791	LOC136434171	jar	LOC135685727	LOC106870296	LOC110441810	LOC100186550	LOC129959539
OG0006488	LOC121877809	LOC136433796	EMC7	LOC135681781	LOC106881317	LOC110442265	LOC100180785	LOC129957115
OG0006489	LOC121877897	LOC136433737	mRpS10	LOC135687589	LOC106872653	LOC110450999	LOC100175178	LOC129966216
OG0006490	LOC121877898	LOC136430901	hfp	LOC135696547	LOC106882518	LOC110451702	LOC100183320	LOC129968487
OG0006491	LOC121877899	LOC136432294	CoRest	LOC135681540	LOC106879701	LOC110446511	LOC100178415	LOC129975752
OG0006492	LOC121877901	LOC136433678	CG3702	LOC135691811	LOC106874411	LOC110449131	LOC100182688	LOC129960054
OG0006493	LOC121877927	LOC136430114	CG6443	LOC135696439	LOC106882271	LOC110448324	LOC100177899	LOC129963360
OG0006494	LOC121877931	LOC136433757	Coq8	LOC135688657	LOC106879033	LOC110450838	LOC100182332	LOC129966771
OG0006495	LOC121877935	LOC136424716	CG1074	LOC135690103	LOC106877536	LOC110446419	LOC100177819	LOC129971573
OG0006497	LOC121878021	LOC136449297	PolE1	LOC135684368	LOC106884300	LOC110462861	LOC100175840	LOC129989000
OG0006498	LOC121878038	LOC136423468	bys	LOC135695561	LOC106874484	LOC110465808	LOC100182572	LOC129968564
OG0006499	LOC121878042	LOC136423844	CG7747	LOC135693416	LOC106873240	LOC110461657	LOC100175542	LOC129984600
OG0006500	LOC121878044	LOC136430334	CG11007	LOC135696791	LOC106881456	LOC110459875	LOC100179387	LOC129961628
OG0006501	LOC121878046	LOC136424765	CG11050	LOC135689990	LOC106867346	LOC110452158	LOC100179541	LOC129975675
OG0006502	LOC121878047	LOC136439371	RpL14	LOC135690629	LOC106869355	LOC110453610	LOC100183779	LOC129985105
OG0006504	LOC121878068	LOC136439887	Alg1	LOC135691701	LOC106882808	LOC110455665	LOC100177331	LOC129965584
OG0006505	LOC121878070	LOC136426595	Idh3a	LOC135687355	LOC106875666	LOC110453736	LOC100177499	LOC129989056
OG0006507	LOC121878078	LOC136439063	CG10347	LOC135690502	LOC106880979	LOC110452599	LOC100179639	LOC129985292
OG0006508	LOC121878137	LOC136436854	Nup62	LOC135693521	LOC106867475	LOC110452775	LOC100182610	LOC129975656
OG0006509	LOC121878144	LOC136424100	Snx17	LOC135689420	LOC106867188	LOC110448760	LOC100177730	LOC129976034
OG0006510	LOC121878148	LOC136433386	Dhc64C	LOC135694747	LOC106883942	LOC110454634	LOC100176169	LOC129965635
OG0006511	LOC121878164	LOC136447850	RpL37A	LOC135682635	LOC106881347	LOC110465538	LOC100177458	LOC129981039
OG0006513	LOC121878199	LOC136438206	grsm	LOC135690863	LOC106872918	LOC110466786	LOC100183061	LOC129983842
OG0006514	LOC121878205	LOC136448295	CG9515	LOC135686449	LOC106877458	LOC110442261	LOC100186236	LOC129959543
OG0006515	LOC121878212	LOC136434368	noi	LOC135691994	LOC106868824	LOC110455451	LOC100184779	LOC129976318
OG0006516	LOC121878227	LOC136439978	Phf5a	LOC135691916	LOC106873513	LOC110465610	LOC100178613	LOC129959667
OG0006517	LOC121878267	LOC136424144	Ak2	LOC135689973	LOC106883940	LOC110448761	LOC100181027	LOC129976236
OG0006518	LOC121878272	LOC136439646	CG17683	LOC135688091	LOC106877694	LOC110453943	LOC100180065	LOC129984106
OG0006519	LOC121878299	LOC136432468	CCT4	LOC135693949	LOC106872493	LOC110462809	LOC100176488	LOC129961727
OG0006520	LOC121878300	LOC136433297	CG4968	LOC135690218	LOC106881010	LOC110446495	LOC100179480	LOC129984089
OG0006521	LOC121878303	LOC136423657	Dp	LOC135684730	LOC106869132	LOC110463440	dp-1	LOC129965766
OG0006523	LOC121878318	LOC136431284	NAT1	LOC135695538	LOC106878701	LOC110448930	LOC100180257	LOC129975116
OG0006524	LOC121878320	LOC136436746	CG2063	LOC135694644	LOC106882689	LOC110450237	LOC100184452	LOC129976520
OG0006525	LOC121878321	LOC136444130	Rpn1	LOC135680810	LOC106877936	LOC110445475	LOC100181495	LOC129983713
OG0006526	LOC121878332	LOC136445918	CCT5	LOC135682185	LOC106883023	LOC110463550	LOC100181478	LOC129988839
OG0006527	LOC121878333	LOC136441005	Marf1	LOC135691831	LOC106873218	LOC110449950	LOC100183300	LOC129988124
OG0006529	LOC121878344	LOC136430058	Ctr9	LOC135695418	LOC106877440	LOC110460437	LOC100175816	LOC129984561
OG0006530	LOC121878346	LOC136440408	Pka-R1	LOC135691982	LOC106881659	LOC110445999	LOC100179599	LOC129987849
OG0006531	LOC121878347	LOC136426057	Txl	LOC135690386	LOC106875121	LOC110462602	LOC100185511	LOC129980782
OG0006533	LOC121878363	LOC136448124	Phb1	LOC135681113	LOC106875850	LOC110461621	LOC100185159	LOC129968907
OG0006534	LOC121878396	LOC136439329	CG11123	LOC135691299	LOC106878162	LOC110443798	LOC100184690	LOC129964183
OG0006535	LOC121878402	LOC136435457	CG33331	LOC135686890	LOC106881807	LOC110462802	LOC100186078	LOC129972868
OG0006536	LOC121878413	LOC136435190	CG32022	LOC135685434	LOC106875450	LOC110454182	LOC100175393	LOC129963588
OG0006537	LOC121878415	LOC136439950	Tif-IA	LOC135693137	LOC106882567	LOC110463852	LOC100182246	LOC129967038
OG0006538	LOC121878428	LOC136443519	Ctu1	LOC135685734	LOC106871199	LOC110447700	LOC100183519	LOC129965876
OG0006539	LOC121878429	LOC136430424	Nagk	LOC135694687	LOC106868603	LOC110451768	LOC100183285	LOC129966670
OG0006540	LOC121878431	LOC136435775	RpL36	LOC135687427	LOC106880061	LOC110467038	LOC100180699	LOC129972539
OG0006541	LOC121878445	LOC136424237	Prp8	LOC135684021	LOC106883575	LOC110452717	LOC100185829	LOC129974001
OG0006542	LOC121878446	LOC136428874	Gk1	LOC135690659	LOC106873255	LOC110455153	LOC100175244	LOC129960421
OG0006543	LOC121878447	LOC136433829	CG17187	LOC135688790	LOC106874876	LOC110466351	LOC100183726	LOC129972818
OG0006544	LOC121878451	LOC136433684	mRpL11	LOC135692661	LOC106878837	LOC110467228	LOC100187432	LOC129975937
OG0006545	LOC121878457	LOC136422594	CG8060	LOC135685287	LOC106879132	LOC110455450	LOC100184670	LOC129984343
OG0006546	LOC121878462	LOC136443380	Pex2	LOC135688602	LOC106871847	LOC110455281	LOC100181926	LOC129969080
OG0006547	LOC121878473	LOC136429028	alien	LOC135687124	LOC106872704	LOC110453731	LOC100177051	LOC129961604
OG0006548	LOC121878475	LOC136443395	mRpS23	LOC135685660	LOC106879813	LOC110465432	LOC100180533	LOC129984146
OG0006549	LOC121878528	LOC136448342	alpha-PheRS	LOC135694877	LOC106873038	LOC110442841	zf_cchc_-15	LOC129989175
OG0006550	LOC121878538	LOC136447956	Cdk12	LOC135682642	LOC106872449	LOC110465128	LOC100177537	LOC129988105
OG0006551	LOC121878547	LOC136437843	ND-B22	LOC135691317	LOC106880952	LOC110451115	LOC100184111	LOC129988037
OG0006552	LOC121878549	LOC136428299	Impbeta11	LOC135687371	LOC106884472	LOC110445666	LOC100187200	LOC129971417
OG0006553	LOC121878576	LOC136432511	AlkB	LOC135682212	LOC106873474	LOC110450493	LOC100186336	LOC129988432
OG0006554	LOC121878578	LOC136444416	CG9117	LOC135686095	LOC106876687	LOC110462474	LOC100178012	LOC129971378
OG0006555	LOC121878583	LOC136446697	CG9004	LOC135682725	LOC106878258	LOC110464367	LOC100176850	LOC129981930
OG0006556	LOC121878597	LOC136433193	Mat1	LOC135685507	LOC106873812	LOC110466063	zf_ring_-55	LOC129959684
OG0006558	LOC121878680	LOC136432338	CG31156	LOC135687381	LOC106868843	LOC110466544	LOC104265394	LOC129976459
OG0006559	LOC121878690	LOC136429644	CG8204	LOC135683397	LOC106868374	LOC110464059	LOC100184685	LOC129969427
OG0006560	LOC121878735	LOC136434043	Sesn	LOC135685297	LOC106869376	LOC110449805	LOC100183928	LOC129958842
OG0006561	LOC121878745	LOC136439366	CIAPIN1	LOC135691047	LOC106876880	LOC110453629	LOC100178813	LOC129972719
OG0006562	LOC121878784	LOC136429955	Sec63	LOC135685106	LOC106868117	LOC110447061	LOC100179323	LOC129988195
OG0006563	LOC121878793	LOC136439669	PolD2	LOC135691684	LOC106873857	LOC110455705	LOC100180983	LOC129962109
OG0006564	LOC121878832	LOC136435631	MED20	LOC135690012	LOC106883613	LOC110466276	LOC100180457	LOC129966640
OG0006565	LOC121878848	LOC136430586	CG7218	LOC135695836	LOC106884230	LOC110448750	LOC100182298	LOC129966798
OG0006566	LOC121878857	LOC136433306	CG2747	LOC135684135	LOC106876982	LOC110442025	LOC100180043	LOC129960470
OG0006568	LOC121878874	LOC136430608	mRpS26	LOC135696346	LOC106882426	LOC110449636	LOC100182539	LOC129984245
OG0006569	LOC121878875	LOC136434728	snz	LOC135686187	LOC106871910	LOC110454051	LOC100177186	LOC129971677
OG0006570	LOC121878877	LOC136439602	KdelR	LOC135692081	LOC106879761	LOC110464235	erd2	LOC129969473
OG0006571	LOC121878879	LOC136440398	Es2	LOC135684027	LOC106878840	LOC110463826	LOC100186946	LOC129957619
OG0006572	LOC121878881	LOC136436609	CG12795	LOC135686610	LOC106879534	LOC110461840	LOC100182904	LOC129961905
OG0006574	LOC121878936	LOC136421853	CCDC53	LOC135684798	LOC106869381	LOC110454267	LOC100181722	LOC129963961
OG0006575	LOC121878940	LOC136435350	CG9886	LOC135694711	LOC106883876	LOC110462256	LOC100183164	LOC129965372
OG0006576	LOC121878942	LOC136427906	PIG-O	LOC135687808	LOC106877410	LOC110465586	LOC100182379	LOC129987521
OG0006579	LOC121878998	LOC136442401	CkIIbeta	LOC135693350	LOC106871969	LOC110451331	ck2b	LOC129963291
OG0006580	LOC121878999	LOC136423597	SelT	LOC135684500	LOC106872954	LOC110462216	LOC100181742	LOC129963730
OG0006582	LOC121879018	LOC136433026	rec	LOC135691167	LOC106876704	LOC110466746	LOC100179960	LOC129960056
OG0006583	LOC121879022	LOC136444522	eIF2Bbeta	LOC135689140	LOC106868639	LOC110463276	LOC100187159	LOC129965938
OG0006585	LOC121879112	LOC136442699	CG5555	LOC135683814	LOC106868570	LOC110457726	zf_ubp/ring_-1	LOC129971631
OG0006586	LOC121879123	LOC136423186	icln	LOC135684352	LOC106867579	LOC110466705	LOC100180421	LOC129966817
OG0006588	LOC121879133	LOC136434547	HUWE1	LOC135692872	LOC106871200	LOC110442109	LOC100179586	LOC129961102
OG0006590	LOC121879197	LOC136433556	CG14210	LOC135683016	LOC106878208	LOC110457828	LOC100184554	LOC129987811
OG0006591	LOC121879198	LOC136434868	eEFSec	LOC135683686	LOC106879759	LOC110446075	LOC100186261	LOC129976564
OG0006592	LOC121879206	LOC136440447	DCTN5-p25	LOC135691676	LOC106867899	LOC110459511	LOC100181156	LOC129968162
OG0006593	LOC121879207	LOC136436204	CG31223	LOC135685139	LOC106874760	LOC110463747	LOC101242714	LOC129972681
OG0006594	LOC121879243	LOC136427758	Arfrp1	LOC135689216	LOC106871606	LOC110445169	LOC100184292	LOC129963366
OG0006595	LOC121879246	LOC136423862	conu	LOC135689694	LOC106884256	LOC110454509	LOC100176220	LOC129975246
OG0006596	LOC121879263	LOC136445991	CG11679	LOC135683548	LOC106882541	LOC110460928	LOC100176852	LOC129963582
OG0006597	LOC121879292	LOC136428636	CG31460	LOC135687091	LOC106882582	LOC110455999	LOC100178814	LOC129966128
OG0006598	LOC121879334	LOC136441535	l_1_G0196	LOC135691054	LOC106875122	LOC110441581	LOC100182708	LOC129981809
OG0006599	LOC121879367	LOC136445220	Rad23	LOC135694563	LOC106872556	LOC110442819	LOC100179594	LOC129976049
OG0006600	LOC121879381	LOC136441658	GAPsec	LOC135694108	LOC106875833	LOC110458193	LOC100180156	LOC129975764
OG0006601	LOC121879384	LOC136423900	Vps52	LOC135687552	LOC106884414	LOC110454884	LOC100176467	LOC129984439
OG0006602	LOC121879385	LOC136441018	mora	LOC135685136	LOC106870515	LOC110459033	LOC100180792	LOC129957505
OG0006603	LOC121879393	LOC136443305	Ssu72	LOC135688465	LOC106877625	LOC110440495	LOC100187321	LOC129981148
OG0006604	LOC121879397	LOC136430398	CG1983	LOC135696144	LOC106873174	LOC110449634	LOC100179329	LOC129958220
OG0006605	LOC121879401	LOC136439834	koi	LOC135692244	LOC106882136	LOC110450214	LOC100180280	LOC129971435
OG0006608	LOC121879502	LOC136424821	mRNA-cap	LOC135689357	LOC106879186	LOC110442300	LOC100175699	LOC129966661
OG0006609	LOC121879566	LOC136440859	Smurf	LOC135691534	LOC106869353	LOC110456745	LOC100175038	LOC129974980
OG0006611	LOC121879574	LOC136428482	Polr3G	LOC135687054	LOC106883453	LOC110462578	LOC100181260	LOC129988770
OG0006612	LOC121879580	LOC136432742	how	LOC135685539	LOC106884116	LOC110465690	LOC100181202	LOC129981009
OG0006613	LOC121879584	LOC136439771	mbo	LOC135683268	LOC106876354	LOC110464055	LOC100185467	LOC129976611
OG0006614	LOC121879586	LOC136432585	FBXO11	LOC135681289	LOC106870484	LOC110445265	zf_ubr_-2	LOC129983596
OG0006615	LOC121879589	LOC136430682	Rpi	LOC135696167	LOC106878906	LOC110463749	LOC100185905	LOC129966982
OG0006616	LOC121879659	LOC136439496	pelo	LOC135683312	LOC106868680	LOC110461701	LOC104265927	LOC129966962
OG0006617	LOC121879666	LOC136436604	crp	LOC135686264	LOC106867893	LOC110454817	ap4	LOC129959629
OG0006618	LOC121879670	LOC136439345	sl	LOC135691366	LOC106874041	LOC110450840	LOC100178711	LOC129960925
OG0006619	LOC121879672	LOC136448926	gcl	LOC135696380	LOC106883468	LOC110458079	LOC100183350	LOC129980590
OG0006620	LOC121879674	LOC136444240	CG9109	LOC135683392	LOC106881160	LOC110461912	LOC104266456	LOC129975740
OG0006621	LOC121879701	LOC136444241	CG5543	LOC135688028	LOC106875119	LOC110458500	LOC100184824	LOC129956731
OG0006622	LOC121879711	LOC136428013	CG17652	LOC135696053	LOC106876984	LOC110449161	LOC100180912	LOC129967818
OG0006623	LOC121879712	LOC136427664	mRpL13	LOC135696747	LOC106882680	LOC110456642	LOC100187383	LOC129969182
OG0006624	LOC121879714	LOC136425380	Srp19	LOC135695105	LOC106876435	LOC110446573	LOC100177434	LOC129961644
OG0006626	LOC121879728	LOC136440179	Top3alpha	LOC135691551	LOC106881787	LOC110464690	zf_cchc/grf_-1	LOC129988318
OG0006628	LOC121879762	LOC136445899	Lnpk	LOC135682010	LOC106874860	LOC110460341	LOC100180661	LOC129981610
OG0006630	LOC121879769	LOC136439655	unk	LOC135692256	LOC106881788	LOC110446023	zf_c3h_-17	LOC129987971
OG0006631	LOC121879770	LOC136433389	me31B	LOC135684529	LOC106869676	LOC110453555	LOC100182805	LOC129963115
OG0006632	LOC121879789	LOC136448059	mRpL43	LOC135696424	LOC106875390	LOC110451767	LOC104265492	LOC129967152
OG0006633	LOC121879790	LOC136437389	pix	LOC135686484	LOC106872753	LOC110457634	LOC100184673	LOC129989099
OG0006634	LOC121879831	LOC136433959	crn	LOC135681738	LOC106872978	LOC110450468	LOC100181928	LOC129984951
OG0006636	LOC121879888	LOC136443284	BCAS2	LOC135687965	LOC106878732	LOC110463988	LOC100182504	LOC129984195
OG0006637	LOC121879898	LOC136435819	adp	LOC135685177	LOC106872741	LOC110448815	LOC100181066	LOC129958181
OG0006638	LOC121879904	LOC136433410	CG6729	LOC135688450	LOC106881451	LOC110445871	LOC100182254	LOC129981732
OG0006639	LOC121879907	LOC136439427	Snrk	LOC135690721	LOC106867442	LOC110461918	LOC100178830	LOC129957527
OG0006641	LOC121879911	LOC136444527	spt4	LOC135683693	LOC106869069	LOC110446028	spt4	LOC129971622
OG0006642	LOC121879915	LOC136436344	CG11403	LOC135685983	LOC106880298	LOC110457083	LOC100182704	LOC129988177
OG0006643	LOC121879917	LOC136448115	Tim23	LOC135689410	LOC106868705	LOC110448891	LOC100187325	LOC129962749
OG0006644	LOC121879918	LOC136423768	Rpt5	LOC135696612	LOC106882053	LOC110442156	LOC100181458	LOC129961688
OG0006645	LOC121879923	LOC136444889	Dus4	LOC135692402	LOC106880305	LOC110461696	LOC100186307	LOC129959971
OG0006646	LOC121879951	LOC136433523	Tbcb	LOC135684577	LOC106873674	LOC110456694	LOC100183278	LOC129971653
OG0006647	LOC121879955	LOC136436834	Dus3	LOC135682449	LOC106882047	LOC110452916	zf_c3h_-5	LOC129989484
OG0006648	LOC121879957	LOC136433456	Prp39	LOC135688636	LOC106883738	LOC110450435	LOC100179276	LOC129983833
OG0006649	LOC121879964	LOC136444083	IntS11	LOC135688149	LOC106883976	LOC110448257	LOC100186018	LOC129963146
OG0006650	LOC121879968	LOC136443866	Marf	LOC135688612	LOC106881618	LOC110450460	LOC100186475	LOC129981296
OG0006651	LOC121879974	LOC136447361	CG3703	LOC135696580	LOC106876861	LOC110448933	LOC100185106	LOC129963878
OG0006652	LOC121879975	LOC136439376	CG3225	LOC135690562	LOC106867644	LOC110453621	LOC100182369	LOC129963205
OG0006653	LOC121879976	LOC136437995	PDCD-5	LOC135690602	LOC106879103	LOC110466752	LOC100184285	LOC129988089
OG0006654	LOC121879986	LOC136428944	Mvd	LOC135681899	LOC106870866	LOC110466871	LOC100178513	LOC129961590
OG0006655	LOC121880004	LOC136424046	CG32344	LOC135690014	LOC106879238	LOC110442302	LOC100175891	LOC129965896
OG0006656	LOC121880027	LOC136449301	ldbr	LOC135696161	LOC106875940	LOC110453481	LOC100179161	LOC129977223
OG0006657	LOC121880028	LOC136428096	Aldh7A1	LOC135687624	LOC106871909	LOC110455019	LOC100184485	LOC129966856
OG0006658	LOC121880049	LOC136432900	Zip102B	LOC135690036	LOC106877157	LOC110454918	LOC100182194	LOC129966551
OG0006659	LOC121880050	LOC136441848	Rab14	LOC135693506	LOC106867355	LOC110464888	LOC100176126	LOC129965642
OG0006660	LOC121880058	LOC136433246	sip3	LOC135693576	LOC106883391	LOC110457024	LOC100182895	LOC129965772
OG0006661	LOC121880154	LOC136438614	CycE	LOC135691006	LOC106874854	LOC110443792	LOC100185796	LOC129971616
OG0006662	LOC121880161	LOC136440132	CG4615	LOC135691815	LOC106868482	LOC110446550	LOC100181085	LOC129988512
OG0006663	LOC121880162	LOC136435776	Taf2	LOC135683129	LOC106873886	LOC110442836	LOC100186812	LOC129966744
OG0006664	LOC121880163	LOC136448177	bug	LOC135689714	LOC106883404	LOC110453688	LOC100175288	LOC129972661
OG0006665	LOC121880173	LOC136447443	lsn	LOC135682284	LOC106873120	LOC110463171	LOC100176704	LOC129971640
OG0006666	LOC121880174	LOC136445514	Non1	LOC135682317	LOC106869358	LOC110462887	LOC100175695	LOC129963225
OG0006667	LOC121880280	LOC136433330	Alg7	LOC135684807	LOC106872152	LOC110465688	LOC100185972	LOC129968810
OG0006668	LOC121880338	LOC136448370	Prp5	LOC135687313	LOC106869362	LOC110450409	LOC100178584	LOC129968479
OG0006669	LOC121880348	LOC136428965	CG15432	LOC135694597	LOC106872823	LOC110463310	LOC100185502	LOC129964218
OG0006670	LOC121880360	LOC136420831	CG8939	LOC135683835	LOC106871475	LOC110457716	LOC100179391	LOC129965671
OG0006671	LOC121880374	LOC136435159	Rab39	LOC135685634	LOC106872135	LOC110450174	LOC100177885	LOC129960951
OG0006672	LOC121880391	LOC136429975	Cpsf6	LOC135695470	LOC106876145	LOC110440991	LOC100178271	LOC129956451
OG0006673	LOC121880394	LOC136448276	Cap-G	LOC135696452	LOC106868660	LOC110465022	LOC100176733	LOC129961993
OG0006674	LOC121880416	LOC136433257	CG5521	LOC135694167	LOC106883134	LOC110449179	LOC100182811	LOC129956915
OG0006809	LOC121860829	LOC136436321	Pcf11	LOC135686557	LOC106872667		LOC100176007	LOC129954919
OG0006820	LOC121854240	LOC136422553		LOC135684195	LOC106884105	LOC110446081	LOC100175745	LOC129969702
OG0006825	LOC121862106	LOC136444365	SP2353	LOC135694991	LOC106875003	LOC110460454		LOC129961010
OG0006828	LOC121861363	LOC136433071	CG6495		LOC106881458	LOC110467083	LOC100182584	LOC129968587
OG0006831	LOC121868858	LOC136431418		LOC135692847	LOC106871250	LOC110465160	LOC100186777	LOC129960962
OG0006833	LOC121876220	LOC136434785	Hr78		LOC106869571	LOC110461676	tr2/4	LOC129959979
OG0006835		LOC136423217	kl-2	LOC135684429	LOC106877328	LOC110454724	LOC101242248	LOC129962948
OG0006836	LOC121855072	LOC136420881	Dhc36C	LOC135681388	LOC106883981	LOC110442426		LOC129983797
OG0006839	LOC121854222	LOC136437032	ft	LOC135685964	LOC106882952	LOC110449684		LOC129958215
OG0006840	LOC121878689	LOC136435613		LOC135692943	LOC106879770	LOC110448834	LOC108949499	LOC129963152
OG0006841	LOC121857639		Eip63E	LOC135681246	LOC106877593	LOC110460375	LOC100179889	LOC129983687
OG0006842	LOC121865739	LOC136446490	Cdk2	LOC135682439	LOC106876684	LOC110446820		LOC129965856
OG0006843	LOC121871036	LOC136431473	CG18599	LOC135694473		LOC110453274	LOC778836	LOC129957142
OG0006844	LOC121853493	LOC136435484	erm	LOC135692720	LOC106883288	LOC110443435		LOC129966607
OG0006845	LOC121863226	LOC136447344		LOC135682842	LOC106879296	LOC110465027	LOC100179582	LOC129969664
OG0006849	LOC121860786	LOC136434610	Klf15	LOC135692830	LOC106870189	LOC110458002		LOC129981159
OG0006850	LOC121866448	LOC136441464		LOC135694081	LOC106881926	LOC110449860	LOC100179672	LOC129984072
OG0006852	LOC121878191	LOC136436533		LOC135686370	LOC106868853	LOC110447153	LOC100180743	LOC129958260
OG0006854	LOC121871810	LOC136430202	Dph4	LOC135683855	LOC106874423		LOC113474732	LOC129963062
OG0006855	LOC121875786		mrj	LOC135682756	LOC106872451	LOC110459365	LOC100175344	LOC129968846
OG0006856	LOC121872706	LOC136439017	mdy	LOC135691243	LOC106869194	LOC110442476		LOC129963308
OG0006858	LOC121853716	LOC136428082	Frmd5	LOC135687608	LOC128246976	LOC110445675		LOC129976273
OG0006860	LOC121860592	LOC136428740	Rab10	LOC135688923		LOC110457008	LOC100185758	LOC129962584
OG0006864	LOC121880034	LOC136443217		LOC135688121	LOC106884387	LOC110442955	LOC100182758	LOC129966985
OG0006868	LOC121871881	LOC136437063	Ac13E	LOC135686651	LOC106877642	LOC110461839	LOC100176999	
OG0006869	LOC121880076	LOC136444495		LOC135693927	LOC106869432	LOC110454540	LOC100179554	LOC129963245
OG0006875	LOC121856178	LOC136441755	spdi		LOC106882469	LOC110445219	LOC100178553	LOC129968744
OG0006876	LOC121872732	LOC136433333	Ehbp1	LOC135693812		LOC110450431	LOC100185074	LOC129958631
OG0006880	LOC121855978	LOC136432747		LOC135688512	LOC106878232	LOC110451020	LOC100177439	LOC129972743
OG0006881		LOC136432537	CG34164	LOC135693909	LOC106881680	LOC110447036	LOC101242640	LOC129975464
OG0006885	LOC121872062	LOC136433983	puc	LOC135681482	LOC106867724	LOC110446832		LOC129968909
OG0006891	LOC121853610	LOC136432277	Six4	LOC135681267	LOC106876548	LOC110445257		LOC129981248
OG0006892	LOC121859250	LOC136420688		LOC135681337	LOC106869941	LOC110450761	LOC100182193	LOC129967138
OG0006896	LOC121864483	LOC136448320	Herc4	LOC135689965	LOC106869128	LOC110464681	LOC100175761	
OG0006897	LOC121865227	LOC136426464		LOC135683565	LOC106874645	LOC110458544	LOC100186229	LOC129969486
OG0006898	LOC121862902	LOC136423817		LOC135689632	LOC106884251	LOC110458025	LOC100187447	LOC129975133
OG0006899	LOC121859820	LOC136447355	Septin4	LOC135683904	LOC106880702	LOC110447016		LOC129966700
OG0006900	LOC121876019	LOC136424745		LOC135689788	LOC106884290	LOC110445884	LOC100181386	LOC129960669
OG0006901	LOC121880419	LOC136433346	CG34124	LOC135684767	LOC106873590	LOC110462556	LOC100178315	
OG0006902	LOC121854254	LOC136420536	sax	LOC135681316	LOC106874712	LOC110450755		LOC129968535
OG0006903		LOC136431442	CG6565	LOC135696275	LOC106883372	LOC110462326	LOC100184527	LOC129976538
OG0006904	LOC121867196	LOC136442265	Myo61F	LOC135682231	LOC106882562		LOC100176258	LOC129963131
OG0006906	LOC121876157	LOC136444477	Lrrk	LOC135685789	LOC106878164	LOC110453917		LOC129974931
OG0006907	LOC121857392	LOC136432220	Sik2	LOC135684729	LOC106872502	LOC110462818	LOC100184385	
OG0006908	LOC121879055	LOC136434483	Prx4	LOC135685330	LOC106879358	LOC110451532		LOC129954998
OG0006909	LOC121869737	LOC136434707	CG7215	LOC135681087	LOC106875991	LOC110459537		LOC129965491
OG0006910	LOC121857979	LOC136448494	Nedd8	LOC135690685	LOC106872151	LOC110448328		LOC129959078
OG0006911	LOC121862156	LOC136440553	CG6195	LOC135691658	LOC106879628		LOC100179994	LOC129966103
OG0006912	LOC121880311	LOC136423564	Rexo5	LOC135692165	LOC106873977	LOC110466949		LOC129989474
OG0006913	LOC121871690	LOC136439835		LOC135691967	LOC106882138	LOC110453792	LOC100177038	LOC129971437
OG0006914	LOC121878997	LOC136433951		LOC135690590	LOC106873467	LOC110462060	LOC100184442	LOC129981713
OG0006916	LOC121862913	LOC136421752	Ras64B	LOC135695930	LOC106868943	LOC110447063		LOC129960069
OG0006917	LOC121878849		rl	LOC135683997	LOC106881135	LOC110461316	erk1/2	LOC129981051
OG0006918	LOC121864988	LOC136435320		LOC135692671	LOC106883094	LOC110462176	LOC100185732	LOC129980497
OG0006920	LOC121868601	LOC136428286		LOC135689799	LOC106883149	LOC110451754	LOC100184551	LOC129963576
OG0006921	LOC121868756	LOC136428644	neb	LOC135693960	LOC106878933	LOC110441617	LOC100178705	
OG0006926	LOC121854776	LOC136446866	Sumo	LOC135682701	LOC106879481	LOC110465533		LOC129966894
OG0006927		LOC136441273	CG1142	LOC135691844	LOC106873449	LOC110450298	LOC100186369	LOC129981908
OG0006932	LOC121874080	LOC136431116	Kcmf1	LOC135696445	LOC106878736	LOC110466442		LOC129984009
OG0006933	LOC121855914	LOC136446495		LOC135682793	LOC106878397	LOC110456216	LOC100180479	LOC129969354
OG0006935	LOC121876490	LOC136431260		LOC135696280	LOC106878481	LOC110463570	LOC100185390	LOC129971475
OG0006936	LOC121865257	LOC136439699	Tob	LOC135691726	LOC106880604	LOC110447394		LOC129967006
OG0006937		LOC136448444	CG31126	LOC135689726	LOC106880095	LOC110458078	LOC100183436	LOC129972228
OG0006940	LOC121855399	LOC136446811		LOC135683307	LOC106871478	LOC110458579	LOC100181276	LOC129956386
OG0006941	LOC121872024	LOC136422398	CG8677	LOC135684223	LOC106877384	LOC110465334		LOC129968189
OG0006942	LOC121865682	LOC136428510		LOC135687048	LOC106874431	LOC110445626	LOC100178230	LOC129969034
OG0006946	LOC121870731	LOC136432855	Arp10	LOC135693368	LOC106882940		LOC100177295	LOC129972756
OG0006947	LOC121870337	LOC136449251		LOC135687961	LOC106882425	LOC110459310	LOC100179573	LOC129959995
OG0006949	LOC121877412	LOC136435368	PSMG1	LOC135685113	LOC128247642	LOC110454301		LOC129988731
OG0006950	LOC121868593		Pka-C3	LOC135684133	LOC106882854	LOC110454697	LOC100175976	LOC129964684
OG0006951	LOC121853656	LOC136439296		LOC135690751	LOC106873827	LOC110450793	LOC100175046	LOC129966597
OG0006953	LOC121854591	LOC136423782	eEF1delta	LOC135689781	LOC106867187	LOC110451659		LOC129960386
OG0006954	LOC121856159	LOC136425336		LOC135692305	LOC106867621	LOC110464760	LOC104265915	LOC129981826
OG0006955	LOC121856937	LOC136436294	Rab9	LOC135686509	LOC106881415	LOC110454105	LOC100178332	
OG0006958	LOC121878236	LOC136433428	Pen	LOC135685630	LOC106868224	LOC110455081		LOC129976030
OG0006959	LOC121858437	LOC136440743		LOC135692109	LOC106871882	LOC110448564	LOC100177483	LOC129975809
OG0006960	LOC121865604	LOC136424226		LOC135696133	LOC106884287	LOC110446981	LOC100182611	LOC129985190
OG0006961		LOC136432812	RpS27A	LOC135683850	LOC106881216	LOC110450422	r27a	LOC129984465
OG0006962	LOC121860757	LOC136434342		LOC135692673	LOC106883248	LOC110448824	LOC100177704	LOC129963221
OG0006964	LOC121861201	LOC136447856	Mer	LOC135683585	LOC106882829	LOC110463829		LOC129959521
OG0006965	LOC121862927		TfIIA-L	LOC135687628	LOC106870844	LOC110446835	LOC100179515	LOC129969593
OG0006966	LOC121862859	LOC136425760		LOC135689552	LOC106873973	LOC110443503	LOC101241978	LOC129956899
OG0006968	LOC121878392	LOC136439849	Dgkepsilon	LOC135691764	LOC106870969	LOC110461131		LOC129976313
OG0006970	LOC121879423	LOC136435370		LOC135692701	LOC106872362	LOC110448849	LOC494394	LOC129963381
OG0006971	LOC121877895	LOC136444118	Ube4B	LOC135688422	LOC106881028	LOC110460754	LOC100176662	
OG0006972	LOC121874082	LOC136431120	Dhpr	LOC135696315	LOC106878740		LOC100175137	LOC129976195
OG0006973	LOC121872937	LOC136427432	Syx13	LOC135688850	LOC106876146	LOC110453705		LOC129967170
OG0006974	LOC121874211	LOC136431504	Sfxn2	LOC135696064	LOC106868689	LOC110458200	LOC100184963	
OG0006977	LOC121863525	LOC136427324	CG42327	LOC135683402	LOC106871625	LOC110447946		LOC129961745
OG0006978	LOC121855629	LOC136445625	l_3_L1231	LOC135682007	LOC106882300	LOC110452705		LOC129977422
OG0006979	LOC121857375	LOC136432263	Setx	LOC135694554	LOC106882716	LOC110455111		LOC129972226
OG0006980	LOC121857792	LOC136435102	spg	LOC135686945	LOC106870442	LOC110460550		LOC129988117
OG0006981	LOC121879766	LOC136432562	CG6766	LOC135681544	LOC106871104	LOC110441623	LOC100179827	
OG0006983	LOC121868796	LOC136444388	CG5742	LOC135694351		LOC110451017	LOC100176931	LOC129972487
OG0006985	LOC121859484	LOC136447249	Mettl5	LOC135688410	LOC106870856		LOC100184601	LOC129962575
OG0006986	LOC121872444	LOC136436680	CG7137	LOC135686004	LOC106868838		LOC100176538	LOC129956988
OG0006987	LOC121872027	LOC136428428	CG3589	LOC135686730	LOC106882513	LOC110447841	LOC108949513	
OG0006988	LOC121860402	LOC136427408		LOC135687366	LOC106872639	LOC110445883	LOC100175603	LOC129965537
OG0006990	LOC121865003	LOC136449277		LOC135681429	LOC106868569	LOC110451968	LOC100179175	LOC129960758
OG0006991	LOC121875851	LOC136433253	Spt3	LOC135685172	LOC106871147	LOC110454296		LOC129962581
OG0006992	LOC121861511	LOC136436690	Taf13	LOC135685472	LOC106873646	LOC110456922		LOC129974979
OG0006993	LOC121861906	LOC136436207	CG10365	LOC135684569	LOC106875716	LOC110449183		LOC129957418
OG0006994	LOC121870998	LOC136424909	DPCoAC	LOC135690410	LOC106871468	LOC110451460		LOC129960724
OG0006995		LOC136421539	D12	LOC135694027	LOC106883150	LOC110446629	LOC100186846	LOC129988337
OG0006996	LOC121878376	LOC136428503		LOC135688856	LOC106869056	LOC110455794	LOC100182808	LOC129960066
OG0006997	LOC121872851	LOC136433579	Gip	LOC135694754	LOC106879198		LOC100175019	LOC129960237
OG0006998	LOC121863832	LOC136441754		LOC135685535	LOC106874142	LOC110450709	LOC100175490	LOC129973016
OG0006999	LOC121873633	LOC136425970	lgs	LOC135681088	LOC106882391	LOC110466712		LOC129960941
OG0007000	LOC121869989	LOC136434991		LOC135692679	LOC106867788	LOC110457230	LOC100181786	LOC129989104
OG0007001	LOC121870000	LOC136421566	nmdyn-D6	LOC135681130	LOC106876202		LOC100185269	LOC129969584
OG0007002	LOC121872864	LOC136445658	CG5188	LOC135682744	LOC106876597	LOC110463086		LOC129957429
OG0007003	LOC121870662	LOC136449218	CG13630	LOC135689460	LOC106880213	LOC110454059		LOC129984630
OG0007006		LOC136440010	Dnai2	LOC135691928	LOC106880245	LOC110442525	ic1	LOC129961865
OG0007007		LOC136444202	mmm	LOC135694477	LOC106878052	LOC110452532	LOC100179053	LOC129966655
OG0007008	LOC121875643	LOC136439365	Galphao	LOC135691178	LOC106882189	LOC110453591		LOC129971502
OG0007011		LOC136439812	CG13692	LOC135694956	LOC106868962	LOC110453683	LOC100187527	LOC129984803
OG0007012		LOC136435386	koko	LOC135687206	LOC106879276	LOC110464947	LOC100186282	LOC129955030
OG0007013	LOC121878125	LOC136430068		LOC135691408	LOC106869577	LOC110457470	LOC100185081	LOC129984722
OG0007014		LOC136423948	Chrac-16	LOC135682734	LOC106867192	LOC110451671	LOC100177337	LOC129971130
OG0007016	LOC121853211	LOC136436494	CG7139	LOC135685896	LOC106869269	LOC110441305		LOC129954300
OG0007018	LOC121853577	LOC136431482		LOC135689606	LOC106873743	LOC110456637	LOC100180222	LOC129966673
OG0007019	LOC121855749	LOC136429445		LOC135691043	LOC106883369	LOC110457486	LOC100183569	LOC129983661
OG0007020	LOC121877274	LOC136433828		LOC135692857	LOC106870576	LOC110445249	LOC100184436	LOC129974634
OG0007021	LOC121858298	LOC136424992	Droj2	LOC135683952	LOC106873300	LOC110462030		LOC129961671
OG0007022	LOC121879971	LOC136427680	Mtpalpha	LOC135688755	LOC106883270		LOC100181980	LOC129981578
OG0007023	LOC121867314	LOC136427718		LOC135688980	LOC106883269	LOC110448317	LOC100180970	LOC129988075
OG0007024	LOC121869641	LOC136439637	CG11771	LOC135691530	LOC106878856	LOC110465102		LOC129969627
OG0007025	LOC121868559	LOC136439407		LOC135684349	LOC106883272	LOC110466585	LOC100183579	LOC129975725
OG0007026	LOC121868837	LOC136426062	Cks85A	LOC135680933	LOC106881628	LOC110464280		LOC129966612
OG0007027	LOC121875830	LOC136429035	Cks30A	LOC135687502	LOC106884386		LOC100183603	LOC129961945
OG0007028	LOC121872697	LOC136425991		LOC135689567	LOC106867520	LOC110455203	LOC100181141	LOC129981625
OG0007029	LOC121871530	LOC136425297	yip2	LOC135681001	LOC106867910	LOC110448414	LOC101242316	
OG0007031	LOC121873035	LOC136429751		LOC135685901	LOC106870700	LOC110441935	LOC100181401	LOC129971621
OG0007032		LOC136440998	CG11975	LOC135692100	LOC106867748	LOC110448571	LOC100180836	LOC129965586
OG0007035	LOC121876740	LOC136434702		LOC135692950	LOC106876152	LOC110464934	txnrd3	LOC129967126
OG0007036	LOC121853093	LOC136436122		LOC135685813	LOC106868208	LOC110455080	LOC100177162	LOC129985199
OG0007037	LOC121865402	LOC136433764		LOC135682873	LOC106870513	LOC110450878	LOC100179032	LOC129989247
OG0007038	LOC121861859	LOC136439976		LOC135682496	LOC106878381	LOC110446615	LOC100182055	LOC129960914
OG0007039	LOC121859382	LOC136423465		LOC135683710	LOC106873148	LOC110458538	LOC108949923	LOC129968915
OG0007041	LOC121861229	LOC136437306	Tim9b	LOC135686266		LOC110455503	zf_tim10/ddp_-1	LOC129958108
OG0007042	LOC121862261	LOC136436359		LOC135686845	LOC106884475	LOC110457214	LOC100183089	LOC129965947
OG0007044	LOC121864473	LOC136439750		LOC135691880	LOC106883068	LOC110455700	LOC100183379	LOC129965848
OG0007045	LOC121865496	LOC136422360	Bmcp	LOC135684187	LOC106877821	LOC110442943		LOC129968745
OG0007049	LOC121868480	LOC136446378		LOC135682763	LOC106869481	LOC110463561	LOC100183462	LOC129959692
OG0007052	LOC121878930	LOC136436298	Vamp7	LOC135686119		LOC110466982	LOC100181689	LOC129956989
OG0007055		LOC136438552	CG13693	LOC135690770	LOC106874803	LOC110453597	LOC100187492	LOC129988445
OG0007056	LOC121855745	LOC136446859		LOC135682622	LOC106878491	LOC110463489	LOC113474739	LOC129984480
OG0007057	LOC121859155	LOC136443111	Dnz1	LOC135684315	LOC106871287	LOC110457858		LOC129968501
OG0007058	LOC121860940	LOC136432741	mRpS5	LOC135681304	LOC106870029	LOC110450434		LOC129964798
OG0007061	LOC121880239	LOC136444426	ZnT86D	LOC135694546	LOC106871590	LOC110445177		LOC129962751
OG0007063	LOC121864191	LOC136428297		LOC135687087	LOC106871391	LOC110460090	LOC100182140	LOC129961693
OG0007064	LOC121864393	LOC136428936	ari-1	LOC135687764	LOC106871316	LOC110443651		LOC129975260
OG0007066	LOC121873883	LOC136425032	asl	LOC135681478		LOC110441561	LOC100180703	LOC129981666
OG0007067	LOC121853083	LOC136436839	Nxt1	LOC135690117		LOC110455521	LOC100184548	LOC129963907
OG0007068	LOC121853088	LOC136439863	Notum	LOC135685316	LOC106878702	LOC110462623		LOC129975759
OG0007069	LOC121853110	LOC136438047	CG10984		LOC106871111	LOC110463612	LOC100186759	LOC129987982
OG0007073	LOC121853340	LOC136442368	wbl	LOC135683703	LOC106878070	LOC110461151		LOC129959059
OG0007074	LOC121853345	LOC136426670	mRpL54		LOC106884466	LOC110458952	LOC100185381	LOC129966112
OG0007075	LOC121853457	LOC136433831	ave		LOC106876688	LOC110461535	LOC100185034	LOC129963057
OG0007076	LOC121853460	LOC136446252		LOC135685256	LOC106881482	LOC110456427	LOC100176093	LOC129958500
OG0007078	LOC121853541	LOC136441001		LOC135692213	LOC106882873	LOC110443175	arfgap-9	LOC129983716
OG0007080	LOC121853564	LOC136421144	Axud1		LOC106871219	LOC110461585	LOC100175204	LOC129979305
OG0007081	LOC121853605	LOC136427849		LOC135683631	LOC106882653	LOC110453112	LOC104266835	LOC129971605
OG0007082	LOC121853654	LOC136425591	YL-1	LOC135688039	LOC106867449	LOC110441816	tcfl1	
OG0007083	LOC121853658	LOC136442271	Ns4		LOC106875309	LOC110464970	LOC100183035	LOC129984690
OG0007084	LOC121853708	LOC136433568		LOC135692919	LOC106874256	LOC110452871	LOC100178727	LOC129968544
OG0007085	LOC121853711	LOC136435870	CG34229	LOC135685474	LOC106876616	LOC110467211		LOC129958715
OG0007086	LOC121853712	LOC136422862	GrlHz	LOC135684934	LOC106874396	LOC110461386		LOC129969490
OG0007087	LOC121853793	LOC136445604	CG10802	LOC135692167	LOC106884137	LOC110442408	LOC100182665	
OG0007088	LOC121853812	LOC136430182		LOC135685756	LOC106882759	LOC110464128	LOC100183391	LOC129969197
OG0007089	LOC121853823	LOC136447369	CG11180		LOC106875067	LOC110442916	LOC100184449	LOC129968485
OG0007091	LOC121854023	LOC136438497	Pcif1		LOC106878158	LOC110443225	LOC100187259	LOC129962607
OG0007092	LOC121854128	LOC136443061	Pink1	LOC135693511	LOC106876772	LOC110460906		LOC129969121
OG0007093	LOC121854198	LOC136437870	btz		LOC106875944	LOC110456848	LOC100178281	LOC129969482
OG0007094	LOC121854239	LOC136441530	Golgin97	LOC135693298	LOC106883985	LOC110451347	LOC100186741	
OG0007096	LOC121854268	LOC136436631	CG5516	LOC135686691		LOC110440355	LOC113475062	LOC129958559
OG0007097	LOC121854277	LOC136447555		LOC135682295	LOC106871263	LOC110465531	LOC100184708	LOC129981881
OG0007098	LOC121854295	LOC136434784	CG15019		LOC106881034	LOC110443873	LOC100183765	LOC129962400
OG0007099	LOC121854305	LOC136436610	CG11586	LOC135696531	LOC106880505	LOC110445773		LOC129962668
OG0007100	LOC121854309	LOC136447985	Ipp		LOC106872453	LOC110465129	LOC100182945	LOC129989339
OG0007103	LOC121854405	LOC136420531		LOC135680996	LOC106879771	LOC110441746	LOC100187309	LOC129971088
OG0007106	LOC121854470	LOC136428674		LOC135692769	LOC106875879	LOC110456368	LOC100184347	LOC129958899
OG0007107	LOC121854484	LOC136443264	CG17002		LOC106869201	LOC110450203	LOC100185651	LOC129980893
OG0007108	LOC121854497	LOC136424760	Hmgcl	LOC135690095	LOC106876249	LOC110446413	LOC104265923	
OG0007113	LOC121854581	LOC136439229	CG12107	LOC135690785	LOC106873359	LOC110457467		LOC129963910
OG0007116	LOC121854756	LOC136435111		LOC135694914	LOC106874473	LOC110443872	LOC100176272	LOC129960783
OG0007117	LOC121854947	LOC136434447	Cln3	LOC135689381	LOC106880893	LOC110462258		LOC129960365
OG0007118	LOC121855001	LOC136424455	CG32536	LOC135689908	LOC106868166	LOC110465768		LOC129960672
OG0007119	LOC121855054	LOC136448424	CG4278		LOC106871841	LOC110445261	LOC100186638	LOC129981138
OG0007121	LOC121855077	LOC136430339	CG13197		LOC106875586	LOC110449637	LOC100179134	LOC129963384
OG0007125	LOC121855286	LOC136440085		LOC135681030	LOC106874869	LOC110451375	LOC100182772	LOC129984008
OG0007126	LOC121855312	LOC136447489	Taf11	LOC135696195	LOC106882688	LOC110450037		LOC129984485
OG0007127	LOC121855389	LOC136421324	Rip11		LOC106868848	LOC110459002	LOC100178195	LOC129975867
OG0007128	LOC121855410	LOC136447986	MagR	LOC135694396	LOC106881059	LOC110443679		LOC129954611
OG0007129	LOC121855417	LOC136440226	vito		LOC106869452	LOC110455691	LOC100178509	LOC129988583
OG0007130	LOC121855471	LOC136447840	Arv1	LOC135696490	LOC106868431	LOC110456265		LOC129957632
OG0007131	LOC121855533	LOC136428403	RpS21	LOC135688851	LOC106876195	LOC110457880		LOC129981300
OG0007132	LOC121855558	LOC136420472	wus	LOC135681416	LOC106876692	LOC110456980		LOC129958926
OG0007134	LOC121855704	LOC136449011	Cisd2		LOC106879260	LOC110453011	LOC100179954	LOC129981332
OG0007138	LOC121855812	LOC136432135		LOC135685592	LOC106875554	LOC110447661	LOC100186553	LOC129983904
OG0007139	LOC121855816	LOC136441646	CG13917		LOC106871350	LOC110455842	LOC100177736	LOC129963945
OG0007141	LOC121855847	LOC136438617	TP53INP	LOC135690943	LOC106878606	LOC110462517		LOC129972928
OG0007143	LOC121855858	LOC136440051	Mrm2		LOC106867284	LOC110467349	LOC100176611	LOC129961561
OG0007147	LOC121855920	LOC136440295		LOC135691792	LOC106873215	LOC110449951	LOC100177615	LOC129976495
OG0007149	LOC121855976	LOC136437165		LOC135688266	LOC106869032	LOC110448837	LOC100176229	LOC129989258
OG0007150	LOC121855977		Thor	LOC135688281	LOC106879899	LOC110443284	LOC100187288	LOC129972320
OG0007151	LOC121855987	LOC136447913	CG10395	LOC135683463	LOC106874900	LOC110441710		LOC129966177
OG0007153	LOC121856062	LOC136422808	CG10171	LOC135682659	LOC106871373	LOC110463722		LOC129956932
OG0007154	LOC121856095	LOC136448558		LOC135683334	LOC106884179	LOC110461334	LOC100183880	LOC129984232
OG0007155	LOC121856154	LOC136423687		LOC135684440	LOC106880131	LOC110451426	LOC100180035	LOC129969093
OG0007156	LOC121856175	LOC136442590		LOC135693288	LOC106871984	LOC110447558	zf_ring_-19	LOC129963312
OG0007157	LOC121856179	LOC136435029	ari-2		LOC106870581	LOC110452622	LOC100179266	LOC129963065
OG0007159	LOC121856215	LOC136444773		LOC135694685	LOC106879237	LOC110452557	LOC100185028	LOC129988314
OG0007160	LOC121856218	LOC136422869	MetRS-m		LOC106868198	LOC110461869	LOC100179125	LOC129960602
OG0007162	LOC121856270	LOC136447849		LOC135682240	LOC106872228	LOC110448720	LOC100179736	LOC129988024
OG0007163	LOC121856279	LOC136447619	CG31800	LOC135688543	LOC106877228	LOC110442733	LOC100175947	
OG0007164	LOC121856295	LOC136433011		LOC135684558	LOC106867602	LOC110453338	prep	LOC129969301
OG0007165	LOC121856307	LOC136420798	Cwc25	LOC135681708	LOC106876181	LOC110442390		LOC129966642
OG0007166	LOC121856309	LOC136443528		LOC135692474	LOC106873371	LOC110446140	LOC100180339	LOC129959643
OG0007167	LOC121856350	LOC136433890	CG14562	LOC135688257	LOC106867340	LOC110467140		LOC129968186
OG0007168	LOC121856372	LOC136433343	CG13623	LOC135688840	LOC106878612	LOC110454925	LOC100183896	
OG0007169	LOC121856389	LOC136433062	CG12288	LOC135690045	LOC106878061	LOC110466353		LOC129972892
OG0007170	LOC121856441	LOC136439088	shrb	LOC135690769	LOC106874373		LOC100185572	LOC129972548
OG0007171	LOC121856541	LOC136423115	Aptx		LOC106880390	LOC110446209	aptx	LOC129966711
OG0007172	LOC121856616	LOC136428470	ash1		LOC106884485	LOC110465579	LOC778906	LOC129957081
OG0007173	LOC121856762	LOC136433022		LOC135686552	LOC106880323	LOC110450326	LOC100178522	LOC129958080
OG0007174	LOC121856828	LOC136445639	ksr	LOC135683126	LOC106871843	LOC110457705		LOC129971313
OG0007176	LOC121856844	LOC136425956	TBC1d7	LOC135688251	LOC106880889	LOC110450251		LOC129976519
OG0007177	LOC121856853	LOC136435397		LOC135683077	LOC106878178	LOC110463090	LOC100187186	LOC129963749
OG0007178	LOC121856918	LOC136430953		LOC135692686	LOC106879797	LOC110446154	LOC100186989	LOC129975897
OG0007179	LOC121856929	LOC136447483		LOC135683246	LOC106875960	LOC110448145	LOC100186661	LOC129961891
OG0007182	LOC121857089	LOC136439642	mRpS7		LOC106878433	LOC110453676	LOC100184336	LOC129968944
OG0007183	LOC121857097	LOC136430687	P5CS	LOC135696074	LOC106872175		LOC100177278	LOC129960162
OG0007184	LOC121857103	LOC136438569		LOC135691284	LOC106881806	LOC110446290	LOC100184802	LOC129981219
OG0007185	LOC121857156	LOC136444739	CG17996	LOC135690094	LOC106876952	LOC110441838	LOC104265704	
OG0007186	LOC121857160	LOC136439884	CG14100		LOC106879664	LOC110445828	LOC100179690	LOC129969011
OG0007187	LOC121857172	LOC136440393	wge		LOC106868025	LOC110453665	LOC100177461	LOC129984546
OG0007189	LOC121857219	LOC136431022		LOC135681360	LOC106873095	LOC110445144	LOC100177475	LOC129955213
OG0007190	LOC121857229	LOC136420673	Tpr2	LOC135681459	LOC106877270	LOC110442957	LOC100186685	
OG0007191	LOC121857262	LOC136430308		LOC135696066	LOC106867759	LOC110455390	LOC100183053	LOC129988192
OG0007192	LOC121857291	LOC136436898	RhoGAP102A	LOC135686151	LOC106874118	LOC110447170	LOC100180410	
OG0007193	LOC121857313	LOC136444826	ND-B18		LOC106876184	LOC110463288	LOC100183394	LOC129975896
OG0007194	LOC121857316		Kpc1	LOC135692783	LOC106882205	LOC110443094	LOC100182416	LOC129962737
OG0007196	LOC121857390	LOC136445393		LOC135694753	LOC106881980	LOC110461541	LOC113474266	LOC129955617
OG0007198	LOC121857573	LOC136426448	CG18528		LOC106883747	LOC110445571	LOC100183076	LOC129975765
OG0007199	LOC121857747	LOC136446771		LOC135683485	LOC106882197	LOC110457840	LOC100183084	LOC129968997
OG0007200	LOC121857756	LOC136427057		LOC135687529	LOC106880617	LOC110454968	LOC100182172	LOC129971564
OG0007201	LOC121857788	LOC136447268		LOC135689789	LOC106867874	LOC110459480	sels	LOC129975865
OG0007202	LOC121857800	LOC136433212	CG17168	LOC135692568	LOC106878270	LOC110454767		LOC129984680
OG0007204	LOC121857927	LOC136442651	AspRS-m		LOC106878711	LOC110460926	LOC100187179	LOC129968934
OG0007206	LOC121858087	LOC136435748		LOC135693815	LOC106867742	LOC110462243	LOC100175780	LOC129969575
OG0007207	LOC121858182	LOC136429846	mRpL51		LOC106881879	LOC110446141	LOC104266662	LOC129975886
OG0007208	LOC121858225	LOC136444458		LOC135695149	LOC106876084	LOC110454399	zf_cchc/c2h2_-1	LOC129965716
OG0007210	LOC121858257	LOC136430393	CG12746		LOC106867752	LOC110448736	LOC100180341	LOC129965569
OG0007211	LOC121858308	LOC136441441		LOC135693609	LOC106878687	LOC110464413	LOC100177194	LOC129981081
OG0007212	LOC121858317	LOC136445518	enc	LOC135682561	LOC106880470	LOC110460329		LOC129959968
OG0007214	LOC121858342	LOC136428523		LOC135687356	LOC106875360	LOC110445568	LOC100178884	LOC129963193
OG0007215	LOC121858356	LOC136446632	CG4596		LOC106871950	LOC110463582	LOC100175513	LOC129958981
OG0007216	LOC121858357	LOC136438324	Snx21	LOC135690714	LOC106882374	LOC110466846		LOC129965984
OG0007217	LOC121858416	LOC136447644	HPS4	LOC135683623	LOC106882148	LOC110464062		LOC129961923
OG0007221	LOC121858596	LOC136441220	CG12096	LOC135693924	LOC106884221	LOC110442405	LOC100187507	
OG0007223	LOC121858617	LOC136422520	CG7376	LOC135682042	LOC106870294	LOC110441811		LOC129958437
OG0007224	LOC121858644	LOC136425441	CG5854	LOC135690743	LOC106872620	LOC110451050		LOC129975779
OG0007225	LOC121858655	LOC136441470	Fbw5		LOC106875284	LOC110441887	LOC100176667	LOC129966691
OG0007226	LOC121858672	LOC136441789		LOC135693315	LOC106875644	LOC110463364	LOC100175707	LOC129981061
OG0007227	LOC121858698	LOC136437832	CG7083		LOC106883715	LOC110450787	LOC100181048	LOC129971388
OG0007228	LOC121858793	LOC136420907	CG16753	LOC135681138	LOC106867312	LOC110442392	LOC100179345	
OG0007229	LOC121858847	LOC136423214	CG7568	LOC135684919	LOC106881172	LOC110465332	LOC100181614	
OG0007230	LOC121858934	LOC136443389	Sbat	LOC135688466	LOC106874850	LOC110462745		LOC129968923
OG0007231	LOC121859000	LOC136427373	CG31855		LOC128248590	LOC110453728	LOC104265547	LOC129971634
OG0007232	LOC121859064	LOC136438930	Acsf3		LOC106874666	LOC110449900	LOC100175199	LOC129961094
OG0007233	LOC121859093	LOC136424232	BCL7-like	LOC135695345		LOC110463990	LOC100180348	LOC129966998
OG0007234	LOC121859094	LOC136425077		LOC135690321	LOC106870582	LOC110462607	LOC100187277	LOC129972676
OG0007235	LOC121859095	LOC136439157		LOC135696125	LOC106883773	LOC110466837	LOC100183624	LOC129989348
OG0007238	LOC121859247	LOC136436653	ZnT49B		LOC106874550	LOC110457248	LOC100181166	LOC129960014
OG0007239	LOC121859265	LOC136430546	amrt	LOC135696143	LOC106873405	LOC110448872		LOC129969493
OG0007240	LOC121859321	LOC136448098	Cow	LOC135686042	LOC106874681	LOC110448608		LOC129976152
OG0007241	LOC121859422	LOC136435195	HDAC11	LOC135686938	LOC106872189	LOC110460596		LOC129989248
OG0007242	LOC121859444	LOC136430956	mRpL35		LOC106871627	LOC110452023	LOC100177123	LOC129976762
OG0007243	LOC121859447	LOC136442990	Zdhhc8	LOC135683962	LOC106870287	LOC110452396		LOC129961633
OG0007244	LOC121859452	LOC136427413	rdgB	LOC135683248	LOC106870348		LOC494359	LOC129964153
OG0007245	LOC121859511	LOC136447202	DCTN2-p50		LOC106870154	LOC110463210	LOC100175708	LOC129981045
OG0007247	LOC121859549	LOC136436681		LOC135686696	LOC106882521	LOC110458675	LOC100177016	LOC129969381
OG0007248	LOC121859563	LOC136449060	Blos2		LOC106881269	LOC110463927	LOC100178938	LOC129965786
OG0007249	LOC121859742	LOC136436094		LOC135683124	LOC106874422	LOC110441709	LOC100187232	LOC129969633
OG0007250	LOC121859746	LOC136435385	Poc1	LOC135690782	LOC106883357	LOC110461727	LOC100184030	
OG0007251	LOC121859898	LOC136437383		LOC135683596	LOC106882171	LOC110445279	LOC100182932	LOC129962739
OG0007252	LOC121860086	LOC136423107	CG42382	LOC135683428		LOC110463821	LOC100177538	LOC129972391
OG0007253	LOC121860145	LOC136430772	CG14803	LOC135685612	LOC106868109	LOC110462209		LOC129965784
OG0007254	LOC121860148	LOC136436147		LOC135696762	LOC106878885	LOC110446963	LOC100177396	LOC129984466
OG0007255	LOC121860149	LOC136421598		LOC135682462	LOC106868785	LOC110454302	LOC100182755	LOC129963712
OG0007257	LOC121860172	LOC136422407	CG13392		LOC106873715	LOC110465312	LOC100175433	LOC129969641
OG0007258	LOC121860218	LOC136440126	Cby	LOC135691686	LOC106881789	LOC110450412	LOC100185759	
OG0007260	LOC121860299	LOC136442362	CG10418	LOC135693451	LOC106882765	LOC110449084		LOC129981588
OG0007261	LOC121860316	LOC136427374		LOC135687140	LOC106868099	LOC110445606	LOC100175556	LOC129987500
OG0007262	LOC121860343	LOC136438989		LOC135691201	LOC106870238	LOC110451851	LOC100183629	LOC129975790
OG0007264	LOC121860353	LOC136438456	CG10286	LOC135690861	LOC106872609	LOC110457452		LOC129963802
OG0007266	LOC121860405	LOC136427409		LOC135686559	LOC106872638	LOC110445882	LOC100177202	LOC129965789
OG0007267	LOC121860418	LOC136430880	Cul5		LOC106877123	LOC110442702	LOC101241932	LOC129975223
OG0007268	LOC121860573	LOC136449003	bchs	LOC135689864	LOC106877294	LOC110448583		LOC129974870
OG0007269	LOC121860605	LOC136422312	Git	LOC135683167	LOC106868693	LOC110461736	ci-arfgap-3	
OG0007270	LOC121860625	LOC136430941	LeuRS-m		LOC106871282	LOC110443799	LOC100184323	LOC129964142
OG0007271	LOC121860639	LOC136436456	Gycalpha99B		LOC106869877	LOC110452448	LOC100178591	LOC129959637
OG0007274	LOC121860752	LOC136446709		LOC135682847	LOC106877456	LOC110464375	LOC113474468	LOC129963895
OG0007275	LOC121860787	LOC136430404	CG42516	LOC135692619	LOC106868450		LOC100187256	LOC129962260
OG0007276	LOC121860788	LOC136434752	HSPC300		LOC106867336	LOC110462251	LOC100175510	LOC129989121
OG0007277	LOC121860791	LOC136437462		LOC135686600	LOC106867780	LOC110453085	LOC100178976	LOC129963035
OG0007279	LOC121860878	LOC136435622		LOC135692805	LOC106871166	LOC110462247	LOC100184467	LOC129968265
OG0007282	LOC121860938	LOC136440205		LOC135692225	LOC106871097	LOC110453912	LOC100177329	LOC129967160
OG0007283	LOC121860953	LOC136431181		LOC135696467	LOC106875561	LOC110464233	LOC100185043	LOC129984338
OG0007284	LOC121861003	LOC136445515	Sse	LOC135682049	LOC106869135	LOC110463375		LOC129976082
OG0007288	LOC121861026	LOC136427300	CG15390		LOC106877460	LOC110451287	LOC113474018	LOC129966087
OG0007289	LOC121861037	LOC136435063	NP15.6		LOC106879605	LOC110448860	LOC100185786	LOC129988509
OG0007292	LOC121861077	LOC136423343	DZIP1	LOC135684888	LOC106872833	LOC110451428	LOC100185506	
OG0007293	LOC121861084	LOC136434386		LOC135692409	LOC106877628	LOC110461706	zf_fyve/c2h2_-2	LOC129989455
OG0007294	LOC121861130	LOC136442920		LOC135695474	LOC106879683	LOC110463976	LOC100175233	LOC129975750
OG0007295	LOC121861139	LOC136429830		LOC135696353	LOC128247089	LOC110441594	LOC100179407	LOC129958652
OG0007296	LOC121861195	LOC136424156		LOC135689454	LOC106873770	LOC110458009	zf_ring/c6hc_-1	LOC129965875
OG0007297	LOC121861205	LOC136441849	tow	LOC135693445	LOC106873104	LOC110458215	LOC100185669	
OG0007299	LOC121861228	LOC136442359	CG12379		LOC106877800	LOC110442228	LOC104266847	LOC129984620
OG0007300	LOC121861232	LOC136437928	twz		LOC106867614	LOC110450791	LOC100180969	LOC129960506
OG0007302	LOC121861390	LOC136427493	mRpL24	LOC135687014		LOC110460077	LOC100179663	LOC129988307
OG0007304	LOC121861442	LOC136436597	CG9590	LOC135686413	LOC106880647	LOC110445772		LOC129963613
OG0007305	LOC121861489	LOC136430032	CG5815	LOC135695521	LOC106882471	LOC110461950		LOC129981793
OG0007306	LOC121861496	LOC136436537	mRpL10	LOC135681536	LOC106867960		LOC100178933	LOC129974402
OG0007307	LOC121861509	LOC136433539	l_2_k10201	LOC135685589	LOC106869847	LOC110448486		LOC129963594
OG0007308	LOC121861523	LOC136428255	CG32590		LOC106881410	LOC110463984	LOC101242531	LOC129976059
OG0007310	LOC121861541	LOC136422960	faf	LOC135684249	LOC106883044	LOC110463226		LOC129956910
OG0007311	LOC121861670	LOC136427765		LOC135692571	LOC106879092	LOC110456090	LOC100177805	LOC129966017
OG0007312	LOC121861774	LOC136439838	CG3632	LOC135683981	LOC106875841	LOC110463996		LOC129968678
OG0007313	LOC121861786	LOC136436348		LOC135685985	LOC106872672	LOC110455502	LOC100180386	LOC129969096
OG0007314	LOC121861810	LOC136422552	akirin	LOC135685265	LOC106869878	LOC110441809		LOC129984619
OG0007315	LOC121861883	LOC136444961	Nadk2		LOC106871575	LOC110445131	LOC100176768	LOC129962752
OG0007318	LOC121862127	LOC136433771	Ccdc85		LOC106879320	LOC110451001	LOC100179191	LOC129967749
OG0007319	LOC121862153	LOC136440950		LOC135692056	LOC106869038	LOC110466692	LOC100176088	LOC129988288
OG0007320	LOC121862157	LOC136427883		LOC135680903	LOC106876994	LOC110458795	LOC100185181	LOC129958587
OG0007321	LOC121862180	LOC136442805	CG2182	LOC135683824	LOC106867988	LOC110458553	LOC100187092	
OG0007322	LOC121862262	LOC136441171		LOC135694022	LOC106878751	LOC110466495	zf_ring_-30	LOC129969114
OG0007323	LOC121862280	LOC136439263	Pdp	LOC135682226	LOC106881099	LOC110446250		LOC129972997
OG0007324	LOC121862300	LOC136436929	vsg	LOC135685742	LOC106875901	LOC110446783		LOC129960204
OG0007325	LOC121862306	LOC136427566		LOC135687795	LOC106878195	LOC110447421	LOC100182722	LOC129960127
OG0007326	LOC121862352	LOC136442206	CG13760		LOC106872543	LOC110461873	LOC100183312	LOC129956125
OG0007327	LOC121862353	LOC136435630		LOC135692804	LOC106871137	LOC110466287	LOC100187090	LOC129965560
OG0007328	LOC121862406	LOC136434092	cnir		LOC106873927	LOC110455530	LOC100184829	LOC129960993
OG0007329	LOC121862409	LOC136448353		LOC135689878	LOC106883258	LOC110451511	LOC100177850	LOC129984724
OG0007330	LOC121862415	LOC136433602		LOC135685937	LOC106869030	LOC110462794	LOC100179124	LOC129967463
OG0007331	LOC121862452	LOC136445419		LOC135694713	LOC106872241	LOC110466638	LOC100176833	LOC129984381
OG0007332	LOC121862458	LOC136440115	Syx8		LOC106882443	LOC110453004	LOC113474049	LOC129976387
OG0007333	LOC121862475	LOC136439757	ND-PDSW		LOC106874559	LOC110453010	LOC100182566	LOC129968154
OG0007334	LOC121862858	LOC136446916		LOC135682866	LOC106876897	LOC110463215	LOC113474142	LOC129969109
OG0007336	LOC121862892	LOC136442798	CG7744	LOC135688169	LOC106882129	LOC110458895	LOC104266800	
OG0007337	LOC121862908	LOC136434534		LOC135692848	LOC106880936	LOC110467061	LOC100187540	LOC129958203
OG0007338	LOC121862911	LOC136446502	Pex12	LOC135681417	LOC106871262	LOC110462195		LOC129966701
OG0007339	LOC121862921	LOC136422369	CG6674	LOC135681011		LOC110450045	LOC101242277	LOC129960849
OG0007340	LOC121862922	LOC136434307	Jwa		LOC106883521	LOC110454449	LOC100183811	LOC129961798
OG0007341	LOC121862928	LOC136439109	CG12134	LOC135690859	LOC106879335	LOC110443245		LOC129981683
OG0007342	LOC121863045	LOC136434874	CG4884	LOC135685062	LOC106867641		LOC100177373	LOC129971046
OG0007343	LOC121863152	LOC136440307	CG1486	LOC135691872	LOC106881395	LOC110454151		LOC129972748
OG0007344	LOC121863228	LOC136436822		LOC135686064	LOC106873379	LOC110459254	LOC104266629	LOC129956423
OG0007346	LOC121863256	LOC136432799		LOC135693974	LOC106869678	LOC110454908	LOC100181523	LOC129972778
OG0007347	LOC121863268	LOC136443265	RpL22	LOC135688588		LOC110464537	LOC108949278	LOC129988986
OG0007348	LOC121863273	LOC136434778	CG31211		LOC106868248	LOC110451596	LOC100182029	LOC129983743
OG0007349	LOC121863418	LOC136439905	CG6345		LOC106880192	LOC110452309	LOC100175302	LOC129984050
OG0007350	LOC121863420	LOC136435129	Dpm3	LOC135692721	LOC106871277	LOC110453218		LOC129957332
OG0007352	LOC121863610	LOC136428306	CG32069	LOC135687617	LOC106873230	LOC110446595		LOC129990614
OG0007353	LOC121863612	LOC136440284		LOC135692262	LOC106880221	LOC110456999	LOC100187382	LOC129963112
OG0007356	LOC121863718	LOC136448247		LOC135685165	LOC106871594	LOC110447464	LOC100186080	LOC129963580
OG0007357	LOC121863771	LOC136428499	SerRS-m		LOC106875723	LOC110447921	LOC100181514	LOC129981277
OG0007358	LOC121863776	LOC136445412		LOC135686181	LOC106874972	LOC110452533	uhrf2	LOC129983841
OG0007359	LOC121863782	LOC136437320	Cep135	LOC135686443	LOC106868062	LOC110447124	LOC100177609	
OG0007360	LOC121863828	LOC136443614		LOC135688103	LOC106876636	LOC110445926	selk	LOC129969167
OG0007361	LOC121863835	LOC136430845	Inos	LOC135691215	LOC106872911	LOC110465785		LOC129989203
OG0007362	LOC121863847	LOC136441746	Dcps	LOC135696759	LOC106868479		LOC100175982	LOC129976609
OG0007363	LOC121863857	LOC136425958	Atg12	LOC135691961	LOC106871637	LOC110455652	LOC101242365	
OG0007364	LOC121864127	LOC136429996		LOC135689954	LOC106877257	LOC110460767	LOC100180946	LOC129971627
OG0007366	LOC121864143	LOC136437853	CG10492	LOC135691262	LOC106878026	LOC110466872		LOC129984076
OG0007368	LOC121864153	LOC136439059		LOC135691148	LOC106877556	LOC110466854	LOC100178485	LOC129969263
OG0007369	LOC121864275	LOC136423527	CG14669		LOC106874377	LOC110452803	LOC100182890	LOC129967145
OG0007370	LOC121864394	LOC136446399		LOC135684002	LOC106871479	LOC110463787	LOC100179082	LOC129957161
OG0007371	LOC121864492	LOC136439353		LOC135690756	LOC106873910	LOC110443752	LOC100179042	LOC129958151
OG0007373	LOC121864534	LOC136430762	CG3430	LOC135695919	LOC106876442	LOC110463959	LOC100183184	
OG0007374	LOC121864611	LOC136446594	CG12025		LOC106875175	LOC110458571	LOC104266174	LOC129971373
OG0007375	LOC121864628	LOC136420599	Hr38		LOC106880578	LOC110449384	nr41/42/43	LOC129985194
OG0007376	LOC121864661	LOC136428467	CG10681	LOC135687636		LOC110460176	LOC113474176	LOC129968140
OG0007377	LOC121864664	LOC136439110	CG8768		LOC106877360	LOC110443728	LOC100181474	LOC129988550
OG0007379	LOC121864811	LOC136425400	Rfk	LOC135690336	LOC106881446	LOC110441236		LOC129965554
OG0007380	LOC121864813	LOC136426569	CG34140		LOC106882886	LOC110458883	LOC100179078	LOC129989035
OG0007381	LOC121864907	LOC136427777	Mau2	LOC135687703	LOC106874245	LOC110454979		LOC129971491
OG0007382	LOC121864923	LOC136429614	CG6432	LOC135695554	LOC106871378	LOC110446846	LOC100176154	
OG0007383	LOC121864959	LOC136436578		LOC135692736	LOC106880712	LOC110459223	LOC100176066	LOC129981885
OG0007384	LOC121865096	LOC136440415		LOC135691882	LOC106867846	LOC110456314	LOC100178994	LOC129984413
OG0007386	LOC121865170	LOC136430662	CG7550	LOC135682982	LOC106869111	LOC110464677		LOC129981700
OG0007387	LOC121865196	LOC136435530	CG8414	LOC135692939		LOC110461738	LOC100179576	LOC129962569
OG0007388	LOC121865219	LOC136423078		LOC135682620	LOC106881069	LOC110463465	LOC100184488	LOC129961631
OG0007389	LOC121865400	LOC136432982	Aven	LOC135688704	LOC106867964	LOC110466500		LOC129958234
OG0007390	LOC121865403	LOC136432802		LOC135693136	LOC106869891	LOC110463437	LOC100175922	LOC129958291
OG0007391	LOC121865409	LOC136431279	CG5921	LOC135695367	LOC106867435	LOC110442046		LOC129972461
OG0007392	LOC121865421	LOC136430323	nan		LOC106873499	LOC110451719	LOC100183328	LOC129958545
OG0007393	LOC121865427	LOC136428784	mRpS6	LOC135685339	LOC106869224	LOC110454774		LOC129975605
OG0007394	LOC121865437	LOC136447303	Mettl2	LOC135682568	LOC106882310	LOC110457922		LOC129957583
OG0007396	LOC121865505	LOC136433485	bs		LOC106872222	LOC110449135	srf	LOC129983837
OG0007397	LOC121865714	LOC136421410	MESR3	LOC135682373	LOC106867206	LOC110456477		LOC129963393
OG0007398	LOC121865776	LOC136436600	CG5068		LOC106874864	LOC110449521	LOC100176026	LOC129963314
OG0007401	LOC121865938	LOC136431359		LOC135687117	LOC106881667	LOC110451711	LOC100179826	LOC129960472
OG0007402	LOC121865952	LOC136433489	CG13192	LOC135683706	LOC106871254	LOC110451620		LOC129985200
OG0007403	LOC121865978	LOC136431067	Idh3b	LOC135696094	LOC106868683		LOC100181307	LOC129968988
OG0007404	LOC121866031	LOC136430648	CG32944	LOC135695863		LOC110442105	LOC100179286	LOC129960955
OG0007406	LOC121866060	LOC136435286	Rubicon	LOC135684740	LOC106880266	LOC110454717		LOC129965814
OG0007409	LOC121866170	LOC136431522	IscU	LOC135685370	LOC128250636		LOC101243380	LOC129975108
OG0007410	LOC121866261	LOC136424292	CG2006		LOC106883709	LOC110463578	LOC100185868	LOC129981410
OG0007411	LOC121866386	LOC136439679	Sgsh		LOC106867433	LOC110448223	LOC113474074	LOC129962412
OG0007412	LOC121866433	LOC136420894		LOC135681784	LOC106884361	LOC110453482	LOC100176880	LOC129989162
OG0007413	LOC121866449	LOC136441344	rt	LOC135693353	LOC106867754	LOC110453496		LOC129957687
OG0007414	LOC121866453	LOC136430882	mRpS18C	LOC135695882	LOC106878739	LOC110447325		LOC129988704
OG0007415	LOC121866454	LOC136430876		LOC135695739	LOC106878737	LOC110447326	LOC100183344	LOC129966614
OG0007417	LOC121866466	LOC136423461	Roc2		LOC128250130	LOC110463452	LOC100181702	LOC129981058
OG0007418	LOC121866514	LOC136444640	mRpL50	LOC135683104	LOC106876889	LOC110455742		LOC129957604
OG0007421	LOC121866780	LOC136438945	GatC		LOC106868694	LOC110463782	LOC100178904	LOC129969401
OG0007422	LOC121866790	LOC136442580	Mvb12	LOC135693911	LOC106877785	LOC110464891	LOC100183161	
OG0007423	LOC121866795	LOC136441221		LOC135689617	LOC106878288	LOC110451313	LOC100175829	LOC129971572
OG0007425	LOC121866938	LOC136436486	CG5850		LOC106880625	LOC110449686	LOC100176570	LOC129963924
OG0007426	LOC121866950	LOC136439902		LOC135691594	LOC106873708	LOC110450561	LOC100179989	LOC129962422
OG0007427	LOC121866965		CG13999	LOC135696790	LOC106868736	LOC110461634	LOC100184889	LOC129971611
OG0007429	LOC121867197	LOC136427238		LOC135695114	LOC106869002	LOC110466605	LOC100187444	LOC129985146
OG0007430	LOC121867198	LOC136438193		LOC135690697	LOC106878222	LOC110452595	LOC100180809	LOC129984686
OG0007431	LOC121867209	LOC136422961		LOC135684565	LOC106884216	LOC110463225	LOC100177936	LOC129956911
OG0007432	LOC121867211	LOC136439330	Nulp1	LOC135691371	LOC106874670	LOC110442714		LOC129971302
OG0007433	LOC121867212	LOC136431980	CG8929	LOC135695130	LOC106869282	LOC110455171	LOC113474976	
OG0007437	LOC121867250	LOC136449082	SppL	LOC135683364	LOC106882607	LOC110448138		LOC129966135
OG0007438	LOC121867264	LOC136430079	CG30467	LOC135695525	LOC106878412	LOC110450051		LOC129965451
OG0007439	LOC121867268	LOC136443397		LOC135684849	LOC106873570	LOC110464256	LOC100177738	LOC129963690
OG0007440	LOC121867273	LOC136444622		LOC135694953	LOC106877568	LOC110462903	ckn1	LOC129960888
OG0007441	LOC121867280	LOC136444575	CG6340	LOC135683586		LOC110457703	LOC100177143	LOC129991564
OG0007442	LOC121867300	LOC136428158	dod	LOC135693362	LOC106869321	LOC110459649		LOC129972875
OG0007443	LOC121867301	LOC136422471		LOC135684443	LOC106878127	LOC110465741	LOC100180635	LOC129976628
OG0007444	LOC121867323	LOC136435306	CG3634	LOC135686141		LOC110456299	LOC100177560	LOC129969481
OG0007445	LOC121867459	LOC136438804		LOC135690838	LOC106867668	LOC110457469	LOC100176203	LOC129984743
OG0007446	LOC121867475	LOC136425311		LOC135696638	LOC106875794	LOC110453700	LOC100177354	LOC129972833
OG0007447	LOC121867514	LOC136427873	Hydr2	LOC135683112	LOC106881896	LOC110465952	LOC100185844	
OG0007448	LOC121867713	LOC136439000	mRpL21	LOC135692616	LOC106877448	LOC110460362		LOC129984282
OG0007449	LOC121867717	LOC136436770	CycA	LOC135686811	LOC106879537	LOC110457210	LOC100176577	
OG0007450	LOC121867764	LOC136430817	Remo	LOC135696312	LOC106881079	LOC110460484	LOC100180051	
OG0007451	LOC121867770	LOC136424832	Bem46	LOC135689948	LOC106881639	LOC110441836		LOC129971930
OG0007452	LOC121867799	LOC136442569		LOC135693748	LOC106873027	LOC110459356	LOC100177303	LOC129989648
OG0007453	LOC121867815	LOC136438767	CG42245	LOC135690683		LOC110442226	LOC104265311	LOC129963292
OG0007454	LOC121867840	LOC136438205	Adck5	LOC135683008	LOC106881654	LOC110448186		LOC129984770
OG0007456	LOC121867850	LOC136433641	Ino80	LOC135685596	LOC106873568	LOC110449182		LOC129983614
OG0007458	LOC121867868	LOC136426034	Oda		LOC106874571	LOC110448712	LOC100184038	LOC129956711
OG0007459	LOC121867905	LOC136439245	CG8320	LOC135690518		LOC110458484	LOC100176267	LOC129984252
OG0007460	LOC121867947	LOC136441556	CG7484	LOC135694179		LOC110464960	sep15	LOC129973083
OG0007461	LOC121867977	LOC136423812		LOC135696771	LOC106872665	LOC110466227	zf_an1/a20like_-2	LOC129965658
OG0007462	LOC121867998	LOC136441200	CG12099	LOC135683934		LOC110464007	LOC100187015	LOC129965672
OG0007463	LOC121868004	LOC136432636	ArgRS-m		LOC106871987	LOC110464805	LOC100177260	LOC129975816
OG0007465	LOC121868224	LOC136432912	Naa40	LOC135686209	LOC106880900	LOC110450220		LOC129972388
OG0007467	LOC121868270	LOC136444525		LOC135694390	LOC106880036	LOC110452520	LOC100176974	LOC129957187
OG0007469	LOC121868358		Kpc2	LOC135693479	LOC106884356	LOC110448960	LOC100175643	LOC129963387
OG0007470	LOC121868372	LOC136439584	B9d1	LOC135691520	LOC106882485	LOC110446540		LOC129964106
OG0007471	LOC121868375	LOC136434489	Hakai	LOC135692808		LOC110460980	zf_ring/c2h2_-1	LOC129988906
OG0007472	LOC121868378	LOC136430896	Non2	LOC135696540	LOC106883373	LOC110445712		LOC129960001
OG0007473	LOC121868388	LOC136441594		LOC135685480	LOC106870215	LOC110467198	LOC100186101	LOC129976330
OG0007474	LOC121868403	LOC136425263	ergic53	LOC135690380	LOC106875548	LOC110452725		LOC129975138
OG0007475	LOC121868520	LOC136435486		LOC135692905	LOC106881009	LOC110461218	LOC100182054	LOC129960088
OG0007477	LOC121868552		DCTN6-p27	LOC135690734	LOC106874572	LOC110464977	LOC100180245	LOC129963001
OG0007478	LOC121868556	LOC136423811	mRpS17		LOC106872994	LOC110447606	LOC100184002	LOC129972485
OG0007479	LOC121868557	LOC136438580	Tmx3		LOC106871411	LOC110447628	LOC100185726	LOC129971455
OG0007480	LOC121868562	LOC136436252	GatB		LOC106867553	LOC110445792	LOC100180504	LOC129965881
OG0007481	LOC121868584	LOC136436772	Scgbeta	LOC135686510	LOC106876402	LOC110457231		LOC129960803
OG0007486	LOC121868737	LOC136425440	CG9922		LOC106879843	LOC110454485	LOC104265533	LOC129958447
OG0007489	LOC121868813	LOC136439319	CG7382	LOC135690678	LOC106878442	LOC110467507		LOC129960865
OG0007490	LOC121868821	LOC136444585	Dph5		LOC106876766	LOC110440663	LOC100181968	LOC129970596
OG0007491	LOC121868824	LOC136422013	mtSSB	LOC135696525	LOC106876227	LOC110450133		LOC129972930
OG0007493	LOC121868850	LOC136432592	Srp9	LOC135684339	LOC128249078	LOC110450474		LOC129983692
OG0007494	LOC121868854	LOC136430925		LOC135696419	LOC106872977	LOC110466383	LOC100185304	LOC129958287
OG0007495	LOC121868855	LOC136429823		LOC135695984	LOC106884228	LOC110464860	LOC100180398	LOC129972853
OG0007496	LOC121868856	LOC136439167		LOC135694001	LOC106872675	LOC110463342	LOC100182438	LOC129971674
OG0007498	LOC121869011	LOC136430699	Ublcp1	LOC135696067	LOC106883337	LOC110457166	LOC100175954	
OG0007499	LOC121869018	LOC136434306	CG7650	LOC135692924	LOC106880537	LOC110446700	LOC100179946	
OG0007500	LOC121869021	LOC136434311		LOC135692387	LOC106876908	LOC110453233	LOC100176337	LOC129975918
OG0007501	LOC121869186	LOC136437438		LOC135686643	LOC106877720	LOC110447191	LOC100177775	LOC129968667
OG0007503	LOC121869342	LOC136433934	Pits	LOC135686646	LOC106871600	LOC110449286		LOC129959282
OG0007504	LOC121869377	LOC136434549		LOC135692731	LOC106872730	LOC110456243	LOC100180952	LOC129968965
OG0007506	LOC121869454	LOC136430732	CG2218	LOC135696147	LOC106870389	LOC110464217	LOC100179665	
OG0007507	LOC121869506	LOC136436832	cu	LOC135686896	LOC106875999	LOC110454107		LOC129960118
OG0007508	LOC121869544	LOC136435318		LOC135696444	LOC106873283	LOC110446706	LOC100182380	LOC129967095
OG0007510	LOC121869562	LOC136443655	heix	LOC135688559	LOC106870432	LOC110448264		LOC129968803
OG0007511	LOC121869571	LOC136440096		LOC135691588	LOC106871344	LOC110453891	LOC100183150	LOC129988262
OG0007512	LOC121869572	LOC136432745	l_3_neo43	LOC135681308	LOC128246978		LOC113474533	LOC129966359
OG0007513	LOC121869592	LOC136435006	mRpL2	LOC135682215	LOC106867598		LOC100186731	LOC129988325
OG0007515	LOC121869638	LOC136436753		LOC135686002	LOC106873216	LOC110440364	LOC100179157	LOC129958345
OG0007516	LOC121869653	LOC136432556		LOC135686289	LOC106878265	LOC110442210	LOC113475084	LOC129964274
OG0007518	LOC121869740	LOC136441176	CG1344	LOC135693528	LOC106874673	LOC110445236	LOC100179773	
OG0007519	LOC121869957	LOC136442840	sds22		LOC106881581	LOC110460643	LOC100182429	LOC129984535
OG0007520	LOC121869997	LOC136435463	CG3021		LOC106871205	LOC110442092	LOC100175674	LOC129988547
OG0007521	LOC121870002	LOC136447806		LOC135681922	LOC106870206	LOC110464317	LOC100184988	LOC129965591
OG0007522	LOC121870011	LOC136438968		LOC135680823	LOC106878812	LOC110445466	LOC100184123	LOC129975723
OG0007523	LOC121870060	LOC136428298	pygo	LOC135687498	LOC106875927		LOC100180148	LOC129976364
OG0007524	LOC121870066	LOC136439604	lwr	LOC135691724	LOC106867401	LOC110464494		LOC129970011
OG0007525	LOC121870231	LOC136449200		LOC135695337	LOC106869176	LOC110450121	LOC100179358	LOC129984207
OG0007526	LOC121870237	LOC136436482	Lsm10	LOC135685552	LOC106879248	LOC110449848		LOC129984494
OG0007527	LOC121870363	LOC136432852	Polr2I	LOC135685299	LOC106878968	LOC110466340		LOC129971062
OG0007529	LOC121870379	LOC136432883		LOC135692087	LOC106869617	LOC110453904	LOC100181711	LOC129967071
OG0007530	LOC121870392	LOC136433530		LOC135685125	LOC106869494	LOC110441895	LOC100178249	LOC129980493
OG0007531	LOC121870407	LOC136438573	EloB	LOC135683573		LOC110461184	LOC100186014	LOC129971339
OG0007532	LOC121870411	LOC136432211	CG5004		LOC106869304	LOC110453881	LOC100186226	LOC129969590
OG0007533	LOC121870414	LOC136447280	Eaf	LOC135686873		LOC110461187	LOC100184137	LOC129981336
OG0007534	LOC121870515	LOC136436081		LOC135686714	LOC106872295	LOC110449543	LOC101242912	LOC129960087
OG0007535	LOC121870631	LOC136430456	CG13126	LOC135691263	LOC106878395	LOC110466819		LOC129960124
OG0007537	LOC121870637	LOC136428191	mRpL39		LOC106869854	LOC110442279	LOC100178119	LOC129959144
OG0007538	LOC121870687	LOC136440429	Arl6IP1		LOC106877942	LOC110455685	LOC100183264	LOC129968288
OG0007539	LOC121870698	LOC136431132	Dhx15	LOC135695980	LOC106876850	LOC110454464		LOC129987951
OG0007540	LOC121870744	LOC136426874	CG7071	LOC135690111	LOC106871514	LOC110464074		LOC129984785
OG0007541	LOC121870773	LOC136430865		LOC135696420	LOC106873392	LOC110441977	LOC100183524	LOC129960415
OG0007542	LOC121870963	LOC136443300	Fbxo42	LOC135688063	LOC106876720	LOC110460242		LOC129989327
OG0007544	LOC121870972	LOC136432218		LOC135684591	LOC106867861	LOC110465655	LOC100178345	LOC129965704
OG0007545	LOC121871046	LOC136431377		LOC135695854	LOC106884306	LOC110455405	LOC100181036	LOC129969073
OG0007546	LOC121871052	LOC136449159	mRpL9	LOC135688075	LOC106875306	LOC110458755		LOC129971428
OG0007547	LOC121871059	LOC136433863	PIG-F	LOC135693599	LOC106873175	LOC110466507		LOC129975935
OG0007548	LOC121871072	LOC136445704	lok	LOC135684014	LOC106878443	LOC110445255	LOC100175326	
OG0007549	LOC121871074		phtf	LOC135690143	LOC106880514	LOC110464174	LOC100181097	LOC129980948
OG0007550	LOC121871082	LOC136434626	CG10055		LOC106874200	LOC110441475	LOC100178095	LOC129988051
OG0007551	LOC121871092	LOC136439266	PGAP5		LOC106880848	LOC110450797	LOC100179403	LOC129963998
OG0007553	LOC121871166	LOC136423870	CG3008	LOC135689498	LOC106876715	LOC110452132		LOC129975172
OG0007554	LOC121871203	LOC136425288	Spec2	LOC135690315	LOC106871450	LOC110466920		LOC129969700
OG0007556	LOC121871221	LOC136428265	CG4553		LOC106880138	LOC110443166	LOC104265406	LOC129980730
OG0007557	LOC121871236	LOC136427347	CG8675	LOC135687023	LOC106870820	LOC110454219		LOC129954372
OG0007558	LOC121871256	LOC136428389		LOC135690263	LOC106871101	LOC110462960	LOC100182832	LOC129958970
OG0007559	LOC121871263	LOC136439094		LOC135690726	LOC106878987	LOC110466767	LOC100180808	LOC129961846
OG0007560	LOC121871407	LOC136424229	Tango11		LOC106876950	LOC110452007	LOC100184063	LOC129969550
OG0007561	LOC121871410	LOC136435337	MTF-1	LOC135685717		LOC110460256	zf_c2h2_-141	LOC129975915
OG0007562	LOC121871419	LOC136432421		LOC135680837	LOC106867847	LOC110442923	LOC100187019	LOC129966579
OG0007563	LOC121871440	LOC136431374	Mms19	LOC135695213	LOC106882939	LOC110464717	LOC100179544	
OG0007564	LOC121871496	LOC136442833		LOC135681272	LOC106880763	LOC110457687	LOC100183884	LOC129987852
OG0007565	LOC121871531	LOC136442262	Arp5	LOC135693507	LOC106873456	LOC110464148		LOC129963354
OG0007566	LOC121871633	LOC136431434		LOC135695896	LOC106883867	LOC110451714	LOC100186542	LOC129966637
OG0007567	LOC121871644	LOC136445221	ND-B14.7	LOC135694709	LOC106869428	LOC110442799		LOC129984495
OG0007568	LOC121871718	LOC136448212	CG7530	LOC135680909	LOC106873786	LOC110450569	LOC108951060	
OG0007569	LOC121871773	LOC136444648		LOC135685290	LOC106876088	LOC110445165	LOC113474339	LOC129958067
OG0007570	LOC121871776	LOC136435624		LOC135692744	LOC106879280	LOC110443903	LOC100181703	LOC129988253
OG0007571	LOC121871789	LOC136437829	CG30010	LOC135688301	LOC106883717	LOC110443233		LOC129961756
OG0007572	LOC121871799	LOC136447557	Blos1	LOC135682085		LOC110463675	LOC100183183	LOC129957426
OG0007573	LOC121871804	LOC136444598	CRIF		LOC106876383	LOC110462541	LOC100175511	LOC129980520
OG0007574	LOC121871829	LOC136434477		LOC135685197	LOC106881843	LOC110448831	LOC100178501	LOC129981361
OG0007575	LOC121871849	LOC136427317	CG14767	LOC135688814	LOC106876378	LOC110448325		LOC129959109
OG0007576	LOC121871850	LOC136422555		LOC135684744	LOC106874444	LOC110460531	LOC100178139	LOC129959511
OG0007577	LOC121871853	LOC136445428	CG14270		LOC106883260	LOC110466657	LOC104265610	LOC129984391
OG0007578	LOC121871854	LOC136432342	Rpp20	LOC135692053	LOC106869399	LOC110456270		LOC129971739
OG0007579	LOC121871880	LOC136435714	Yod1		LOC106883143	LOC110454586	LOC100178793	LOC129960750
OG0007580	LOC121871886	LOC136436568	Ids		LOC106871045	LOC110456562	LOC100185385	LOC129962674
OG0007581	LOC121871992	LOC136435461		LOC135692728	LOC106867335	LOC110447283	LOC100178240	LOC129963880
OG0007583	LOC121872021	LOC136433065	Grx5		LOC106883097	LOC110466051	LOC100182247	LOC129965362
OG0007584	LOC121872022	LOC136433403	CG33108		LOC106880090	LOC110461433	LOC100177468	LOC129981459
OG0007585	LOC121872037	LOC136435048	TTLL3A	LOC135692839	LOC106868417	LOC110443883	LOC100183427	
OG0007588	LOC121872069	LOC136441647	RalGPS		LOC106870506	LOC110461813	LOC100176395	LOC129963279
OG0007589	LOC121872073	LOC136447104	CG11178	LOC135691853	LOC106877651	LOC110463672		LOC129963953
OG0007591	LOC121872258	LOC136423508	rogdi	LOC135682986	LOC106881382	LOC110461374		LOC129965790
OG0007593	LOC121872292	LOC136449075	p115	LOC135690032	LOC106878597	LOC110453669		LOC129984116
OG0007594	LOC121872293	LOC136439318	CG7544	LOC135683235	LOC106869560	LOC110455566		LOC129965544
OG0007595	LOC121872302	LOC136434917	CG7523	LOC135684149	LOC106868350	LOC110461273		LOC129966006
OG0007596	LOC121872353	LOC136437044	CG7840		LOC106867229	LOC110466723	LOC100181505	LOC129969636
OG0007597	LOC121872451	LOC136445325	CG13404	LOC135695153		LOC110443598	LOC100185164	LOC129984368
OG0007599	LOC121872568	LOC136439075	Psf3	LOC135691315	LOC106876407	LOC110449913		LOC129971355
OG0007600	LOC121872602	LOC136434373		LOC135686771	LOC106878752	LOC110461236	LOC100175967	LOC129975955
OG0007601	LOC121872617	LOC136431432	wuho	LOC135689822	LOC106870740	LOC110447846		LOC129980635
OG0007603	LOC121872664	LOC136444358	CG11594		LOC106874293	LOC110443614	LOC100179764	LOC129985113
OG0007604	LOC121872679	LOC136433565		LOC135690537	LOC128246993	LOC110454356	LOC100184607	LOC129984035
OG0007605	LOC121872680	LOC136420793	CG13202	LOC135690865	LOC106878686	LOC110461169	LOC100176015	
OG0007606	LOC121872733	LOC136443260		LOC135688598	LOC106872259	LOC110448243	LOC100186388	LOC129989124
OG0007607	LOC121872871	LOC136432249	mRpL48		LOC106878266	LOC110458953	LOC100178668	LOC129973024
OG0007608	LOC121872872	LOC136448102	pall		LOC106875619	LOC110454915	LOC100182518	LOC129958966
OG0007610	LOC121872888	LOC136443296		LOC135688127	LOC106871223	LOC110455292	LOC104265815	LOC129981874
OG0007611	LOC121872904	LOC136425102		LOC135690204	LOC106867451	LOC110462606	LOC104266549	LOC129966952
OG0007612	LOC121872905	LOC136440686		LOC135691561	LOC106872459	LOC110458285	LOC100183213	LOC129960511
OG0007613	LOC121872907	LOC136443921	CG14286	LOC135688348		LOC110460233	LOC100187368	LOC129959632
OG0007614	LOC121872919	LOC136434867	pigeon	LOC135683194	LOC106883136	LOC110443413	LOC100182678	
OG0007615	LOC121872947	LOC136436685		LOC135695922	LOC106870800	LOC110445531	LOC100178532	LOC129976691
OG0007616	LOC121872965	LOC136446837		LOC135682088	LOC106876325	LOC110464353	LOC100181402	LOC129981200
OG0007617	LOC121872993	LOC136422346		LOC135693267	LOC106878710	LOC110449468	LOC100180539	LOC129981183
OG0007618	LOC121873023	LOC136438981	LUBEL		LOC106880662	LOC110446780	zf_ring/c6hc_-6	LOC129971239
OG0007619	LOC121873093	LOC136420466	Larp4B		LOC106871491	LOC110448985	LOC100185505	LOC129969449
OG0007620	LOC121873112	LOC136426628	kon		LOC106873931	LOC110445649	LOC100175712	LOC129961965
OG0007621	LOC121873151	LOC136447388	mRpS34		LOC106868026	LOC110451245	LOC100182579	LOC129956961
OG0007622	LOC121873161	LOC136421174	BI-1	LOC135681568		LOC110442197	LOC100183095	LOC129984022
OG0007623	LOC121873169	LOC136433797	Tom20		LOC106877834	LOC110447437	LOC100183146	LOC129975485
OG0007624	LOC121873206	LOC136443064	ND-SGDH		LOC106873016	LOC110458853	LOC100176872	LOC129973056
OG0007625	LOC121873220	LOC136437326		LOC135686576	LOC106872244	LOC110459986	LOC104265727	LOC129988469
OG0007626	LOC121873232	LOC136426887	CG3224	LOC135686076	LOC106869882	LOC110446772		LOC129966132
OG0007627	LOC121873262	LOC136428035		LOC135689094	LOC106876276	LOC110445967	LOC100181588	LOC129963989
OG0007630	LOC121873305	LOC136439196		LOC135690577	LOC106880460	LOC110466810	LOC100182191	LOC129989309
OG0007631	LOC121873347	LOC136430266	CG14683		LOC106871759	LOC110455232	LOC100183661	LOC129981247
OG0007632	LOC121873531	LOC136443831	CenB1A	LOC135688339	LOC106877620	LOC110455305	arfgap-6	
OG0007633	LOC121873559	LOC136435219		LOC135692535	LOC106872457	LOC110447652	LOC100186570	LOC129973081
OG0007634	LOC121873632	LOC136437351	CG9586	LOC135690127	LOC106883161	LOC110448764		LOC129957574
OG0007635	LOC121873665	LOC136421428		LOC135691013	LOC106873102	LOC110450168	LOC100183149	LOC129960526
OG0007636	LOC121873693	LOC136442885	Spt6	LOC135683976	LOC106881379	LOC110460938		LOC129966818
OG0007638	LOC121873814	LOC136435546		LOC135681575	LOC106879858	LOC110453212	LOC100181003	LOC129988955
OG0007639	LOC121873848	LOC136421704	CG7453	LOC135682015	LOC106881283	LOC110448389		LOC129984229
OG0007640	LOC121873855	LOC136443316	Tmem18	LOC135689811	LOC106879462	LOC110446905		LOC129971318
OG0007642	LOC121874040	LOC136427842		LOC135687162	LOC106870824	LOC110465583	LOC100185584	LOC129964814
OG0007643	LOC121874081	LOC136432170		LOC135688198	LOC106871997	LOC110456298	LOC100176913	LOC129972968
OG0007644	LOC121874138	LOC136433630	Afti		LOC106883746	LOC110467266	LOC100182104	LOC129971557
OG0007646	LOC121874163	LOC136430840	CG9849		LOC106867701	LOC110462322	LOC100180430	LOC129960725
OG0007648	LOC121874182	LOC136433307		LOC135696636	LOC106882700	LOC110451370	LOC101242740	LOC129960345
OG0007649	LOC121874184	LOC136440943	dila	LOC135692084	LOC106870524	LOC110453882	LOC100186025	
OG0007650	LOC121874239	LOC136439380	NFAT	LOC135686931	LOC106876878	LOC110457471	LOC100187129	
OG0007651	LOC121874264	LOC136428386	Snx27		LOC106876773	LOC110447422	LOC100178144	LOC129962030
OG0007652	LOC121874291	LOC136438571		LOC135681307	LOC106877027	LOC110461889	LOC100177664	LOC129983561
OG0007653	LOC121874323	LOC136439374		LOC135683209	LOC106876009	LOC110452333	LOC100175895	LOC129975445
OG0007654	LOC121874376	LOC136425438	CG17272	LOC135684983	LOC106869102	LOC110451461	LOC100186781	
OG0007656	LOC121874476	LOC136444778	Sgt	LOC135682794	LOC106879194	LOC110466622		LOC129960328
OG0007657	LOC121874503	LOC136435639		LOC135685689	LOC106872743	LOC110455082	LOC100185356	LOC129975793
OG0007658	LOC121874504	LOC136436624	gogo		LOC106872414	LOC110442324	LOC100187010	LOC129958644
OG0007659	LOC121874556	LOC136422825	Fsn		LOC106873669	LOC110467068	LOC100184214	LOC129963190
OG0007660	LOC121874563	LOC136430218		LOC135691852	LOC106869725	LOC110459326	LOC100178519	LOC129965444
OG0007661	LOC121874568	LOC136439632	rdgBbeta	LOC135691883	LOC106876575	LOC110454607	LOC100181747	
OG0007663	LOC121874685	LOC136447568	CG12659	LOC135688720	LOC106870857	LOC110450376		LOC129962271
OG0007664	LOC121874785	LOC136437855	CG4069		LOC106870242	LOC110466861	LOC100184482	LOC129988160
OG0007665	LOC121874871	LOC136448359		LOC135693799	LOC106868457	LOC110451237	LOC100187496	LOC129972550
OG0007666	LOC121874879	LOC136424769	mRpS14		LOC106878291	LOC110452013	LOC104266667	LOC129963604
OG0007667	LOC121874891	LOC136440249	CG4610		LOC106878979	LOC110446850	LOC100186114	LOC129965675
OG0007668	LOC121874912	LOC136424849		LOC135689358	LOC106873965	LOC110457997	LOC100175477	LOC129976484
OG0007670	LOC121875039	LOC136428997		LOC135687285	LOC106883917	LOC110455973	LOC100177578	LOC129988145
OG0007671	LOC121875091	LOC136433214		LOC135681326	LOC106871312	LOC110466145	LOC100184043	LOC129975888
OG0007672	LOC121875113	LOC136432471		LOC135690041	LOC106877183	LOC110446509	LOC100182290	LOC129981180
OG0007673	LOC121875144	LOC136427743	MCPH1	LOC135687600	LOC106878145	LOC110442362	LOC100180865	
OG0007674	LOC121875170	LOC136423438		LOC135696370	LOC106867461	LOC110466444	LOC100178677	LOC129960387
OG0007675	LOC121875210		Rrp4	LOC135693782	LOC106872084	LOC110442534	LOC100182394	LOC129988346
OG0007676	LOC121875211	LOC136420648	CG14434		LOC106875754	LOC110457100	LOC100182215	LOC129984628
OG0007679	LOC121875299	LOC136435462	EDTP		LOC106871204	LOC110442084	LOC100186380	LOC129988467
OG0007680	LOC121875328	LOC136427169	Dtwd2		LOC106878565	LOC110461509	LOC100184275	LOC129988599
OG0007681	LOC121875350	LOC136425592	Trs31	LOC135694414	LOC106874298	LOC110454578		LOC129981295
OG0007682	LOC121875456	LOC136430148	CG4558	LOC135695378	LOC106880313	LOC110465724		LOC129958370
OG0007683	LOC121875457	LOC136432174	Glo1	LOC135695326	LOC106874764	LOC110466361	LOC100176313	
OG0007684	LOC121875490	LOC136430328	CG13842	LOC135696097	LOC106868655	LOC110466296	LOC100185144	
OG0007685	LOC121875617	LOC136448248		LOC135691286	LOC106875355	LOC110446286	LOC100182436	LOC129966877
OG0007686	LOC121875626	LOC136434908		LOC135681114	LOC106873904	LOC110448866	LOC100183378	LOC129963299
OG0007687	LOC121875692	LOC136435493		LOC135692741	LOC106874989	LOC110443895	LOC100175983	LOC129981259
OG0007688	LOC121875696	LOC136422885	c12.2		LOC106871189	LOC110465282	LOC100181759	LOC129991616
OG0007689	LOC121875718	LOC136440285	CG8326		LOC106869350	LOC110451789	LOC101241914	LOC129975966
OG0007690	LOC121875747	LOC136422411	CG17202	LOC135685243	LOC106875902	LOC110451546	LOC100180468	
OG0007691	LOC121875780	LOC136449190	vimar	LOC135681487	LOC106869143	LOC110455679		LOC129988722
OG0007692	LOC121875825		CG10428	LOC135686419	LOC106881755	LOC110454839	LOC100176274	LOC129963574
OG0007693	LOC121875903	LOC136445579	Smug		LOC106884286	LOC110447794	LOC100175942	LOC129981834
OG0007694	LOC121875906	LOC136423863	CG5292	LOC135684188		LOC110463106	LOC100185274	LOC129988756
OG0007695	LOC121875980	LOC136437991		LOC135692186	LOC106874453	LOC110466936	LOC100177670	LOC129961736
OG0007696	LOC121876096	LOC136433581		LOC135684481	LOC106876969	LOC110461765	LOC108950261	LOC129981758
OG0007698	LOC121876254	LOC136422628	GluRS-m		LOC106874708	LOC110442991	LOC100175226	LOC129975150
OG0007699	LOC121876256	LOC136440224	rudhira		LOC106875506	LOC110458547	LOC100185047	LOC129971346
OG0007700	LOC121876301	LOC136424173	mRpL53		LOC106870149	LOC110452174	LOC101242351	LOC129976462
OG0007701	LOC121876386	LOC136445278	CG8858	LOC135695053	LOC106878177	LOC110450601	LOC100183050	
OG0007703	LOC121876439	LOC136428384		LOC135687443	LOC106875327	LOC110445685	LOC100178293	LOC129988294
OG0007705	LOC121876478	LOC136441430		LOC135684615	LOC106880550	LOC110460939	LOC100183254	LOC129958787
OG0007706	LOC121876522	LOC136422847	Lamtor4	LOC135684319	LOC106868035	LOC110463766		LOC129968164
OG0007707	LOC121876615	LOC136439678		LOC135682459	LOC106868484	LOC110448221	LOC100182813	LOC129969219
OG0007708	LOC121876649	LOC136429605		LOC135685676	LOC106880128	LOC110446129	LOC100181329	LOC129966354
OG0007710	LOC121876665	LOC136439154	bcn92	LOC135690576	LOC106880225	LOC110446319		LOC129963597
OG0007711	LOC121876671	LOC136441445	Pdss2		LOC106877306	LOC110467190	LOC113474070	LOC129954654
OG0007712	LOC121876730	LOC136438849		LOC135690591	LOC106878471	LOC110457487	LOC100175191	LOC129963175
OG0007713	LOC121876777	LOC136436320	AsnRS-m		LOC106881799	LOC110455478	LOC100179750	LOC129981448
OG0007714	LOC121876792	LOC136441899	fsd	LOC135689546	LOC106870907	LOC110453170		LOC129973060
OG0007715	LOC121876799	LOC136435217		LOC135688446	LOC106874659	LOC110449301	LOC100185290	LOC129975714
OG0007716	LOC121876803	LOC136444518	Mul1	LOC135683299		LOC110463144	LOC100179597	LOC129972257
OG0007717	LOC121876820	LOC136439113		LOC135690767	LOC106868515	LOC110443246	LOC100182287	LOC129985181
OG0007718	LOC121876822	LOC136431395		LOC135696804	LOC106883316	LOC110462099	LOC100186242	LOC129976629
OG0007719	LOC121876840	LOC136443553	Rpp25		LOC106877581	LOC110457923	LOC101242189	LOC129960891
OG0007720	LOC121876863	LOC136427657	Dek		LOC106869008	LOC110454403	LOC104266806	LOC129960410
OG0007721	LOC121876882	LOC136421831	mtDNA-helicase	LOC135695730	LOC106882273	LOC110463114		LOC129985226
OG0007725	LOC121877164	LOC136449198		LOC135689718	LOC106876866	LOC110454319	LOC100180817	LOC129976648
OG0007726	LOC121877234	LOC136433334		LOC135681296	LOC106871176	LOC110463438	LOC100183088	LOC129976242
OG0007727	LOC121877236	LOC136423522	Mid1		LOC106868473	LOC110461864	LOC100186046	LOC129981906
OG0007730	LOC121877256	LOC136430038	Mpc1		LOC106871809	LOC110465411	LOC100175853	LOC129958190
OG0007731	LOC121877334	LOC136428216		LOC135687209	LOC106872686	LOC110465582	LOC100181938	LOC129964271
OG0007733	LOC121877368	LOC136434612	CG8097		LOC106881746	LOC110458029	LOC104266369	LOC129957141
OG0007734	LOC121877373	LOC136439738	trus	LOC135690124	LOC106867191	LOC110448547	LOC100186258	
OG0007735	LOC121877375	LOC136431019	CG16890	LOC135696450		LOC110455420	LOC100177641	LOC129976739
OG0007736	LOC121877389		CG34213	LOC135687499	LOC106881118	LOC110445554	LOC100177780	LOC129962416
OG0007737	LOC121877468	LOC136438927	CG34001	LOC135691078	LOC106869188	LOC110460671	LOC104265697	
OG0007739	LOC121877475	LOC136425164		LOC135690338	LOC106876376	LOC110443126	LOC100186595	LOC129964357
OG0007740	LOC121877486	LOC136441314		LOC135683351	LOC106875708	LOC110452718	LOC100187112	LOC129961930
OG0007741	LOC121877600	LOC136424001	CG13605	LOC135684029	LOC106881032	LOC110461721		LOC129981044
OG0007742	LOC121877679	LOC136431470		LOC135695960	LOC106870758	LOC110464548	LOC100180247	LOC129981417
OG0007743	LOC121877705	LOC136421984	Aplip1	LOC135689071	LOC106869929	LOC110450696	LOC100180686	
OG0007744	LOC121877708	LOC136427582		LOC135687514	LOC106868106	LOC110454233	LOC100179335	LOC129981007
OG0007745	LOC121877761	LOC136449332	Scgalpha	LOC135696613	LOC106868653	LOC110462346		LOC129957240
OG0007746	LOC121877841	LOC136440643	PIG-X	LOC135691565	LOC106882807	LOC110455677		LOC129984061
OG0007748	LOC121877933	LOC136434102	mRpL14		LOC106879835	LOC110459593	LOC104265830	LOC129976693
OG0007749	LOC121877967	LOC136439969		LOC135691655	LOC106873867	LOC110451217	LOC100179462	LOC129988368
OG0007751	LOC121878048	LOC136424764	mRpS28	LOC135689882	LOC106867345	LOC110452157		LOC129971678
OG0007752	LOC121878055	LOC136425488	CG3909	LOC135692936		LOC110459628	LOC100182087	LOC129975811
OG0007753	LOC121878073	LOC136446841		LOC135682762	LOC106877201	LOC110463363	LOC100184179	LOC129966749
OG0007754	LOC121878158	LOC136439416	SmD1	LOC135690886		LOC110448108	LOC100177388	LOC129971133
OG0007755	LOC121878232	LOC136439611		LOC135691702	LOC106868305	LOC110464666	LOC100177286	LOC129974376
OG0007757	LOC121878266	LOC136443413	fu	LOC135683045	LOC106881984	LOC110442880	LOC101242450	
OG0007758	LOC121878294	LOC136427804		LOC135689092	LOC106878450	LOC110452521	LOC100179770	LOC129958848
OG0007759	LOC121878295	LOC136440147	MED18	LOC135686421	LOC106883204	LOC110450291		LOC129974792
OG0007760	LOC121878325	LOC136423282	CG6621	LOC135695927	LOC106882663	LOC110461496	LOC100175609	
OG0007761	LOC121878380	LOC136440833		LOC135685043	LOC106880595	LOC110467187	LOC100184837	LOC129975079
OG0007762	LOC121878388	LOC136442088	slx1		LOC106870343	LOC110461325	LOC100186424	LOC129959636
OG0007764	LOC121878507	LOC136422094	CG44774	LOC135696026	LOC128250432	LOC110442753		LOC129957382
OG0007765	LOC121878525	LOC136430302	CG6136	LOC135696278	LOC106870504	LOC110460044		LOC129963587
OG0007766	LOC121878535	LOC136440128		LOC135696736	LOC106882037	LOC110446551	LOC101242851	LOC129965774
OG0007767	LOC121878561	LOC136427488	Ssb-c31a	LOC135687082		LOC110447242	LOC100178426	LOC129990588
OG0007768	LOC121878725	LOC136435512	CG12567	LOC135686629	LOC106878192	LOC110456010		LOC129966313
OG0007769	LOC121878747	LOC136447977	Dpck		LOC128249921	LOC110443039	LOC113474025	LOC129981223
OG0007770	LOC121878790	LOC136433318	Sptz	LOC135682116	LOC106867460	LOC110460149		LOC129981163
OG0007772	LOC121878979	LOC136439754	CG5412	LOC135682355	LOC106871921	LOC110446228		LOC129960008
OG0007774	LOC121879070	LOC136441509		LOC135693253	LOC106881381	LOC110455593	zf_mynd_-12	LOC129957584
OG0007775	LOC121879074	LOC136440003	TyrRS-m		LOC106882089	LOC110458647	LOC100185279	LOC129963269
OG0007776	LOC121879084	LOC136427555	CG6931	LOC135687080	LOC106870131	LOC110445640		LOC129988093
OG0007777	LOC121879090	LOC136436299	Polr1D	LOC135686120	LOC106880344	LOC110442260		LOC129966734
OG0007778	LOC121879119	LOC136432958	Appl	LOC135684889	LOC106870068	LOC110451283		LOC129968684
OG0007780	LOC121879139	LOC136442353		LOC135696283	LOC106881455	LOC110442737	LOC100184749	LOC129968123
OG0007781	LOC121879350	LOC136433349	Cdk8	LOC135685448	LOC106878348	LOC110456883		LOC129966837
OG0007782	LOC121879421	LOC136443074		LOC135688244	LOC106870948	LOC110462920	LOC100179169	LOC129961101
OG0007783	LOC121879539	LOC136445109	maca	LOC135694680	LOC106880075	LOC110459570	LOC100182699	
OG0007785	LOC121879562	LOC136429169		LOC135684412	LOC106879729	LOC110465683	LOC100185996	LOC129980519
OG0007786	LOC121879577	LOC136432476	CG1785	LOC135684563		LOC110441620	LOC100176217	LOC129975794
OG0007787	LOC121879631	LOC136422826	Ncoa6		LOC106875131	LOC110443570	LOC100179823	LOC129962505
OG0007788	LOC121879664	LOC136427123		LOC135687265	LOC106884436	LOC110454952	LOC100184842	LOC129969496
OG0007789	LOC121879665	LOC136444545		LOC135694492	LOC106869429	LOC110443656	LOC100177509	LOC129976302
OG0007790	LOC121879687	LOC136439761	ATPsynF		LOC106880447	LOC110443210	LOC100178344	LOC129968999
OG0007791	LOC121879692	LOC136423024	Pat1	LOC135683067	LOC106883965	LOC110463833		LOC129991794
OG0007792	LOC121879716	LOC136441313	Spt7	LOC135695819	LOC106881885	LOC110440337	LOC100177564	
OG0007793	LOC121879731	LOC136423035		LOC135684576	LOC106874173	LOC110447891	LOC100182630	LOC129957206
OG0007794	LOC121879738	LOC136444934	ProRS-m		LOC106871571	LOC110460277	LOC104265518	LOC129988433
OG0007795	LOC121879743	LOC136438658	pr		LOC106876574	LOC110460181	LOC100183853	LOC129966993
OG0007796	LOC121879747	LOC136441553	Nelf-E		LOC106876999	LOC110467413	LOC100182171	LOC129969436
OG0007797	LOC121879772	LOC136428261		LOC135687169	LOC106870122	LOC110446558	LOC100180059	LOC129957146
OG0007798	LOC121879777	LOC136440985		LOC135691643	LOC106875805	LOC110453664	LOC100182574	LOC129970762
OG0007799	LOC121879891	LOC136428953	fh	LOC135687288	LOC106877921	LOC110447232		LOC129969603
OG0007801	LOC121879954	LOC136422839		LOC135684779	LOC106874328	LOC110467267	LOC100175682	LOC129969003
OG0007802	LOC121880018	LOC136432389	oaf	LOC135684136	LOC106875724	LOC110442697		LOC129959279
OG0007803	LOC121880164	LOC136423076	CG43295	LOC135690885	LOC106883645	LOC110445367		LOC129981787
OG0007804	LOC121880172	LOC136435763		LOC135686044	LOC106872998	LOC110442930	LOC100182525	LOC129988639
OG0007807	LOC121880310	LOC136437426	CG13018	LOC135686906	LOC106870429	LOC110447102		LOC129968973
OG0007808	LOC121880473	LOC136438713		LOC135684016	LOC106878938	LOC110457831	LOC100185375	LOC129966000
OG0007809		COX3	COX3	COX3	COX3	COX3	COX3	LOC129959119
OG0007811		LOC136420526	Rcd5	LOC135681365	LOC106882007	LOC110456855	LOC100183732	LOC129972161
OG0007812		LOC136420631	Syx17	LOC135681605	LOC106873041	LOC110459315	LOC100181148	LOC129975265
OG0007820		LOC136422408	CG1271	LOC135692136	LOC106880303	LOC110462480	LOC100178264	LOC129958803
OG0007828		LOC136423439	CG44001	LOC135683410	LOC106867252	LOC110448081	LOC100180104	LOC129988849
OG0007829		LOC136423460	Polr3B	LOC135686461	LOC106873287	LOC110460950	LOC100175086	LOC129984010
OG0007834		LOC136423912	CG14903	LOC135682871	LOC106868998	LOC110459698	LOC100183646	LOC129972434
OG0007835		LOC136423951	Uqcc1	LOC135689690	LOC106869403	LOC110446403	LOC100185198	LOC129957175
OG0007852		LOC136427126	Vlet	LOC135687574	LOC106868948	LOC110445594	LOC100184656	LOC129956077
OG0007857		LOC136428071	Crtc	LOC135687094	LOC106881030	LOC110460164	LOC100176783	LOC129959897
OG0007859		LOC136428387	gish	LOC135687602	LOC106876726	LOC110445686	LOC100181432	LOC129968563
OG0007860		LOC136428454	Rsph3	LOC135685235	LOC106869906	LOC110467294	rsp3	LOC129964415
OG0007868		LOC136430623	CG13436	LOC135695970	LOC106881530	LOC110464453	LOC100178966	LOC129984749
OG0007871		LOC136430684	ytr	LOC135695883	LOC106877118	LOC110455432	LOC100176822	LOC129969610
OG0007873		LOC136430926	CG10222	LOC135685766	LOC106880599	LOC110445595	LOC100181475	LOC129962122
OG0007879		LOC136432364	Ttc19	LOC135681981	LOC106879250	LOC110441243	LOC100175566	LOC129981931
OG0007882		LOC136432857	CG34174	LOC135686322	LOC106876547	LOC110446829	LOC100178251	LOC129969336
OG0007883		LOC136433128	Slbp	LOC135696059	LOC106880874	LOC110450010	LOC100183256	LOC129972973
OG0007885		LOC136433213	Rsph9	LOC135684646	LOC106881126	LOC110456738	ci-rsp9	LOC129975117
OG0007886		LOC136433327	Cep164	LOC135684126	LOC106874788	LOC110458974	LOC100187171	LOC129971988
OG0007894		LOC136434802	UQCR-C1	LOC135692384	LOC106879606	LOC110443894	LOC100183154	LOC129989253
OG0007895		LOC136434892	CG42795	LOC135692908	LOC106873883	LOC110460970	LOC100185436	LOC129963207
OG0007897		LOC136435203	Orc5	LOC135695353	LOC106869028	LOC110455402	LOC100180237	LOC129961015
OG0007900		LOC136436089	CG11980	LOC135681081	LOC106873298	LOC110459961	LOC100175246	LOC129963266
OG0007901		LOC136436463	CG14186	LOC135693985	LOC106870571	LOC110448926	LOC100180281	LOC129980651
OG0007903		LOC136436595	Mtmr6	LOC135686695	LOC106880692	LOC110447123	LOC100186111	LOC129964291
OG0007904		LOC136436607	mRpL28	LOC135695406	LOC106874796	LOC110454011	LOC100178785	LOC129965977
OG0007908		LOC136437333	Patsas	LOC135686925	LOC106873373	LOC110455960	LOC100183023	LOC129958156
OG0007909		LOC136437354	Ufm1	LOC135686775	LOC106879082	LOC110455511	LOC100175055	LOC129961753
OG0007914		LOC136439259	CG17378	LOC135690679	LOC106882429	LOC110466790	LOC100180957	LOC129963118
OG0007915		LOC136439600	PolG2	LOC135693395	LOC106868952	LOC110445995	LOC100183944	LOC129968480
OG0007916		LOC136439832	hoip	LOC135691521	LOC106882140	LOC110453768	LOC100182620	LOC129989381
OG0007919		LOC136440212	Gle1	LOC135690480	LOC106867810	LOC110465847	LOC100182926	LOC129977621
OG0007920		LOC136440688	crc	LOC135691632	LOC106880212	LOC110465611	atf4/5	LOC129989093
OG0007921		LOC136440891	CG8188	LOC135691706	LOC106877940	LOC110455702	LOC100180099	LOC129969810
OG0007922		LOC136441009	l_2_41Ab	LOC135691851	LOC106881814	LOC110461498	LOC100175445	LOC129988836
OG0007926		LOC136442475	Mvk	LOC135683090	LOC106873600	LOC110461367	LOC100185592	LOC129969108
OG0007927		LOC136442507	mRpS2	LOC135693167	LOC106870327	LOC110458211	LOC100178663	LOC129971454
OG0007929		LOC136442941	Polr2D	LOC135688482	LOC106876036	LOC110446843	LOC100182759	LOC129956093
OG0007930		LOC136443366	CG13501	LOC135696726	LOC106873051	LOC110454445	ci-arm37	LOC129983961
OG0007932		LOC136443613	Sas-4	LOC135683968	LOC106878594	LOC110445135	LOC100178680	LOC129966334
OG0007937		LOC136446076	Hat1	LOC135682396	LOC106880317	LOC110442402	LOC100184517	LOC129965898
OG0007938		LOC136446081	CG14853	LOC135682152	LOC106882301	LOC110452703	LOC100175530	LOC129965572
OG0007941		LOC136446412	mRpL16	LOC135682003	LOC106879710	LOC110441708	LOC100182199	LOC129968832
OG0007942		LOC136446630	CG15563	LOC135682548	LOC106872544	LOC110449121	LOC100181873	LOC129957528
OG0007943		LOC136446721	Sf3b1	LOC135682220	LOC106875096	LOC110459526	LOC100176532	LOC129976343
OG0007944		LOC136446785	CG42304	LOC135689619	LOC106868443	LOC110442746	LOC100185379	LOC129978942
OG0007945		LOC136446950	mRpL55	LOC135694957	LOC106880911	LOC110448567	LOC100178671	LOC129963738
OG0007948		LOC136447883	Nmd3	LOC135681745	LOC106869830	LOC110441837	LOC100177130	LOC129975607
OG0008055		LOC136449341	Tsp29Fa	LOC135681354	LOC106881767	LOC110442982	LOC100187103	
OG0008057	LOC121880489	LOC136429879		LOC135695419	LOC106872245	LOC110445499	LOC104266230	
OG0008059	LOC121860115	LOC136437379		LOC135681927	LOC106867554	LOC110444580		LOC129958821
OG0008066		LOC136423472	Dhc98D	LOC135683823	LOC106876022	LOC110461388	LOC100180461	
OG0008068	LOC121861381	LOC136437528		LOC135695990	LOC106877335	LOC110459991		LOC129960369
OG0008072	LOC121865324	LOC136439115		LOC135691064	LOC106867669	LOC110458468	LOC113475688	
OG0008075	LOC121874560	LOC136435309		LOC135686260	LOC106880752	LOC110456287		LOC129963752
OG0008076	LOC121855414	LOC136443163		LOC135688038	LOC106874406	LOC110451002		LOC129968716
OG0008077	LOC121875489	LOC136436582	dar1		LOC106872515	LOC110446647		LOC129962098
OG0008078	LOC121873192	LOC136420875		LOC135690390		LOC110451456	LOC104265984	LOC129957001
OG0008080	LOC121868927	LOC136425178	papi	LOC135690443		LOC110441762		LOC129971043
OG0008083	LOC121854264		Rab8	LOC135690372	LOC106867762	LOC110454483		LOC129966726
OG0008085	LOC121873187	LOC136445448	mav		LOC106874725	LOC110466127		LOC129957199
OG0008087	LOC121855469	LOC136421147	CG11811	LOC135681336	LOC106877796	LOC110442890		
OG0008090	LOC121860807		CG7646	LOC135686219	LOC106873374	LOC110448734	LOC100176875	
OG0008091	LOC121868019	LOC136434685		LOC135681450	LOC106881003	LOC110466275		LOC129967067
OG0008093	LOC121858085	LOC136425724	CG16935		LOC106867746	LOC110465409		LOC129963255
OG0008098	LOC121862061	LOC136427996		LOC135689099	LOC106869660	LOC110456640		LOC129981594
OG0008100	LOC121854554	LOC136434203		LOC135689757	LOC106871019		LOC100185631	LOC129989181
OG0008102	LOC121867312	LOC136424206	Ac3	LOC135689774		LOC110454520		LOC129975033
OG0008105	LOC121874922	LOC136435485		LOC135692757	LOC106869467	LOC110461685		LOC129960130
OG0008107	LOC121862058	LOC136440144	MICAL-like	LOC135691705			LOC100185097	LOC129975600
OG0008108		LOC136424129	Zmynd8		LOC106884253	LOC110450900	LOC101243386	LOC129971269
OG0008110	LOC121876068	LOC136430491			LOC106872625	LOC110449766	nk4	LOC129967024
OG0008113	LOC121865360	LOC136442907	CG12531	LOC135688082			LOC100182118	LOC129987494
OG0008117	LOC121856090	LOC136439952		LOC135691598	LOC106880735	LOC110448895		LOC129966179
OG0008118		LOC136432339	CG3156	LOC135692030	LOC106876129	LOC110466376		LOC129980949
OG0008121	LOC121876444	LOC136435722		LOC135692642	LOC106869717	LOC110465424		LOC129962735
OG0008124	LOC121866398	LOC136446065		LOC135691195	LOC106879877	LOC110453647		LOC129988526
OG0008128	LOC121865422	LOC136430325		LOC135696276	LOC106873503	LOC110451761		LOC129958729
OG0008130	LOC121855980		RhoGAP16F		LOC106877707	LOC110465009	LOC100185608	LOC129958040
OG0008132	LOC121872593	LOC136432835		LOC135684347		LOC110461516	LOC100186834	LOC129958379
OG0008133	LOC121854401	LOC136421605	CG6938	LOC135695246			LOC100185864	LOC129968728
OG0008134	LOC121875329	LOC136434412		LOC135685675	LOC106882517		LOC100178782	LOC129976635
OG0008136	LOC121866308	LOC136432849		LOC135686017		LOC110445264	LOC100175517	LOC129975225
OG0008138	LOC121875635	LOC136445956	trr	LOC135681889	LOC106883022	LOC110460322		
OG0008139	LOC121864979	LOC136436846	CG32485	LOC135686544	LOC106882638	LOC110457500		
OG0008140		LOC136434936		LOC135686474	LOC106869189	LOC110443219	LOC100185456	LOC129963148
OG0008141	LOC121861194	LOC136434491		LOC135686745	LOC106879930	LOC110460965	zf_mynd_-3	
OG0008142	LOC121871468	LOC136447155		LOC135682766		LOC110455356	LOC113475284	LOC129980902
OG0008144	LOC121856684	LOC136442117	mei-218	LOC135685228	LOC106874777	LOC110467084		
OG0008146	LOC121855793	LOC136422626		LOC135684969	LOC106875412	LOC110462506	zf_ring_-23	
OG0008152	LOC121865177	LOC136433198		LOC135695657	LOC106882388	LOC110440300		LOC129972270
OG0008153		LOC136437146	CG44836	LOC135686710	LOC106874963	LOC110449555	LOC100186183	
OG0008154		LOC136435365	CG4565	LOC135690895	LOC106870859	LOC110465188		LOC129963558
OG0008155	LOC121879021	LOC136429601		LOC135695630	LOC106876048	LOC110450129		LOC129981512
OG0008157	LOC121873307	LOC136441304		LOC135683155	LOC106877434	LOC110446040	LOC100181138	
OG0008158	LOC121880351	LOC136448157		LOC135696508	LOC106870719	LOC110450414	LOC100179426	
OG0008160	LOC121867259	LOC136429966		LOC135682988	LOC106879309	LOC110465428		LOC129968972
OG0008161	LOC121860138	LOC136445909		LOC135692646	LOC106881711	LOC110443057	LOC100183389	
OG0008162	LOC121856041	LOC136439274		LOC135690516	LOC106882648	LOC110447617		LOC129959984
OG0008163		LOC136430028		LOC135695555	LOC106882474	LOC110464840	LOC100180895	LOC129961069
OG0008164	LOC121856997	LOC136439207		LOC135681332	LOC106881945	LOC110451589		LOC129972705
OG0008165	LOC121857548	LOC136438836	CG4502	LOC135690628			LOC100183889	LOC129958747
OG0008166	LOC121858387	LOC136433209		LOC135688565	LOC106883754	LOC110456739		LOC129975112
OG0008167		LOC136430755		LOC135692295	LOC106876132	LOC110466311	LOC100185637	LOC129985169
OG0008168	LOC121860052	LOC136431018	Pde6	LOC135696014		LOC110455362		LOC129983942
OG0008170		LOC136431010		LOC135680873	LOC106877680	LOC110457178	LOC100176076	LOC129985103
OG0008171	LOC121876645	LOC136425259		LOC135690261	LOC106879469	LOC110455611		LOC129980840
OG0008172		LOC136429833		LOC135696341	LOC106871733	LOC110453270	LOC100183269	LOC129970256
OG0008173	LOC121853185	LOC136433931		LOC135690571	LOC106876645	LOC110461484	LOC100176743	
OG0008174	LOC121860125	LOC136438935	CG5946	LOC135695403	LOC106880033	LOC110440265		
OG0008175	LOC121853413	LOC136444714	CG7914	LOC135695067	LOC106884323	LOC110460276		
OG0008177	LOC121864901		nuf	LOC135692315	LOC106873536		LOC100180447	LOC129981191
OG0008178		LOC136439321	Atg8b	LOC135690668	LOC106874365	LOC110464776	LOC100178353	
OG0008180	LOC121875628	LOC136439360		LOC135690539	LOC106872678	LOC110446274		LOC129971219
OG0008182	LOC121869954	LOC136433329		LOC135681755	LOC106877188	LOC110459813		LOC129975961
OG0008183	LOC121867170	LOC136436483		LOC135686026		LOC110457238	LOC100180206	LOC129972912
OG0008184	LOC121879852	LOC136436878	fid	LOC135686128		LOC110452444		LOC129962380
OG0008186	LOC121870700	LOC136422497		LOC135694376	LOC106874129	LOC110466099		LOC129972450
OG0008187	LOC121871346			LOC135682361	LOC106882918	LOC110456346	LOC100183287	LOC129963362
OG0008188	LOC121878039	LOC136429194	Acat2	LOC135685082	LOC106867347	LOC110450725		
OG0008189	LOC121872731	LOC136446045		LOC135688074	LOC106869809	LOC110460337		LOC129978327
OG0008190	LOC121877878	LOC136430663	CG5793	LOC135695944	LOC106873771	LOC110455396		
OG0008191	LOC121879072	LOC136428333		LOC135687643		LOC110453738	creb/atf-b	LOC129968929
OG0008193		LOC136440323		LOC135686462	LOC106878059	LOC110464497	LOC101242182	LOC129957450
OG0008195	LOC121856125	LOC136442533		LOC135693989	LOC106884411	LOC110467449	LOC100181559	
OG0008196		LOC136428425		LOC135687170	LOC106874434	LOC110443630	LOC100181281	LOC129989090
OG0008198	LOC121875740	LOC136433937	Tim9a	LOC135688806		LOC110449298		LOC129966415
OG0008199	LOC121864499	LOC136424133		LOC135695034	LOC106882315	LOC110459685	LOC100179309	
OG0008202	LOC121864129	LOC136434993	CG11110	LOC135692486	LOC106874002			LOC129964150
OG0008203		LOC136421311		LOC135683553	LOC106874985	LOC110450690	LOC100181216	LOC129987940
OG0008204		LOC136429741		LOC135695587	LOC106872804	LOC110459334	LOC100187231	LOC129966731
OG0008205	LOC121879796	LOC136431307		LOC135695658	LOC106880884	LOC110447840	sir2-a	
OG0008206		LOC136428580	Mocs2B	LOC135684699	LOC106875176	LOC110454976	LOC100183606	
OG0008207		LOC136433772		LOC135688029	LOC106875640	LOC110443258	LOC100182357	LOC129976020
OG0008209	LOC121875616	LOC136444001		LOC135683711	LOC106876635	LOC110442731	LOC100180001	
OG0008210		LOC136449050		LOC135682588	LOC106882038	LOC110448901	LOC100184776	LOC129961914
OG0008214		LOC136440552		LOC135691891	LOC106871089	LOC110463858	LOC100181455	LOC129956726
OG0008215	LOC121856063	LOC136428648		LOC135683872		LOC110447414	LOC100179616	LOC129989386
OG0008217	LOC121867585	LOC136440880	Kif19A	LOC135691910		LOC110442513		LOC129959798
OG0008218	LOC121867701	LOC136430264	Klp67A	LOC135695597	LOC106874568	LOC110455229		
OG0008220	LOC121868303	LOC136424995		LOC135690362	LOC106870702	LOC110466977		LOC129989167
OG0008221		LOC136433742	Ccs	LOC135689664		LOC110457013	LOC100184995	LOC129969645
OG0008222		LOC136446720		LOC135682476	LOC106869690	LOC110465535	LOC100183903	LOC129981882
OG0008223	LOC121861186	LOC136443312		LOC135688048		LOC110460228	LOC100184332	LOC129968771
OG0008226	LOC121873042		Rchy1	LOC135694443	LOC106868636	LOC110443583	LOC100175171	
OG0008228		LOC136449296		LOC135681201	LOC106877484	LOC110449314	LOC100178505	LOC129971310
OG0008230	LOC121853189	LOC136430852	CG10914	LOC135696503	LOC106868619	LOC110466421		
OG0008233	LOC121853414	LOC136433832		LOC135692916	LOC106870591	LOC110445250		LOC129972825
OG0008234	LOC121853622	LOC136421585	CG10584	LOC135691915		LOC110442527	LOC100180973	
OG0008235	LOC121853687	LOC136434900		LOC135692490	LOC106875727	LOC110460958		LOC129966897
OG0008236	LOC121853701	LOC136427665			LOC106868066	LOC110443706	LOC100187482	LOC129963282
OG0008237	LOC121853752	LOC136428161	axo		LOC106880974	LOC110467168		LOC129963051
OG0008238	LOC121853804	LOC136445907	mRpL32		LOC106872127	LOC110465518		LOC129975850
OG0008240	LOC121853912	LOC136422382			LOC106873647	LOC110463291	LOC100181167	LOC129981327
OG0008241	LOC121853974	LOC136444246		LOC135694853	LOC106871930	LOC110453816		LOC129963634
OG0008242	LOC121854263	LOC136438912	Atx-1		LOC106876102	LOC110443750		LOC129963102
OG0008244	LOC121854341	LOC136442508	REPTOR-BP		LOC106881915	LOC110465743		LOC129965426
OG0008245	LOC121854380	LOC136448092	CG12848	LOC135696633	LOC106868707			LOC129984459
OG0008246	LOC121854446	LOC136438318		LOC135685216	LOC106878468	LOC110443594	LOC100175652	
OG0008247	LOC121854640	LOC136424984		LOC135683120	LOC106867276	LOC110452881	LOC100176342	
OG0008249	LOC121854693	LOC136439236	CG13921		LOC106876391	LOC110454486		LOC129981090
OG0008250	LOC121854920	LOC136430118		LOC135695582	LOC106867834	LOC110462078		LOC129958562
OG0008252	LOC121855003	LOC136441652		LOC135693440	LOC106884224	LOC110447344		LOC129957250
OG0008256	LOC121855210	LOC136435580		LOC135688402	LOC106874355	LOC110445386		LOC129990877
OG0008257	LOC121855253	LOC136435604	Tcs6		LOC106870687	LOC110459135		LOC129989400
OG0008258	LOC121855285	LOC136446248		LOC135682225	LOC106880651	LOC110462890		LOC129959939
OG0008259	LOC121855307	LOC136435079		LOC135694503	LOC106878697	LOC110467286		LOC129975192
OG0008262	LOC121855612	LOC136433005		LOC135685260	LOC106883545	LOC110452346		LOC129969414
OG0008263	LOC121855623	LOC136430117		LOC135694440	LOC106876239	LOC110450243		LOC129981576
OG0008268	LOC121855820	LOC136447380		LOC135682688	LOC106883292	LOC110466561	LOC100184375	
OG0008269	LOC121855832	LOC136434628		LOC135692587	LOC106882154	LOC110459540	LOC100179402	
OG0008270	LOC121855860	LOC136438934		LOC135692702	LOC106883946	LOC110461227		LOC129964159
OG0008272	LOC121855984	LOC136433303	CG7810		LOC106880416	LOC110440586		LOC129989418
OG0008274	LOC121856050	LOC136433006			LOC106870035	LOC110448636	LOC100182990	LOC129963713
OG0008276	LOC121856187	LOC136445087	CG6325	LOC135694865	LOC106868234	LOC110457788		
OG0008277	LOC121856264	LOC136433635	tara		LOC106880064	LOC110449180		LOC129971289
OG0008279	LOC121856301	LOC136443135		LOC135688230	LOC106871911	LOC110463987		LOC129968531
OG0008280	LOC121856414	LOC136436377	UQCR-Q		LOC106867692		LOC100180671	LOC129962664
OG0008281	LOC121856547	LOC136432151		LOC135691960	LOC106875827	LOC110456482	LOC100186590	
OG0008282	LOC121856564	LOC136438923	CG5151		LOC106868391	LOC110449695		LOC129960611
OG0008284	LOC121856743		mRpL42		LOC106883774	LOC110461710	LOC100185621	LOC129988503
OG0008285	LOC121856763	LOC136435518		LOC135692395	LOC106880834	LOC110467069	LOC100178432	
OG0008287	LOC121857073	LOC136446017	dtn		LOC106879555	LOC110461389		LOC129968534
OG0008288	LOC121857082	LOC136426434	DCAF12	LOC135687210	LOC106870136	LOC110445513		
OG0008289	LOC121857184	LOC136428247		LOC135687530	LOC106874181	LOC110465592	LOC100179745	
OG0008290	LOC121857205	LOC136447383	CG11109	LOC135695876		LOC110441795	LOC100179725	
OG0008291	LOC121857296	LOC136440836	dachs		LOC106881740	LOC110458088		LOC129989047
OG0008292	LOC121857476	LOC136441526			LOC106872542	LOC110445851	LOC100186316	LOC129971425
OG0008295	LOC121857700	LOC136428336	CG3223	LOC135687549	LOC106879586	LOC110456094		
OG0008296	LOC121857730	LOC136430967			LOC106875078	LOC110447327	LOC100178956	LOC129960782
OG0008298	LOC121857977	LOC136432627		LOC135686713	LOC106879851	LOC110466053		LOC129965636
OG0008299	LOC121858288	LOC136446786	CG1316	LOC135682656	LOC106869539	LOC110448498		
OG0008300	LOC121858348	LOC136422821	RasGAP1		LOC106869760	LOC110442971	LOC100186736	
OG0008301	LOC121858388	LOC136448289	Idua		LOC106881522		LOC100183172	LOC129960065
OG0008302	LOC121858426	LOC136435296	heca		LOC106881392	LOC110454286		LOC129958600
OG0008304	LOC121858532	LOC136435066		LOC135692899	LOC106878525	LOC110449854		LOC129966973
OG0008305	LOC121858633	LOC136424161		LOC135688822	LOC106876810	LOC110445962	LOC100176185	
OG0008306	LOC121858712	LOC136429009			LOC106883606	LOC110455034	LOC100183338	LOC129989288
OG0008308	LOC121858832			LOC135687700	LOC106880790	LOC110450519	LOC100187353	LOC129984007
OG0008309	LOC121858952	LOC136423926		LOC135689354	LOC106882350	LOC110450913	LOC113473984	
OG0008312	LOC121859137	LOC136438600		LOC135696777	LOC106869600	LOC110448391		LOC129975148
OG0008313	LOC121859214	LOC136446839		LOC135683097	LOC106878842	LOC110463790		LOC129988856
OG0008315	LOC121859457	LOC136439842	Rab40		LOC106870240	LOC110442147		LOC129978274
OG0008316	LOC121859485	LOC136445092	CG42374			LOC110456636	LOC100182915	LOC129963649
OG0008317	LOC121859493	LOC136433375	CG17270		LOC106876702	LOC110446261		LOC129975822
OG0008320	LOC121859749	LOC136446455		LOC135682875	LOC106874092	LOC110442412	LOC100184122	
OG0008321	LOC121859768	LOC136441857		LOC135690667	LOC106883987	LOC110451358		LOC129984525
OG0008322	LOC121860114	LOC136448884		LOC135686259	LOC106876359	LOC110453913	LOC100181132	
OG0008323	LOC121860169	LOC136439946		LOC135691743	LOC106877136	LOC110464484		LOC129957592
OG0008326	LOC121860355	LOC136438196	Jarid2	LOC135691328	LOC106878978			LOC129964102
OG0008327	LOC121860551	LOC136424223		LOC135689701	LOC106875195	LOC110462008	rbj	
OG0008329	LOC121860692	LOC136443088		LOC135687964	LOC106881029	LOC110460746		LOC129960337
OG0008330	LOC121860710	LOC136445447		LOC135694332	LOC106878153	LOC110460464		LOC129975847
OG0008331	LOC121860832	LOC136448113	GXIVsPLA2	LOC135681022	LOC106868979	LOC110467353		
OG0008332	LOC121860877		tau		LOC106878541	LOC110460316	LOC100185955	LOC129959334
OG0008334	LOC121860982	LOC136434825		LOC135692614		LOC110443107	LOC100182626	LOC129975642
OG0008335	LOC121861040	LOC136440216	CG9705	LOC135691698	LOC106876415		LOC100179026	
OG0008336	LOC121861060	LOC136428254	CG14223			LOC110445678	LOC100185795	LOC129960092
OG0008337	LOC121861066	LOC136444624		LOC135695047	LOC106879190	LOC110466673	zf_bbox/ring_-4	
OG0008338	LOC121861190	LOC136445558	mal	LOC135682647		LOC110445086	LOC100182548	
OG0008339	LOC121861298	LOC136444676	CG32176		LOC106879963	LOC110455554		LOC129954722
OG0008340	LOC121861303	LOC136427567	lin	LOC135687121		LOC110456841	LOC100181817	
OG0008341	LOC121861305	LOC136427857	Syt4		LOC106884495	LOC110451945		LOC129967543
OG0008342	LOC121861551	LOC136433055		LOC135690827	LOC106872824	LOC110466050		LOC129975135
OG0008343	LOC121861643	LOC136447807		LOC135696716	LOC106870776	LOC110445838	LOC100180873	
OG0008345	LOC121862067	LOC136424130		LOC135688821	LOC106876809	LOC110445961	LOC100185797	
OG0008346	LOC121862126	LOC136438882		LOC135691120	LOC106876979	LOC110465117		LOC129984412
OG0008347	LOC121862130	LOC136432179	CG32532		LOC106872106	LOC110447622		LOC129976286
OG0008348	LOC121862150	LOC136434139	CG42376		LOC106878900	LOC110446504		LOC129975055
OG0008349	LOC121862317	LOC136448321		LOC135683446	LOC106875679	LOC110460745		LOC129966026
OG0008351	LOC121862367	LOC136428661	mRpS21	LOC135694833	LOC106867474	LOC110452635		
OG0008353	LOC121862432	LOC136432226		LOC135682777	LOC106876326	LOC110465135		LOC129967026
OG0008354	LOC121862444	LOC136441302	CG10898	LOC135690588	LOC106882270			LOC129976150
OG0008355	LOC121862450	LOC136440131	CG4658	LOC135688317	LOC106870288	LOC110452393		
OG0008356	LOC121862459	LOC136446781	ND-42			LOC110465161	LOC100183017	LOC129969433
OG0008357	LOC121862467	LOC136431355	Eip93F		LOC106867708	LOC110448659		LOC129960519
OG0008358	LOC121862728	LOC136443473	Spase12	LOC135688606		LOC110442945		LOC129972335
OG0008360	LOC121862800	LOC136433610			LOC106870777	LOC110454256	ekn1	LOC129963166
OG0008361	LOC121862857	LOC136431012		LOC135696176	LOC106876007	LOC110459016	LOC104265525	
OG0008362	LOC121862929	LOC136433509	mtTFB2		LOC106877158	LOC110453457		LOC129961828
OG0008365	LOC121863244		mRpL52	LOC135691163	LOC106879944	LOC110461897		LOC129972509
OG0008366	LOC121863408	LOC136430871		LOC135696527	LOC106870473	LOC110466290		LOC129958579
OG0008368	LOC121863502	LOC136447297	pdm3		LOC106876972	LOC110451104		LOC129988840
OG0008370	LOC121863626	LOC136430667	CG42554		LOC106873769	LOC110466435	LOC100175435	
OG0008371	LOC121863784	LOC136430348		LOC135695417	LOC106870768	LOC110460447		LOC129958073
OG0008372	LOC121864134	LOC136435274	HemK1	LOC135692810	LOC106878604	LOC110454888		
OG0008373	LOC121864157	LOC136442468	CG7849		LOC106877505		LOC100178774	LOC129981205
OG0008374	LOC121864206	LOC136437068	qm		LOC106872435	LOC110450576		LOC129965646
OG0008375	LOC121864223	LOC136430550	CG3902	LOC135683914	LOC106881672	LOC110442658		
OG0008377	LOC121864472	LOC136438143		LOC135689740	LOC106875580	LOC110463330	zf_an1_-2	
OG0008378	LOC121864651	LOC136433510		LOC135687534	LOC106873917	LOC110456699		LOC129984978
OG0008383	LOC121864925	LOC136447092			LOC106871291	LOC110460098	LOC100181151	LOC129966714
OG0008386	LOC121864995			LOC135692907	LOC106883502	LOC110454482	LOC100184876	LOC129963609
OG0008387	LOC121864998	LOC136439314			LOC106870825	LOC110446316	LOC100179862	LOC129969112
OG0008388	LOC121864999	LOC136435420		LOC135692542	LOC106872947	LOC110462237	LOC100183959	
OG0008389	LOC121865064	LOC136442591	raw		LOC106880113	LOC110442397		LOC129962721
OG0008391	LOC121865401	LOC136431360	rtp	LOC135684652	LOC106867703	LOC110448660		
OG0008393	LOC121865463	LOC136432941	CG46466		LOC106867915	LOC110467256		LOC129966449
OG0008394	LOC121865503	LOC136443903	CG18428		LOC106881839	LOC110448148	LOC100185249	
OG0008395	LOC121865671	LOC136438603		LOC135685168	LOC106877793	LOC110449819		LOC129975023
OG0008397	LOC121865786	LOC136447417	NdufV3		LOC106883869	LOC110465512		LOC129975989
OG0008399	LOC121866496	LOC136422913		LOC135684725	LOC106874440	LOC110464118		LOC129988420
OG0008401	LOC121866799	LOC136430948		LOC135696526	LOC106881673	LOC110463005	LOC100178496	
OG0008403	LOC121866924	LOC136423344		LOC135684257	LOC106874443	LOC110451403	LOC113474372	
OG0008404	LOC121867043	LOC136428434	CG5721		LOC106877367	LOC110445588	LOC100177808	
OG0008405	LOC121867181	LOC136435422		LOC135685648	LOC106883914	LOC110454309		LOC129975070
OG0008406	LOC121867246		CG6294	LOC135685057	LOC106882750	LOC110445221		LOC129969495
OG0008407	LOC121867464	LOC136443045	Ack-like		LOC106884484	LOC110460240		LOC129968653
OG0008408	LOC121867499	LOC136421201	CG42663		LOC106868679	LOC110442883		LOC129983723
OG0008409	LOC121867523	LOC136424151	qtc		LOC106868999	LOC110465784		LOC129971494
OG0008410	LOC121867539	LOC136433800		LOC135684324	LOC106871477	LOC110454659	LOC100181014	
OG0008411	LOC121867575	LOC136437196		LOC135685124	LOC106879913	LOC110447740		LOC129976162
OG0008413	LOC121867687	LOC136439367	Dad1		LOC106881992		LOC100186610	LOC129971191
OG0008414	LOC121867732	LOC136434772		LOC135692842	LOC106874883	LOC110443821		LOC129981117
OG0008415	LOC121867759	LOC136440895	Pex23	LOC135692008	LOC106875269			LOC129969255
OG0008416	LOC121867920	LOC136430838	CG6511	LOC135696265		LOC110466439	LOC100177210	
OG0008417	LOC121867985	LOC136448093		LOC135683974	LOC106879645	LOC110455574		LOC129972337
OG0008418	LOC121868018	LOC136448264	CysRS-m		LOC106880572		LOC100180063	LOC129962646
OG0008419	LOC121868029	LOC136448257		LOC135683972	LOC106874306	LOC110448637		LOC129966526
OG0008420	LOC121868044	LOC136431192		LOC135696081	LOC106877941	LOC110455358		LOC129971409
OG0008423	LOC121868359	LOC136421821		LOC135695491	LOC106868798	LOC110450716		LOC129960300
OG0008424	LOC121868431	LOC136443208		LOC135684411	LOC106871898	LOC110461510	LOC100180287	
OG0008426	LOC121868547	LOC136433282		LOC135689083		LOC110456269	LOC100175986	LOC129969648
OG0008427	LOC121868581	LOC136432568		LOC135692940	LOC106882348	LOC110454936	LOC100186466	
OG0008428	LOC121868592	LOC136428022		LOC135689283	LOC106882897	LOC110456586		LOC129964257
OG0008429	LOC121868839	LOC136441480	Polr1H		LOC106881925	LOC110447301		LOC129962742
OG0008430	LOC121868845	LOC136428609			LOC106879277	LOC110443756	LOC100179713	LOC129971561
OG0008431	LOC121868910	LOC136440646	Mppe		LOC106873838	LOC110454732		LOC129988899
OG0008432	LOC121869025	LOC136443947	Pop5	LOC135683058	LOC106877138		LOC113475078	
OG0008434	LOC121869054	LOC136434371		LOC135686221	LOC106879210	LOC110457960	LOC101241928	
OG0008435	LOC121869093	LOC136420562	olf186-M	LOC135681119	LOC106868200	LOC110449347		
OG0008437	LOC121869351	LOC136431458		LOC135689801	LOC106868553	LOC110451716		LOC129984440
OG0008438	LOC121869580	LOC136431034		LOC135696415	LOC106881180	LOC110458245	LOC100178518	
OG0008439	LOC121869614	LOC136438763		LOC135690736	LOC106873834	LOC110462608		LOC129973000
OG0008440	LOC121869622	LOC136444422		LOC135694734	LOC106881243	LOC110443661	LOC100186217	
OG0008442	LOC121869874	LOC136425419			LOC106873180	LOC110449090	LOC100176540	LOC129961096
OG0008443	LOC121869991	LOC136420402		LOC135681287	LOC106873319	LOC110448290	LOC100181666	
OG0008448	LOC121870571	LOC136444272		LOC135694722	LOC106874073	LOC110441515		LOC129975271
OG0008449	LOC121870603	LOC136425575	CG34150		LOC106883077	LOC110454091	LOC113474721	
OG0008450	LOC121870723	LOC136433275	GMF	LOC135687710	LOC106867468	LOC110450484		
OG0008451	LOC121870740	LOC136438453		LOC135690899	LOC106872399	LOC110458664		LOC129981228
OG0008452	LOC121870746	LOC136424286	Muted		LOC106876960	LOC110464182		LOC129976534
OG0008454	LOC121870973		CG4984		LOC106875073	LOC110446650	LOC100177389	LOC129968652
OG0008456	LOC121870978	LOC136442869			LOC106875511	LOC110450358	LOC100185067	LOC129972205
OG0008457	LOC121871106	LOC136447251			LOC106875629	LOC110465089	LOC100183695	LOC129965992
OG0008458	LOC121871172	LOC136433157		LOC135681661	LOC106876756	LOC110467238	LOC100180467	
OG0008460	LOC121871425	LOC136430376	CG6051		LOC106876363	LOC110466432		LOC129968614
OG0008461	LOC121871426	LOC136438051	CG11307	LOC135691407			LOC100186583	LOC129960295
OG0008462	LOC121871446	LOC136434132	bark		LOC106878360	LOC110459837		LOC129983573
OG0008463	LOC121871479	LOC136423498			LOC106871164	LOC110461324	LOC100186951	LOC129964154
OG0008464	LOC121871508	LOC136437405	CG14646		LOC106875813	LOC110464490	LOC100186006	
OG0008466	LOC121871852	LOC136421100		LOC135681137	LOC106874304	LOC110449386		LOC129968435
OG0008467	LOC121871957	LOC136432466		LOC135695910	LOC106867880	LOC110442269	LOC100177755	
OG0008470	LOC121872011	LOC136445355		LOC135692772	LOC106879900	LOC110443691	LOC100175946	
OG0008471	LOC121872023	LOC136430548		LOC135682804	LOC106879574	LOC110464119	LOC100176632	
OG0008472	LOC121872085	LOC136433454		LOC135689723	LOC106879936	LOC110461482		LOC129981672
OG0008473	LOC121872089	LOC136441777	CG15387		LOC106870316	LOC110460772		LOC129958089
OG0008476	LOC121872303	LOC136431086		LOC135686139	LOC106883741	LOC110458652		LOC129980909
OG0008477	LOC121872318	LOC136432583	CG12935		LOC106875736	LOC110462805		LOC129954903
OG0008478	LOC121872325	LOC136424824	shn		LOC106872863	LOC110454878		LOC129975987
OG0008481	LOC121872430	LOC136442093		LOC135691919	LOC106879071	LOC110455622		LOC129956485
OG0008482	LOC121872632	LOC136434743			LOC106877486	LOC110453209	LOC100175154	LOC129958640
OG0008483	LOC121872689	LOC136433376	pen-2		LOC106871302	LOC110462121		LOC129969000
OG0008484	LOC121872690	LOC136437838		LOC135695458	LOC106883959	LOC110451114		LOC129962026
OG0008485	LOC121872865	LOC136442231	CG31717			LOC110449867	LOC100185112	LOC129961752
OG0008486	LOC121872868	LOC136433211		LOC135684657	LOC106874260	LOC110450455	LOC104265982	
OG0008487	LOC121872877	LOC136434372	CG10214	LOC135693990	LOC106883164	LOC110462374		
OG0008488	LOC121872948	LOC136437844	strat		LOC106882166	LOC110451117		LOC129969165
OG0008489	LOC121872957	LOC136436278		LOC135689359		LOC110458314	LOC100184617	LOC129968441
OG0008490	LOC121872959		Arp8	LOC135692153	LOC106883861	LOC110443901		LOC129957373
OG0008491	LOC121872992	LOC136425530	CG7029		LOC106876396	LOC110451029		LOC129956962
OG0008493	LOC121873252	LOC136422976		LOC135683668	LOC106870657	LOC110459978	LOC100176936	
OG0008494	LOC121873271	LOC136444506		LOC135696392	LOC106872403	LOC110445139		LOC129963813
OG0008495	LOC121873308	LOC136439959			LOC106870692	LOC110452067	LOC100175410	LOC129981484
OG0008496	LOC121873309	LOC136431969		LOC135681317		LOC110462829	LOC100180178	LOC129965411
OG0008498	LOC121873392	LOC136436467		LOC135686573		LOC110447132	LOC100176607	LOC129958885
OG0008499	LOC121873436	LOC136427778		LOC135681243	LOC106874286	LOC110442137		LOC129969588
OG0008501	LOC121873442	LOC136446906		LOC135682263		LOC110465539	LOC100178473	LOC129962661
OG0008502	LOC121873521	LOC136441192	GABPI		LOC106870013	LOC110457861		LOC129965903
OG0008503	LOC121873524	LOC136444965		LOC135683767		LOC110458570	LOC100184692	LOC129975652
OG0008504	LOC121873528	LOC136420779	cold		LOC106880290	LOC110458871		LOC129971461
OG0008505	LOC121873551	LOC136438590		LOC135691057	LOC106871619	LOC110466779	LOC100175266	
OG0008506	LOC121873585	LOC136442106	janA		LOC106875271	LOC110464427		LOC129973080
OG0008507	LOC121873685	LOC136438964	tamo		LOC106880833	LOC110457449		LOC129971498
OG0008508	LOC121873687	LOC136430385		LOC135696001	LOC106867756	LOC110448735		LOC129972390
OG0008511	LOC121874065	LOC136434889	Tmem43	LOC135692608		LOC110454676	LOC100180439	
OG0008512	LOC121874161	LOC136443407		LOC135688511	LOC106879709	LOC110450028	LOC100185349	
OG0008513	LOC121874223	LOC136448467		LOC135689719	LOC106883351	LOC110463918		LOC129988471
OG0008514	LOC121874235	LOC136426489	CG7044	LOC135691513	LOC106883461	LOC110451227		
OG0008516	LOC121874266	LOC136439723		LOC135691657	LOC106868756	LOC110464669		LOC129976756
OG0008517	LOC121874351	LOC136435478		LOC135692690	LOC106875990	LOC110460977		LOC129966041
OG0008518	LOC121874537	LOC136421957		LOC135694839	LOC106883784	LOC110454574	gpx7	
OG0008519	LOC121874681	LOC136433250		LOC135693623	LOC106883737	LOC110455750	LOC100175176	
OG0008523	LOC121875073	LOC136423683		LOC135683187	LOC106878264	LOC110452454		LOC129965871
OG0008524	LOC121875112	LOC136437996	CG4332	LOC135690511	LOC106877390	LOC110450529		
OG0008525	LOC121875129	LOC136445959		LOC135685920	LOC106872508	LOC110448787		LOC129975264
OG0008526	LOC121875174	LOC136430005		LOC135693775	LOC106875403	LOC110459058	LOC100176090	
OG0008528	LOC121875292	LOC136433160		LOC135690883	LOC106873165	LOC110455739		LOC129980877
OG0008529	LOC121875303	LOC136436883	asrij	LOC135685892	LOC106881534			LOC129963247
OG0008532	LOC121875558	LOC136428590		LOC135685810	LOC106868187	LOC110454216	LOC100177964	
OG0008535	LOC121875998	LOC136422917	CG7115		LOC106878821	LOC110463630		LOC129967098
OG0008536	LOC121876218	LOC136445427			LOC106873671	LOC110461368	LOC104266852	LOC129987853
OG0008537	LOC121876292	LOC136434592		LOC135692816	LOC106875852	LOC110459552		LOC129966647
OG0008538	LOC121876294	LOC136422830	msl-2	LOC135684673	LOC106875393	LOC110449143		
OG0008539	LOC121876359	LOC136430881		LOC135696513	LOC106881463	LOC110462984	LOC100185481	
OG0008540	LOC121876445	LOC136432239		LOC135696709	LOC106876865	LOC110450242	LOC100178761	
OG0008541	LOC121876459	LOC136421227	CG2611		LOC106876127	LOC110462335		LOC129958116
OG0008542	LOC121876477	LOC136424061		LOC135689660		LOC110466156	LOC100177969	LOC129969697
OG0008544	LOC121876553	LOC136441322	Hr39		LOC106880102	LOC110441892		LOC129962687
OG0008545	LOC121876584			LOC135694389	LOC106875000	LOC110445159	LOC100186916	LOC129963356
OG0008546	LOC121876607	LOC136432491	CG14174		LOC128249539	LOC110466003		LOC129965932
OG0008547	LOC121876733	LOC136431709		LOC135685773		LOC110454326	LOC100178877	LOC129963403
OG0008548	LOC121876750	LOC136435728			LOC106883095	LOC110462181	LOC100178759	LOC129960625
OG0008549	LOC121876753	LOC136430734	CG31342		LOC106881988	LOC110462324		LOC129957343
OG0008551	LOC121876922	LOC136422367			LOC106881644	LOC110441764	LOC100176550	LOC129988364
OG0008553	LOC121877226	LOC136444742			LOC106872436	LOC110458610	LOC100181164	LOC129959757
OG0008554	LOC121877251	LOC136445844	CDK2AP1		LOC106877491	LOC110467022		LOC129988779
OG0008555	LOC121877306	LOC136449072		LOC135689996	LOC106880270	LOC110461431		LOC129962659
OG0008556	LOC121877309	LOC136422682		LOC135684476	LOC106883409	LOC110445968		LOC129968843
OG0008557	LOC121877363	LOC136446071			LOC106868420	LOC110446707	LOC100182419	LOC129957336
OG0008558	LOC121877370	LOC136447504		LOC135682765		LOC110463723	LOC100181449	LOC129966528
OG0008559	LOC121877388	LOC136428925		LOC135688617	LOC106883032	LOC110463978	LOC100187111	
OG0008561	LOC121877454	LOC136446294	CG12054	LOC135682504	LOC106873417	LOC110446624		
OG0008563	LOC121877528	LOC136448220			LOC106883636	LOC110467073	LOC100178394	LOC129968589
OG0008564	LOC121877766	LOC136449278		LOC135683705	LOC106876273	LOC110446054	cigl	
OG0008565	LOC121877834	LOC136427254			LOC106867811	LOC110452814	LOC100183194	LOC129957247
OG0008566	LOC121878041	LOC136435860	CG8187		LOC106883255	LOC110443419	LOC100184533	
OG0008567	LOC121878112	LOC136427307		LOC135689482	LOC106867860	LOC110442990		LOC129972758
OG0008568	LOC121878117	LOC136421727	Nup37		LOC106868100	LOC110460664	LOC100184979	
OG0008569	LOC121878167	LOC136432693		LOC135694519	LOC106870487	LOC110460342	LOC101242664	
OG0008570	LOC121878301	LOC136420598		LOC135688534		LOC110445541	LOC100186063	LOC129962537
OG0008571	LOC121878308	LOC136425304		LOC135690281	LOC106873775	LOC110450266	LOC100185860	
OG0008574	LOC121878485	LOC136437850	Phlpp		LOC106883129	LOC110458682		LOC129988290
OG0008575	LOC121878552	LOC136434779		LOC135692548	LOC106875244	LOC110457282	LOC100176065	
OG0008576	LOC121878555	LOC136446074		LOC135683122	LOC106880628	LOC110458537	LOC100176638	
OG0008578	LOC121879416	LOC136433305	l_3_87Df	LOC135684144	LOC106879748			LOC129960113
OG0008579	LOC121879608	LOC136433295	Naa80			LOC110466375	LOC100182190	LOC129966160
OG0008580	LOC121879620	LOC136448438	CG13287		LOC106868713	LOC110445998		LOC129969084
OG0008581	LOC121879669	LOC136446631		LOC135686761	LOC106871365	LOC110465876		LOC129965985
OG0008582	LOC121879699	LOC136428153	CG6983	LOC135695822	LOC106867679	LOC110466441		
OG0008583	LOC121879717	LOC136433373	CG14341	LOC135691282		LOC110466342		LOC129975833
OG0008584	LOC121879973	LOC136431441		LOC135685677	LOC106871772	LOC110465696	LOC101242455	
OG0008585	LOC121879987	LOC136435611		LOC135692775		LOC110460080	LOC100175950	LOC129989502
OG0008586	LOC121880055	LOC136446840		LOC135682827	LOC106877854	LOC110461741		LOC129961519
OG0008587	LOC121880156	LOC136445238	Atg10	LOC135694334	LOC106874580	LOC110466690		
OG0008588	LOC121880254	LOC136432861	CG11722		LOC106882715	LOC110463409	LOC100180370	
OG0008589	LOC121880366	LOC136437993	Cep89	LOC135691259	LOC106868573	LOC110453633		
OG0008590		ATP6	ATP6	ATP6	ATP6	ATP6	ATP6	
OG0008591		COX1	COX1	COX1	COX1	COX1	COX1	
OG0008592		CYTB	CYTB	CYTB	CYTB	CYTB	CYTB	
OG0008599		LOC136421138		LOC135683992	LOC106880686	LOC110446876	LOC100183273	LOC129985341
OG0008602		LOC136421240		LOC135681238	LOC106882018	LOC110457398	LOC100186271	LOC129965579
OG0008612		LOC136421954		LOC135690079	LOC106873654	LOC110450892	LOC104266110	LOC129981309
OG0008616		LOC136423003		LOC135684242	LOC106877931	LOC110463621	LOC100185545	LOC129973008
OG0008621		LOC136423691		LOC135683717	LOC106871684	LOC110455348	LOC100184287	LOC129989499
OG0008622		LOC136423693	CG8252	LOC135684844	LOC106868842	LOC110458361	LOC100181020	
OG0008624		LOC136423849		LOC135687103	LOC106870359	LOC110465763	LOC100185160	LOC129968443
OG0008628		LOC136424075		LOC135689689	LOC106867282	LOC110466160	LOC100180474	LOC129966654
OG0008634		LOC136425495	Svip		LOC106873805	LOC110456409	LOC100187458	LOC129963552
OG0008635		LOC136425976		LOC135689889	LOC106875605	LOC110466407	LOC100181249	LOC129961002
OG0008641		LOC136427221	Parp16	LOC135687652	LOC106877368	LOC110445709	LOC100186901	
OG0008642		LOC136427234	CtsK1	LOC135688695	LOC106883355	LOC110445952		LOC129972561
OG0008643		LOC136427474		LOC135688901	LOC106875759	LOC110442807	LOC100181466	LOC129969313
OG0008646		LOC136427642		LOC135696703	LOC106878886	LOC110445472	LOC100186232	LOC129969607
OG0008647		LOC136427788		LOC135687337	LOC106875748	LOC110453070	LOC100180989	LOC129960911
OG0008649		LOC136428030	CG5056	LOC135688977	LOC106874388	LOC110459726		LOC129975839
OG0008651		LOC136428171	CG4186		LOC106876379	LOC110455803	LOC100184280	LOC129963685
OG0008653		LOC136428217	temp		LOC106872687	LOC110465595	LOC113474622	LOC129988320
OG0008655		LOC136428570		LOC135687340	LOC106880727	LOC110454237	LOC100185439	LOC129961790
OG0008657		LOC136428774	MFS18	LOC135692963	LOC106876091	LOC110455887	LOC100181313	
OG0008659		LOC136429715		LOC135685631	LOC106874820	LOC110456404	LOC100179732	LOC129963319
OG0008660		LOC136429835	agt	LOC135696394		LOC110453667	LOC100181190	LOC129972066
OG0008669		LOC136431215	CG14185	LOC135695524	LOC106876242	LOC110450135	LOC100176462	
OG0008671		LOC136431351	CG13390	LOC135696052		LOC110464800	LOC100181469	LOC129972105
OG0008673		LOC136431428	CG13326	LOC135688699	LOC106872666	LOC110452431	LOC100178369	
OG0008674		LOC136431492	Paip2	LOC135695898	LOC106870754	LOC110452046	LOC100186679	
OG0008679		LOC136432458	CG17258	LOC135684818	LOC106881062	LOC110451474	LOC100177934	
OG0008680		LOC136432473		LOC135686769	LOC106874263	LOC110456695	LOC100182910	LOC129957231
OG0008683		LOC136432775		LOC135687059	LOC106876045	LOC110442017	LOC100178238	LOC129959982
OG0008684		LOC136432887		LOC135690140	LOC106872934	LOC110456698	LOC100180261	LOC129956468
OG0008685		LOC136432947		LOC135689474	LOC106872935	LOC110454355	LOC100186816	LOC129981348
OG0008687		LOC136433392	CG4022	LOC135694743	LOC106869283	LOC110455172	LOC100181271	
OG0008688		LOC136433447		LOC135681468	LOC106872202	LOC110455744	LOC100185306	LOC129966499
OG0008691		LOC136433594		LOC135681748	LOC106880552	LOC110443508	LOC100186670	LOC129965378
OG0008693		LOC136433762	CG12885	LOC135688275	LOC106876681	LOC110446457	LOC100185602	
OG0008694		LOC136433881		LOC135681215	LOC106876470	LOC110463115	LOC100175460	LOC129981702
OG0008697		LOC136434111		LOC135685075	LOC106870132	LOC110466536	LOC101242448	LOC129972166
OG0008698		LOC136434370	CG5435	LOC135692913	LOC106870334	LOC110445396	LOC100185982	
OG0008704		LOC136435479		LOC135691672	LOC106883447	LOC110454740	LOC100184073	LOC129960307
OG0008709		LOC136436313		LOC135689615	LOC106882881	LOC110442295	LOC100182629	LOC129960045
OG0008711		LOC136436445	CG32099		LOC106877876	LOC110454827	LOC100175821	LOC129968795
OG0008712		LOC136436459		LOC135686070	LOC106879204	LOC110440462	LOC100184668	LOC129960226
OG0008717		LOC136437268		LOC135682836	LOC106879644	LOC110457417	LOC100181143	LOC129972851
OG0008718		LOC136437363	RhoGAP15B	LOC135686794	LOC106870742	LOC110442764	centd2	
OG0008720		LOC136437877	Coq9	LOC135690784	LOC106881274		LOC100181887	LOC129984759
OG0008721		LOC136437941	MED28		LOC106878893	LOC110460486	LOC100186879	LOC129972568
OG0008722		LOC136437952		LOC135685695	LOC106867315	LOC110456400	LOC100177264	LOC129964169
OG0008723		LOC136437961		LOC135683027	LOC106878836	LOC110457733	LOC100180937	LOC129980537
OG0008725		LOC136438108		LOC135685432	LOC106883436	LOC110459046	LOC100180788	LOC129981218
OG0008730		LOC136438654	Fa2h	LOC135690507	LOC106880340	LOC110449937	LOC100184991	
OG0008731		LOC136438772	CG42495		LOC128249667	LOC110441149	LOC104265312	LOC129973054
OG0008733		LOC136439208		LOC135690500	LOC106874925	LOC110443422	LOC100183353	LOC129963068
OG0008734		LOC136439370		LOC135691414	LOC106871388	LOC110453611	LOC100186045	LOC129962665
OG0008736		LOC136439970		LOC135694434	LOC106882141	LOC110463850	LOC100185855	LOC129968135
OG0008738		LOC136440034		LOC135685790	LOC106879820	LOC110464238	LOC104266313	LOC129975934
OG0008741		LOC136440235		LOC135691755	LOC106867306	LOC110448892	LOC100185901	LOC129957706
OG0008742		LOC136440469		LOC135691816	LOC106870234	LOC110447362	LOC100176098	LOC129965883
OG0008748		LOC136441693	Urm1	LOC135693546	LOC106877266	LOC110451575		LOC129988881
OG0008749		LOC136441713		LOC135694017	LOC106877265	LOC110467467	ci-ak58	LOC129987453
OG0008750		LOC136441817	CG13319	LOC135690808	LOC128247921	LOC110445420		LOC129980940
OG0008753		LOC136442407		LOC135696482	LOC106876385	LOC110460041	LOC100187435	LOC129960555
OG0008755		LOC136442710		LOC135682829	LOC106871416	LOC110448155	LOC100179478	LOC129988842
OG0008759		LOC136443148		LOC135680794	LOC106883232	LOC110445483	LOC100176207	LOC129959807
OG0008760		LOC136443149		LOC135688448	LOC106869085	LOC110440502	LOC100183946	LOC129961762
OG0008761		LOC136443212		LOC135688076	LOC106880142	LOC110467111	LOC100184720	LOC129962891
OG0008764		LOC136443931		LOC135683626	LOC106880685	LOC110449607	LOC100183917	LOC129965673
OG0008766		LOC136444351		LOC135683465	LOC106870354	LOC110457709	LOC100185054	LOC129984114
OG0008767		LOC136444526		LOC135694531	LOC106880745	LOC110443673	LOC100186459	LOC129975866
OG0008771		LOC136445121		LOC135695055	LOC106874433	LOC110463537	LOC100179975	LOC129988586
OG0008774		LOC136445680		LOC135696699	LOC106883065	LOC110458094	LOC100179553	LOC129981375
OG0008777		LOC136446217	Sem1	LOC135682798	LOC106871952	LOC110465520		LOC129961583
OG0008778		LOC136446255	CG42518		LOC106878484	LOC110463574	LOC100183101	LOC129960109
OG0008779		LOC136446503	CG13032	LOC135682027	LOC106879413	LOC110452706	LOC100182783	
OG0008780		LOC136446679		LOC135682812	LOC106873024	LOC110447899	LOC100176749	LOC129956425
OG0008781		LOC136446792		LOC135682130	LOC106872716	LOC110448042	LOC100185282	LOC129978115
OG0008782		LOC136446826		LOC135682201	LOC106871036	LOC110449727	LOC100181991	LOC129981742
OG0008784		LOC136446971		LOC135695395	LOC106870139	LOC110440778	LOC100184172	LOC129966632
OG0008786		LOC136447304		LOC135682583	LOC106882861	LOC110442688	LOC100187244	LOC129956245
OG0008790		LOC136447881		LOC135681928	LOC106870511	LOC110463173	LOC100182923	LOC129968440
OG0008791		LOC136448178		LOC135689699	LOC106881282	LOC110453661	LOC100181571	LOC129987755
OG0008792		LOC136448187		LOC135682270	LOC106872974	LOC110451170	LOC100179140	LOC129954326
OG0008796		LOC136448288		LOC135687771	LOC106877406	LOC110462427	LOC100176028	LOC129964441
OG0008798		LOC136448376		LOC135681381	LOC106883286	LOC110467014	LOC100186391	LOC129957205
OG0008799		LOC136448382	CG10841	LOC135690057	LOC106867177	LOC110460860	LOC100183292	
OG0008802		LOC136448853		LOC135696750	LOC106881951	LOC110456928	LOC100186626	LOC129984108
OG0008803		LOC136448869	nord	LOC135680922	LOC106870648	LOC110453940		LOC129981598
OG0008804		LOC136449223		LOC135696766	LOC106878432	LOC110467373	LOC100176490	LOC129988245
OG0008806		LOC136449260		LOC135681780	LOC106873695	LOC110449258	LOC100178290	LOC129975131
OG0008808		ND3	ND3	ND3	ND3	ND3	ND3	
OG0008809		ND4	ND4	ND4	ND4	ND4	ND4	
OG0008810		ND5	ND5	ND5	ND5	ND5	ND5	
OG0008813			CG11885	LOC135694502	LOC106869427	LOC110456254	LOC101242679	LOC129984555
OG0008830			SCCRO4	LOC135685910	LOC106883596	LOC110440356	LOC100183493	LOC129957057
