OrthoSymbol	atlanticHagfish	fareasternBrookLamprey	seaLamprey
MAFL1A	LOC137434053	LOC133355906	LOC116954108
MAFL1B	MAFB	LOC133350931	LOC116944233
MAFL2A		LOC133340275,LOC133340276	LOC116945741
MAFL2B	LOC137435424,LOC137435426	LOC133357956	LOC116956089
MAFS1A	LOC137423368	LOC133347959	LOC116958264
OTX1C	OTX2	LOC133342300	LOC116943301
OTX2A	LOC137437294	LOC133362651	LOC116947280
OTX2B	LOC137435525,LOC137435526	LOC133347341	LOC103091753
OTX2C		LOC133341283	LOC116947882
OG0003792	LOC137418873	LOC133349665	LOC116948702
OG0003793	LOC137413774	LOC133360330	LOC116956455
OG0003795	LOC137431701	HSPA8	HSPA8
OG0003796	LOC137426429	LOC133358692	LOC116955163
OG0003797	TM2D3	TM2D3	TM2D3
OG0003801	LOC137423945	LOC133347551	LOC116952634
OG0003802	LOC137427574	LOC133359956	LOC116958663
OG0003803	DNAAF3	LOC133360416	DNAAF3
OG0003804	LOC137427686	LOC133353873	LOC116952517
OG0003805	GNAO1	GNAO1	GNAO1
OG0003806	LOC137425027	LOC133355645	LOC116952296
OG0003807	LOC137415555	LOC133351727	LOC116947618
OG0003808	LOC137424579	LOC133356788	LOC116952658
OG0003809	LOC137436695	LOC133349449	LOC116942386
OG0003810	STRN3	LOC133346950	LOC116939323
OG0003812	LOC137434804	LOC133347158	LOC116939531
OG0003813	LOC137434547	LOC133347053	LOC116955046
OG0003814	LOC137431809	LOC133349774	LOC116948593
OG0003815	LOC137436919	LOC133357479	LOC116943897
OG0003816	LOC137431759	LOC133346116	LOC116938527
OG0003817	LOC137433094	PLEKHA7	PLEKHA7
OG0003818	LOC137429737	LOC133349357	LOC142924561
OG0003820	LOC137425484	LOC133343010	ATP8A1
OG0003821	LOC137439469	LOC133357648	LOC116955769
OG0003822	LOC137431466	LOC133349645	LOC116948718
OG0003823	FGL1	FGL1	LOC116942804
OG0003824	LOC137413231	LOC133341744	LOC116944866
OG0003825	LOC137435586	LOC133348503	LOC116938942
OG0003826	DYNC1H1	LOC133342225	LOC116943368
OG0003827	LOC137416337	LOC133351740	LOC116947543
OG0003828	LOC137429749	LOC133349342	LOC116942266
OG0003829	LOC137425952	LOC133356809	LOC116952741
OG0003830	LOC137424473	LOC133355414	LOC116952307
OG0003831	LOC137424589	LOC133356662	LOC116952815
OG0003832	LOC137424971	LOC133351218	LOC116946991
OG0003833	LOC137437988	LOC133358264	LOC116937444
OG0003834	LOC137429572	LOC133345256	LOC116944335
OG0003835	LOC137430925	LOC133345852	LOC116938819
OG0003836	LOC137432713	LOC133341725	LOC116944849
OG0003837	LOC137439274	LOC133350905	LOC116944204
OG0003838	LOC137422414	LOC133354910	LOC116952152
OG0003839	ESRRG	ESRRG	ESRRG
OG0003840	LOC137438044	LOC133360020	LOC116947176
OG0003841	LOC137419431	ESRRB	ESRRB
OG0003842	LOC137436829	LOC133356244	LOC116953915
OG0003843	LOC137418360	CENPO	CENPO
OG0003844	LOC137437004	LOC133349517	LOC116942327
OG0003845	LOC137425121	LOC133356750	LOC116952775
OG0003846	LOC137418728	LOC133351653	LOC116947559
OG0003847	LOC137425577	LOC133342729	LOC116949264
OG0003848	LOC137421152	LOC133346662	LOC116940019
OG0003849	LOC137421677	LOC133343763	LOC116941982
OG0003850	LOC137431342	LOC133354065	LOC116950694
OG0003851	LOC137421675	LOC133343764	LOC116941981
OG0003852	LOC137423339	LOC133347982	LOC116956211
OG0003853	LOC137434540	LOC133353519	LOC116946236
OG0003854	LOC137425336	LOC133361022	LOC116957209
OG0003855	LOC137428285	LOC133341248	LOC116947907
OG0003856	SPTBN1	SPTBN1	LOC116939751
OG0003857	LOC137430475	LOC133345789	LOC116937261
OG0003858	LOC137436805	LOC133355041	LOC116953458
OG0003859	RDH14	LOC133352761	RDH14
OG0003860	CSMD3	LOC133344241	LOC116941582
OG0003861	LOC137422386	LOC133353013	LOC116946465
OG0003862	LOC137433184	LOC133353404	LOC116945092
OG0003863	LOC137437953	ACTN2	LOC116947266
OG0003864	LOC137435653	PPP1CB	LOC116939394
OG0003865	LOC137412346	LOC133342219	LOC116943378
OG0003866	LOC137425374	LOC133353944	LOC116952449
OG0003867	LOC137435137	LOC133357301	LOC116957879
OG0003868	LOC137421869	LOC133352975	LOC116946611
OG0003869	LOC137421782	LOC133352939	LOC116946559
OG0003871	LOC137416516	PPARD	PPARD
OG0003872	LOC137421004	LOC133346422	LOC116950242
OG0003873	LOC137417476	LOC133352494	LOC116950468
OG0003874	LOC137430032	LOC133352492	LOC116950470
OG0003875	LOC137432758	LOC133360138	LOC116955326
OG0003876	LOC137437344	LOC133349940	EDNRB
OG0003877	LOC137426756	LOC133341452	LOC116947943
OG0003878	ING3	ING3	ING3
OG0003879	LOC137420761	LOC133359075	LOC116940030
OG0003880	LOC137421854	LOC133353087	LOC116946554
OG0003881	LOC137439117	LOC133349221	LOC116942645
OG0003882	LOC137421111	LOC133346604	LOC116939489
OG0003883	LOC137424575	LOC133351120	LOC116946916
OG0003884	LOC137429025	LOC133352413	LOC116950549
OG0003885	LOC137435482	LOC133347144	LOC116939513
OG0003886	LOC137431362	LOC133345078	LOC116947789
OG0003887	LOC137435294	LOC133352789	LOC116948440
OG0003888	LOC137419796	LOC133351761	LOC116947512
OG0003889	LOC137423992	LOC133348034	LOC116956278
OG0003890	SLC6A19	LOC133354856	LOC116952146
OG0003891	LOC137437571	LOC133356515	LOC116951169
OG0003892	LOC137439429	LOC133351784	LOC116947491
OG0003893	LOC137431402	LOC133349673	LOC116948693
OG0003894	LOC137437392	LOC133356249	LOC116944002
OG0003895	LOC137426689	LOC133347231	LOC116939606
OG0003896	LOC137437642	LOC133350032	LOC116943585
OG0003897	GLRA2	LOC133357684	LOC116955670
OG0003898	LOC137431420	LOC133349689	LOC116948677
OG0003899	LOC137436368	LOC133355040	LOC116953539
OG0003900	LOC137428366	LOC133355593	LOC116952259
OG0003901	LOC137431348	LOC133345290	LOC116949592
OG0003902	LOC137437545	LOC133358325	LOC116954782
OG0003903	LOC137413303	LOC133344609	LOC116940845
OG0003904	LOC137431570	LOC133343720	LOC116942033
OG0003905	RABGAP1	LOC133341629	LOC116944808
OG0003906	SEPTIN7	LOC133350988	LOC116944293
OG0003907	LOC137438074	LOC133358318	LOC116954695
OG0003908	LOC137416790	LOC133357242	LOC103091816
OG0003909	LOC137417442	LOC133345963	LOC116938683
OG0003910	LOC137429991	LOC133347805	LOC116954699
OG0003911	LOC137431346	LOC133354292	LOC116950698
OG0003912	LOC137418121	LOC133346756	LOC116940900
OG0003913	LOC137429818	LOC133354978	LOC116953593
OG0003914	LOC137422322	LOC133346526	LOC116949536
OG0003915	LOC137421404	LOC133342081	LOC116944423
OG0003916	LOC137421841	LOC133353038	CYRIA
OG0003917	LOC137425029	LOC133351963	LOC116957751
OG0003918	LOC137436908	LOC133349172	LOC116942587
OG0003919	LOC137421891	LOC133352990	LOC116946466
OG0003920	LOC137422684	LOC133359272	LOC116957007
OG0003921	LOC137430053	LOC133348824	LOC116950064
OG0003922	LOC137439908	LOC133348281	LOC116939262
OG0003923	LOC137423638	ATP2A2	ATP2A2
OG0003924	LOC137424474	LOC133355468	LOC116952337
OG0003925	LOC137424998	LOC133349425	LOC116942412
OG0003926	LOC137425013	LOC133355408	LOC116952396
OG0003927	LOC137439051	LOC133351598	LOC116947454
OG0003928	LOC137427705	ARRB1	ARRB1
OG0003930	LOC137425969	LOC133360970	USP9X
OG0003931	LOC137425674	LOC133342862	LOC116942823
OG0003932	LOC137431142	LOC133347955	LOC116953367
OG0003933	LOC137426137	LOC133347769	LOC116955148
OG0003934	LOC137426446	LOC133341465	LOC116947685
OG0003935	LOC137438144	LOC133360277	LOC116947211
OG0003936	LOC137435055	LOC133347121	WDR26
OG0003937	LOC137435593	LOC133352793	LOC116948498
OG0003938	LOC137426750	LOC133341309	LOC116947852
OG0003939	LOC137432401	LOC133353405	LOC116945132
OG0003941	SRSF6	LOC133349116	LOC116942547
OG0003942	LOC137434247	LOC133344845	LOC116940953
OG0003943	LOC137431849	LOC133356679	LOC116943952
OG0003944	LOC137429915	LOC133345035	LOC116946148
OG0003945	LOC137430029	LOC133344138	LOC142924316
OG0003946	LOC137431869	LOC133345985	LOC116938657
OG0003947	LOC137439023	LOC133357555	LOC116954567
OG0003948	LOC137434375	LOC133355752	LOC116954157
OG0003949	CD151	LOC133351520	LOC116945624
OG0003950	LOC137426716	LOC133341254	LOC116947904
OG0003951	OSGEPL1	OSGEPL1	OSGEPL1
OG0003952	SLC19A1	LOC133356811	SLC19A1
OG0003953	LOC137438317	LOC133343248	LOC116944370
OG0003954	LOC137435103	LOC133357273	LOC116956288
OG0003955	LOC137413504	LOC133354984	LOC116953460
OG0003957	LOC137415021	PMEL	PMEL
OG0003958	LOC137415053	LOC133349788	LOC116948582
OG0003959	LOC137415601	LOC133350816	LOC116944104
OG0003960	LOC137429670	LOC133357933	LOC116955978
OG0003961	LOC137421248	LOC133350831	LOC116944125
OG0003962	LOC137421435	LOC133354945	LOC116952062
OG0003963	LOC137425430	LOC133351928	LOC116948931
OG0003964	LOC137421756	LOC133352859	LOC116946483
OG0003965	LOC137422993	LOC133347568	LOC116952801
OG0003967	XNDC1N	LOC133348553	XNDC1N
OG0003968	LOC137425514	LOC133342696	LOC116949293
OG0003969	LOC137435377	LOC133347025	LOC116939403
OG0003970	LOC137428270	LOC133341414	LOC116947747
OG0003971	LOC137429355	LOC133340317	LOC116945810
OG0003972	LOC137429680	CPT1A	LOC116939899
OG0003973	LOC137438029	LOC133348728	LOC116950304
OG0003974	LOC137435727	LOC133360568	LOC142907466
OG0003975	LOC137439508	LOC133342032	LOC116948117
OG0003976	OTOF	OTOF	OTOF
OG0003977	LOC137436940	LOC133342301	LOC116943307
OG0003978	LOC137435052	LOC133347126	LOC116939491
OG0003979	LOC137435522	LOC133347346	LOC116939693
OG0003980	LOC137437826	LOC133342579	LOC116949410
OG0003981	RAD54L2	LOC133356436	RAD54L2
OG0003982	RNF7	RNF7	RNF7
OG0003983	POPDC3	LOC133341957	LOC116948084
OG0003985	LOC137420572	LOC133343531	LOC116940705
OG0003986	DYSF	LOC133343259	LOC116940442
OG0003987	LOC137410866	LOC133357612	LOC116943811
OG0003988	LOC137421260	LOC133350879	LOC116944168
OG0003989	LOC137411853	LOC133344209	LOC116941622
OG0003990	LOC137412097	LOC133350326	GYS2
OG0003991	LOC137432634	LOC133353186	LOC116945169
OG0003992	SLC23A1	LOC133350528	LOC116940349
OG0003993	LOC137432587	LOC133351328	LOC116945674
OG0003994	PLCG1	LOC133355776	LOC116954188
OG0003995	LOC137413435	LOC133351637	LOC116947624
OG0003996	LOC137434101	LOC133345003	LOC116945815
OG0003997	LOC137423860	LOC133348024	LOC116956442
OG0003998	LOC137432869	LOC133351238	LOC116938343
OG0003999	LOC137427587	FSCN1	FSCN1
OG0004000	LOC137420825	LOC133346467	LOC116937147
OG0004001	LOC137426672	LOC133339578	LOC142907257
OG0004003	LOC137415611	LOC133346222	LOC116937223
OG0004004	SOX14	LOC133357594	LOC116937482
OG0004005	LOC137425701	LOC133343072	LOC116943043
OG0004006	NPR1	LOC133346447	LOC116952159
OG0004007	LOC137423458	S1PR1	S1PR1
OG0004008	LOC137416496	SCX	SCX
OG0004009	LOC137416634	FGFR2	FGFR2
OG0004010	LOC137439416	LOC133351599	LOC116947486
OG0004011	LOC137421972	LOC133343699	LOC116942057
OG0004012	LOC137417324	LOC133354045	LOC116952919
OG0004013	LOC137424540	LOC133351181	LOC116946859
OG0004014	LOC137421208	SPPL2B	SPPL2B
OG0004015	LOC137439154	KCNT1	LOC116953115
OG0004016	LOC137418767	LOC133360899	LOC116957165
OG0004017	LOC137434533	LOC133344823	LOC116940930
OG0004018	UCHL3	UCHL3	UCHL3
OG0004019	LOC137420987	LOC133346483	MAP1B
OG0004020	LOC137429999	LOC133344089	LOC116941732
OG0004021	LOC137430198	LOC133344300	LOC116941515
OG0004022	LOC137427718	LOC133340618	LOC116951511
OG0004023	LOC137438608	LOC133354604	LOC116953237
OG0004024	LOC137428972	LOC133352489	LOC116950464
OG0004025	LOC137424780	LOC133355424	LOC116952313
OG0004026	LOC137427692	LOC133352335	LOC116950565
OG0004027	LOC137425554	LOC133342626	LOC116949365
OG0004028	LOC137425787	LOC133361007	LOC116958045
OG0004029	LOC137426739	LOC133341426	LOC116947736
OG0004030	LOC137437472	LOC133363036	COX7A2L
OG0004031	LOC137433729	SLC12A7	SLC12A7
OG0004032	LOC137427803	LOC133340906	LOC116951675
OG0004033	LOC137428023	LOC133360639	PLG
OG0004034	LOC137436105	LOC133344152	LOC116941690
OG0004035	LOC137428629	LOC133350180	LOC116940088
OG0004036	LOC137434442	LOC133355812	LOC116954274
OG0004037	LOC137431442	LOC133345956	LOC116938696
OG0004038	LOC137429599	LOC133345392	LOC116945055
OG0004039	LOC137431866	LOC133346179	LOC116937906
OG0004040	LOC137430332	LOC133357908	LOC116955986
OG0004041	LOC137430387	LOC133352491	LOC116950556
OG0004042	LOC137438007	LOC133358194	LOC116954717
OG0004043	LOC137430966	CBX1	CBX1
OG0004044	LOC137430999	LOC133342119	LOC116948208
OG0004045	LOC137433422	LOC133358582	LOC116955911
OG0004046	LOC137434463	LOC133345077	LOC116946899
OG0004047	LOC137435793	LOC133347254	LOC116939631
OG0004048	LOC137439654	LOC133348511	LOC116939092
OG0004049	ACACA	ACACA	ACACA
OG0004050	LOC137421938	LOC133343717	LOC116942035
OG0004051	ACO1	ACO1	ACO1
OG0004052	CASP3	CASP3	CASP3
OG0004053	LOC137432860	LOC133350591	LOC116940288
OG0004054	CHRM4	LOC133350202	CHRM4
OG0004055	LOC137431674	LOC133360412	LOC116956383
OG0004056	DHX9	LOC133361191	DHX9
OG0004057	DHX36	DHX36	DHX36
OG0004058	DLG2	LOC133357261	LOC116956329
OG0004060	LOC137439206	DNAH10	DNAH10
OG0004061	DNAH10	LOC133348754	LOC116950280
OG0004062	DNAH8	LOC133345118	LOC116947221
OG0004063	DNAH5	DNAH5	DNAH5
OG0004064	LOC137437234	DOCK3	DOCK3
OG0004065	DOCK4	DOCK4	DOCK4
OG0004066	LOC137421176	LOC133346415	LOC116948366
OG0004067	ENC1	LOC133341698	LOC116954886
OG0004068	LOC137436353	LOC133356200	LOC116953857
OG0004069	ENTPD5	ENTPD5	ENTPD5
OG0004071	HACD3	HACD3	HACD3
OG0004072	GABBR2	LOC133344719	LOC116941097
OG0004073	LOC137430709	LOC133345158	LOC116948019
OG0004074	GID4	LOC133346916	LOC116949628
OG0004075	LOC137434239	GID4	GID4
OG0004076	HRAS	LOC133351533	LOC116945466
OG0004078	LOC137423760	LOC133345638	LOC116941207
OG0004079	JAKMIP1	LOC133343563	LOC116940740
OG0004081	KDELR2	LOC133348065	LOC116956195
OG0004082	LOC137411018	GCG	GCG
OG0004083	LOC137433999	LOC133345040	LOC103091771
OG0004084	LOC137431904	NCKAP1	LOC116938752
OG0004085	LOC137411544	LOC133349617	LOC116948744
OG0004086	LOC137424999	LOC133352051	LOC116948873
OG0004087	LOC137411728	LOC133359122	LOC116941946
OG0004088	LOC137411924	LOC133350306	LOC116940098
OG0004089	LOC137433081	LOC133351506	LOC116945488
OG0004090	LOC137412532	LOC133350334	LOC116939885
OG0004091	LOC137423289	LOC133347521	LOC116952157
OG0004092	LOC137427890	LOC133340992	LOC116951561
OG0004093	LOC137413929	LOC133348060	LOC116956114
OG0004094	LOC137439950	YWHAE	LOC116939165
OG0004095	LOC137416132	LOC133348908	LOC116950168
OG0004097	LOC137429030	LOC133352465	LOC116950564
OG0004098	SLC25A36	LOC133351100	SLC25A36
OG0004099	LOC137417417	LOC133352432	LOC116950389
OG0004100	LOC137417878	LOC133360573	LOC116947217
OG0004101	LOC137420683	LOC133343482	LOC116940647
OG0004102	LOC137424684	TMEM107	LOC116946835
OG0004104	LOC137422858	LOC133361105	LOC116958248
OG0004106	LOC137418737	LOC133351571	LOC116947556
OG0004107	LOC137424429	LOC133355437	LOC116952322
OG0004108	LOC137436992	LOC133349488	LOC116942350
OG0004109	LOC137418766	LOC133351750	PFKFB3
OG0004110	LOC137424507	LOC133351149	LOC116946884
OG0004111	LOC137418814	LOC133352296	LOC103091722
OG0004112	LOC137438362	LOC133354705	LOC116953201
OG0004113	LOC137419035	LOC133339034	LOC116937217
OG0004114	LOC137419078	LOC133343310	LOC116940455
OG0004115	LOC137424065	LOC133345549	LOC116941307
OG0004116	LOC137420542	LOC133343314	LOC116940459
OG0004117	WDR1	LOC133345611	LOC116941238
OG0004118	LOC137420587	KCNIP2	LOC116940471
OG0004119	LOC137423647	LOC133345510	LOC116941353
OG0004120	LOC137423655	LOC133345517	LOC116941344
OG0004121	LOC137420791	LOC133343363	LOC116940516
OG0004122	LOC137420967	LOC133343461	LOC116940626
OG0004123	LOC137423450	LOC133345542	LOC116941316
OG0004124	LOC137421645	LOC133343816	LOC116941931
OG0004125	LOC137420984	LOC133346476	LOC116938511
OG0004126	LOC137422084	IQGAP1	IQGAP1
OG0004127	LOC137420992	LOC133346574	LOC116939017
OG0004128	LOC137421008	LOC133346693	LOC116940297
OG0004129	LOC137436415	LOC133355149	LOC116953556
OG0004130	LOC137421664	LOC133343779	LOC116941967
OG0004131	LOC137421030	SMAD3	SMAD3
OG0004132	LOC137421100	CHRNA7	CHRNA7
OG0004133	LOC137422344	LOC133343645	LOC116942120
OG0004134	LOC137423756	LOC133345637	LOC116941209
OG0004135	LOC137421121	LOC133343565	LOC116940742
OG0004136	LOC137421428	LOC133350957	LOC116944260
OG0004137	LOC137434450	LOC133355784	LOC116954195
OG0004138	LOC137421558	LOC133349718	LOC116951932
OG0004139	LOC137425618	LOC133351945	ELAVL4
OG0004140	LOC137421640	LOC133343610	LOC116942122
OG0004141	THSD4	THSD4	THSD4
OG0004142	LOC137421663	LOC133343780	LOC116941966
OG0004143	LOC137433827	LOC133345376	LOC116955030
OG0004144	LOC137421694	LOC133343648	LOC116942150
OG0004145	PTPN9	PTPN9	PTPN9
OG0004146	LOC137421772	LOC133352927	LOC116946711
OG0004147	LOC137438679	LOC133349303	LOC116942580
OG0004148	LOC137421917	LOC133350872	LOC116951894
OG0004150	LOC137422004	LOC133343657	LOC116942090
OG0004151	LOC137433975	LOC133345974	LOC116954946
OG0004152	LOC137422006	LOC133343658	LOC116942105
OG0004153	LOC137434188	LOC133356002	LOC116955003
OG0004154	LOC137435204	LOC133339385	LOC116945775
OG0004155	LOC137422060	LOC133350978	ELMO1
OG0004156	LOC137423011	LOC133347438	LOC116950990
OG0004157	LOC137439047	LOC133349261	LOC116942691
OG0004158	LOC137423077	LOC133347440	LOC116951040
OG0004159	SGK1	LOC133353336	LOC116945231
OG0004160	LOC137432915	LOC133341860	LOC116945084
OG0004161	LOC137423078	LOC133341861	LOC116944994
OG0004162	LOC137423172	LOC133347848	USF2
OG0004163	LOC137433487	LOC133358578	LOC116957832
OG0004164	LOC137423218	MAPRE3	MAPRE3
OG0004165	LOC137438839	LOC133344130	LOC116941748
OG0004166	LOC137423224	LOC133352896	LOC116946488
OG0004167	LOC137427772	LOC133340807	LOC116957805
OG0004168	LOC137439811	LOC133355111	LOC116952928
OG0004169	LOC137423499	LOC133352464	LOC116953441
OG0004170	TEKT2	LOC133352994	LOC116946558
OG0004171	LOC137424238	LOC133353537	LOC116946170
OG0004172	LOC137429023	LOC133352524	LOC116950545
OG0004173	LOC137424564	LOC133351118	LOC116946917
OG0004174	LOC137424593	LOC133356736	LOC116952800
OG0004175	NT5DC2	NT5DC2	LOC116952370
OG0004176	LOC137433043	LOC133350568	LOC116940314
OG0004177	LOC137424699	LOC133354554	LOC116951077
OG0004178	LOC137424701	LOC133354559	LOC116951021
OG0004179	LOC137432425	LOC133350540	LOC116940339
OG0004180	LOC137437969	LOC133349915	LOC116943656
OG0004181	LOC137424746	LOC133342916	SLC25A31
OG0004182	LOC137424952	LOC133354536	LOC116951012
OG0004183	LOC137433040	LOC133350571	LOC116940312
OG0004184	LOC137434950	LOC133349360	LOC116951974
OG0004185	LOC137424966	LOC133351946	LOC116948840
OG0004186	LOC137436529	LOC133349441	SLC6A8
OG0004187	LOC137425156	LOC133356647	LOC116952664
OG0004188	LOC137425193	LOC133351846	LOC116948836
OG0004189	LOC137434989	ZSWIM5	LOC116951984
OG0004191	LOC137425332	LOC133340091	LOC116957126
OG0004192	LOC137425384	LOC133360900	LOC116957150
OG0004193	LOC137427532	LOC133353964	LOC116952550
OG0004194	LOC137425464	LOC133354429	LOC116951018
OG0004195	TLL2	LOC133350659	TLL2
OG0004196	LOC137426786	LOC133350024	LOC116943594
OG0004197	LOC137425696	LOC133343108	LOC116942849
OG0004198	LOC137437658	LOC133349985	LOC116943628
OG0004199	LOC137425711	SMARCA5	SMARCA5
OG0004200	LOC137426026	LOC133342975	LOC116942950
OG0004201	LOC137437732	GALNT7	GALNT7
OG0004202	LOC137426452	LOC133341431	LOC116947711
OG0004203	LOC137436499	LOC133352812	LOC116948365
OG0004204	LOC137436933	LOC133342284	LOC103091711
OG0004205	LOC137426566	LOC133341419	LOC116947742
OG0004206	LOC137426586	LOC133341500	LOC116947653
OG0004207	LOC137436614	LOC133356255	LOC116953936
OG0004208	LOC137426724	LOC133341319	LOC116947841
OG0004209	LOC137436370	LOC133352612	LOC116948396
OG0004210	LOC137426732	LOC133341312	LOC116947848
OG0004211	LOC137434921	LOC133346999	LOC116939379
OG0004212	LOC137426857	LOC133346766	LOC116949629
OG0004213	TRAF7	TRAF7	TRAF7
OG0004214	LOC137427024	LOC133352006	LOC116953328
OG0004215	LOC137439628	LOC133354186	LOC116952918
OG0004216	LOC137432239	LOC133351507	LOC116945562
OG0004217	LOC137427679	LOC133350184	LOC116940085
OG0004218	LOC137428089	LOC133352054	LOC116948974
OG0004219	SMARCA4	LOC133349297	LOC116951859
OG0004220	LOC137428737	LOC133340966	LOC116951683
OG0004221	LOC137428738	WDR90	WDR90
OG0004222	SHC1	LOC133359229	LOC116937808
OG0004223	LOC137429716	SHC1	LOC116953603
OG0004224	LOC137431840	LOC133346230	LOC116938745
OG0004225	LOC137430230	LOC133344771	LOC116941046
OG0004226	LOC137431392	LOC133349663	LOC116948705
OG0004227	LOC137430697	LOC133346128	CHN1
OG0004228	LOC137431605	LOC133346006	LOC116938641
OG0004229	LOC137431033	LOC133349762	LOC116948603
OG0004230	LOC137434004	LOC133345250	LOC116949124
OG0004231	LOC137431060	LOC133346194	LOC116937673
OG0004232	LOC137432421	LOC133357327	LOC116943751
OG0004233	NPEPPS	NPEPPS	NPEPPS
OG0004234	LOC137438666	LOC133349176	LOC116942585
OG0004235	LOC137432649	LOC133353251	LOC116945205
OG0004237	LOC137432724	LOC133341875	LOC116945009
OG0004238	LOC137438834	LOC133349095	LOC103091841
OG0004239	LOC137432907	LOC133353398	LOC116945202
OG0004240	LOC137439427	LOC133348730	LOC116950087
OG0004241	LOC137433026	PXN	PXN
OG0004242	LOC137437593	LOC133341363	LOC116947795
OG0004243	LOC137434109	LOC133356735	LOC116952767
OG0004244	LOC137434506	LOC133355978	LOC116954068
OG0004245	LOC137435239	LOC133340435	LOC116945961
OG0004246	LOC137434832	LOC133354795	LOC116952043
OG0004247	PHKB	PHKB	PHKB
OG0004248	LOC137435316	HTR2A	HTR2A
OG0004249	LOC137438356	LOC133357495	LOC116954537
OG0004250	LOC137435511	LOC133347356	LOC116939696
OG0004251	LOC137437451	LOC133360164	LOC116947204
OG0004252	LOC137436139	LOC133344053	LOC116941645
OG0004253	LOC137439108	LOC133349306	LOC116942640
OG0004254	LOC137437041	LOC133342441	LOC116943138
OG0004255	LOC137436425	LOC133352795	LOC116948380
OG0004256	LOC137436650	LOC133356304	LOC116954025
OG0004257	LOC137438257	LOC133352587	LOC116948262
OG0004258	LOC137437938	LOC133360507	LOC116947200
OG0004259	LOC137437017	DEGS2	DEGS2
OG0004260	LOC137437954	LOC133357657	LOC116955715
OG0004261	LOC137439700	LOC133349879	LOC116943682
OG0004262	LOC137438947	LOC133349286	LOC116942726
OG0004263	LOC137438347	LOC133349287	LOC116942727
OG0004265	CDKN1B	LOC133350285	LOC116939932
OG0004267	LOC137420564	LOC133343525	LOC116940699
OG0004268	LOC137413901	RAB6A	RAB6A
OG0004269	LOC137423280	LOC133347524	LOC116952122
OG0004270	LOC137417414	SSU72	LOC116950393
OG0004271	LOC137423938	LOC133347660	LOC116953565
OG0004272	LOC137435781	LOC133347643	LOC116953379
OG0004273	LOC137430290	LOC133347817	LOC116949695
OG0004274	LOC137433109	LOC133353865	LOC116952475
OG0004275	LOC137435005	LOC133354919	LOC116952055
OG0004276	AAAS	AAAS	AAAS
OG0004277	AACS	AACS	AACS
OG0004278	AADAT	AADAT	AADAT
OG0004279	AAMP	AAMP	AAMP
OG0004280	AARS1	AARS1	AARS1
OG0004281	AARSD1	AARSD1	AARSD1
OG0004282	AASDH	AASDH	AASDH
OG0004283	AASDHPPT	AASDHPPT	AASDHPPT
OG0004284	AATF	AATF	AATF
OG0004285	ABAT	ABAT	ABAT
OG0004286	ABCA7	LOC133349078	ABCA7
OG0004287	ABCB11	ABCB11	ABCB11
OG0004288	ABCB6	LOC133355925	ABCB6
OG0004289	ABCB8	LOC133346007	LOC116938639
OG0004290	ABCC10	ABCC10	ABCC10
OG0004291	ABCC12	ABCC5	ABCC5
OG0004292	ABCD3	ABCD3	ABCD3
OG0004293	ABCE1	ABCE1	ABCE1
OG0004294	ABCF1	ABCF1	ABCF1
OG0004295	ABCF3	ABCF3	ABCF3
OG0004296	ABCG4	ABCG4	ABCG4
OG0004297	ABHD10	ABHD10	ABHD10
OG0004298	ABHD12	ABHD12	ABHD12
OG0004299	ABHD13	ABHD13	ABHD13
OG0004300	ABHD18	ABHD18	ABHD18
OG0004301	ABHD2	ABHD2	ABHD2
OG0004302	ABHD3	LOC133353098	LOC116946638
OG0004303	ABHD8	ABHD8	LOC116942053
OG0004304	ABITRAM	ABITRAM	ABITRAM
OG0004305	ABRA	LOC133344238	LOC116941587
OG0004306	ABRACL	ABRACL	ABRACL
OG0004307	ABT1	ABT1	ABT1
OG0004308	ABTB1	ABTB1	ABTB1
OG0004309	ABTB2	ABTB2	ABTB2
OG0004310	ACAA1	ACAA1	ACAA1
OG0004311	ACAA2	ACAA2	ACAA2
OG0004312	ACADM	ACADM	ACADM
OG0004313	ACADS	ACADS	ACADS
OG0004314	ACADSB	ACADSB	LOC116941436
OG0004315	ACADVL	ACADVL	ACADVL
OG0004316	ACAP1	ACAP1	LOC116946886
OG0004317	ACAT1	ACAT1	ACAT1
OG0004318	ACBD3	ACBD3	ACBD3
OG0004319	ACBD5	LOC133345102	LOC116947546
OG0004321	ACMSD	ACMSD	ACMSD
OG0004322	ACO2	ACO2	ACO2
OG0004323	ACOT11	ACOT11	ACOT11
OG0004324	ACOT13	ACOT13	ACOT13
OG0004325	ACOT7	ACOT7	ACOT7
OG0004326	ACOT9	ACOT9	ACOT9
OG0004327	ACOX1	ACOX1	ACOX1
OG0004328	ACP1	ACP1	ACP1
OG0004329	ACP5	ACP5	ACP5
OG0004330	ACP6	LOC133347498	LOC116951892
OG0004331	ACP7	ACP7	ACP7
OG0004332	ACSS3	ACSS3	ACSS3
OG0004333	ACTR10	ACTR10	ACTR10
OG0004334	ACTR6	ACTR6	ACTR6
OG0004335	ACTR8	ACTR8	ACTR8
OG0004336	ACYP2	ACYP2	ACYP2
OG0004337	ADA	ADA	ADA
OG0004338	ADAM11	ADAM22	LOC116940781
OG0004339	ADAMTSL5	LOC133346571	ADAMTSL5
OG0004340	ADAP1	LOC133344780	LOC116949720
OG0004341	ADAT2	ADAT2	ADAT2
OG0004342	ADAT3	ADAT3	ADAT3
OG0004343	ADCK1	LOC133352567	ADCK1
OG0004344	ADCY3	ADCY3	ADCY3
OG0004345	ADCY5	LOC133349742	ADCY5
OG0004346	ADCY8	ADCY8	ADCY8
OG0004347	ADCY9	ADCY9	ADCY9
OG0004348	ADD1	ADD1	ADD1
OG0004349	ADGRD2	LOC133341753	ADGRD2
OG0004350	ADH5	ADH5	ADH5
OG0004351	ADHFE1	ADHFE1	ADHFE1
OG0004352	ADISSP	ADISSP	ADISSP
OG0004353	ADM2	LOC133350251	LOC103091706
OG0004354	ADO	ADO	ADO
OG0004355	ADPGK	ADPGK	ADPGK
OG0004356	ADPRH	ADPRH	ADPRH
OG0004357	ADPRS	ADPRS	ADPRS
OG0004358	ADRM1	ADRM1	ADRM1
OG0004359	ADSL	ADSL	ADSL
OG0004360	AFAP1	LOC133343438	LOC116940597
OG0004361	AFG1L	AFG1L	AFG1L
OG0004362	AFG3L2	AFG3L2	AFG3L2
OG0004363	AFMID	AFMID	AFMID
OG0004364	AFTPH	AFTPH	AFTPH
OG0004365	AGBL3	LOC133350450	LOC116940061
OG0004366	AGER	LOC133342018	LOC103091683
OG0004367	AGGF1	AGGF1	AGGF1
OG0004368	AGL	AGL	AGL
OG0004369	AGMAT	AGMAT	AGMAT
OG0004370	AGMO	AGMO	AGMO
OG0004371	AGPAT3	AGPAT3	AGPAT3
OG0004372	AGPS	AGPS	AGPS
OG0004373	AGRN	LOC133352504	LOC116950497
OG0004374	AGTPBP1	AGTPBP1	AGTPBP1
OG0004375	AGXT	AGXT	AGXT
OG0004376	AHCY	AHCY	AHCY
OG0004377	AHSA1	LOC133341362	LOC116947796
OG0004378	AIDA	AIDA	AIDA
OG0004379	AIFM1	AIFM1	AIFM1
OG0004380	AIMP2	AIMP2	AIMP2
OG0004381	AJM1	AJM1	AJM1
OG0004382	AK2	AK2	AK2
OG0004383	AK6	AK6	AK6
OG0004384	AKAP1	AKAP1	AKAP1
OG0004385	AKIRIN2	AKIRIN2	AKIRIN2
OG0004386	AKR1A1	AKR1A1	LOC116948962
OG0004387	AKTIP	AKTIP	AKTIP
OG0004388	ALAD	ALAD	ALAD
OG0004389	ALAS1	LOC133342678	LOC116949309
OG0004390	ALDH4A1	ALDH4A1	ALDH4A1
OG0004391	ALDH7A1	ALDH7A1	ALDH7A1
OG0004392	ALDH8A1	ALDH8A1	ALDH8A1
OG0004393	ALDH9A1	ALDH9A1	ALDH9A1
OG0004394	ALG1	ALG1	ALG1
OG0004396	ALG12	ALG12	ALG12
OG0004397	ALG14	ALG14	ALG14
OG0004399	ALG3	ALG3	ALG3
OG0004400	ALG5	ALG5	ALG5
OG0004401	ALG6	ALG6	ALG6
OG0004402	ALG8	ALG8	ALG8
OG0004403	ALG9	ALG9	ALG9
OG0004404	ALKBH1	ALKBH1	ALKBH1
OG0004405	ALKBH4	ALKBH4	ALKBH4
OG0004406	ALKBH5	ALKBH5	ALKBH5
OG0004407	ALKBH6	ALKBH6	ALKBH6
OG0004408	ALKBH8	ALKBH8	ALKBH8
OG0004409	ALOX5	LOC133341923	ALOX5
OG0004410	ALS2	LOC133347936	LOC116943801
OG0004411	AMBRA1	LOC133350204	AMBRA1
OG0004412	AMD1	LOC133360855	AMD1
OG0004413	AMDHD1	AMDHD1	AMDHD1
OG0004414	AMDHD2	AMDHD2	AMDHD2
OG0004415	AMFR	AMFR	AMFR
OG0004416	AMPD2	AMPD2	LOC116942254
OG0004417	ANAPC15	ANAPC15	LOC116948489
OG0004418	ANAPC4	ANAPC4	ANAPC4
OG0004419	ANAPC7	ANAPC7	ANAPC7
OG0004420	ANKEF1	ANKEF1	ANKEF1
OG0004421	ANKFN1	LOC133353469	LOC116946270
OG0004422	ANKH	ANKH	ANKH
OG0004423	ANKIB1	ANKIB1	ANKIB1
OG0004424	ANKLE1	LOC133343252	LOC116940400
OG0004425	ANKMY2	ANKMY2	ANKMY2
OG0004426	ANKRD13C	LOC133351856	LOC116948859
OG0004427	ANKRD27	ANKRD27	ANKRD27
OG0004428	ANKS3	ANKS3	ANKS3
OG0004429	ANKZF1	ANKZF1	ANKZF1
OG0004430	ANLN	LOC133340467	LOC116945926
OG0004431	ANO10	ANO10	ANO10
OG0004432	ANO8	LOC133346972	LOC116939346
OG0004433	ANPEP	LOC133343841	LOC116942136
OG0004434	ANTXR1	LOC133354322	LOC116951016
OG0004435	ANXA13	LOC133353349	LOC116945206
OG0004436	ANXA7	LOC133354405	LOC116950899
OG0004437	AP1G1	AP1G1	AP1G1
OG0004438	AP2S1	AP2S1	AP2S1
OG0004439	AP3B2	LOC133355054	AP3B2
OG0004440	AP4B1	AP4B1	AP4B1
OG0004441	AP5S1	AP5S1	AP5S1
OG0004442	APAF1	APAF1	APAF1
OG0004443	APBB1	APBB1	APBB1
OG0004444	APC	LOC133355049	APC2
OG0004445	APEH	APEH	APEH
OG0004446	APEX2	APEX2	APEX2
OG0004447	API5	API5	API5
OG0004448	APLF	APLF	APLF
OG0004449	APMAP	APMAP	APMAP
OG0004450	APPBP2	APPBP2	APPBP2
OG0004451	APPL1	APPL1	APPL1
OG0004452	AQR	AQR	AQR
OG0004453	ARAP1	ARAP1	LOC116942934
OG0004454	AREL1	AREL1	AREL1
OG0004455	ARFGAP2	ARFGAP2	ARFGAP2
OG0004456	ARFGEF3	ARFGEF3	ARFGEF3
OG0004457	ARG2	LOC133347100	LOC116939460
OG0004458	ARHGAP19	ARHGAP19	ARHGAP19
OG0004459	ARHGAP21	ARHGAP21	ARHGAP21
OG0004460	ARHGAP22	LOC133350570	LOC116940310
OG0004461	ARHGAP8	ARHGAP8	LOC116940021
OG0004462	ARHGEF17	LOC133350007	ARHGEF17
OG0004463	ARHGEF26	LOC133351173	ARHGEF26
OG0004464	ARHGEF3	ARHGEF3	ARHGEF3
OG0004465	ARHGEF39	ARHGEF39	ARHGEF39
OG0004466	ARID2	ARID2	ARID2
OG0004467	ARID3A	ARID3A	LOC116954947
OG0004468	ARID4A	ARID4A	ARID4A
OG0004469	ARL3	ARL3	ARL3
OG0004470	ARL6IP1	ARL6IP1	LOC116946172
OG0004472	ARL6IP6	ARL6IP6	ARL6IP6
OG0004473	ARMC2	ARMC2	ARMC2
OG0004474	ARMC7	ARMC7	ARMC7
OG0004475	ARMC9	ARMC9	ARMC9
OG0004476	ARMH3	ARMH3	ARMH3
OG0004477	ARMH4	ARMH4	ARMH4
OG0004478	ARMT1	ARMT1	DCPH1
OG0004479	ARPC2	ARPC2	ARPC2
OG0004480	ARPC3	ARPC3	ARPC3
OG0004481	ARPC5	LOC133361239	LOC116957466
OG0004482	ARPIN	ARPIN	ARPIN
OG0004483	ARRDC3	LOC133354074	ARRDC3
OG0004484	ARSG	LOC133358807	ARSG
OG0004485	ARV1	ARV1	ARV1
OG0004486	ARX	ARX	LOC116952453
OG0004487	ASAH1	ASAH1	ASAH1
OG0004488	ASAP2	LOC133353073	LOC116946641
OG0004489	ASB13	ASB13	ASB13
OG0004490	ASB3	LOC133359595	ASB3
OG0004491	ASCC2	ASCC2	ASCC2
OG0004492	ASCC3	ASCC3	ASCC3
OG0004493	ASH2L	LOC133348836	LOC116950073
OG0004494	ASL	ASL	ASL
OG0004495	ASPA	LOC133348934	LOC116950140
OG0004496	ASPDH	ASPDH	ASPDH
OG0004497	ASPG	ASPG	ASPG
OG0004498	ASRGL1	LOC133340792	ASRGL1
OG0004499	ASTE1	LOC133357828	ASTE1
OG0004500	ATE1	ATE1	ATE1
OG0004501	ATF3	LOC133360628	LOC116947210
OG0004502	ATG13	ATG13	ATG13
OG0004504	ATG7	ATG7	ATG7
OG0004505	ATL2	LOC133347354	LOC116939704
OG0004506	ATOH8	ATOH8	ATOH8
OG0004507	ATOSA	ATOSA	ATOSA
OG0004509	ATP13A3	LOC133348565	LOC116939014
OG0004510	ATP1B3	LOC133353872	LOC116952527
OG0004511	ATP5F1B	ATP5F1B	ATP5F1B
OG0004512	ATP5F1C	ATP5F1C	ATP5F1C
OG0004513	ATP5F1D	ATP5F1D	ATP5F1D
OG0004515	ATP5IF1	ATP5IF1	ATP5IF1
OG0004516	ATP5MF	LOC133346004	LOC116949558
OG0004517	ATP5MK	ATP5MK	LOC116940575
OG0004518	ATP5PB	ATP5PB	ATP5PB
OG0004519	ATP5PD	ATP5PD	ATP5PD
OG0004520	ATP6	ATP6	ATP6
OG0004521	ATP6AP1	ATP6AP1	ATP6AP1
OG0004522	ATP6AP2	ATP6AP2	ATP6AP2
OG0004523	ATP6V0C	ATP6V0C	ATP6V0C
OG0004524	ATP6V0D1	LOC133354814	LOC116952180
OG0004525	ATP6V0E1	ATP6V0E1	ATP6V0E1
OG0004526	ATP6V1A	ATP6V1A	ATP6V1A
OG0004527	ATP6V1B2	LOC133343416	LOC116940570
OG0004528	ATP6V1C1	ATP6V1C1	ATP6V1C1
OG0004529	ATP6V1D	ATP6V1D	ATP6V1D
OG0004530	ATP6V1F	ATP6V1F	ATP6V1F
OG0004531	ATP6V1H	ATP6V1H	ATP6V1H
OG0004532	ATP7B	LOC133357664	LOC116955762
OG0004533	ATP8B2	LOC133343890	LOC116942209
OG0004534	ATPAF1	ATPAF1	ATPAF1
OG0004535	ATPAF2	ATPAF2	ATPAF2
OG0004536	ATR	LOC133343889	ATR
OG0004537	AUH	LOC133346508	LOC116943746
OG0004538	AUP1	AUP1	AUP1
OG0004539	AUTS2	LOC133348768	AUTS2
OG0004540	AVL9	LOC133345910	LOC116938748
OG0004541	B3GALNT2	B3GALNT2	B3GALNT2
OG0004542	B3GAT2	LOC133349231	LOC116942659
OG0004543	B3GAT3	B3GAT3	B3GAT3
OG0004544	B3GLCT	B3GLCT	B3GLCT
OG0004545	B3GNT2	B3GNT2	LOC116939495
OG0004546	B3GNTL1	B3GNTL1	QTGAL
OG0004548	B4GAT1	B4GAT1	B4GAT1
OG0004549	B9D1	B9D1	B9D1
OG0004551	BAHD1	LOC133356270	LOC116953916
OG0004552	BAIAP2	BAIAP2	LOC116956533
OG0004553	BANF1	BANF1	BANF1
OG0004554	BAP1	BAP1	BAP1
OG0004555	BARD1	BARD1	BARD1
OG0004556	BAX	BAX	BAX
OG0004557	BAZ2B	BAZ2B	BAZ2B
OG0004558	BBOF1	BBOF1	BBOF1
OG0004559	BBS1	BBS1	BBS1
OG0004560	BBS4	BBS4	BBS4
OG0004561	BBS5	LOC133340620	LOC116951410
OG0004562	BBS7	BBS7	BBS7
OG0004563	BBS9	BBS9	BBS9
OG0004564	BCAP31	BCAP31	BCAP31
OG0004565	BCAS2	BCAS2	BCAS2
OG0004566	BCAS3	BCAS3	BCAS3
OG0004568	BCKDHB	BCKDHB	BCKDHB
OG0004569	BCL10	BCL10	BCL10
OG0004570	BCL11A	BCL11A	BCL11A
OG0004571	BCS1L	LOC133346020	BCS1L
OG0004572	BEAN1	LOC133354834	LOC116952066
OG0004573	BECN1	BECN1	BECN1
OG0004574	BET1	BET1	BET1
OG0004575	BET1L	BET1L	BET1L
OG0004576	BFAR	BFAR	BFAR
OG0004577	BICDL1	BICDL1	BICDL1
OG0004578	BIN3	BIN3	BIN3
OG0004579	BIRC6	BIRC6	BIRC6
OG0004580	BLCAP	BLCAP	BLCAP
OG0004581	BLM	LOC133341280	BLM
OG0004582	BLOC1S1	BLOC1S1	BLOC1S1
OG0004583	BLOC1S3	BLOC1S3	BLOC1S3
OG0004584	BLOC1S5	BLOC1S5	BLOC1S5
OG0004585	BLTP1	BLTP1	BLTP1
OG0004586	BLTP3B	LOC133350449	LOC116940069
OG0004587	BLVRA	BLVRA	BLVRA
OG0004588	BLVRB	LOC133342846	LOC116942808
OG0004589	BMAL1	BMAL1	BMAL1
OG0004590	BMP7	LOC133344161	LOC116941683
OG0004591	BMPER	BMPER	BMPER
OG0004592	BMPR2	LOC133345921	BMPR2
OG0004593	BOK	BOK	BOK
OG0004594	BOLA1	BOLA1	BOLA1
OG0004595	BORA	BORA	BORA
OG0004596	BORCS5	BORCS5	BORCS5
OG0004597	BORCS6	BORCS6	LOC116944067
OG0004598	BORCS8	BORCS8	BORCS8
OG0004599	BPNT1	LOC133347211	BPNT1
OG0004600	BPNT2	BPNT2	BPNT2
OG0004601	BPTF	BPTF	BPTF
OG0004602	BRCA2	BRCA2	BRCA2
OG0004603	BRD1	LOC133351797	LOC116947577
OG0004604	BRD8	BRD8	BRD8
OG0004605	BRF1	BRF1	BRF1
OG0004606	BSCL2	BSCL2	BSCL2
OG0004607	BTAF1	BTAF1	BTAF1
OG0004608	BTBD10	BTBD10	BTBD10
OG0004609	BTBD17	BTBD17	BTBD17
OG0004610	BTBD9	BTBD9	BTBD9
OG0004611	BUB3	BUB3	BUB3
OG0004612	BUD31	BUD31	BUD31
OG0004613	BYSL	BYSL	BYSL
OG0004614	C10H19orf47	C25H19orf47	C6H19orf47
OG0004615	C10H5orf22	C49H5orf22	C45H5orf22
OG0004616	C10H8orf82	C9H8orf82	C25H8orf82
OG0004617	C12H10orf88	C8H10orf88	C29H10orf88
OG0004618	C12H1orf198	C8H1orf198	C29H1orf198
OG0004619	C13H9orf78	C67H9orf78	C59H9orf78
OG0004620	C14H11orf65	C6H11orf65	C49H11orf65
OG0004621	C14H2orf49	C23H2orf49	C4H2orf49
OG0004622	C1GALT1	LOC133357557	LOC116943885
OG0004623	C1H16orf89	C26H16orf89	C3H16orf89
OG0004624	C1QBP	C1QBP	C1QBP
OG0004625	C1QTNF1	LOC133353515	LOC116946231
OG0004626	C1QTNF3	LOC133343768	C1QTNF3
OG0004627	C2CD3	C2CD3	C2CD3
OG0004628	C2CD5	C2CD5	C2CD5
OG0004629	C2H15orf40	C69H15orf40	C79H15orf40
OG0004630	C2H15orf61	C24H15orf61	C1H15orf61
OG0004631	C2H2orf81	C17H2orf81	C9H2orf81
OG0004632	C2H8orf76	C42H8orf76	C27H8orf76
OG0004633	C3H2orf42	C22H2orf42	C11H2orf42
OG0004634	C4H10orf105	C47H10orf105	C41H10orf105
OG0004635	C4H12orf57	C9H12orf57	C25H12orf57
OG0004636	C4H4orf46	C16H4orf46	C16H4orf46
OG0004637	C4H6orf89	LOC133351056	LOC116947048
OG0004638	C5H17orf75	C3H17orf75	C37H17orf75
OG0004639	C5H6orf120	C10H6orf120	C43H6orf120
OG0004640	C6H1orf43	C50H1orf43	LTAP1
OG0004641	C7H2orf69	C47H2orf69	C41H2orf69
OG0004642	C7H2orf76	C23H2orf76	C4H2orf76
OG0004643	C7HXorf38	C31HXorf38	C34HXorf38
OG0004644	C9H15orf48	C1H15orf48	LOC142905710
OG0004645	C9H16orf87	C52H16orf87	C54H16orf87
OG0004646	C9H1orf35	C20H1orf35	C10H1orf35
OG0004647	C9H7orf25	C32H7orf25	C18H7orf25
OG0004648	C9H8orf33	C44H8orf33	C26H8orf33
OG0004649	C9orf72	C9orf72	C9orf72
OG0004650	CAAP1	CAAP1	CAAP1
OG0004651	CACHD1	CACHD1	CACHD1
OG0004652	CACNA2D2	LOC133342630	LOC116949362
OG0004653	CACNG1	CACNG1	CACNG1
OG0004654	CACTIN	LOC133346544	CACTIN
OG0004655	CACYBP	CACYBP	CACYBP
OG0004656	CAD	LOC133347615	CAD
OG0004657	CAMK2N2	LOC133351142	LOC116946893
OG0004658	CAPN15	CAPN15	CAPN15
OG0004659	CAPN3	LOC133342411	LOC116943170
OG0004660	CAPRIN2	LOC133350260	CAPRIN2
OG0004661	CARD11	CARD11	CARD11
OG0004662	CARHSP1	LOC133353639	CARHSP1
OG0004663	CARS1	CARS1	CARS1
OG0004664	CARS2	CARS2	CARS2
OG0004665	CARTPT	CARTPT	CARTPT
OG0004667	CASP6	CASP6	CASP6
OG0004668	CASP9	CASP9	CASP9
OG0004669	CASR	LOC133353389	LOC116953056
OG0004670	CAT	CAT	CAT
OG0004671	CATIP	CATIP	CATIP
OG0004672	CBARP	CBARP	CBARP
OG0004674	CC2D2A	CC2D2A	CC2D2A
OG0004675	CCAR1	CCAR1	CCAR1
OG0004676	CCDC103	CCDC103	DNAAF19
OG0004677	CCDC12	CCDC12	CCDC12
OG0004678	CCDC122	LOC133357328	CCDC122
OG0004679	CCDC124	CCDC124	CCDC124
OG0004680	CCDC138	CCDC138	CCDC138
OG0004681	CCDC14	LOC133349763	LOC116948601
OG0004682	CCDC174	CCDC174	CCDC174
OG0004683	CCDC177	CCDC177	CCDC177
OG0004684	CCDC25	CCDC25	CCDC25
OG0004685	CCDC28A	LOC133356947	LOC116955543
OG0004686	CCDC32	CCDC32	CCDC32
OG0004687	CCDC40	CCDC40	CCDC40
OG0004688	CCDC43	CCDC43	CCDC43
OG0004689	CCDC59	CCDC59	CCDC59
OG0004690	CCDC6	CCDC6	CCDC6
OG0004691	CCDC61	CCDC61	CCDC61
OG0004692	CCDC66	CCDC66	CCDC66
OG0004693	CCDC77	CCDC77	CCDC77
OG0004694	CCDC91	LOC133350282	CCDC91
OG0004695	CCDC92	CCDC92	CCDC92
OG0004696	CCDC93	CCDC93	CCDC93
OG0004697	CCDC97	CCDC97	CCDC97
OG0004698	CCM2	LOC133347593	LOC116958470
OG0004699	CCN2	CCN2	CCN2
OG0004700	CCNA2	CCNA2	LOC116942917
OG0004701	CCNC	CCNC	CCNC
OG0004702	CCNDBP1	CCNDBP1	CCNDBP1
OG0004703	CCNE1	LOC133358072	LOC116955970
OG0004704	CCNH	CCNH	CCNH
OG0004705	CCNK	CCNK	CCNK
OG0004706	CCNQ	CCNQ	CCNQ
OG0004707	CCP110	CCP110	CCP110
OG0004708	CCT2	CCT2	CCT2
OG0004709	CCT5	CCT5	CCT5
OG0004710	CCT8	CCT8	CCT8
OG0004711	CD36	CD36	CD36
OG0004712	CDA	CDA	CDA
OG0004713	CDC123	CDC123	CDC123
OG0004715	CDC23	CDC23	CDC23
OG0004716	CDC27	CDC27	CDC27
OG0004718	CDC42	CDC42	CDC42
OG0004719	CDC42SE2	LOC133354086	LOC116950589
OG0004721	CDC5L	CDC5L	CDC5L
OG0004722	CDC73	CDC73	CDC73
OG0004723	CDCA7	CDCA7	CDCA7
OG0004724	CDH15	CDH15	LOC116945729
OG0004725	CDH23	LOC133350498	CDH23
OG0004726	CDHR1	LOC133350534	LOC116940343
OG0004727	CDIN1	CDIN1	CDIN1
OG0004728	CDK20	CDK20	CDK20
OG0004729	CDK5RAP1	CDK5RAP1	CDK5RAP1
OG0004730	CDK9	CDK9	CDK9
OG0004731	CDKAL1	CDKAL1	CDKAL1
OG0004732	CDO1	CDO1	CDO1
OG0004733	CDR2	LOC133358699	CDR2L
OG0004734	CDT1	CDT1	CDT1
OG0004735	CEBPG	LOC133340429	LOC116945971
OG0004736	CEBPZ	CEBPZ	CEBPZ
OG0004737	CEBPZOS	CEBPZOS	CEBPZOS
OG0004738	CECR2	LOC133350445	CECR2
OG0004739	CELSR2	LOC133351737	CELSR2
OG0004740	CEMIP	LOC133343654	LOC116942085
OG0004741	CENATAC	CENATAC	CENATAC
OG0004742	CENPJ	LOC133354534	LOC116952968
OG0004743	CENPK	CENPK	CENPK
OG0004744	CENPM	CENPM	CENPM
OG0004745	CENPN	CENPN	CENPN
OG0004746	CENPP	CENPP	CENPP
OG0004747	CEP120	CEP120	CEP120
OG0004748	CEP152	LOC133346778	CEP152
OG0004749	CEP162	CEP162	CEP162
OG0004750	CEP164	CEP164	CEP164
OG0004751	CEP295	CEP295	LOC116952619
OG0004752	CEP43	CEP43	CEP43
OG0004753	CEP55	CEP55	CEP55
OG0004754	CEP76	CEP76	CEP76
OG0004755	CEP97	CEP97	CEP97
OG0004756	CERKL	CERKL	CERKL
OG0004757	CERS2	CERS2	CERS2
OG0004758	CFAP251	CFAP251	CFAP251
OG0004759	CFAP298	CFAP298	CFAP298
OG0004760	CFAP52	CFAP52	CFAP52
OG0004761	CFAP58	CFAP58	CFAP58
OG0004762	CFAP61	CFAP61	CFAP61
OG0004763	CFAP65	CFAP65	CFAP65
OG0004764	CFAP70	CFAP70	CFAP70
OG0004765	CFAP91	CFAP91	CFAP91
OG0004766	CFAP97	LOC133357762	LOC142906036
OG0004767	CHAC2	CHAC2	CHAC2
OG0004769	CHCHD4	CHCHD4	CHCHD4
OG0004770	CHCHD5	CHCHD5	CHCHD5
OG0004771	CHDH	CHDH	CHDH
OG0004772	CHID1	CHID1	CHID1
OG0004773	CHMP1A	CHMP1A	CHMP1A
OG0004774	CHMP2A	LOC133343773	CHMP2A
OG0004775	CHPF2	CHPF2	LOC116947393
OG0004776	CHPT1	LOC133360266	LOC116956389
OG0004777	CHRAC1	CHRAC1	CHRAC1
OG0004778	CHST10	CHST10	CHST10
OG0004779	CHST12	CHST12	CHST12
OG0004780	CHST15	CHST15	CHST15
OG0004781	CHSY1	CHSY1	CHSY1
OG0004782	CHURC1	CHURC1	LOC116957902
OG0004783	CIAO1	CIAO1	CIAO1
OG0004784	CIAO2B	CIAO2B	CIAO2B
OG0004785	CIAO3	CIAO3	CIAO3
OG0004786	CIART	CIART	CIART
OG0004787	CIB1	CIB1	CIB1
OG0004788	CIC	LOC133342125	CIC
OG0004789	CILP	LOC133343837	LOC116941910
OG0004790	CIROP	CIROP	CIROP
OG0004791	CISD3	CISD3	CISD3
OG0004792	CLCN7	CLCN7	CLCN7
OG0004793	CLEC16A	CLEC16A	CLEC16A
OG0004794	CLIP1	LOC133348348	LOC116939200
OG0004795	CLN5	LOC133349961	LOC116943473
OG0004796	CLPP	CLPP	CLPP
OG0004797	CLPTM1L	CLPTM1L	CLPTM1L
OG0004798	CLPX	CLPX	CLPX
OG0004799	CLSPN	CLSPN	CLSPN
OG0004800	CMAS	CMAS	CMAS
OG0004801	CMPK1	CMPK1	CMPK1
OG0004802	CMSS1	CMSS1	CMSS1
OG0004803	CMTM8	LOC133354908	LOC116952083
OG0004804	CMTR1	CMTR1	CMTR1
OG0004805	CMTR2	CMTR2	CMTR2
OG0004806	CNIH4	CNIH4	CNIH4
OG0004807	CNOT10	CNOT10	CNOT10
OG0004808	CNOT11	CNOT11	CNOT11
OG0004809	CNOT2	CNOT2	CNOT2
OG0004810	CNOT9	CNOT9	CNOT9
OG0004811	CNP	CNP	CNP
OG0004812	CNPPD1	CNPPD1	CNPPD1
OG0004813	CNRIP1	CNRIP1	CNRIP1
OG0004814	CNST	CNST	CNST
OG0004815	CNTD1	LOC133357057	CNTD1
OG0004816	CNTLN	LOC133354222	CNTLN
OG0004817	COA1	LOC133345831	COA1
OG0004818	COA4	LOC133357143	COA4
OG0004819	COA5	LOC133349991	COA5
OG0004820	COA6	LOC133341275	COA6
OG0004821	COASY	COASY	COASY
OG0004822	COG1	COG1	COG1
OG0004823	COG2	COG2	COG2
OG0004824	COG3	COG3	COG3
OG0004825	COG7	COG7	COG7
OG0004826	COG8	COG8	COG8
OG0004827	COIL	COIL	LOC116949732
OG0004828	COL17A1	COL17A1	COL17A1
OG0004829	COL6A1	LOC133344521	COL6A1
OG0004830	COL6A2	COL6A2	COL6A2
OG0004831	COMMD10	COMMD10	COMMD10
OG0004832	COMMD3	COMMD3	COMMD3
OG0004833	COMMD5	COMMD5	COMMD5
OG0004834	COMMD6	COMMD6	COMMD6
OG0004835	COMMD8	COMMD8	COMMD8
OG0004836	COMMD9	COMMD9	COMMD9
OG0004837	COP1	COP1	LOC116944868
OG0004838	COPA	COPA	COPA
OG0004839	COPB1	COPB1	COPB1
OG0004840	COPB2	COPB2	COPB2
OG0004841	COPE	COPE	COPE
OG0004842	COPS2	COPS2	COPS2
OG0004843	COPS3	COPS3	COPS3
OG0004844	COPS4	COPS4	COPS4
OG0004845	COPS5	COPS5	COPS5
OG0004846	COPS6	COPS6	COPS6
OG0004847	COPS8	COPS8	COPS8
OG0004848	COQ2	COQ2	COQ2
OG0004849	COQ7	COQ7	COQ7
OG0004850	COQ8B	LOC133347085	LOC116939447
OG0004851	CORO7	CORO7	CORO7
OG0004852	COX1	COX1	COX1
OG0004853	COX11	LOC133340634	COX11
OG0004854	COX14	LOC133358029	COX14
OG0004856	COX16	LOC133361049	COX16
OG0004857	COX18	LOC133358074	COX18
OG0004858	COX19	LOC133344818	COX19
OG0004859	COX2	COX2	COX2
OG0004860	COX3	COX3	COX3
OG0004861	COX5B	LOC133350639	COX5B
OG0004862	COX6C	LOC133353361	COX6C
OG0004863	CPE	CPE	CPE
OG0004864	CPLX1	LOC133343523	LOC116940697
OG0004865	CPLX4	CPLX4	LOC116953568
OG0004866	CPM	LOC133351600	CPM
OG0004867	CPNE9	LOC133342701	LOC116949290
OG0004868	CPPED1	CPPED1	CPPED1
OG0004869	CPSF1	CPSF1	CPSF1
OG0004870	CPSF2	CPSF2	CPSF2
OG0004872	CPSF6	LOC133347725	LOC116955776
OG0004873	CRBN	CRBN	CRBN
OG0004874	CREB3L1	CREB3L1	CREB3L1
OG0004875	CRIM1	LOC133352779	LOC116948447
OG0004876	CRIPT	CRIPT	CRIPT
OG0004877	CRLF3	LOC133340602	LOC116951507
OG0004878	CRLS1	CRLS1	CRLS1
OG0004879	CRNKL1	CRNKL1	CRNKL1
OG0004881	CROT	CROT	CROT
OG0004882	CRPPA	CRPPA	CRPPA
OG0004883	CRTAC1	CRTAC1	CRTAC1
OG0004884	CRTAP	CRTAP	LOC116945258
OG0004885	CRYM	CRYM	CRYM
OG0004886	CSE1L	CSE1L	CSE1L
OG0004887	CSPP1	LOC133353283	LOC116945213
OG0004888	CSTF1	CSTF1	CSTF1
OG0004889	CSTF3	CSTF3	CSTF3
OG0004890	CTC1	CTC1	CTC1
OG0004891	CTDNEP1	CTDNEP1	CTDNEP1
OG0004892	CTDP1	CTDP1	CTDP1
OG0004893	CTDSPL2	CTDSPL2	CTDSPL2
OG0004894	CTNNAL1	CTNNAL1	CTNNAL1
OG0004895	CTNNBL1	CTNNBL1	CTNNBL1
OG0004896	CTNS	CTNS	CTNS
OG0004897	CTSO	CTSO	CTSO
OG0004898	CUL2	CUL2	CUL2
OG0004899	CUL5	CUL5	CUL5
OG0004900	CUL9	LOC133347274	LOC116939769
OG0004901	CUNH1orf146	C3H1orf146	C37H1orf146
OG0004902	CUNH1orf50	C40H1orf50	C39H1orf50
OG0004903	CUNH4orf33	C16H4orf33	C16H4orf33
OG0004904	CWC15	CWC15	CWC15
OG0004905	CWC22	CWC22	CWC22
OG0004906	CWC25	CWC25	CWC25
OG0004907	CWF19L1	CWF19L1	CWF19L1
OG0004908	CWF19L2	CWF19L2	CWF19L2
OG0004909	CXCL12	LOC133350529	LOC116940348
OG0004910	CXXC1	LOC133351630	CXXC1
OG0004911	CYB561D2	LOC133355486	CYB561D2
OG0004912	CYB5D1	LOC133351051	CYB5D1
OG0004913	CYB5R4	LOC133352323	CYB5R4
OG0004914	CYC1	LOC133350904	CYC1
OG0004915	CYCS	LOC133355721	LOC116943881
OG0004916	CYP17A1	LOC133346921	LOC116939743
OG0004917	CYP1B1	LOC133347278	CYP1B1
OG0004918	CYP27A1	LOC133346016	CYP27A1
OG0004919	CYP51A1	LOC133345021	CYP51A1
OG0004920	CYP7A1	LOC133349197	LOC116942568
OG0004921	CYTB	CYTB	CYTB
OG0004922	CZIB	CZIB	CZIB
OG0004923	DAB1	LOC133346559	LOC116938836
OG0004924	DAD1	DAD1	DAD1
OG0004925	DAG1	DAG1	DAG1
OG0004926	DALRD3	DALRD3	DALRD3
OG0004927	DAO	DAO	DAO
OG0004928	DAP3	DAP3	DAP3
OG0004929	DAPK3	DAPK3	DAPK3
OG0004930	DARS1	DARS1	DARS1
OG0004931	DARS2	DARS2	DARS2
OG0004932	DAW1	LOC133357509	DAW1
OG0004933	DAZAP2	DAZAP2	DAZAP2
OG0004935	DBI	LOC133345298	DBI
OG0004936	DCAF1	DCAF1	DCAF1
OG0004938	DCAF11	DCAF11	DCAF11
OG0004939	DCAF12	LOC133350593	LOC116954972
OG0004941	DCAF4	LOC133352703	DCAF4
OG0004942	DCAF5	DCAF5	DCAF5
OG0004943	DCAF7	DCAF7	DCAF7
OG0004944	DCAKD	DCAKD	DCAKD
OG0004945	DCHS1	DCHS1	DCHS1
OG0004946	DCLRE1B	LOC133342656	LOC116949336
OG0004947	DCLRE1C	DCLRE1C	DCLRE1C
OG0004948	DCPS	DCPS	DCPS
OG0004949	DCTD	DCTD	DCTD
OG0004950	DCTN1	DCTN1	DCTN1
OG0004951	DCTN2	DCTN2	DCTN2
OG0004952	DCTN5	DCTN5	DCTN5
OG0004953	DCTN6	DCTN6	DCTN6
OG0004954	DCUN1D4	DCUN1D4	DCUN1D4
OG0004955	DCXR	DCXR	DCXR
OG0004956	DDA1	DDA1	DDA1
OG0004957	DDB1	DDB1	DDB1
OG0004958	DDOST	DDOST	DDOST
OG0004959	DDRGK1	DDRGK1	DDRGK1
OG0004960	DDX1	DDX1	DDX1
OG0004961	DDX10	DDX10	DDX10
OG0004963	DDX24	DDX24	DDX24
OG0004964	DDX27	LOC133350916	DDX27
OG0004965	DDX28	LOC133346988	DDX28
OG0004966	DDX41	DDX41	DDX41
OG0004967	DDX42	DDX42	DDX42
OG0004968	DDX46	DDX46	DDX46
OG0004969	DDX47	DDX47	DDX47
OG0004970	DDX54	DDX54	DDX54
OG0004971	DDX55	DDX55	DDX55
OG0004972	DDX59	DDX59	DDX59
OG0004973	DDX6	DDX6	DDX6
OG0004974	DEAF1	LOC133350154	LOC116940054
OG0004975	DEF8	DEF8	DEF8
OG0004976	DENND10	DENND10	DENND10
OG0004977	DENND3	DENND3	DENND3
OG0004978	DENR	DENR	DENR
OG0004979	DEPDC5	DEPDC5	DEPDC5
OG0004980	DEPTOR	DEPTOR	DEPTOR
OG0004981	DERA	DERA	DERA
OG0004982	DERL1	DERL1	DERL1
OG0004983	DESI1	DESI1	DESI1
OG0004984	DET1	DET1	DET1
OG0004985	DFFB	DFFB	LOC116945492
OG0004986	DGAT1	DGAT1	DGAT1
OG0004987	DGCR2	DGCR2	DGCR2
OG0004988	DGKQ	DGKQ	DGKQ
OG0004989	DHDDS	DHDDS	DHDDS
OG0004990	DHODH	DHODH	DHODH
OG0004991	DHRS1	DHRS1	DHRS1
OG0004992	DHRS12	DHRS12	DHRS12
OG0004993	DHRS7	DHRS7	DHRS7
OG0004994	DHX30	DHX30	DHX30
OG0004996	DHX57	DHX57	DHX57
OG0004997	DICER1	DICER1	DICER1
OG0004998	DIO2	LOC133360916	DIO2
OG0004999	DIS3L	DIS3L	DIS3L
OG0005000	DIS3L2	DIS3L2	DIS3L2
OG0005001	DISC1	DISC1	DISC1
OG0005002	DIXDC1	DIXDC1	DIXDC1
OG0005003	DKC1	DKC1	DKC1
OG0005004	DLD	DLD	DLD
OG0005005	DLST	DLST	LOC116953965
OG0005006	DMAC2	DMAC2	DMAC2
OG0005007	DMAC2L	DMAC2L	DMAC2L
OG0005008	DMTF1	DMTF1	DMTF1
OG0005009	DNA2	DNA2	DNA2
OG0005010	DNAI3	DNAI3	DNAI3
OG0005011	DNAI4	DNAI4	DNAI4
OG0005012	DNAJB11	DNAJB11	DNAJB11
OG0005013	DNAJB12	LOC133354363	LOC116950883
OG0005014	DNAJB6	LOC133346221	LOC116937321
OG0005015	DNAJC1	DNAJC1	DNAJC1
OG0005016	DNAJC10	DNAJC10	DNAJC10
OG0005017	DNAJC12	DNAJC12	DNAJC12
OG0005018	DNAJC13	DNAJC13	DNAJC13
OG0005019	DNAJC14	DNAJC14	DNAJC14
OG0005020	DNAJC17	DNAJC17	DNAJC17
OG0005021	DNAJC2	DNAJC2	DNAJC2
OG0005022	DNAJC21	DNAJC21	DNAJC21
OG0005024	DNAJC27	DNAJC27	DNAJC27
OG0005025	DNAL1	DNAL1	DNAL1
OG0005026	DNLZ	DNLZ	DNLZ
OG0005027	DNMBP	LOC133353048	DNMBP
OG0005028	DNMT1	DNMT1	DNMT1
OG0005029	DNPEP	DNPEP	DNPEP
OG0005030	DNPH1	DNPH1	DNPH1
OG0005031	DNTTIP1	DNTTIP1	DNTTIP1
OG0005032	DNTTIP2	LOC133338958	DNTTIP2
OG0005033	DOHH	DOHH	DOHH
OG0005034	DOLK	DOLK	DOLK
OG0005035	DOLPP1	DOLPP1	DOLPP1
OG0005036	DONSON	DONSON	DONSON
OG0005037	DOT1L	LOC133346509	DOT1L
OG0005038	DPCD	DPCD	DPCD
OG0005039	DPH1	DPH1	DPH1
OG0005040	DPH2	DPH2	DPH2
OG0005041	DPH5	DPH5	DPH5
OG0005042	DPH6	DPH6	DPH6
OG0005043	DPH7	DPH7	DPH7
OG0005044	DPP3	DPP3	DPP3
OG0005045	DPP7	DPP7	DPP7
OG0005046	DPT	DPT	DPT
OG0005047	DPY19L1	DPY19L1	DPY19L1
OG0005048	DPY19L3	DPY19L3	DPY19L3
OG0005049	DQX1	LOC133345545	LOC116941312
OG0005050	DR1	DR1	DR1
OG0005051	DRAP1	DRAP1	DRAP1
OG0005052	DRC7	DRC7	DRC7
OG0005053	DRD4	LOC133350156	LOC116940053
OG0005054	DRG2	DRG2	DRG2
OG0005055	DSCC1	DSCC1	DSCC1
OG0005056	DSEL	DSEL	DSEL
OG0005057	DSN1	DSN1	DSN1
OG0005058	DTL	DTL	DTL
OG0005059	DTWD1	DTWD1	DTWD1
OG0005060	DTWD2	DTWD2	DTWD2
OG0005062	DUS3L	DUS3L	DUS3L
OG0005063	DUSP1	LOC133345571	LOC116941284
OG0005064	DUSP10	LOC133347019	DUSP10
OG0005065	DUSP11	DUSP11	DUSP11
OG0005066	DUSP3	LOC133350897	DUSP3
OG0005067	DVL3	DVL3	DVL3
OG0005068	DXO	DXO	DXO
OG0005069	DYM	DYM	DYM
OG0005070	DYNC2I1	DYNC2I1	DYNC2I1
OG0005071	DYNC2I2	DYNC2I2	DYNC2I2
OG0005072	DYNLRB1	DYNLRB1	DYNLRB1
OG0005073	DYNLT1	DYNLT1	DYNLT1
OG0005074	DYRK1A	DYRK1A	DYRK1A
OG0005075	EAF1	EAF1	EAF1
OG0005077	EBAG9	EBAG9	EBAG9
OG0005078	EBNA1BP2	EBNA1BP2	EBNA1BP2
OG0005079	ECD	ECD	ECD
OG0005080	ECE2	ECE1	LOC116950542
OG0005081	ECH1	ECH1	ECH1
OG0005082	ECHDC3	ECHDC3	ECHDC3
OG0005083	ECHS1	ECHS1	ECHS1
OG0005084	ECI1	ECI1	ECI1
OG0005086	ECSIT	ECSIT	ECSIT
OG0005087	EDC3	EDC3	EDC3
OG0005088	EDC4	EDC4	LOC116945726
OG0005089	EDEM1	EDEM1	EDEM1
OG0005090	EEA1	EEA1	EEA1
OG0005091	EED	EED	EED
OG0005092	EEF1G	EEF1G	EEF1G
OG0005093	EEF2	EEF2	EEF2
OG0005094	EEF2K	EEF2K	EEF2K
OG0005095	EEFSEC	EEFSEC	EEFSEC
OG0005096	EEPD1	LOC133350986	LOC116944290
OG0005097	EFCAB2	EFCAB2	DRC8
OG0005098	EFHC1	LOC133347738	EFHC1
OG0005099	EFL1	EFL1	EFL1
OG0005100	EFR3B	EFR3B	EFR3B
OG0005101	EI24	EI24	EI24
OG0005102	EIF1AD	EIF1AD	EIF1AD
OG0005103	EIF2A	EIF2A	EIF2A
OG0005104	EIF2AK1	LOC133350900	EIF2AK1
OG0005105	EIF2AK3	EIF2AK3	EIF2AK3
OG0005106	EIF2AK4	EIF2AK4	EIF2AK4
OG0005107	EIF2B1	EIF2B1	EIF2B1
OG0005108	EIF2B2	EIF2B2	EIF2B2
OG0005109	EIF2B3	EIF2B3	EIF2B3
OG0005110	EIF2B4	EIF2B4	EIF2B4
OG0005111	EIF2B5	EIF2B5	EIF2B5
OG0005112	EIF2D	EIF2D	EIF2D
OG0005113	EIF2S1	EIF2S1	EIF2S1
OG0005114	EIF2S2	EIF2S2	EIF2S2
OG0005115	EIF3A	EIF3A	EIF3A
OG0005116	EIF3D	EIF3D	EIF3D
OG0005117	EIF3E	EIF3E	EIF3E
OG0005118	EIF3F	EIF3F	EIF3F
OG0005119	EIF3G	EIF3G	EIF3G
OG0005120	EIF3I	EIF3I	EIF3I
OG0005121	EIF3J	EIF3J	EIF3J
OG0005122	EIF3K	EIF3K	EIF3K
OG0005123	EIF3L	EIF3L	EIF3L
OG0005124	EIF3M	EIF3M	EIF3M
OG0005125	EIF4B	LOC133346055	EIF4B
OG0005126	EIF4E2	EIF4E2	EIF4E2
OG0005127	EIF4E3	EIF4E3	EIF4E3
OG0005128	EIF4G2	EIF4G2	EIF4G2
OG0005129	EIF4H	EIF4H	EIF4H
OG0005130	EIF5	EIF5	EIF5
OG0005131	EIF5A	EIF5A	EIF5A
OG0005132	EIPR1	EIPR1	EIPR1
OG0005133	ELAC2	ELAC2	ELAC2
OG0005134	ELOA	ELOA	ELOA
OG0005135	ELOB	ELOB	ELOB
OG0005136	ELOC	ELOC	ELOC
OG0005137	ELOF1	ELOF1	ELOF1
OG0005138	ELOVL4	ELOVL4	LOC116955634
OG0005139	ELOVL6	LOC133350583	LOC116940299
OG0005140	ELP1	ELP1	ELP1
OG0005141	ELP2	ELP2	ELP2
OG0005142	ELP3	ELP3	ELP3
OG0005143	ELP4	ELP4	ELP4
OG0005144	ELP5	ELP5	ELP5
OG0005145	ELP6	ELP6	ELP6
OG0005146	EMC10	EMC10	EMC10
OG0005147	EMC2	EMC2	EMC2
OG0005148	EMC3	EMC3	EMC3
OG0005149	EMC8	LOC133340281	LOC116945743
OG0005151	EMSY	EMSY	EMSY
OG0005152	EMX2	LOC133343410	LOC103091691
OG0005153	ENDOU	ENDOU	ENDOU
OG0005154	ENKUR	ENKUR	ENKUR
OG0005155	ENO4	ENO4	ENO4
OG0005156	ENTPD4	ENTPD4	ENTPD4
OG0005157	ENY2	ENY2	ENY2
OG0005158	EOGT	EOGT	EOGT
OG0005159	EOMES	LOC133356834	LOC116943951
OG0005160	EPG5	EPG5	EPG5
OG0005161	EPHX1	EPHX1	EPHX1
OG0005162	EPN2	LOC133346661	EPN2
OG0005163	EPPK1	LOC133353248	LOC116945259
OG0005164	EPRS1	EPRS1	EPRS1
OG0005165	ERBIN	LOC133351841	LOC116948891
OG0005166	ERCC2	ERCC2	ERCC2
OG0005167	ERCC3	ERCC3	ERCC3
OG0005168	ERCC4	ERCC4	ERCC4
OG0005169	ERCC5	LOC133357150	ERCC5
OG0005170	ERCC6	LOC133350527	ERCC6
OG0005171	ERCC8	ERCC8	ERCC8
OG0005172	ERGIC1	ERGIC1	ERGIC1
OG0005173	ERGIC2	LOC133350288	ERGIC2
OG0005174	ERH	ERH	ERH
OG0005175	ERLEC1	ERLEC1	ERLEC1
OG0005176	ERMARD	ERMARD	ERMARD
OG0005177	ESF1	ESF1	ESF1
OG0005178	ESM1	ESM1	ESM1
OG0005179	ESRP1	ESRP1	ESRP1
OG0005180	ETF1	ETF1	ETF1
OG0005181	ETFDH	ETFDH	ETFDH
OG0005182	ETHE1	ETHE1	ETHE1
OG0005183	EVL	LOC133352561	EVL
OG0005184	EXD2	EXD2	EXD2
OG0005185	EXD3	EXD3	EXD3
OG0005186	EXO1	EXO1	EXO1
OG0005187	EXOC4	EXOC4	EXOC4
OG0005188	EXOC5	EXOC5	EXOC5
OG0005189	EXOC8	EXOC8	EXOC8
OG0005190	EXOSC1	EXOSC1	EXOSC1
OG0005191	EXOSC2	EXOSC2	EXOSC2
OG0005192	EXOSC3	EXOSC3	EXOSC3
OG0005193	EXOSC4	EXOSC4	EXOSC4
OG0005194	EXOSC5	EXOSC5	EXOSC5
OG0005195	EXOSC6	EXOSC6	EXOSC6
OG0005196	EXT2	EXT2	EXT2
OG0005197	EXTL3	EXTL3	EXTL3
OG0005198	F2	F2	F2
OG0005199	FAAP100	FAAP100	FAAP100
OG0005200	FAF1	FAF1	FAF1
OG0005202	FAH	FAH	FAH
OG0005203	FAHD1	FAHD1	FAHD1
OG0005204	FAM107B	LOC133342567	LOC116949427
OG0005205	FAM120A	LOC133356797	LOC116952779
OG0005206	FAM120B	FAM120B	FAM120B
OG0005207	FAM133B	LOC133349856	FAM133B
OG0005208	FAM135A	FAM135A	LOC116942655
OG0005209	FAM163B	FAM163B	FAM163B
OG0005210	FAM169A	FAM169A	FAM169A
OG0005211	FAM177A1	LOC133341482	LOC116947690
OG0005212	FAM181A	FAM181A	FAM181A
OG0005213	FAM185A	FAM185A	FAM185A
OG0005214	FAM193A	FAM193A	FAM193A
OG0005215	FAM199X	FAM199X	FAM199X
OG0005216	FAM204A	FAM204A	FAM204A
OG0005217	FAM210A	FAM210A	FAM210A
OG0005218	FAM210B	FAM210B	FAM210B
OG0005219	FAM222A	LOC133348270	LOC116939240
OG0005220	FAM32A	FAM32A	FAM32A
OG0005221	FAM53A	FAM53A	FAM53A
OG0005222	FAM8A1	FAM8A1	FAM8A1
OG0005223	FAM91A1	FAM91A1	FAM91A1
OG0005224	FAM98A	LOC133347170	FAM98A
OG0005225	FAN1	FAN1	FAN1
OG0005226	FANCB	FANCB	FANCB
OG0005227	FANCC	FANCC	FANCC
OG0005228	FANCE	FANCE	FANCE
OG0005229	FANCM	FANCM	LOC116948372
OG0005230	FARSA	FARSA	FARSA
OG0005231	FASN	FASN	FASN
OG0005232	FAT4	LOC133342996	FAT4
OG0005233	FAXC	FAXC	FAXC
OG0005234	FBF1	FBF1	FBF1
OG0005235	FBL	FBL	FBL
OG0005236	FBXL15	FBXL15	FBXL15
OG0005237	FBXL16	FBXL16	FBXL16
OG0005238	FBXL6	FBXL6	FBXL6
OG0005240	FBXO3	FBXO3	FBXO3
OG0005241	FBXO31	FBXO31	LOC116945730
OG0005242	FBXO33	FBXO33	FBXO33
OG0005243	FBXO45	FBXO45	FBXO45
OG0005244	FBXO47	FBXO47	FBXO47
OG0005245	FBXO7	FBXO7	FBXO7
OG0005246	FBXW12	LOC133355544	FBXW12
OG0005247	FBXW2	FBXW2	FBXW2
OG0005248	FBXW4	FBXW4	FBXW4
OG0005249	FBXW7	FBXW7	FBXW7
OG0005250	FCF1	FCF1	FCF1
OG0005251	FCHO2	LOC133352031	FCHO2
OG0005252	FDX2	FDX2	LOC116938777
OG0005253	FDXR	FDXR	FDXR
OG0005254	FECH	FECH	FECH
OG0005255	FEN1	FEN1	FEN1
OG0005256	FERMT2	LOC133342400	FERMT2
OG0005257	FEZ2	LOC133360895	LOC116947329
OG0005258	FGB	FGB	FGB
OG0005259	FGD6	FGD6	FGD6
OG0005260	FGF8	LOC133345485	LOC116941408
OG0005261	FGFR1OP2	FGFR1OP2	FGFR1OP2
OG0005262	FGG	FGG	FGG
OG0005263	FGGY	FGGY	FGGY
OG0005264	FH	FH	FH
OG0005265	FHDC1	FHDC1	FHDC1
OG0005266	FHIP1B	LOC133357801	FHIP1B
OG0005267	FHIP2A	FHIP2A	FHIP2A
OG0005268	FHIT	FHIT	FHIT
OG0005269	FIBP	FIBP	FIBP
OG0005270	FILIP1	LOC133353599	LOC116952906
OG0005271	FIP1L1	FIP1L1	FIP1L1
OG0005272	FIRRM	FIRRM	FIRRM
OG0005273	FKBP15	FKBP15	FKBP15
OG0005274	FKBP2	FKBP2	FKBP2
OG0005275	FKBP3	FKBP3	FKBP3
OG0005276	FLCN	FLCN	FLCN
OG0005277	FLOT2	FLOT2	FLOT2
OG0005278	FLT1	FLT1	FLT1
OG0005279	FMNL2	LOC133345980	LOC116938663
OG0005280	FNBP4	FNBP4	FNBP4
OG0005281	FNDC3A	LOC133357258	FNDC3A
OG0005282	FNDC4	LOC133356985	LOC116955600
OG0005283	FNTA	LOC133345522	FNTA
OG0005284	FOXL2	LOC133351088	LOC116946948
OG0005285	FOXN3	FOXN3	FOXN3
OG0005286	FOXO3	LOC133356948	LOC116955534
OG0005287	FOXRED1	FOXRED1	FOXRED1
OG0005288	FOXRED2	FOXRED2	FOXRED2
OG0005289	FRAS1	LOC133350619	FRAS1
OG0005290	FREM1	LOC133352003	FREM1
OG0005291	FRG1	FRG1	FRG1
OG0005292	FRMD6	FRMD6	FRMD6
OG0005293	FRMD8	FRMD8	FRMD8
OG0005294	FRRS1L	FRRS1L	FRRS1L
OG0005295	FRZB	FRZB	FRZB
OG0005296	FSIP1	FSIP1	FSIP1
OG0005297	FST	FST	FST
OG0005298	FTCD	FTCD	FTCD
OG0005299	FTCDNL1	FTCDNL1	FTCDNL1
OG0005300	FXN	FXN	FXN
OG0005301	FZR1	FZR1	FZR1
OG0005302	G3BP2	LOC133350509	G3BP2
OG0005303	G6PC3	G6PC3	LOC116947076
OG0005304	G6PD	G6PD	G6PD
OG0005305	GABBR1	LOC133343849	LOC116954934
OG0005306	GABRA6	LOC133349880	LOC116943684
OG0005307	GAD1	GAD1	GAD1
OG0005308	GALC	GALC	GALC
OG0005309	GALE	LOC133352918	GALE
OG0005311	GALK2	GALK2	GALK2
OG0005312	GALM	GALM	GALM
OG0005313	GALNT11	GALNT11	GALNT11
OG0005314	GALNT16	LOC133352676	LOC116948466
OG0005315	GALNT4	GALNT4	GALNT4
OG0005316	GALR1	GALR1	GALR1
OG0005317	GAMT	LOC133355045	LOC116953525
OG0005318	GAN	GAN	GAN
OG0005319	GARS1	GARS1	GARS1
OG0005320	GART	GART	GART
OG0005321	GAS2	GAS2	GAS2
OG0005322	GAS6	GAS6	GAS6
OG0005323	GAS8	GAS8	DRC4
OG0005324	GATA4	LOC133349132	LOC116942517
OG0005325	GATB	GATB	GATB
OG0005326	GATD1	GATD1	GATD1
OG0005327	GATM	LOC133346736	GATM
OG0005328	GBA1	GBA1	GBA1
OG0005329	GBA2	GBA2	GBA2
OG0005330	GBE1	GBE1	GBE1
OG0005331	GCC1	GCC1	GCC1
OG0005332	GCDH	GCDH	GCDH
OG0005333	GCHFR	GCHFR	GCHFR
OG0005334	GCK	GCK	GCK
OG0005335	GCLC	GCLC	GCLC
OG0005336	GCLM	GCLM	GCLM
OG0005337	GCN1	GCN1	GCN1
OG0005338	GCNT2	GCNT2	GCNT2
OG0005339	GCSH	GCSH	GCSH
OG0005340	GDE1	GDE1	GDE1
OG0005341	GDF11	GDF11	GDF11
OG0005342	GEMIN4	GEMIN4	GEMIN4
OG0005343	GEMIN6	GEMIN6	GEMIN6
OG0005344	GEMIN8	GEMIN8	GEMIN8
OG0005345	GET1	GET1	GET1
OG0005347	GET4	GET4	GET4
OG0005348	GFI1B	LOC133360109	GFI1B
OG0005350	GFM2	GFM2	GFM2
OG0005351	GFUS	GFUS	GFUS
OG0005352	GGT1	LOC133348885	GGT1
OG0005353	GGT7	GGT7	GGT7
OG0005354	GHDC	GHDC	GHDC
OG0005355	GHITM	GHITM	GHITM
OG0005356	GID8	GID8	GID8
OG0005357	GIGYF2	LOC133351094	GIGYF2
OG0005358	GINM1	GINM1	GINM1
OG0005359	GINS1	GINS1	GINS1
OG0005360	GINS3	GINS3	GINS3
OG0005361	GINS4	GINS4	GINS4
OG0005362	GK5	GK5	GK5
OG0005363	GKAP1	GKAP1	GKAP1
OG0005364	GLCE	GLCE	GLCE
OG0005365	GLDC	GLDC	GLDC
OG0005366	GLG1	GLG1	GLG1
OG0005367	GLIS2	GLIS2	GLIS2
OG0005368	GLMN	GLMN	GLMN
OG0005369	GLO1	GLO1	GLO1
OG0005370	GLRB	GLRB	GLRB
OG0005371	GLYCTK	GLYCTK	GLYCTK
OG0005372	GM2A	GM2A	GM2A
OG0005373	GMDS	GMDS	GMDS
OG0005374	GMNN	LOC133352993	GMNN
OG0005375	GMPPB	GMPPB	GMPPB
OG0005376	GMPS	GMPS	GMPS
OG0005377	GNB5	GNB5	GNB5
OG0005379	GNL3	GNL3	LOC116952367
OG0005380	GNL3L	GNL3L	GNL3L
OG0005381	GNMT	GNMT	GNMT
OG0005382	GNPAT	GNPAT	GNPAT
OG0005383	GNPTG	GNPTG	GNPTG
OG0005384	GOLGA4	GOLGA4	GOLGA4
OG0005385	GOLGA5	GOLGA5	GOLGA5
OG0005386	GOLGA7	GOLGA7	GOLGA7
OG0005387	GOLM2	GOLM2	GOLM2
OG0005388	GOLT1B	GOLT1B	GOLT1B
OG0005389	GOPC	GOPC	GOPC
OG0005390	GORAB	GORAB	GORAB
OG0005391	GORASP2	LOC133345231	LOC116948965
OG0005392	GOT1	LOC133340548	GOT1
OG0005393	GOT2	GOT2	GOT2
OG0005394	GP9	LOC133342520	GP9
OG0005395	GPAA1	GPAA1	GPAA1
OG0005396	GPALPP1	GPALPP1	GPALPP1
OG0005397	GPAM	GPAM	GPAM
OG0005398	GPANK1	GPANK1	GPANK1
OG0005399	GPATCH3	GPATCH3	GPATCH3
OG0005400	GPCPD1	GPCPD1	GPCPD1
OG0005401	GPD2	GPD2	GPD2
OG0005402	GPHN	GPHN	GPHN
OG0005403	GPM6A	LOC133357770	LOC116955775
OG0005404	GPR139	LOC133340744	LOC116951349
OG0005405	GPR143	GPR143	GPR143
OG0005406	GPR149	GPR149	GPR149
OG0005407	GPR155	GPR155	GPR155
OG0005408	GPR176	GPR176	GPR176
OG0005409	GPR19	GPR19	GPR19
OG0005410	GPR61	LOC133349378	LOC116942461
OG0005411	GPR84	GPR84	GPR84
OG0005412	GPX4	GPX4	GPX4
OG0005413	GRAMD1B	LOC133342036	LOC116948121
OG0005414	GRIK5	LOC133342124	GRIK5
OG0005415	GRIPAP1	GRIPAP1	GRIPAP1
OG0005416	GRPEL1	LOC133343443	LOC116940602
OG0005417	GRTP1	LOC133360948	GRTP1
OG0005418	GRWD1	LOC133345917	GRWD1
OG0005419	GSR	GSR	GSR
OG0005420	GSTCD	GSTCD	GSTCD
OG0005421	GSTK1	GSTK1	GSTK1
OG0005422	GSTZ1	GSTZ1	GSTZ1
OG0005423	GTDC1	GTDC1	QTMAN
OG0005424	GTF2E1	GTF2E1	GTF2E1
OG0005425	GTF2E2	GTF2E2	GTF2E2
OG0005426	GTF2F1	GTF2F1	GTF2F1
OG0005427	GTF2H3	GTF2H3	GTF2H3
OG0005428	GTF3C2	GTF3C2	GTF3C2
OG0005429	GTF3C3	GTF3C3	GTF3C3
OG0005430	GTF3C4	GTF3C4	GTF3C4
OG0005431	GTF3C6	GTF3C6	GTF3C6
OG0005432	GTPBP1	GTPBP1	GTPBP1
OG0005433	GTPBP10	GTPBP10	GTPBP10
OG0005434	GTPBP2	GTPBP2	GTPBP2
OG0005435	GTPBP4	GTPBP4	GTPBP4
OG0005436	GTSE1	GTSE1	LOC116947584
OG0005437	GUCD1	GUCD1	GUCD1
OG0005438	GUCY1A2	LOC133350055	GUCY1A2
OG0005439	GUCY1B1	GUCY1B1	GUCY1B1
OG0005440	GUCY2F	LOC133353813	LOC116952496
OG0005441	GUF1	GUF1	GUF1
OG0005442	GUK1	GUK1	GUK1
OG0005443	GULP1	LOC133346115	LOC116938528
OG0005444	GUSB	GUSB	GUSB
OG0005445	H1-10	LOC133357985	H1-10
OG0005446	HACE1	HACE1	HACE1
OG0005447	HADH	HADH	HADH
OG0005448	HADHA	HADHA	HADHA
OG0005449	HADHB	HADHB	HADHB
OG0005450	HAGH	HAGH	HAGH
OG0005451	HASPIN	HASPIN	HASPIN
OG0005452	HAUS7	LOC133356542	LOC116951171
OG0005453	HAX1	HAX1	HAX1
OG0005454	HBP1	HBP1	HBP1
OG0005456	HCFC1	HCFC1	HCFC1
OG0005457	HDAC11	HDAC11	HDAC11
OG0005458	HDAC8	HDAC8	HDAC8
OG0005459	HDDC2	HDDC2	HDDC2
OG0005460	HDHD2	HDHD2	HDHD2
OG0005461	HDHD5	HDHD5	HDHD5
OG0005462	HDLBP	HDLBP	HDLBP
OG0005463	HDX	HDX	HDX
OG0005464	HEATR1	HEATR1	HEATR1
OG0005465	HEATR5B	LOC133352818	HEATR5B
OG0005466	HEATR6	HEATR6	HEATR6
OG0005467	HELLS	HELLS	HELLS
OG0005468	HELT	HELT	HELT
OG0005469	HEMK1	HEMK1	HEMK1
OG0005470	HERC1	LOC133346444	HERC1
OG0005471	HERC2	HERC2	HERC2
OG0005472	HERC4	HERC4	HERC4
OG0005473	HERPUD2	LOC133340497	LOC116945898
OG0005474	HES1	HES1	HES1
OG0005475	HEXD	HEXD	HEXD
OG0005476	HGH1	HGH1	HGH1
OG0005477	HID1	LOC133358663	HID1
OG0005478	HIKESHI	HIKESHI	HIKESHI
OG0005479	HINT1	HINT1	HINT1
OG0005480	HINT2	LOC133343794	LOC116941955
OG0005481	HINT3	HINT3	HINT3
OG0005482	HIP1R	LOC133348823	LOC116950063
OG0005483	HIRIP3	LOC133338978	HIRIP3
OG0005484	HLCS	HLCS	HLCS
OG0005485	HLX	HLX	HLX
OG0005486	HMBOX1	HMBOX1	HMBOX1
OG0005487	HMCES	HMCES	HMCES
OG0005488	HMCN1	LOC133341883	HMCN1
OG0005489	HMGCLL1	LOC133353208	LOC116945260
OG0005490	HMGCR	HMGCR	HMGCR
OG0005491	HMGXB3	HMGXB3	HMGXB3
OG0005492	HMGXB4	HMGXB4	HMGXB4
OG0005493	HNRNPUL1	HNRNPUL1	HNRNPUL1
OG0005494	HOGA1	HOGA1	HOGA1
OG0005495	HOXD10	LOC133344819	LOC116940926
OG0005496	HP1BP3	HP1BP3	HP1BP3
OG0005497	HPD	HPD	HPD
OG0005498	HPS1	HPS1	HPS1
OG0005499	HPS3	HPS3	HPS3
OG0005500	HPX	HPX	HPX
OG0005501	HS1BP3	HS1BP3	HS1BP3
OG0005502	HS2ST1	LOC133341849	HS2ST1
OG0005503	HSCB	HSCB	HSCB
OG0005504	HSD17B4	HSD17B4	HSD17B4
OG0005505	HSD3B7	HSD3B7	LOC116950217
OG0005506	HSDL2	HSDL2	HSDL2
OG0005507	HSP90B1	HSP90B1	HSP90B1
OG0005508	HSPA12B	LOC133343418	HSPA12B
OG0005509	HSPA14	HSPA14	HSPA14
OG0005510	HSPE1	HSPE1	HSPE1
OG0005511	HSPG2	HSPG2	HSPG2
OG0005512	HTATIP2	HTATIP2	HTATIP2
OG0005513	HTR4	HTR4	HTR4
OG0005514	HTR5A	LOC133344960	HTR5A
OG0005515	HTR7	HTR7	HTR7
OG0005516	HTT	HTT	HTT
OG0005517	HUS1	HUS1	HUS1
OG0005518	HUWE1	HUWE1	HUWE1
OG0005519	HVCN1	HVCN1	HVCN1
OG0005520	HYI	HYI	HYI
OG0005521	HYLS1	HYLS1	HYLS1
OG0005523	HYPK	HYPK	HYPK
OG0005524	IARS1	IARS1	IARS1
OG0005525	IARS2	IARS2	IARS2
OG0005526	IBA57	IBA57	IBA57
OG0005527	IBTK	LOC133339392	LOC142906975
OG0005528	ICMT	ICMT	ICMT
OG0005529	IDE	IDE	IDE
OG0005530	IDH1	IDH1	IDH1
OG0005531	IDH2	IDH2	IDH2
OG0005532	IDH3G	IDH3G	IDH3G
OG0005533	IDI1	IDI1	IDI1
OG0005534	IDUA	IDUA	IDUA
OG0005535	IER3IP1	IER3IP1	IER3IP1
OG0005536	IER5	LOC133360177	LOC116955379
OG0005537	IFI30	LOC133341891	LOC116945020
OG0005538	IFT122	LOC133355506	IFT122
OG0005539	IFT172	IFT172	IFT172
OG0005540	IFT20	IFT20	IFT20
OG0005541	IFT27	IFT27	IFT27
OG0005542	IFT43	IFT43	IFT43
OG0005543	IFT52	IFT52	IFT52
OG0005544	IFT74	IFT74	IFT74
OG0005545	IFT88	IFT88	IFT88
OG0005546	IGDCC3	IGDCC3	IGDCC3
OG0005547	IK	IK	IK
OG0005548	IKZF5	LOC133359545	IKZF5
OG0005549	IL17RD	IL17RD	IL17RD
OG0005551	ILKAP	ILKAP	ILKAP
OG0005552	ILVBL	ILVBL	HACL2
OG0005554	IMMP2L	IMMP2L	IMMP2L
OG0005555	IMMT	IMMT	IMMT
OG0005556	IMP3	IMP3	IMP3
OG0005557	IMP4	IMP4	IMP4
OG0005558	IMPA1	LOC133354827	LOC116952030
OG0005559	IMPACT	IMPACT	IMPACT
OG0005560	INF2	INF2	INF2
OG0005561	INO80	INO80	INO80
OG0005562	INO80C	INO80C	INO80C
OG0005563	INO80D	INO80D	INO80D
OG0005564	INPP5A	INPP5A	INPP5A
OG0005565	INPP5E	INPP5E	INPP5E
OG0005566	INPP5F	INPP5F	INPP5F
OG0005567	INPP5K	LOC133349084	LOC116957778
OG0005568	INS	LOC133347390	INS
OG0005569	INTS11	INTS11	INTS11
OG0005570	INTS12	INTS12	INTS12
OG0005571	INTS13	INTS13	INTS13
OG0005572	INTS15	INTS15	INTS15
OG0005573	INTS2	INTS2	INTS2
OG0005574	INTS3	INTS3	INTS3
OG0005575	INTS4	INTS4	INTS4
OG0005576	INTS5	INTS5	INTS5
OG0005577	INTS7	INTS7	INTS7
OG0005578	INTS8	INTS8	INTS8
OG0005579	INTS9	INTS9	INTS9
OG0005580	INTU	INTU	INTU
OG0005581	IPMK	IPMK	IPMK
OG0005582	IPO11	IPO11	IPO11
OG0005583	IPO13	IPO13	IPO13
OG0005584	IPO5	IPO5	IPO5
OG0005585	IPO9	IPO9	IPO9
OG0005586	IPP	IPP	IPP
OG0005587	IQCC	IQCC	LOC116945113
OG0005588	IRX6	LOC133354860	LOC116952053
OG0005589	ISCA2	ISCA2	ISCA2
OG0005590	ISM1	LOC133347153	LOC116939523
OG0005591	IST1	IST1	IST1
OG0005592	ISY1	LOC133356648	ISY1
OG0005593	ITFG1	ITFG1	ITFG1
OG0005594	ITFG2	ITFG2	ITFG2
OG0005595	ITGB4	ITGB4	ITGB4
OG0005596	ITPK1	ITPK1	LOC116939790
OG0005597	IVNS1ABP	IVNS1ABP	IVNS1ABP
OG0005598	JAK2	LOC133350099	LOC116951928
OG0005599	JMJD6	JMJD6	JMJD6
OG0005600	JOSD1	JOSD1	JOSD1
OG0005601	KANSL2	KANSL2	KANSL2
OG0005602	KANSL3	KANSL3	KANSL3
OG0005603	KARS1	KARS1	KARS1
OG0005604	KAT14	KAT14	KAT14
OG0005605	KAT2B	KAT2B	KAT2B
OG0005606	KAT5	KAT5	KAT5
OG0005607	KAT8	KAT8	LOC142923803
OG0005608	KATNAL2	KATNAL2	KATNAL2
OG0005609	KATNB1	KATNB1	KATNB1
OG0005610	KATNIP	LOC133353576	LOC116946134
OG0005611	KAZALD1	KAZALD1	KAZALD1
OG0005612	KBTBD12	KBTBD12	KBTBD12
OG0005613	KBTBD2	KBTBD2	KBTBD2
OG0005614	KBTBD8	KBTBD8	KBTBD8
OG0005615	KCMF1	KCMF1	KCMF1
OG0005616	KCNK1	LOC133347336	LOC116939679
OG0005617	KCNK13	LOC133342191	LOC116943209
OG0005618	KCNK18	LOC133345707	LOC116941286
OG0005619	KCNV2	LOC133350675	LOC116951939
OG0005620	KCTD18	KCTD18	KCTD18
OG0005621	KCTD6	LOC133349179	KCTD6
OG0005622	KCTD7	KCTD7	KCTD7
OG0005623	KCTD9	KCTD9	KCTD9
OG0005624	KDM1B	KDM1B	KDM1B
OG0005625	KDM4A	LOC133352068	LOC116948878
OG0005626	KDSR	KDSR	KDSR
OG0005627	KEAP1	LOC133346518	KEAP1
OG0005628	KGD4	KGD4	KGD4
OG0005629	KHDRBS2	KHDRBS2	LOC116946620
OG0005630	KHK	KHK	KHK
OG0005631	KIAA0232	KIAA0232	KIAA0232
OG0005632	KIAA0319L	LOC133353359	LOC116945159
OG0005633	KIAA0930	KIAA0930	KIAA0930
OG0005634	KICS2	KICS2	KICS2
OG0005635	KIDINS220	KIDINS220	KIDINS220
OG0005636	KIF11	KIF11	KIF11
OG0005637	KIF19	KIF19	KIF19
OG0005638	KIF21A	KIF21A	KIF21A
OG0005639	KIF23	KIF23	KIF23
OG0005640	KIF26B	LOC133341307	LOC116947861
OG0005641	KIF2A	LOC133352039	LOC116948837
OG0005642	KIF3A	KIF3A	KIF3A
OG0005643	KIFBP	KIFBP	KIFBP
OG0005644	KIN	KIN	KIN
OG0005645	KLHDC3	KLHDC3	KLHDC3
OG0005646	KLHL12	KLHL12	KLHL12
OG0005647	KLHL14	KLHL14	KLHL14
OG0005648	KLHL18	KLHL18	KLHL18
OG0005649	KLHL21	KLHL21	KLHL21
OG0005650	KLHL22	KLHL22	LOC116939082
OG0005651	KLHL24	KLHL24	KLHL24
OG0005652	KLHL26	KLHL26	KLHL26
OG0005653	KLHL30	LOC133351214	KLHL30
OG0005654	KLHL31	KLHL31	KLHL31
OG0005655	KLHL38	KLHL38	KLHL38
OG0005656	KMO	KMO	KMO
OG0005657	KMT2E	KMT2E	KMT2E
OG0005658	KNDC1	LOC133343244	LOC116940665
OG0005659	KPNA2	LOC133348011	KPNA2
OG0005660	KPNA3	KPNA3	KPNA3
OG0005661	KPNB1	KPNB1	KPNB1
OG0005662	KPTN	KPTN	KPTN
OG0005663	KRIT1	KRIT1	KRIT1
OG0005664	KRTCAP2	KRTCAP2	KRTCAP2
OG0005665	KTI12	KTI12	KTI12
OG0005666	KYNU	KYNU	KYNU
OG0005667	L3HYPDH	L3HYPDH	L3HYPDH
OG0005668	L3MBTL3	L3MBTL3	L3MBTL3
OG0005669	LACTB2	LACTB2	LACTB2
OG0005670	LAMTOR2	LAMTOR2	LAMTOR2
OG0005671	LAMTOR5	LAMTOR5	LAMTOR5
OG0005672	LANCL2	LANCL2	LANCL2
OG0005673	LAP3	LAP3	LAP3
OG0005674	LARS1	LARS1	LARS1
OG0005675	LARS2	LARS2	LARS2
OG0005676	LBX2	LBX2	LOC116940557
OG0005677	LCLAT1	LCLAT1	LCLAT1
OG0005678	LCMT1	LCMT1	LCMT1
OG0005679	LCORL	LOC133343486	LOC116940649
OG0005680	LDAH	LDAH	LDAH
OG0005681	LDB3	LOC133350747	LOC116940149
OG0005682	LDLRAD2	LDLRAD2	LOC116950539
OG0005683	LEO1	LEO1	LEO1
OG0005684	LETMD1	LETMD1	LETMD1
OG0005685	LGI1	LGI1	LGI1
OG0005686	LIAS	LIAS	LIAS
OG0005687	LIG1	LIG1	LIG1
OG0005688	LIG3	LIG3	LIG3
OG0005689	LIG4	LIG4	LIG4
OG0005690	LIN37	LIN37	LIN37
OG0005691	LIN52	LIN52	LIN52
OG0005692	LIN9	LIN9	LIN9
OG0005693	LINGO1	LOC133346412	LOC116947748
OG0005694	LINS1	LOC133343641	LINS1
OG0005695	LIPT1	LIPT1	LIPT1
OG0005696	LIPT2	LIPT2	LIPT2
OG0005697	LIX1L	LIX1L	LIX1L
OG0005698	LLPH	LOC133356593	LOC116951195
OG0005699	LMAN1	LOC133346749	LOC116940854
OG0005700	LMBRD1	LMBRD1	LMBRD1
OG0005702	LMCD1	LMCD1	LMCD1
OG0005703	LMF1	LMF1	LMF1
OG0005704	LMLN	LMLN	LMLN
OG0005705	LMO2	LMO2	LMO2
OG0005706	LMOD3	LOC133356568	LOC116951243
OG0005707	LNPK	LNPK	LNPK
OG0005709	LOC137410806	LOC133356187	LOC116944010
OG0005714	LOC137410872	TTLL5	TTLL5
OG0005718	LOC137410946	LOC133360548	LOC116956677
OG0005719	LOC137410997	DPP4	DPP4
OG0005721	LOC137411077	LOC133356386	LOC116943981
OG0005723	LOC137411111	LOC133357129	LOC116943921
OG0005725	LOC137411122	LOC133356743	LOC116943923
OG0005727	LOC137411436	LOC133359225	SF3A2
OG0005729	LOC137411438	LOC133346365	LOC116941637
OG0005731	LOC137411496	LOC133359016	LOC116941539
OG0005734	LOC137411545	LOC133354953	RECQL
OG0005735	LOC137411550	LOC133349818	OXSR1
OG0005736	LOC137411552	STAM	STAM
OG0005737	LOC137411570	LOC133346993	LOC116939373
OG0005743	LOC137411840	LOC133344249	LOC116941575
OG0005744	LOC137411855	LOC133344240	LOC116941589
OG0005745	LOC137411856	LOC133344233	LOC116941588
OG0005747	LOC137411860	OSTF1	OSTF1
OG0005748	LOC137411863	LOC133356164	LOC116953840
OG0005749	LOC137411899	LOC133351850	LOC116948855
OG0005753	LOC137412085	PLRG1	PLRG1
OG0005754	LOC137412137	LOC133354952	LOC116952148
OG0005755	LOC137412178	LOC133355881	LOC116954182
OG0005756	LOC137412233	LOC133342883	LOC116942839
OG0005757	LOC137412240	LOC133350258	LOC116939969
OG0005758	LOC137412243	LOC133345037	LOC116946159
OG0005759	LOC137412281	CYTIP	CYTIP
OG0005762	LOC137412332	LOC133357881	NKRF
OG0005764	LOC137412342	LOC133348769	GOLGA3
OG0005765	LOC137412352	LOC133351786	LOC116947457
OG0005767	LOC137412371	TTLL12	TTLL12
OG0005768	LOC137412395	PPWD1	PPWD1
OG0005772	LOC137412467	LOC133350316	LOC103091776
OG0005773	LOC137412487	TNIP1	TNIP1
OG0005774	LOC137412517	LOC133350336	LOC116939882
OG0005775	LOC137412559	PDCD6IP	PDCD6IP
OG0005777	LOC137412635	CMTM4	LOC116956137
OG0005778	LOC137412638	LOC133357506	LOC116954428
OG0005779	LOC137412673	LOC133350359	LOC116951887
OG0005781	LOC137412687	LOC133360571	LOC116956684
OG0005783	LOC137412692	LOC133342421	LOC116943159
OG0005789	LOC137412761	LOC133361904	LOC116958448
OG0005790	LOC137412780	SNAP25	LOC116939462
OG0005791	LOC137412799	LOC133356908	LOC116955544
OG0005794	LOC137412825	ALKBH2	ALKBH2
OG0005795	LOC137412837	LOC133339380	LOC116938249
OG0005796	LOC137412884	MEP1A	MEP1A
OG0005798	LOC137412890	LOC133349561	LOC116942285
OG0005801	LOC137412964	LOC133343397	FGF8
OG0005802	LOC137412972	PTPRG	LOC116951263
OG0005803	LOC137412978	LOC133355659	TXNRD3
OG0005804	LOC137412980	LOC133355609	LOC116952316
OG0005805	LOC137413019	ANAPC10	ANAPC10
OG0005806	LOC137413024	DOP1A	DOP1A
OG0005807	LOC137413066	LOC133339396	LOC116958777
OG0005814	LOC137413154	LOC133346024	LOC116938619
OG0005816	LOC137413210	LOC133351623	LOC116947436
OG0005817	LOC137413230	LOC133354762	LOC116953182
OG0005821	LOC137413401	LOC133351819	LOC116947487
OG0005822	LOC137413421	IRAK4	IRAK4
OG0005823	LOC137413428	LOC133350087	LOC116943524
OG0005824	LOC137413452	CLUH	CLUH
OG0005825	LOC137413465	LOC133351574	LOC116947437
OG0005826	LOC137413476	LOC133349639	LOC116948727
OG0005827	LOC137413520	LOC133351678	LOC116947525
OG0005828	LOC137413529	LOC133351680	CAV1
OG0005829	LOC137413530	CCDC186	CCDC186
OG0005830	LOC137413566	LOC133349283	LOC116942722
OG0005831	LOC137413567	LOC133349075	LOC116942725
OG0005832	LOC137413570	LOC133349274	LOC116942709
OG0005833	LOC137413634	LOC133352864	LOC116946601
OG0005834	LOC137413651	LOC133352943	LOC116946531
OG0005835	LOC137413663	SLC30A9	SLC30A9
OG0005837	LOC137413758	LOC133352756	LOC116948404
OG0005839	LOC137413802	LOC133351768	LOC116947493
OG0005840	LOC137413816	LOC133339812	LOC116947383
OG0005842	LOC137413846	SLIRP	SLIRP
OG0005843	LOC137413853	LOC133352760	LOC116948410
OG0005844	LOC137413882	LOC133352064	LOC116948975
OG0005845	LOC137414062	LOC133340580	LOC116951500
OG0005846	LOC137414076	NDC1	NDC1
OG0005847	LOC137414160	LOC133347744	LOC116955587
OG0005849	LOC137414259	GPAT4	GPAT4
OG0005850	LOC137414276	LOC133351650	LOC116947466
OG0005856	LOC137414535	ERCC1	ERCC1
OG0005858	LOC137414560	LOC133351675	LOC116947418
OG0005859	LOC137414592	LOC133348798	LOC116951826
OG0005860	LOC137414614	LOC133357536	LOC103091778
OG0005861	LOC137414633	LOC133346729	LOC116940774
OG0005865	LOC137414833	LOC133340300	LOC116945727
OG0005866	LOC137414850	LOC133351626	LMOD2
OG0005867	LOC137414855	DCTN4	DCTN4
OG0005869	LOC137414863	LOC133348802	TLCD2
OG0005870	LOC137414867	LOC133352316	LOC116950439
OG0005872	LOC137414902	LOC133351643	LOC116947417
OG0005874	LOC137415056	LOC133349781	LOC116948581
OG0005876	LOC137415121	DACT1	DACT1
OG0005877	LOC137415165	INVS	INVS
OG0005878	LOC137415211	FEM1C	LOC116948520
OG0005879	LOC137415216	LOC133341240	DLL1
OG0005880	LOC137415220	MGAT2	MGAT2
OG0005882	LOC137415278	TMEM45B	TMEM45B
OG0005883	LOC137415451	LOC133351659	LOC116947609
OG0005885	LOC137415472	LOC133354538	LOC116950956
OG0005886	LOC137415487	LOC133351715	LOC116947613
OG0005888	LOC137415526	LOC133351796	LOC116947615
OG0005889	LOC137415573	LOC133351719	LOC103091698
OG0005890	LOC137415665	LOC133355488	LOC116952303
OG0005891	LOC137415681	LOC133349230	LOC116942657
OG0005892	LOC137415685	LOC133341864	LOC116944998
OG0005893	LOC137415686	LOC133350542	LOC116940336
OG0005894	LOC137415894	HOXA2	HOXA2
OG0005895	LOC137415895	MTX2	MTX2
OG0005896	LOC137415896	LOC133346134	LOC103091721
OG0005898	LOC137415931	MOB2	LOC116939981
OG0005899	LOC137415961	LOC133344879	LOC116940989
OG0005901	LOC137415993	LOC133341401	LOC116947764
OG0005902	LOC137415997	BEGAIN	LOC116939575
OG0005904	LOC137416046	PSKH1	LOC116954223
OG0005907	LOC137416149	LOC133354736	LOC116953264
OG0005908	LOC137416158	LOC133343934	LOC116942165
OG0005909	LOC137416167	ACTMAP	ACTMAP
OG0005910	LOC137416210	LOC133354635	LOC116953247
OG0005911	LOC137416228	SCRT1	SCRT1
OG0005912	LOC137416257	LOC133350003	LOC116943614
OG0005913	LOC137416260	C50H19orf25	C52H19orf25
OG0005914	LOC137416273	LOC133355173	SETBP1
OG0005915	LOC137416329	ZYG11B	ZYG11B
OG0005916	LOC137416354	LOC133346951	LOC116939324
OG0005917	LOC137416395	ZNF131	LOC116953624
OG0005918	LOC137416438	LOC133351216	LOC116946924
OG0005919	LOC137416518	LOC133355244	LOC116953476
OG0005920	LOC137416525	LOC133342997	LOC116942766
OG0005921	LOC137416533	LOC133357316	LOC116937871
OG0005922	LOC137416538	LOC133351696	LOC116947498
OG0005924	LOC137416593	LOC133348939	LOC116950310
OG0005925	LOC137416603	LOC133350335	LOC116939884
OG0005926	LOC137416616	LOC133350745	LOC116940150
OG0005927	LOC137416617	DTNB	LOC116946484
OG0005931	LOC137416793	DLEC1	DLEC1
OG0005932	LOC137416807	LOC133342187	LOC116943232
OG0005933	LOC137416824	LOC133349727	LOC116948639
OG0005934	LOC137416826	LOC133349722	LOC116948640
OG0005935	LOC137416855	LOC133342344	LOC116943124
OG0005936	LOC137416877	LOC133354218	LOC116950725
OG0005937	LOC137416882	LOC133342424	LOC116943158
OG0005938	LOC137416938	LOC133359048	LOC116942562
OG0005940	LOC137416970	CEP57	LOC142906995
OG0005941	LOC137417026	LOC133350702	LOC116937103
OG0005942	LOC137417030	LOC133341839	LOC116944974
OG0005946	LOC137417106	LOC133353490	LOC116946133
OG0005947	LOC137417115	LOC133345307	LOC116949965
OG0005948	LOC137417126	DCAF17	DCAF17
OG0005950	LOC137417195	LOC133354950	OTUD6B
OG0005951	LOC137417209	DRC1	DRC1
OG0005953	LOC137417302	LOC133340411	LOC116945999
OG0005955	LOC137417397	RAB35	LOC116957770
OG0005957	LOC137417415	LOC133351748	LOC116947540
OG0005958	LOC137417416	LOC133352428	LOC116950386
OG0005959	LOC137417443	LOC133345962	LOC116938685
OG0005960	LOC137417444	EPDR1	EPDR1
OG0005961	LOC137417491	LOC133351621	LOC116947515
OG0005963	LOC137417537	LOC133351757	LOC116947511
OG0005964	LOC137417557	MTMR2	MTMR2
OG0005965	LOC137417558	LOC133342933	SOHLH2
OG0005966	LOC137417607	LOC133342182	LOC142924825
OG0005967	LOC137417608	LOC133354450	LOC116951047
OG0005968	LOC137417610	XRN1	XRN1
OG0005969	LOC137417644	LOC133347226	LOC116939589
OG0005970	LOC137417661	USP25	LOC116951950
OG0005971	LOC137417682	LOC133351890	LOC116948952
OG0005973	LOC137417782	VAT1L	VAT1L
OG0005974	LOC137417802	LOC133357779	LOC116955651
OG0005975	LOC137417805	LOC133342859	LOC116942819
OG0005976	LOC137417898	LOC133342686	LOC116949304
OG0005977	LOC137417913	BOLA3	BOLA3
OG0005978	LOC137417957	LOC133344633	LOC116940872
OG0005979	LOC137417992	LOC133344909	LOC116945532
OG0005980	LOC137417993	LOC133342875	PDGFRA
OG0005981	LOC137417995	HSF1	HSF1
OG0005984	LOC137418027	LOC133357042	LOC116955509
OG0005985	LOC137418038	LOC133345708	LOC116941276
OG0005986	LOC137418040	LOC133345581	LOC103091798
OG0005987	LOC137418041	LOC133345580	LOC116941277
OG0005989	LOC137418117	TPMT	TPMT
OG0005990	LOC137418138	LOC133342327	LOC116943267
OG0005991	LOC137418147	OARD1	OARD1
OG0005992	LOC137418169	LOC133342260	LOC116943331
OG0005993	LOC137418203	CHTOP	CHTOP
OG0005997	LOC137418274	TSPAN18	TSPAN18
OG0005998	LOC137418277	LOC133354150	ADAR
OG0005999	LOC137418316	LOC133346638	LOC116939791
OG0006000	LOC137418334	LOC133353575	LOC116946272
OG0006001	LOC137418335	POLDIP3	POLDIP3
OG0006002	LOC137418422	LOC133350476	LOC116940330
OG0006003	LOC137418482	LOC133346552	LOC116938799
OG0006005	LOC137418495	LOC133348827	LOC116950226
OG0006006	LOC137418543	LOC133346902	LOC116939366
OG0006007	LOC137418554	LOC133358848	LOC116955175
OG0006008	LOC137418559	LOC133353358	LOC116945118
OG0006009	LOC137418566	LOC133343885	CLK2
OG0006011	LOC137418670	ELK3	LOC116947569
OG0006012	LOC137418691	LOC133351417	LOC116945646
OG0006014	LOC137418729	OLFM2	LOC116944879
OG0006015	LOC137418765	LOC133341435	LOC116947725
OG0006018	LOC137418798	LOC133351697	LOC116947554
OG0006019	LOC137418807	WIPI2	WIPI2
OG0006020	LOC137418811	LOC133357118	LOC116955559
OG0006021	LOC137418819	LOC133353391	LOC116937727
OG0006022	LOC137418837	LOC133351610	LOC116947562
OG0006023	LOC137418870	LOC133351658	LOC103091720
OG0006024	LOC137418881	LOC133354231	LOC116950856
OG0006026	LOC137418972	EIF5B	EIF5B
OG0006027	LOC137419094	RPS3A	RPS3A
OG0006028	LOC137419101	KCND1	KCND1
OG0006029	LOC137419146	LOC133358841	LOC116955176
OG0006030	LOC137419160	LOC133350403	LOC116940012
OG0006031	LOC137419189	LOC133351845	LOC116948777
OG0006032	LOC137419273	LOC133344708	LOC116949716
OG0006033	LOC137419284	LOC133350720	LOC142930887
OG0006034	LOC137419313	LOC133342397	LOC116943182
OG0006035	LOC137419391	LOC133352764	LOC116948254
OG0006036	LOC137419426	OXT	OXT
OG0006037	LOC137419436	HAUS2	HAUS2
OG0006038	LOC137419443	NEDD1	NEDD1
OG0006039	LOC137419465	LOC133351798	LOC116947574
OG0006040	LOC137419498	NASP	LOC116948959
OG0006041	LOC137420453	RFX4	RFX4
OG0006042	LOC137420551	ATRN	ATRN
OG0006043	LOC137420552	METTL13	METTL13
OG0006044	LOC137420554	GFRA4	LOC116940477
OG0006045	LOC137420556	LOC133343326	LOC116940472
OG0006046	LOC137420558	DNAAF9	DNAAF9
OG0006047	LOC137420571	LOC133343530	LOC116940704
OG0006048	LOC137420578	HPS6	HPS6
OG0006049	LOC137420592	LOC133346617	LOC116939609
OG0006050	LOC137420594	STARD5	STARD5
OG0006051	LOC137420598	LOC133346600	LOC116939423
OG0006053	LOC137420607	LOC133343084	LOC116943055
OG0006054	LOC137420609	LOC133351799	LOC116947558
OG0006055	LOC137420613	LOC133347639	LOC116953331
OG0006056	LOC137420624	LOC133343369	LOC116940521
OG0006057	LOC137420625	LOC133343453	LOC116940615
OG0006058	LOC137420629	LOC133346784	LOC116941188
OG0006061	LOC137420644	LOC133345207	FOXJ3
OG0006062	LOC137420668	LOC133358964	MNS1
OG0006063	LOC137420680	LOC133343477	LOC116940643
OG0006064	LOC137420684	LOC133343479	JMJD1C
OG0006065	LOC137420686	LOC133343501	RTKN
OG0006066	LOC137420695	LOC133343491	LOC116940661
OG0006067	LOC137420696	LOC133343494	LOC116940664
OG0006068	LOC137420699	ERI1	ERI1
OG0006069	LOC137420701	LOC133343488	LOC116940650
OG0006070	LOC137420704	LOC133343279	LOC116940431
OG0006071	LOC137420707	LOC133343278	LOC116940434
OG0006072	LOC137420708	LMAN2	LOC116940691
OG0006073	LOC137420710	LOC133343552	LOC116940727
OG0006074	LOC137420712	HPSE	HPSE
OG0006075	LOC137420718	CTBP1	LOC116940724
OG0006076	LOC137420722	DCP2	DCP2
OG0006077	LOC137420724	LOC133343509	LOC116940684
OG0006078	LOC137420731	LOC133346428	LOC116951237
OG0006079	LOC137420732	LOC133346683	LOC116940170
OG0006080	LOC137420734	LOC133346572	LOC116939048
OG0006081	LOC137420735	LOC133346432	LOC116951705
OG0006082	LOC137420737	LOC133346434	LOC116951546
OG0006083	LOC137420747	LOC133346405	PGP
OG0006084	LOC137420750	TP53BP1	TP53BP1
OG0006085	LOC137420760	COMMD4	COMMD4
OG0006087	LOC137420772	SNX3	SNX3
OG0006088	LOC137420781	TTC36	TTC36
OG0006089	LOC137420787	RNF4	RNF4
OG0006090	LOC137420790	LOC133343364	LOC116940517
OG0006091	LOC137420799	LOC133346608	LOC116939508
OG0006092	LOC137420800	LOC133346605	LOC116939503
OG0006093	LOC137420802	LOC133343365	LOC116940518
OG0006094	LOC137420803	LOC133343639	LOC142924440
OG0006095	LOC137420805	LOC133346610	LOC116939525
OG0006096	LOC137420807	SNCAIP	SNCAIP
OG0006097	LOC137420812	LOC133346452	LOC116956130
OG0006098	LOC137420813	LOC133346457	LOC116956544
OG0006099	LOC137420815	LOC133346326	LOC116956955
OG0006100	LOC137420816	ACER1	ACER1
OG0006102	LOC137420830	LOC133346460	LOC116957147
OG0006103	LOC137420854	LOC133341238	LOC116947918
OG0006104	LOC137420862	IGFBP7	IGFBP7
OG0006105	LOC137420870	LOC133346579	LOC116939099
OG0006106	LOC137420872	LOC133346735	LOC116940748
OG0006107	LOC137420875	APBA1	APBA1
OG0006108	LOC137420876	LOC133346581	LOC116941764
OG0006109	LOC137420881	LOC133346506	LOC116938750
OG0006110	LOC137420885	LOC133346585	LOC116939211
OG0006111	LOC137420893	STC2	LOC116940710
OG0006112	LOC137420899	LOC133343425	GPR26
OG0006113	LOC137420905	LOC133343422	LOC116940576
OG0006114	LOC137420909	LOC133343412	LOC116940564
OG0006115	LOC137420913	SFXN5	SFXN5
OG0006116	LOC137420928	LOC133343388	LOC116940547
OG0006117	LOC137420930	LOC133343339	LOC116940489
OG0006118	LOC137420935	LOC133343556	LOC116940731
OG0006119	LOC137420938	LOC133343203	SPON2
OG0006120	LOC137420942	LOC133343362	LOC116940512
OG0006121	LOC137420943	LOC133343357	LOC116940508
OG0006122	LOC137420949	POLR2H	POLR2H
OG0006123	LOC137420953	LOC133343377	LOC116940544
OG0006124	LOC137420959	LOC133343466	LOC116940634
OG0006125	LOC137420975	LOC133346471	LOC116938253
OG0006126	LOC137420978	LOC133346472	MINDY2
OG0006127	LOC137420979	LOC133346474	RNF111
OG0006128	LOC137420986	LOC133346480	LOC116938531
OG0006129	LOC137420995	LOC133346416	LOC116948518
OG0006130	LOC137420997	LOC133350242	LOC116939989
OG0006131	LOC137421006	LOC133346425	LOC116950482
OG0006132	LOC137421016	LOC133346427	LOC116951118
OG0006133	LOC137421018	LOC133346692	LOC116940268
OG0006134	LOC137421022	LOC133348023	LOC116955955
OG0006135	LOC137421027	LOC133346674	LOC116940090
OG0006136	LOC137421031	REST	LOC116944669
OG0006137	LOC137421041	LOC133346666	MEF2C
OG0006138	LOC137421058	PACSIN1	LOC116940071
OG0006139	LOC137421059	LOC133346647	LOC116939875
OG0006140	LOC137421060	LOC133346644	LOC116939853
OG0006141	LOC137421076	LOC133343282	BAG3
OG0006142	LOC137421077	LOC133343263	RGS12
OG0006143	LOC137421081	LOC133347724	LOC116955790
OG0006144	LOC137421082	PDGFC	PDGFC
OG0006145	LOC137421083	LOC133343342	LOC116940494
OG0006146	LOC137421088	LOC133343290	NAT8L
OG0006147	LOC137421090	LOC133343269	LOC116940443
OG0006148	LOC137421092	LOC133346699	LOC116940340
OG0006149	LOC137421103	LOC133350228	LOC116940002
OG0006150	LOC137421113	LOC133343504	LOC116940677
OG0006151	LOC137421118	LOC133343481	LOC116940653
OG0006152	LOC137421126	LOC133346759	LOC116940943
OG0006153	LOC137421130	LOC133340531	LOC116951374
OG0006154	LOC137421132	LOC133343283	LOC116940435
OG0006155	LOC137421133	SH3PXD2B	LOC116940433
OG0006156	LOC137421140	LOC133346771	LOC116940973
OG0006157	LOC137421165	PEAK1	LOC116947527
OG0006158	LOC137421183	LOC133346591	LOC116939249
OG0006159	LOC137421188	LOC133343806	LOC116944622
OG0006160	LOC137421192	VWA2	VWA2
OG0006161	LOC137421193	LOC133343436	LOC116940596
OG0006162	LOC137421213	LOC133346760	LOC116941922
OG0006163	LOC137421217	LOC133346716	LOC116940492
OG0006164	LOC137421219	ADAL	MAPDA
OG0006165	LOC137421220	LOC133347795	LOC116954879
OG0006166	LOC137421221	FGF10	LOC116940573
OG0006167	LOC137421222	LOC133346730	LOC116940607
OG0006168	LOC137421238	ADCY2	ADCY2
OG0006169	LOC137421239	LOC133350805	LOC116944095
OG0006170	LOC137421240	GALNS	GALNS
OG0006171	LOC137421242	PABPN1	PABPN1
OG0006172	LOC137421245	RBL1	LOC116944117
OG0006173	LOC137421254	LOC133350842	LOC116944135
OG0006174	LOC137421258	LOC133350875	LOC116944164
OG0006175	LOC137421266	LOC133343814	LOC116941933
OG0006176	LOC137421272	DAPK1	DAPK1
OG0006177	LOC137421286	LOC133350371	LOC116939849
OG0006178	LOC137421292	LOC133350921	LOC116944224
OG0006179	LOC137421295	DNAJA2	DNAJA2
OG0006180	LOC137421303	LOC133350990	LOC116944296
OG0006182	LOC137421324	LOC133356959	SCMH1
OG0006183	LOC137421338	LOC133358509	LOC116955932
OG0006184	LOC137421360	LOC133350595	C8H5orf15
OG0006185	LOC137421366	LOC133354517	LOC116952887
OG0006186	LOC137421373	MLF2	LOC116946895
OG0006187	LOC137421397	LOC133350544	LOC116940334
OG0006188	LOC137421420	LOC133352949	LOC116946527
OG0006189	LOC137421424	LOC133347505	LOC116951968
OG0006190	LOC137421427	LOC133350803	LOC116944091
OG0006191	LOC137421439	LOC133350874	LOC116944163
OG0006192	LOC137421444	LOC133350867	LOC116944157
OG0006193	LOC137421446	LOC133348804	LOC116951827
OG0006194	LOC137421456	LOC133348972	LOC116951977
OG0006195	LOC137421458	LOC133350105	LOC116951934
OG0006196	LOC137421468	LEAP2	LEAP2
OG0006197	LOC137421469	LOC133350852	LOC116944141
OG0006198	LOC137421477	LOC133339648	DUSP12
OG0006199	LOC137421494	LOC133343737	LOC116938084
OG0006200	LOC137421496	CHAF1A	CHAF1A
OG0006201	LOC137421497	FEM1B	FEM1B
OG0006202	LOC137421506	LOC133343789	LOC116942139
OG0006203	LOC137421507	MOCS2	MOCS2
OG0006204	LOC137421512	PGPEP1	LOC116941930
OG0006205	LOC137421515	TTC23	TTC23
OG0006206	LOC137421520	LOC133343832	LOC116941917
OG0006207	LOC137421528	FUT11	POFUT4
OG0006208	LOC137421530	LOC133343728	LOC116942026
OG0006209	LOC137421531	LOC133354092	LOC116950813
OG0006210	LOC137421532	MAPK6	LOC116942207
OG0006211	LOC137421546	LOC133340314	LOC116944361
OG0006212	LOC137421556	LOC133348879	LOC116951851
OG0006213	LOC137421561	LOC133346565	LOC116938918
OG0006214	LOC137421571	ADGRL2	LOC116951953
OG0006215	LOC137421586	LOC133349233	LOC116951938
OG0006216	LOC137421588	LOC133346391	LOC116945237
OG0006217	LOC137421593	LOC133349346	LOC116951879
OG0006218	LOC137421594	EPS15L1	EPS15L1
OG0006219	LOC137421598	LOC133349307	LOC116952002
OG0006220	LOC137421606	LOC133346340	LOC116943662
OG0006221	LOC137421615	LOC133343791	LOC116941956
OG0006222	LOC137421619	LOC133343793	LOC116941957
OG0006223	LOC137421626	LOC133343804	LOC116941945
OG0006224	LOC137421627	LOC133343803	LOC116941944
OG0006225	LOC137421631	LOC133343807	LOC116941943
OG0006226	LOC137421649	LOC133343874	LOC116941867
OG0006227	LOC137421683	IDNK	IDNK
OG0006228	LOC137421689	SEC11A	SEC11A
OG0006229	LOC137421697	LOC133343880	LOC116942220
OG0006230	LOC137421723	LOC133350938	LOC116944042
OG0006231	LOC137421728	SMPDL3B	SMPDL3B
OG0006232	LOC137421737	LOC133352934	ARHGAP18
OG0006233	LOC137421739	LOC133352935	LOC116946694
OG0006234	LOC137421753	LOC133344082	LOC116941723
OG0006235	LOC137421761	LOC133352853	LOC116946479
OG0006236	LOC137421765	LOC133352905	LOC116946503
OG0006237	LOC137421768	LOC133352972	LOC116946622
OG0006238	LOC137421770	LOC133353023	LOC116946630
OG0006239	LOC137421771	LOC133353410	LOC116945247
OG0006240	LOC137421773	LOC133353040	LOC116946633
OG0006241	LOC137421787	LOC133353256	LOC116945158
OG0006242	LOC137421788	LOC133353043	LOC116946545
OG0006243	LOC137421801	LOC133352909	LOC116946605
OG0006244	LOC137421807	CENPC	CENPC
OG0006246	LOC137421815	LOC133350085	LOC116951930
OG0006247	LOC137421820	LOC133359120	LOC116943857
OG0006248	LOC137421829	LOC133352844	LOC116946586
OG0006249	LOC137421832	LOC133352841	LOC116946473
OG0006250	LOC137421834	LOC133349206	LOC116951834
OG0006251	LOC137421842	LOC133353095	LOC116946677
OG0006252	LOC137421852	LOC133353005	LOC116946639
OG0006253	LOC137421856	LOC133352842	LOC116946474
OG0006254	LOC137421872	LOC133353028	LOC116946616
OG0006255	LOC137421885	TTC14	TTC14
OG0006256	LOC137421888	CCN4	LOC116946669
OG0006257	LOC137421892	LOC133352966	LOC116946671
OG0006258	LOC137421893	CUTC	CUTC
OG0006259	LOC137421897	LOC133352991	LOC116946530
OG0006260	LOC137421907	LOC133359145	LOC116944195
OG0006261	LOC137421912	GRHL2	GRHL2
OG0006262	LOC137421928	LOC133352857	LOC116946589
OG0006263	LOC137421929	LOC133353076	LOC116946573
OG0006264	LOC137421965	LOC133343895	LOC116942205
OG0006265	LOC137421979	LOC133343620	LOC116942143
OG0006266	LOC137421981	LOC133343581	LOC116942141
OG0006267	LOC137421982	LOC133343928	LOC116942132
OG0006268	LOC137421983	SLC31A2	LOC116953208
OG0006269	LOC137421984	LOC133343606	LOC116942169
OG0006270	LOC137421993	LOC133350351	LOC116951956
OG0006271	LOC137422005	SLC44A1	SLC44A1
OG0006272	LOC137422009	KIAA1328	KIAA1328
OG0006273	LOC137422025	LOC133354937	LOC116952036
OG0006274	LOC137422027	NECAB1	LOC116944154
OG0006275	LOC137422041	FHOD3	LOC116944038
OG0006276	LOC137422043	CALB2	LOC116944176
OG0006277	LOC137422051	LOC133350983	LOC116944288
OG0006278	LOC137422071	LOC133343660	LOC116942109
OG0006279	LOC137422073	LOC133343663	AFG2B
OG0006280	LOC137422086	LOC133354183	LOC116950768
OG0006281	LOC137422088	LOC133354073	LOC116950692
OG0006282	LOC137422090	PDP1	PDP1
OG0006283	LOC137422092	LOC133350823	LOC116944114
OG0006284	LOC137422099	LOC133350954	LOC116944256
OG0006285	LOC137422103	PLEKHF2	PLEKHF2
OG0006286	LOC137422105	FBXL17	FBXL17
OG0006287	LOC137422120	LOC133343439	LOC116940599
OG0006289	LOC137422139	LOC133346436	LOC116952559
OG0006290	LOC137422146	LOC133346667	LOC116940048
OG0006291	LOC137422155	PCYOX1	PCYOX1
OG0006292	LOC137422159	LOC133346609	LOC116939517
OG0006293	LOC137422163	LOC133354624	LOC116953043
OG0006294	LOC137422167	LOC133346580	LOC116939131
OG0006295	LOC137422171	LOC133346583	ISLR2
OG0006296	LOC137422173	LOC133343207	LOC116940579
OG0006297	LOC137422175	LOC133343208	LOC116940580
OG0006298	LOC137422192	LOC133346569	LOC116939026
OG0006299	LOC137422199	TMC3	TMC3
OG0006300	LOC137422202	LOC133346639	LOC116939815
OG0006301	LOC137422221	LOC133346710	LOC116940454
OG0006302	LOC137422254	LOC133346675	UACA
OG0006303	LOC137422282	LOC133350798	LOC116944082
OG0006304	LOC137422284	LOC133350834	LOC116944127
OG0006305	LOC137422316	LOC133350554	LOC116951855
OG0006306	LOC137422321	LOC133352078	LOC116948942
OG0006307	LOC137422340	LOC133343847	LOC116941894
OG0006308	LOC137422356	GRAMD2B	LOC116942000
OG0006309	LOC137422360	NEO1	NEO1
OG0006310	LOC137422366	LOC133352873	LOC116946489
OG0006312	LOC137422419	POLR2F	POLR2F
OG0006313	LOC137422422	LOC133343904	LOC116942193
OG0006314	LOC137422427	LOC133350822	LOC116944112
OG0006315	LOC137422441	LOC133346310	LOC116943886
OG0006317	LOC137422460	LOC133346403	LOC116946682
OG0006318	LOC137422481	LOC133343227	LOC116940711
OG0006319	LOC137422490	LOC133343535	LOC103091760
OG0006320	LOC137422500	LOC133352049	LOC116948911
OG0006321	LOC137422512	LOC133346477	LOC116938518
OG0006322	LOC137422551	LOC133343303	LOC116940447
OG0006323	LOC137422586	LOC133350767	LOC116944238
OG0006324	LOC137422609	FRMD3	LOC116941991
OG0006325	LOC137422620	LOC133353310	LOC116945160
OG0006326	LOC137422658	DUSP28	DUSP28
OG0006327	LOC137422689	LOC133343426	CPXM2
OG0006328	LOC137422708	LOC133350435	LOC116951912
OG0006329	LOC137422709	LOC133349686	LOC116951937
OG0006330	LOC137422715	LOC133350753	LOC116944244
OG0006331	LOC137422868	LOC133361120	LOC116958258
OG0006332	LOC137422869	LOC133361157	LOC116958189
OG0006333	LOC137422883	LOC133347592	LOC116953010
OG0006334	LOC137422885	LOC133353030	LOC116946685
OG0006335	LOC137422895	LOC133347693	LOC116953993
OG0006336	LOC137422896	LOC133347694	LOC116953997
OG0006337	LOC137422897	LOC133347748	LOC116955497
OG0006338	LOC137422900	HBS1L	HBS1L
OG0006339	LOC137422904	LOC133347433	LOC116950913
OG0006340	LOC137422906	NUBP1	NUBP1
OG0006341	LOC137422908	LOC133347482	LOC116951620
OG0006342	LOC137422913	LOC133350446	LOC116940072
OG0006343	LOC137422928	LOC133347713	LOC116954146
OG0006344	LOC137422929	LOC133347734	RAB3IL1
OG0006345	LOC137422941	LOC133361177	LOC116957437
OG0006346	LOC137422964	LOC133361193	LOC116958234
OG0006347	LOC137422978	LOC133361231	LOC116957455
OG0006348	LOC137422991	LOC133347567	LOC116952793
OG0006349	LOC137422995	LOC133347572	LOC116952820
OG0006350	LOC137422999	LOC133347399	LOC116958575
OG0006351	LOC137423006	LOC133347624	LOC116953204
OG0006352	LOC137423009	INCENP	LOC116955713
OG0006353	LOC137423018	LOXL4	LOXL4
OG0006354	LOC137423027	LOC133345605	LOC116941246
OG0006355	LOC137423032	LOC133345633	LOC116941211
OG0006356	LOC137423033	LOC133345591	LOC116941263
OG0006357	LOC137423035	HHEX	HHEX
OG0006358	LOC137423036	LOC133345589	LOC116941262
OG0006359	LOC137423052	LOC133347465	LOC116951344
OG0006360	LOC137423053	LOC133347463	LOC116951293
OG0006361	LOC137423055	LOC133347460	CYP7B1
OG0006362	LOC137423071	LOC133347446	LOC116951066
OG0006363	LOC137423074	LOC133347444	LOC116951049
OG0006364	LOC137423075	LOC133347445	LOC116938435
OG0006365	LOC137423085	LOC133361110	LOC116958224
OG0006366	LOC137423098	LOC133347670	LOC116953673
OG0006367	LOC137423099	LOC133347668	LOC116953651
OG0006368	LOC137423115	LOC133347491	LOC116951782
OG0006369	LOC137423118	LOC133351485	LOC116945527
OG0006370	LOC137423123	LOC133347466	LOC116951355
OG0006371	LOC137423126	LOC133353034	KCNK9
OG0006372	LOC137423137	LOC133347953	FGF6
OG0006373	LOC137423138	CSRP2	CSRP2
OG0006374	LOC137423142	LOC133347688	LOC116953935
OG0006375	LOC137423152	LOC133347675	LOC116953813
OG0006376	LOC137423158	TTC32	TTC32
OG0006377	LOC137423159	LOC133347880	LOC116957480
OG0006378	LOC137423160	LOC133350281	LOC116939939
OG0006379	LOC137423168	LOC133347874	LOC116957401
OG0006380	LOC137423169	LOC133347875	LOC116957436
OG0006381	LOC137423176	CPEB3	LOC116941242
OG0006382	LOC137423181	CCNJ	LOC116941237
OG0006383	LOC137423183	RTKN2	RTKN2
OG0006384	LOC137423194	FAM184A	FAM184A
OG0006385	LOC137423199	LOC133348854	LOC116950080
OG0006386	LOC137423201	CUX1	CUX1
OG0006387	LOC137423202	LOC133348745	LOC116950287
OG0006388	LOC137423219	LOC133347894	LOC116957638
OG0006389	LOC137423243	LOC133347535	LOC116952377
OG0006390	LOC137423250	BCL2L14	BCL2L14
OG0006391	LOC137423251	TMEM263	TMEM263
OG0006392	LOC137423252	LOC133347530	LOC116952315
OG0006393	LOC137423254	LOC133347536	CD82
OG0006394	LOC137423255	LOC133350217	LOC116940009
OG0006395	LOC137423259	LOC133347559	LOC116952739
OG0006396	LOC137423261	LOC133347519	LOC116952103
OG0006398	LOC137423285	ZMYND8	LOC116955618
OG0006399	LOC137423290	LOC133345682	LOC116941175
OG0006400	LOC137423296	LOC133345674	LETM1
OG0006402	LOC137423316	LOC133347622	LOC116953189
OG0006403	LOC137423322	SMYD1	LOC116941256
OG0006404	LOC137423324	LOC133345595	SFRP5
OG0006405	LOC137423335	LOC133348012	LOC116956161
OG0006406	LOC137423346	LOC133346524	LOC116943714
OG0006407	LOC137423347	LOC133347983	LOC116956286
OG0006408	LOC137423354	SLC16A8	LOC116956357
OG0006409	LOC137423358	LOC133347985	MICALL1
OG0006410	LOC137423365	LOC133347986	LOC116956654
OG0006411	LOC137423366	LOC133347958	LOC142905632
OG0006412	LOC137423367	LOC133348003	LOC116958276
OG0006414	LOC137423369	LOC133348015	LOC116956645
OG0006415	LOC137423382	LOC133348056	ARHGDIA
OG0006416	LOC137423400	TIE1	TIE1
OG0006417	LOC137423403	LOC133347854	LOC116957123
OG0006418	LOC137423404	LOC133347856	LOC116957170
OG0006419	LOC137423406	LOC133347972	LOC116957234
OG0006420	LOC137423410	DLGAP5	DLGAP5
OG0006421	LOC137423414	LOC133348047	LOC116956069
OG0006422	LOC137423417	LOC133347869	LOC116957370
OG0006423	LOC137423419	LOC133347860	RBFOX3
OG0006424	LOC137423435	RPSA	RPSA
OG0006425	LOC137423444	LOC133345536	LOC116941321
OG0006426	LOC137423449	CLINT1	CLINT1
OG0006427	LOC137423456	LOC133347925	LOC116957907
OG0006428	LOC137423459	LOC133347753	LOC116955398
OG0006429	LOC137423473	LOC133351629	LOC116953366
OG0006430	LOC137423474	LOC133347830	LOC116954411
OG0006431	LOC137423485	LOC133347710	LOC116954120
OG0006432	LOC137423487	LOC133347455	LOC116951202
OG0006433	LOC137423520	LOC133352274	LOC116953419
OG0006434	LOC137423524	LOC133345639	LOC116941206
OG0006435	LOC137423527	LOC133345642	LOC116941205
OG0006436	LOC137423532	NIM1K	NIM1K
OG0006437	LOC137423535	LOC133351023	LOC116953303
OG0006438	LOC137423548	LOC133351823	LOC116953431
OG0006439	LOC137423551	LOC133351913	LOC116953423
OG0006440	LOC137423562	LOC133352000	LOC116953425
OG0006441	LOC137423565	SNX9	SNX9
OG0006442	LOC137423584	LOC133352598	LOC116953403
OG0006443	LOC137423597	LOC133351276	LOC116953354
OG0006444	LOC137423607	LOC133352381	SH3KBP1
OG0006445	LOC137423619	AGPAT4	AGPAT4
OG0006446	LOC137423620	LOC133352431	LOC116953430
OG0006447	LOC137423621	LOC133352520	LOC116953439
OG0006448	LOC137423643	LOC133345503	LOC116941363
OG0006449	LOC137423652	LOC133345513	LOC116941349
OG0006450	LOC137423654	LOC133345515	LOC116941347
OG0006451	LOC137423659	LOC133345520	LOC116941342
OG0006452	LOC137423663	SH3BP2	LOC116941187
OG0006453	LOC137423675	LOC133345644	LOC116941202
OG0006454	LOC137423682	LOC133348755	LOC116950282
OG0006455	LOC137423683	LOC133348984	LOC116950109
OG0006456	LOC137423689	LOC133355235	LOC116953484
OG0006457	LOC137423696	SOX7	LOC103091844
OG0006458	LOC137423699	LOC133347617	LOC116953124
OG0006459	LOC137423704	LOC133352038	TAL1
OG0006460	LOC137423706	LOC133347590	LOC116958432
OG0006461	LOC137423712	LOC133345526	LOC116941334
OG0006462	LOC137423713	TDRD1	TDRD1
OG0006463	LOC137423715	LOC133345533	LOC116941326
OG0006464	LOC137423720	LOC133345451	LOC116941383
OG0006465	LOC137423723	LOC133345450	NSG1
OG0006466	LOC137423725	LOC133346517	LOC116943692
OG0006467	LOC137423728	LOC133345442	LOC116941431
OG0006468	LOC137423734	LOC133345494	LOC116941372
OG0006469	LOC137423738	LOC133345501	LOC116941365
OG0006470	LOC137423743	LOC133347915	LOC116957872
OG0006471	LOC137423754	LOC133345449	LOC116941435
OG0006472	LOC137423758	LOC133345603	LOC116941244
OG0006473	LOC137423761	GDPD1	LOC116950165
OG0006474	LOC137423786	SPICE1	SPICE1
OG0006475	LOC137423795	LOC133345572	LOC116941281
OG0006476	LOC137423803	LOC133345560	LOC116941298
OG0006477	LOC137423808	LOC133345550	LOC116941305
OG0006478	LOC137423809	CLRN3	CLRN3
OG0006479	LOC137423810	LOC133345552	LOC116941303
OG0006480	LOC137423820	LOC133345568	LOC116941288
OG0006481	LOC137423825	PI4K2B	PI4K2B
OG0006482	LOC137423827	SLBP	SLBP
OG0006483	LOC137423834	LOC133345566	LOC116941295
OG0006484	LOC137423839	EGR2	LOC116941219
OG0006485	LOC137423843	LOC133345619	LOC116941228
OG0006486	LOC137423878	LOC133345554	LOC116941306
OG0006488	LOC137423958	LOC133346497	LOC116938673
OG0006489	LOC137423999	LOC133348007	LOC116956775
OG0006490	LOC137424062	LOC133345477	LOC116941393
OG0006491	LOC137424069	LOC133352063	LOC116948813
OG0006492	LOC137424096	LOC133347483	LOC116951640
OG0006493	LOC137424141	LOC133347543	LOC116952531
OG0006494	LOC137424157	LOC133347877	LOC116957460
OG0006495	LOC137424199	LOC133348013	LOC116956600
OG0006496	LOC137424200	LOC133348055	BHLHA15
OG0006497	LOC137424210	LOC133347963	ELFN1
OG0006498	LOC137424217	LOC133347719	LOC116954191
OG0006499	LOC137424227	LOC133351532	LOC116953311
OG0006500	LOC137424231	LOC133347707	LOC116954096
OG0006501	LOC137424237	SART3	SART3
OG0006502	LOC137424246	LOC133352526	LOC116953412
OG0006503	LOC137424248	LOC133350305	LOC116939917
OG0006504	LOC137424251	LOC133347951	LOC116958132
OG0006505	LOC137424276	NPY2R	NPY2R
OG0006506	LOC137424279	ADGRA1	LOC116941231
OG0006507	LOC137424367	LOC133346338	LOC116943730
OG0006509	LOC137424380	NR3C2	NR3C2
OG0006511	LOC137424414	LOC133355413	LOC116952378
OG0006512	LOC137424424	PDE12	PDE12
OG0006513	LOC137424428	PRRT4	LOC116952309
OG0006514	LOC137424433	LOC133355405	LOC116952354
OG0006515	LOC137424436	LOC133355479	LOC116952269
OG0006516	LOC137424452	LOC133351978	DMRTA2
OG0006517	LOC137424461	MOV10	MOV10
OG0006518	LOC137424504	LOC133351152	LOC116946882
OG0006519	LOC137424508	LOC133350279	LOC116939936
OG0006520	LOC137424516	LOC133351124	LOC116946972
OG0006521	LOC137424530	LOC133351284	LOC116947027
OG0006522	LOC137424537	LOC133351171	LOC116946854
OG0006523	LOC137424539	LOC133351275	LOC116946868
OG0006524	LOC137424551	LOC133350289	LOC116939924
OG0006525	LOC137424569	LOC133346341	LOC116938973
OG0006526	LOC137424572	LOC133351116	LOC116946920
OG0006527	LOC137424606	LOC133351244	LOC116947032
OG0006528	LOC137424608	LOC133351245	LOC116947028
OG0006529	LOC137424619	LOC133351108	LOC116946935
OG0006530	LOC137424620	LOC133352059	LOC116948863
OG0006531	LOC137424626	LOC133354557	LOC116950878
OG0006532	LOC137424629	LOC133354449	LOC116950964
OG0006533	LOC137424630	LOC133354435	LOC116950892
OG0006534	LOC137424634	LOC133351918	ZNF367
OG0006535	LOC137424637	KIF1B	LOC116946841
OG0006536	LOC137424638	LOC133351066	LOC116946975
OG0006537	LOC137424648	LOC133351179	LOC116946855
OG0006538	LOC137424651	LOC133351169	LOC116946865
OG0006539	LOC137424652	LOC133352470	LOC116950443
OG0006540	LOC137424653	LOC133351165	LOC116946869
OG0006541	LOC137424664	LOC133351022	LOC116947017
OG0006542	LOC137424667	NAA38	LOC116946984
OG0006543	LOC137424668	WDR33	WDR33
OG0006544	LOC137424673	LOC133351096	LOC116947051
OG0006545	LOC137424679	PER1	PER1
OG0006546	LOC137424681	VAMP2	LOC116946836
OG0006547	LOC137424685	LOC133351209	RBP1
OG0006549	LOC137424709	LOC133343070	LOC116943023
OG0006550	LOC137424713	LOC133343056	LOC116943029
OG0006551	LOC137424715	LOC133343117	LOC116943026
OG0006552	LOC137424726	ANKRD46	ANKRD46
OG0006553	LOC137424749	LOC133343067	LOC116943035
OG0006554	LOC137424752	FAM149A	LOC116951048
OG0006555	LOC137424762	LOC133354480	LOC116950998
OG0006556	LOC137424764	LOC133352012	LOC116948929
OG0006557	LOC137424775	LOC133355473	LOC116952386
OG0006558	LOC137424792	LURAP1	LURAP1
OG0006559	LOC137424800	LOC133355620	LOC116952283
OG0006560	LOC137424802	LOC133355624	LOC116952301
OG0006561	LOC137424803	TREX2	LOC116952248
OG0006562	LOC137424808	SLC35A2	SLC35A2
OG0006563	LOC137424845	LOC133355450	LOC116952368
OG0006564	LOC137424913	LOC133356846	LOC116952785
OG0006565	LOC137424916	LOC133351947	LOC116948841
OG0006566	LOC137424921	LOC133355647	LOC116952387
OG0006567	LOC137424937	LOC133342233	LOC116943359
OG0006568	LOC137424939	LOC133352385	LOC116950432
OG0006569	LOC137424940	LOC133354537	LOC116950982
OG0006570	LOC137424949	YIPF1	YIPF1
OG0006571	LOC137424950	LOC133354328	LOC116951073
OG0006572	LOC137424963	LOC133351175	LOC116946864
OG0006573	LOC137424981	LOC133355511	LOC116952288
OG0006574	LOC137424988	LOC133356812	LOC116952796
OG0006575	LOC137425000	LOC133355661	LOC116952408
OG0006576	LOC137425008	ZNF800	LOC116952279
OG0006577	LOC137425009	ITIH2	LOC116952756
OG0006578	LOC137425012	LOC133355588	LOC116952226
OG0006579	LOC137425021	LOC133351932	LOC116948976
OG0006580	LOC137425036	LOC133355656	LOC116952268
OG0006581	LOC137425038	LOC133355515	LOC116952366
OG0006582	LOC137425046	LOC133351839	LOC116948882
OG0006583	LOC137425051	LOC133351122	LOC116946914
OG0006584	LOC137425052	LOC133351131	TPRG1L
OG0006585	LOC137425055	P3H1	P3H1
OG0006586	LOC137425066	LOC133354432	LOC116951005
OG0006587	LOC137425069	LOC133354365	LOC116951003
OG0006588	LOC137425073	LOC133354399	NRG4
OG0006590	LOC137425079	LOC133350588	LOC116940292
OG0006591	LOC137425082	CFI	CFI
OG0006592	LOC137425089	LOC133356644	LOC116952822
OG0006593	LOC137425092	LOC133356727	LOC116952749
OG0006594	LOC137425109	LOC133356836	LOC116952693
OG0006595	LOC137425111	LOC133356799	LOC116952663
OG0006596	LOC137425112	LOC133357950	LOC116956085
OG0006597	LOC137425118	LOC133356701	LOC116952770
OG0006599	LOC137425133	ATXN10	ATXN10
OG0006600	LOC137425142	NINJ1	NINJ1
OG0006601	LOC137425150	LOC133356752	LOC116952812
OG0006602	LOC137425153	LOC133357952	LOC116956128
OG0006603	LOC137425155	CBLL1	LOC116952685
OG0006604	LOC137425157	LOC133356798	LOC116952667
OG0006605	LOC137425159	LOC133352070	LOC116948831
OG0006606	LOC137425167	KDM5A	LOC116952707
OG0006607	LOC137425168	LOC133356785	LOC116952799
OG0006608	LOC137425176	ERI3	ERI3
OG0006610	LOC137425206	LOC133342842	LOC116942803
OG0006611	LOC137425210	SMAD1	LOC116942843
OG0006612	LOC137425212	LOC133342887	ALG13
OG0006613	LOC137425215	NUMA1	LOC116947626
OG0006614	LOC137425220	LOC133342991	LOC116942961
OG0006615	LOC137425222	LOC133352804	LOC142931214
OG0006616	LOC137425235	MPL	MPL
OG0006617	LOC137425237	LOC133348801	LOC116950268
OG0006619	LOC137425275	LOC133361137	LOC142907861
OG0006620	LOC137425279	LOC133346407	LOC116949543
OG0006621	LOC137425286	HSPB1	HSPB1
OG0006622	LOC137425306	POLG	POLG
OG0006623	LOC137425312	LOC133350616	LOC103091780
OG0006625	LOC137425357	LOC133361003	LOC116957193
OG0006626	LOC137425382	LOC133361001	LOC116957172
OG0006627	LOC137425388	GAS7	LOC116955189
OG0006628	LOC137425409	LOC133346015	LOC116949519
OG0006629	LOC137425435	LOC133354359	MACROH2A1
OG0006630	LOC137425438	LOC133354472	LOC116951007
OG0006631	LOC137425439	LOC133354401	LOC116951079
OG0006632	LOC137425440	LOC133354337	LOC116951081
OG0006633	LOC137425443	LOC133354471	LOC116951072
OG0006634	LOC137425445	BMPR1B	BMPR1B
OG0006635	LOC137425448	LOC133354527	LOC116951028
OG0006636	LOC137425461	LOC133342873	LOC116942835
OG0006637	LOC137425473	LOC133342938	LOC116942912
OG0006638	LOC137425477	LOC133342935	MAB21L1
OG0006639	LOC137425478	LOC133342936	NBEA
OG0006640	LOC137425479	DCLK1	DCLK1
OG0006641	LOC137425486	LOC133343009	LOC116942970
OG0006642	LOC137425489	LOC133340965	LOC116951698
OG0006643	LOC137425496	LOC133342998	LOC116942767
OG0006644	LOC137425497	LOC133343000	LOC116942768
OG0006645	LOC137425504	SLC7A11	SLC7A11
OG0006646	LOC137425521	LOC133351147	LOC116953357
OG0006647	LOC137425530	TBC1D22B	TBC1D22B
OG0006648	LOC137425538	HDAC6	HDAC6
OG0006649	LOC137425575	LOC133342651	LOC116949342
OG0006650	LOC137425579	LOC133342496	LOC116949468
OG0006651	LOC137425583	LOC133342733	LOC116949464
OG0006652	LOC137425597	LOC133356398	LOC116951119
OG0006653	LOC137425613	LOC133356563	LOC116951102
OG0006654	LOC137425616	LOC133342640	LOC116949347
OG0006656	LOC137425634	LOC133338972	HIRA
OG0006657	LOC137425654	IQUB	IQUB
OG0006658	LOC137425657	LOC133342587	LOC116949404
OG0006659	LOC137425682	LOC133343113	LOC116942952
OG0006660	LOC137425686	LOC133342987	LOC116942951
OG0006661	LOC137425694	LOC133342983	LOC116942949
OG0006662	LOC137425695	LOC133350283	LOC116939943
OG0006663	LOC137425699	ARHGAP10	LOC116942958
OG0006664	LOC137425700	LOC133343071	LOC116943040
OG0006665	LOC137425707	GAB1	GAB1
OG0006666	LOC137425713	ARFIP1	ARFIP1
OG0006667	LOC137425715	TRIM2	TRIM2
OG0006668	LOC137425717	LOC133343022	LOC116942987
OG0006669	LOC137425726	LOC133343082	LOC116943048
OG0006670	LOC137425775	LOC133352045	LOC116948920
OG0006671	LOC137425798	LOC133354416	LOC116951045
OG0006672	LOC137425829	DISP3	DISP3
OG0006673	LOC137425834	LOC133356806	LOC116952701
OG0006674	LOC137425860	LOC133354331	LOC116951038
OG0006675	LOC137425870	LOC133354458	RAPGEF2
OG0006677	LOC137425917	LOC133354420	LOC116950997
OG0006678	LOC137425926	LOC133355585	LOC116952236
OG0006679	LOC137425927	LOC133355407	LOC116952379
OG0006680	LOC137425941	LOC133354382	LOC116951025
OG0006681	LOC137425955	LOC133361006	LOC116957115
OG0006682	LOC137425959	LOC133350478	LOC116940232
OG0006683	LOC137425991	LOC133343001	PCDH18
OG0006684	LOC137425992	LOC133343048	LOC116943012
OG0006685	LOC137425996	LOC133356418	LOC116951297
OG0006686	LOC137426001	LOC133342730	LOC116949266
OG0006687	LOC137426004	LOC133342571	LOC116949422
OG0006688	LOC137426009	LOC133358644	LOC116955083
OG0006689	LOC137426019	LOC133362990	LOC116957728
OG0006690	LOC137426024	LOC133342860	LOC116942821
OG0006691	LOC137426055	CCDC146	CCDC146
OG0006692	LOC137426096	LOC133351072	LOC116946961
OG0006694	LOC137426162	LOC133347654	LOC116953494
OG0006695	LOC137426173	LOC133350377	D2HGDH
OG0006697	LOC137426256	LOC133354560	LOC116950954
OG0006699	LOC137426269	LOC133342815	LOC116942859
OG0006700	LOC137426274	LOC133343013	LOC116942971
OG0006701	LOC137426288	LOC133342632	LOC116949360
OG0006702	LOC137426432	LOC133346637	LOC116949641
OG0006703	LOC137426445	LOC133352662	LOC116948450
OG0006704	LOC137426465	LOC133341462	LOC116947706
OG0006705	LOC137426486	LOC133347131	LOC116939499
OG0006706	LOC137426487	LOC133341171	LOC116947717
OG0006707	LOC137426493	LOC133341355	LOC116947801
OG0006708	LOC137426497	LOC133341448	CRIP2
OG0006709	LOC137426498	CRIP1	CRIP1
OG0006710	LOC137426502	LOC133341442	LOC116947728
OG0006712	LOC137426527	RPS2	RPS2
OG0006713	LOC137426552	LOC133358722	RADIL
OG0006714	LOC137426565	LOC133341418	LOC116947743
OG0006715	LOC137426571	LOC133341328	LOC116947831
OG0006716	LOC137426573	ATXN3	ATXN3
OG0006717	LOC137426580	LOC133347046	GPR75
OG0006718	LOC137426583	LOC133358000	LOC116956147
OG0006719	LOC137426599	LOC133341330	LOC116947828
OG0006720	LOC137426610	LOC133341495	LOC116947666
OG0006721	LOC137426663	LOC133339577	LOC116957516
OG0006722	LOC137426666	LOC133347825	EMC8
OG0006723	LOC137426679	LOC133339011	CIDEB
OG0006724	LOC137426686	LOC133345170	LOC116949485
OG0006725	LOC137426697	LOC133341266	LOC116947891
OG0006726	LOC137426701	LOC133341165	LOC116947817
OG0006727	LOC137426704	LOC133341338	LOC116947816
OG0006728	LOC137426706	LOC133341343	LOC116947813
OG0006729	LOC137426712	BTBD7	BTBD7
OG0006730	LOC137426718	SERTAD4	LOC116947966
OG0006731	LOC137426721	LOC133341251	SYT16
OG0006732	LOC137426737	LOC133341424	LOC116947737
OG0006733	LOC137426745	EVPL	LOC116949617
OG0006734	LOC137426748	LOC133341413	LOC116947750
OG0006735	LOC137426754	LOC133341295	LOC116947856
OG0006736	LOC137426775	LOC133345356	LOC116949706
OG0006737	LOC137426779	LOC133345080	LOC116949753
OG0006738	LOC137426787	LOC133358701	LOC116955100
OG0006740	LOC137426793	LOC133347136	LOC116949591
OG0006741	LOC137426798	LOC133358698	UQCRC2
OG0006742	LOC137426805	LOC133345090	LOC116949754
OG0006743	LOC137426815	LOC133357975	LOC116956125
OG0006744	LOC137426821	LOC133345362	LOC116949705
OG0006745	LOC137426825	ATAD5	ATAD5
OG0006746	LOC137426830	LOC133358695	LOC116955103
OG0006747	LOC137426833	LOC133346192	LOC116949528
OG0006748	LOC137426868	LOC133346867	LOC116949630
OG0006749	LOC137426870	LOC133346742	FAM234A
OG0006750	LOC137426873	UBALD1	UBALD1
OG0006751	LOC137426877	LOC133341351	RMDN3
OG0006752	LOC137426897	LOC133341335	LOC116947820
OG0006753	LOC137426906	LOC133347923	LOC116949497
OG0006754	LOC137426930	EFEMP2	LOC116947885
OG0006755	LOC137426938	LOC133341378	LOC116947784
OG0006756	LOC137426941	LOC133341299	LOC116947867
OG0006757	LOC137426947	LOC133341289	LOC116947871
OG0006758	LOC137426952	LOC133347768	LOC142930163
OG0006759	LOC137426954	ABCA3	ABCA3
OG0006760	LOC137426956	LOC133358799	DGKE
OG0006761	LOC137426957	LOC133347429	LOC116949718
OG0006762	LOC137426970	LOC133347587	LOC116949698
OG0006763	LOC137426971	LOC133345444	LOC116949699
OG0006765	LOC137426994	CCKAR	CCKAR
OG0006766	LOC137427003	SSNA1	SSNA1
OG0006767	LOC137427022	LOC133352659	LOC116953397
OG0006768	LOC137427058	ABHD14B	ABHD14B
OG0006769	LOC137427075	LOC133339602	LOC116958344
OG0006770	LOC137427086	LOC133340535	LOC116944359
OG0006771	LOC137427091	AQP4	AQP4
OG0006773	LOC137427137	LOC133357070	LOC116955548
OG0006774	LOC137427140	LOC133357012	LOC116955475
OG0006775	LOC137427141	LOC133357092	LOC116955517
OG0006776	LOC137427142	LOC133357060	LOC116955533
OG0006777	LOC137427170	LOC133347502	LOC116951933
OG0006778	LOC137427176	CNR1	CNR1
OG0006780	LOC137427185	LOC133357110	LOC116955617
OG0006781	LOC137427199	KPNA5	KPNA5
OG0006782	LOC137427200	LOC133356938	LOC116955512
OG0006783	LOC137427201	LOC133356962	LOC116955581
OG0006784	LOC137427211	FASTKD5	FASTKD5
OG0006785	LOC137427213	LOC133356953	LOC116955529
OG0006786	LOC137427229	LOC133356905	RRAGC
OG0006787	LOC137427249	LOC133356907	LOC116955473
OG0006788	LOC137427271	ARFGAP1	ARFGAP1
OG0006789	LOC137427275	LOC133340901	LOC116951586
OG0006790	LOC137427306	LOC133350673	LOC116940216
OG0006791	LOC137427313	LOC133353946	LOC116952450
OG0006792	LOC137427315	LOC133353939	LOC116952589
OG0006793	LOC137427346	RTTN	RTTN
OG0006794	LOC137427347	SLC6A9	LOC116948902
OG0006795	LOC137427394	LOC133353910	LOC116952565
OG0006796	LOC137427396	AMMECR1	LOC116952549
OG0006797	LOC137427411	LOC133351878	LOC116948790
OG0006798	LOC137427435	LOC133340726	LOC116951379
OG0006799	LOC137427437	C10H6orf62	C43H6orf62
OG0006800	LOC137427440	LOC133340899	DNAAF11
OG0006801	LOC137427447	SAMD12	SAMD12
OG0006802	LOC137427450	LOC133340932	LOC116951442
OG0006803	LOC137427469	LOC133352938	LOC116946646
OG0006804	LOC137427471	LOC133351858	LOC116948792
OG0006805	LOC137427514	LOC133353972	LOC116952494
OG0006806	LOC137427515	LOC133350721	LOC116940199
OG0006807	LOC137427521	LOC133342073	LOC142929632
OG0006808	LOC137427528	GPR161	GPR161
OG0006809	LOC137427551	LOC133353906	LOC116952621
OG0006810	LOC137427552	LOC133353883	LOC116952469
OG0006811	LOC137427561	LOC133353952	LOC116952504
OG0006812	LOC137427568	ST8SIA1	LOC103091726
OG0006813	LOC137427572	LOC133351351	LOC103091825
OG0006814	LOC137427581	TRIM59	LOC116954608
OG0006815	LOC137427599	LOC133340673	LOC116951539
OG0006816	LOC137427602	LOC133345166	LOC116949761
OG0006817	LOC137427646	LOC133340725	LOC116951380
OG0006818	LOC137427675	LOC133340904	LOC116951594
OG0006819	LOC137427693	WDFY2	LOC116952514
OG0006820	LOC137427700	LOC133354003	GTPBP6
OG0006821	LOC137427704	LOC133353785	LOC116952633
OG0006822	LOC137427706	LOC133340626	LOC116951518
OG0006823	LOC137427708	LOC133340590	LOC116951572
OG0006824	LOC137427711	LOC133340624	LOC116951517
OG0006825	LOC137427715	LOC133340619	LOC116951515
OG0006826	LOC137427716	LOC133340557	LOC116951484
OG0006827	LOC137427721	CREBBP	LOC116951439
OG0006829	LOC137427754	LOC133351954	LOC116948887
OG0006830	LOC137427791	LOC133351864	LOC116948805
OG0006831	LOC137427804	LOC133351980	LOC116948804
OG0006832	LOC137427817	CCDC137	CCDC137
OG0006833	LOC137427821	LOC133353658	LOC116946230
OG0006834	LOC137427894	LOC133340987	LOC116951581
OG0006835	LOC137427903	LOC133340617	LOC116951465
OG0006836	LOC137427904	BAIAP3	BAIAP3
OG0006837	LOC137427908	LOC133350190	LOC116940044
OG0006838	LOC137427922	LOC133340683	LOC116951360
OG0006839	LOC137427941	LOC133350422	B4GALNT4
OG0006840	LOC137427944	JPT2	LOC116951535
OG0006841	LOC137427946	LOC133340623	LOC116951516
OG0006842	LOC137427952	LOC133340569	LOC116951490
OG0006843	LOC137427971	LOC133350192	LOC116940092
OG0006844	LOC137427978	LOC133350163	LOC116940046
OG0006845	LOC137427980	LOC133360083	LOC142908337
OG0006846	LOC137427991	LOC133350168	LOC116940080
OG0006848	LOC137428006	PPFIBP1	PPFIBP1
OG0006849	LOC137428029	CHRND	CHRND
OG0006851	LOC137428075	LOC133358565	LOC116943737
OG0006852	LOC137428077	LOC133357019	LOC116955605
OG0006853	LOC137428152	MBNL1	MBNL1
OG0006854	LOC137428157	LOC133352062	LOC116948963
OG0006855	LOC137428189	LOC133341285	LOC116947879
OG0006856	LOC137428265	GNG7	GNG7
OG0006857	LOC137428271	LOC133341192	LOC116947958
OG0006858	LOC137428282	LOC133357539	LOC116954509
OG0006859	LOC137428325	LOC133341267	LOC116947890
OG0006860	LOC137428328	LOC133341160	LOC103091747
OG0006861	LOC137428341	LOC133351843	LOC116948890
OG0006862	LOC137428343	LOC133358661	LOC116955072
OG0006863	LOC137428345	LOC133347656	LOC116949656
OG0006864	LOC137428411	LOC133355172	LOC116952986
OG0006865	LOC137428420	LOC133353848	LOC116952535
OG0006866	LOC137428431	LOC133340848	LOC116951604
OG0006867	LOC137428441	LOC133350492	FSTL4
OG0006868	LOC137428484	LOC133344056	LOC116941607
OG0006869	LOC137428609	LOC133340577	LOC116951570
OG0006870	LOC137428611	LOC133353918	LOC116952492
OG0006871	LOC137428662	LOC133353832	LOC116952609
OG0006872	LOC137428668	LOC133350191	LOC116940091
OG0006873	LOC137428692	LOC133350175	LOC116940110
OG0006874	LOC137428701	LOC133350157	LOC116940049
OG0006875	LOC137428707	NPB	LOC116951529
OG0006876	LOC137428759	LOC133340571	LOC116951486
OG0006877	LOC137428864	LOC133350151	LOC116940058
OG0006878	LOC137428872	CLASP1	LOC116946623
OG0006879	LOC137428873	LOC133345063	LOC116946565
OG0006880	LOC137428904	LOC133349792	LOC116948574
OG0006881	LOC137428907	LOC133340243	LOC116945782
OG0006883	LOC137428934	LOC133348876	LOC116950317
OG0006884	LOC137428947	LOC133352369	LOC116950383
OG0006885	LOC137428954	KCNAB2	KCNAB2
OG0006886	LOC137428959	ACBD6	ACBD6
OG0006887	LOC137428960	TTC39A	LOC116957600
OG0006888	LOC137428963	LOC133348763	LOC116950250
OG0006889	LOC137428973	LOC133345228	LOC116948818
OG0006890	LOC137428978	LOC133350207	PHF21A
OG0006891	LOC137428987	LOC133344492	LOC142924218
OG0006892	LOC137428988	LOC133344613	LOC116940852
OG0006894	LOC137428992	LOC133344620	LOC116940860
OG0006895	LOC137428993	LOC133344630	FYCO1
OG0006896	LOC137428996	LOC133344632	LOC116940865
OG0006897	LOC137428997	ACKR4	ACKR4
OG0006898	LOC137429034	PTN	LOC116940024
OG0006899	LOC137429039	LOC133352424	LOC142930465
OG0006900	LOC137429045	LOC133342380	LOC116943206
OG0006901	LOC137429065	LOC133340428	LOC116945973
OG0006902	LOC137429090	SCNN1A	LOC116950444
OG0006903	LOC137429115	FTSJ3	FTSJ3
OG0006904	LOC137429116	SARM1	SARM1
OG0006905	LOC137429117	LOC133344648	LOC116940880
OG0006906	LOC137429121	LOC133348941	LOC116950308
OG0006907	LOC137429143	LOC133344770	LOC116937146
OG0006908	LOC137429150	LOC133344963	LOC116946428
OG0006909	LOC137429167	LOC133340396	LOC116946015
OG0006910	LOC137429204	LOC133344500	LOC116941150
OG0006911	LOC137429206	LOC133350264	LOC116939964
OG0006913	LOC137429248	LOC133346947	LOC116939327
OG0006914	LOC137429296	LOC133346484	LOC116938581
OG0006915	LOC137429313	LOC133357653	COXFA4
OG0006916	LOC137429334	LOC133344644	LOC116941146
OG0006917	LOC137429336	LOC133344705	LOC116941121
OG0006918	LOC137429343	LOC133345052	LOC116946454
OG0006920	LOC137429360	CLEC11A	LOC116945947
OG0006921	LOC137429369	LOC133349356	LOC116942482
OG0006922	LOC137429373	SLC35F4	SLC35F4
OG0006923	LOC137429374	LOC133355122	LOC116953529
OG0006924	LOC137429400	LOC133345048	LOC116946338
OG0006926	LOC137429423	SMG6	SMG6
OG0006927	LOC137429430	LOC133356708	LOC116952827
OG0006928	LOC137429431	LOC133348703	LOC116950146
OG0006929	LOC137429436	ADGRD1	ADGRD1
OG0006930	LOC137429438	LOC133344302	LOC116941513
OG0006931	LOC137429450	FKBP6	FKBP6
OG0006932	LOC137429469	LOC133352382	LOC116950452
OG0006933	LOC137429503	LOC133344618	LOC116940857
OG0006934	LOC137429517	YLPM1	LOC116953917
OG0006935	LOC137429532	WT1	WT1
OG0006936	LOC137429536	LOC133341508	LOC116947667
OG0006937	LOC137429537	MICAL3	LOC116939898
OG0006938	LOC137429548	KDM2B	LOC116950061
OG0006939	LOC137429568	LOC133345258	LOC116949302
OG0006940	LOC137429580	LOC133350314	LOC116939909
OG0006941	LOC137429581	LOC133345237	LOC116948934
OG0006942	LOC137429583	LOC133344661	LOC116940894
OG0006943	LOC137429584	MYO1D	MYO1D
OG0006944	LOC137429589	COQ10B	COQ10B
OG0006945	LOC137429610	LOC133345246	LOC116949150
OG0006946	LOC137429611	BAG1	BAG1
OG0006947	LOC137429612	NFX1	NFX1
OG0006948	LOC137429620	LOC133345313	LOC116950144
OG0006949	LOC137429628	RIF1	RIF1
OG0006950	LOC137429631	LOC133345278	LOC116949534
OG0006951	LOC137429635	LOC133345281	LOC116944346
OG0006952	LOC137429640	LOC133344768	LOC103091859
OG0006953	LOC137429663	LOC133344930	LOC116947759
OG0006954	LOC137429674	LOC133360269	LOC116956393
OG0006955	LOC137429681	SALL3	LOC116945992
OG0006956	LOC137429687	LOC133340402	LOC116946007
OG0006957	LOC137429688	LOC133340404	LOC116946005
OG0006958	LOC137429689	FOXC2	LOC116946013
OG0006959	LOC137429693	LOC133340450	LOC116945944
OG0006960	LOC137429694	LOC133355052	RFX7
OG0006961	LOC137429702	LOC133355112	LOC116953586
OG0006962	LOC137429740	FAR1	LOC116939949
OG0006963	LOC137429748	LOC133348547	LOC116939070
OG0006964	LOC137429753	ZFYVE21	ZFYVE21
OG0006965	LOC137429754	STARD7	STARD7
OG0006966	LOC137429755	LOC133342190	LOC116943219
OG0006967	LOC137429763	LOC133342285	LOC116943286
OG0006968	LOC137429766	LOC133342281	LOC116943289
OG0006969	LOC137429769	LOC133342279	LOC116943292
OG0006970	LOC137429779	CDKL4	CDKL4
OG0006971	LOC137429788	LOC133355580	LOC116952203
OG0006972	LOC137429794	LOC133352628	LOC116948248
OG0006973	LOC137429799	EDIL3	EDIL3
OG0006974	LOC137429802	LOC133355137	LOC116953609
OG0006975	LOC137429809	SLC35E2B	SLC35E2B
OG0006976	LOC137429830	LOC133355070	LOC116953578
OG0006977	LOC137429836	WDR76	WDR76
OG0006978	LOC137429838	LOC133355197	LOC116953592
OG0006979	LOC137429839	LOC133355106	LOC116953621
OG0006980	LOC137429842	DHRS3	DHRS3
OG0006981	LOC137429873	LOC133352333	LOC116950550
OG0006982	LOC137429879	BTD	BTD
OG0006983	LOC137429882	MSTN	MSTN
OG0006984	LOC137429894	LOC133346889	TMUB2
OG0006985	LOC137429897	LOC133345270	LOC116949402
OG0006986	LOC137429908	MALSU1	MALSU1
OG0006987	LOC137429910	AZI2	LOC116940950
OG0006988	LOC137429939	LOC133344852	LOC116940962
OG0006989	LOC137429947	LOC133361663	LOC116947136
OG0006990	LOC137429949	LOC133345375	LOC116944937
OG0006991	LOC137429956	LOC133344901	LOC116945353
OG0006992	LOC137429957	AKAP11	LOC116954414
OG0006993	LOC137429962	LOC133345054	LOC116946485
OG0006994	LOC137429965	LOC133345295	NMT2
OG0006995	LOC137429979	LOC133345001	KMT2C
OG0006996	LOC137429981	LOC133344998	LOC116950755
OG0006997	LOC137430004	LOC133357460	LOC116943899
OG0006998	LOC137430025	PUF60	PUF60
OG0006999	LOC137430052	LOC133359074	LOC116942036
OG0007000	LOC137430054	LOC133348849	LOC116950077
OG0007001	LOC137430069	LHX1	LHX1
OG0007002	LOC137430076	LOC133356128	PARD3
OG0007003	LOC137430078	LOC133352476	LOC116950414
OG0007004	LOC137430082	SEC23IP	SEC23IP
OG0007005	LOC137430087	LOC133348891	LOC116950183
OG0007006	LOC137430093	LOC133345216	LOC116948697
OG0007007	LOC137430104	LOC133348045	ZAR1L
OG0007009	LOC137430115	LOC133351121	LOC116946915
OG0007010	LOC137430128	LOC133344857	LOC116940967
OG0007011	LOC137430140	LOC133348875	LOC116950195
OG0007012	LOC137430161	NIPSNAP1	LOC116950141
OG0007013	LOC137430165	CABP7	LOC116950145
OG0007014	LOC137430181	LOC133348782	LOC116950233
OG0007015	LOC137430197	LOC133349174	LOC116942586
OG0007016	LOC137430208	LOC133344116	LOC116941749
OG0007017	LOC137430219	LOC133347462	LOC116951284
OG0007018	LOC137430221	LOC133344080	LOC116941726
OG0007019	LOC137430222	LOC133344084	LOC116941721
OG0007020	LOC137430234	LOC133342393	LOC116943123
OG0007021	LOC137430238	LOC133345070	LOC116946760
OG0007022	LOC137430247	LOC133344863	LOC116940961
OG0007023	LOC137430249	LOC133348436	LOC116939148
OG0007024	LOC137430262	LOC133345529	LOC116949690
OG0007025	LOC137430268	LOC133345331	LOC116949708
OG0007026	LOC137430287	LOC133362878	LOC116957762
OG0007027	LOC137430292	LOC133348884	LRRC75A
OG0007028	LOC137430315	PPP1R9B	LOC116941008
OG0007029	LOC137430320	GALNT15	GALNT15
OG0007030	LOC137430334	NETO2	NETO2
OG0007031	LOC137430351	LOC133348896	LOC116950160
OG0007032	LOC137430352	SERPINF1	SERPINF1
OG0007033	LOC137430354	BOLA2	BOLA2
OG0007034	LOC137430355	LOC133348817	LOC116950322
OG0007035	LOC137430367	LOC133348942	USP32
OG0007036	LOC137430370	TNFAIP1	TNFAIP1
OG0007037	LOC137430379	ALDH18A1	ALDH18A1
OG0007038	LOC137430388	LOC133352506	LOC116950558
OG0007039	LOC137430390	LOC133352505	LOC116950559
OG0007040	LOC137430398	LOC133352306	LOC116950553
OG0007041	LOC137430448	GPR158	LOC116937591
OG0007042	LOC137430449	LOC133350252	LOC116951916
OG0007043	LOC137430493	JAM3	JAM3
OG0007044	LOC137430498	LOC133345890	LOC116938768
OG0007045	LOC137430558	LOC133346083	LOC116938556
OG0007046	LOC137430575	LOC133349183	CHEK2
OG0007047	LOC137430576	LOC133349786	LRRC3
OG0007049	LOC137430616	RPRM	RPRM
OG0007050	LOC137430622	LOC133350240	LOC116952008
OG0007051	LOC137430631	LOC133345775	LOC116938593
OG0007053	LOC137430677	CHMP7	LOC116944702
OG0007054	LOC137430681	LOC133345787	LOC116937855
OG0007055	LOC137430689	NEUROD1	NEUROD1
OG0007056	LOC137430692	NCAM1	NCAM1
OG0007057	LOC137430698	LOC133346124	LOC116938519
OG0007058	LOC137430745	LOC133354205	LOC116950802
OG0007059	LOC137430757	LOC133354165	SLC5A5
OG0007060	LOC137430761	LOC133354268	LOC116950711
OG0007061	LOC137430764	LOC133349725	LOC116948637
OG0007062	LOC137430769	LOC133345821	LOC116938842
OG0007063	LOC137430770	LOC133346086	LOC116938554
OG0007064	LOC137430786	LOC133359121	LOC116952753
OG0007065	LOC137430839	LOC133347499	LOC116951900
OG0007066	LOC137430842	MYLK	MYLK
OG0007067	LOC137430847	ROR1	ROR1
OG0007068	LOC137430901	LOC133345788	MNX1
OG0007069	LOC137430906	LOC133345782	LOC116938410
OG0007070	LOC137430910	LOC133349757	LOC116948608
OG0007071	LOC137430921	LOC133345783	LOC116938322
OG0007072	LOC137430930	LOC133345902	LOC116938758
OG0007073	LOC137430931	LOC133356437	LOC116943978
OG0007074	LOC137430935	TYRP1	TYRP1
OG0007075	LOC137430936	LOC133342113	LOC116948201
OG0007076	LOC137430938	LOC133342038	LOC116948122
OG0007077	LOC137430946	C2CD2L	C2CD2L
OG0007078	LOC137430951	NPL	NPL
OG0007079	LOC137430953	LOC133342084	LOC116948167
OG0007080	LOC137430955	LOC133342100	LOC116948187
OG0007081	LOC137430957	LOC133342089	LOC116948170
OG0007082	LOC137430958	LOC133342088	LOC116948043
OG0007083	LOC137430962	LOC133342090	LOC116948172
OG0007084	LOC137430963	NFRKB	NFRKB
OG0007085	LOC137430964	LOC133357731	LOC116943827
OG0007086	LOC137430967	LOC133346146	LOC116938497
OG0007087	LOC137430971	LOC133346125	LOC116938512
OG0007088	LOC137430972	CHRNA1	CHRNA1
OG0007089	LOC137430976	LOC133346123	LOC116938520
OG0007090	LOC137430990	LOC133342131	LOC116948221
OG0007091	LOC137430998	LOC133342116	LOC116948203
OG0007092	LOC137431001	PROSER3	PROSER3
OG0007093	LOC137431002	PCSK7	PCSK7
OG0007094	LOC137431003	LOC133345208	POU2F2
OG0007095	LOC137431006	LOC133357254	LOC116943771
OG0007096	LOC137431008	IFT46	IFT46
OG0007097	LOC137431020	LOC133342129	LOC116948219
OG0007098	LOC137431031	LOC133349852	LOC116948542
OG0007099	LOC137431040	LOC133346199	SRCIN1
OG0007100	LOC137431049	TNFAIP6	LOC116937633
OG0007101	LOC137431055	LOC133346213	CCNT2
OG0007102	LOC137431059	LOC133346240	LOC116938871
OG0007103	LOC137431062	LOC133355774	LOC116943874
OG0007104	LOC137431081	LOC133354245	LOC103091749
OG0007105	LOC137431088	LOC133343856	LOC116941890
OG0007106	LOC137431121	CCNF	CCNF
OG0007107	LOC137431133	STYXL2	STYXL2
OG0007108	LOC137431134	PSTPIP1	PSTPIP1
OG0007109	LOC137431135	LOC133354130	CENPH
OG0007110	LOC137431136	LOC133354143	LOC116950613
OG0007111	LOC137431139	LOC133347646	LOC116953413
OG0007112	LOC137431141	LOC133354181	LOC116950625
OG0007113	LOC137431143	LOC133347914	LOC116957856
OG0007114	LOC137431148	LOC133348933	TYW1B
OG0007115	LOC137431160	LOC133346611	LOC116939529
OG0007116	LOC137431162	CTSF	CTSF
OG0007117	LOC137431166	NCKAP5	NCKAP5
OG0007118	LOC137431169	LOC133349764	LOC116948602
OG0007119	LOC137431189	LOC133346172	LOC116937972
OG0007120	LOC137431204	HSPBP1	HSPBP1
OG0007121	LOC137431214	LOC133360278	LOC103091756
OG0007122	LOC137431220	LOC133348563	RERE
OG0007123	LOC137431222	LOC133354217	ZNF366
OG0007124	LOC137431226	LOC133358479	LOC116955846
OG0007125	LOC137431231	LOC133354228	LOC116950598
OG0007126	LOC137431241	LOC133354187	LOC116950645
OG0007127	LOC137431247	LOC133354193	LOC116950778
OG0007128	LOC137431254	SLC39A1	SLC39A1
OG0007129	LOC137431271	LOC133358580	LOC116955894
OG0007130	LOC137431275	LOC133349628	LOC116948735
OG0007131	LOC137431276	LOC133349630	LOC116948734
OG0007132	LOC137431281	LOC133349641	LOC116948725
OG0007133	LOC137431283	LOC133349741	LOC116948628
OG0007134	LOC137431293	LOC133349747	LOC116948619
OG0007135	LOC137431297	KLHL41	KLHL41
OG0007136	LOC137431298	LOC133346081	ATXN7L3
OG0007137	LOC137431304	HORMAD1	LOC116941391
OG0007138	LOC137431310	LOC133354271	TMEM221
OG0007139	LOC137431319	LOC133343811	APH1A
OG0007140	LOC137431323	CERT1	LOC116950811
OG0007141	LOC137431328	LOC133348550	LOC116939068
OG0007142	LOC137431334	LOC133360665	CSTF2
OG0007143	LOC137431338	AMACR	AMACR
OG0007144	LOC137431340	LOC133357619	LOC116954415
OG0007145	LOC137431358	LOC133345757	LOC116938800
OG0007146	LOC137431364	LOC133346057	LOC103091770
OG0007147	LOC137431367	SLX1B	SLX1B
OG0007148	LOC137431369	LOC133345927	LOC116938731
OG0007149	LOC137431370	LOC133346000	LOC116938643
OG0007151	LOC137431381	SP3	LOC116948713
OG0007152	LOC137431387	CIR1	CIRSR
OG0007153	LOC137431389	MAP3K20	MAP3K20
OG0007154	LOC137431390	LOC133349657	LOC116948710
OG0007155	LOC137431391	ODAD4	ODAD4
OG0007156	LOC137431393	LOC133349706	LOC116948658
OG0007157	LOC137431397	LOC133349703	LOC116948663
OG0007158	LOC137431403	LOC133349675	LOC116948691
OG0007159	LOC137431405	LOC133349677	LOC116948689
OG0007160	LOC137431406	LOC133349849	LOC116948545
OG0007161	LOC137431407	LOC133349692	NFE2L1
OG0007162	LOC137431411	LOC133349655	LOC116948709
OG0007163	LOC137431415	MPST	MPST
OG0007164	LOC137431417	LOC133349681	LOC116948684
OG0007165	LOC137431427	LOC133349682	LOC116948683
OG0007166	LOC137431434	LOC133345949	LOC116938704
OG0007167	LOC137431435	LOC133345948	LOC116938703
OG0007168	LOC137431438	LOC133345953	LOC116938699
OG0007169	LOC137431455	LOC133349858	LOC116948560
OG0007170	LOC137431456	LOC133346851	LOC116949618
OG0007171	LOC137431459	LOC133349812	LOC116948554
OG0007172	LOC137431460	MSRB3	MSRB3
OG0007173	LOC137431463	LOC133349644	LOC116948720
OG0007174	LOC137431464	LOC133351981	PTGER4
OG0007175	LOC137431483	LOC133342180	LOC116943357
OG0007176	LOC137431519	LOC133349720	LOC116948648
OG0007177	LOC137431521	VIL1	VIL1
OG0007178	LOC137431522	LOC133349709	LOC116948656
OG0007179	LOC137431526	LOC133354033	PYGO1
OG0007180	LOC137431527	LOC133354264	LOC116950762
OG0007181	LOC137431531	LOC133354128	LOC116950656
OG0007182	LOC137431532	LOC133354131	LOC116950700
OG0007183	LOC137431535	LOC133354243	LOC116950706
OG0007184	LOC137431537	CCBE1	LOC116950814
OG0007185	LOC137431546	LOC133342021	LOC116948102
OG0007186	LOC137431572	LOC133354070	LOC116950782
OG0007187	LOC137431574	LOC133354191	LOC116950676
OG0007188	LOC137431580	LOC133354052	LOC116950796
OG0007189	LOC137431581	ANKRA2	ANKRA2
OG0007190	LOC137431584	CFAP410	CFAP410
OG0007191	LOC137431587	RNF113A	RNF113A
OG0007192	LOC137431589	PLCD4	LOC116938622
OG0007193	LOC137431603	LOC133346005	LOC116938638
OG0007194	LOC137431612	LOC133345859	LOC116938811
OG0007195	LOC137431622	LOC133342078	LOC116948158
OG0007196	LOC137431625	MBTPS2	MBTPS2
OG0007197	LOC137431632	LOC133352629	LOC116948295
OG0007198	LOC137431633	LOC133346181	LOC116937885
OG0007199	LOC137431634	LOC133345971	LOC116938675
OG0007200	LOC137431637	LOC133352657	LOC116948362
OG0007201	LOC137431638	LOC133345976	LOC116938671
OG0007202	LOC137431644	LOC133346010	LOC116938636
OG0007203	LOC137431646	LOC133346037	LOC116938605
OG0007204	LOC137431648	ZPLD1	ZPLD1
OG0007205	LOC137431652	LOC133346046	LOC116938598
OG0007206	LOC137431655	LOC133346045	LOC116938597
OG0007207	LOC137431671	LOC133360298	KCP
OG0007208	LOC137431672	LOC133360438	LOC116956461
OG0007209	LOC137431684	LOC133350346	LOC116939873
OG0007210	LOC137431687	UBE2T	UBE2T
OG0007211	LOC137431696	IGSF9B	IGSF9B
OG0007212	LOC137431706	NAB1	NAB1
OG0007213	LOC137431713	LOC133352806	ZDHHC24
OG0007214	LOC137431714	LOC133345935	LOC116938723
OG0007215	LOC137431715	LOC133345936	LOC116938722
OG0007216	LOC137431716	LOC133345937	LOC116938720
OG0007217	LOC137431720	LOC133346034	LOC116938608
OG0007218	LOC137431736	LOC133345885	LOC116938779
OG0007219	LOC137431739	ZEB2	ZEB2
OG0007220	LOC137431741	LOC133345798	LOC116938859
OG0007221	LOC137431744	LOC133346095	LOC116938546
OG0007222	LOC137431745	LOC133346094	LOC116938548
OG0007223	LOC137431746	LOC133346093	LOC116938549
OG0007224	LOC137431750	LOC133346089	LOC116938552
OG0007225	LOC137431757	LOC133357508	LOC116943889
OG0007226	LOC137431764	GALNT3	GALNT3
OG0007227	LOC137431766	LOC133345943	LOC116938710
OG0007228	LOC137431767	LOC133345944	LOC103091846
OG0007229	LOC137431772	LOC133345766	LOC116938705
OG0007230	LOC137431777	SMARCE1	SMARCE1
OG0007231	LOC137431784	LOC133342392	LOC116943189
OG0007232	LOC137431787	HHATL	HHATL
OG0007233	LOC137431795	LOC133352807	LOC116948429
OG0007234	LOC137431806	LOC133349787	LOC116948540
OG0007235	LOC137431816	LOC133346071	LOC116938567
OG0007236	LOC137431818	LOC133346072	LOC116938566
OG0007237	LOC137431821	LOC133356325	LOC116943994
OG0007238	LOC137431829	LOC133346103	LOC116938541
OG0007239	LOC137431830	LOC133346105	LOC103091773
OG0007240	LOC137431835	LOC133346107	LOC116938540
OG0007241	LOC137431836	PLEKHA3	LOC116938792
OG0007242	LOC137431837	LOC133345875	LOC116938793
OG0007243	LOC137431846	LOC133345918	LOC116938741
OG0007244	LOC137431856	LOC133346166	LOC116938149
OG0007245	LOC137431862	LOC133346786	LOC116941201
OG0007246	LOC137431864	LOC133346180	LOC116937895
OG0007247	LOC137431868	LOC133342045	LOC116948037
OG0007248	LOC137431872	LOC133345017	LOC116945975
OG0007249	LOC137431875	LOC133346183	LOC116937845
OG0007250	LOC137431888	LOC133346186	ARL5C
OG0007251	LOC137431902	LOC133346164	LOC116938270
OG0007252	LOC137431903	LOC133345849	LOC116938820
OG0007253	LOC137431911	ITPRID2	ITPRID2
OG0007254	LOC137432028	LOC133351401	LOC116945593
OG0007255	LOC137432039	LOC133352744	LOC116948422
OG0007256	LOC137432054	LOC133353877	LOC116952576
OG0007257	LOC137432061	NUFIP1	NUFIP1
OG0007258	LOC137432063	LOC133352801	LOC116948426
OG0007259	LOC137432065	LOC133341712	LOC116944839
OG0007260	LOC137432078	LOC133352906	LOC116946506
OG0007261	LOC137432104	LOC133341656	LOC116944806
OG0007262	LOC137432133	LOC133352778	LOC116948321
OG0007263	LOC137432156	LOC133351545	SNRNP70
OG0007264	LOC137432166	LOC133352611	LOC116948339
OG0007265	LOC137432190	LOC133351435	LOC116945435
OG0007266	LOC137432192	EML6	LOC116948337
OG0007267	LOC137432198	LOC133349086	LOC116957775
OG0007268	LOC137432216	VTN	LOC116958403
OG0007269	LOC137432218	LOC133362127	LOC116958452
OG0007271	LOC137432237	ANO4	ANO4
OG0007272	LOC137432243	LOC133350353	RASSF9
OG0007273	LOC137432251	LOC133353301	LOC103091813
OG0007274	LOC137432257	LOC133351499	PHLDA2
OG0007275	LOC137432259	LOC133351334	LOC116945516
OG0007276	LOC137432262	LOC133351543	LOC116945433
OG0007277	LOC137432266	AMPD1	AMPD1
OG0007278	LOC137432268	LOC133351325	LOC116945468
OG0007279	LOC137432270	LOC133351521	LOC116945554
OG0007280	LOC137432278	LOC133351523	LOC116945526
OG0007281	LOC137432279	LOC133352794	LOC116948329
OG0007282	LOC137432284	LOC133351440	LOC116945424
OG0007283	LOC137432288	GOLGB1	GOLGB1
OG0007284	LOC137432296	LOC133351327	LOC116945656
OG0007285	LOC137432305	LOC133351445	LOC116945607
OG0007286	LOC137432306	LOC133351484	LOC116945445
OG0007287	LOC137432309	LOC133351463	LOC116945615
OG0007288	LOC137432312	LOC133351311	LOC116945613
OG0007289	LOC137432315	LOC133351528	LOC116945630
OG0007290	LOC137432316	LOC133351437	LOC116945634
OG0007291	LOC137432319	LOC133351529	LOC116945629
OG0007292	LOC137432322	LOC133351347	LOC116945628
OG0007293	LOC137432325	LOC133351404	LOC116945635
OG0007294	LOC137432326	LOC133351510	LOC116945637
OG0007295	LOC137432330	LOC133351527	LOC116945643
OG0007296	LOC137432331	LOC133351522	LOC116945644
OG0007297	LOC137432334	LOC133351353	LOC116939613
OG0007298	LOC137432349	LOC133343892	LOC116942208
OG0007300	LOC137432375	LOC133348271	LOC116939313
OG0007301	LOC137432387	MYO15B	MYO15B
OG0007302	LOC137432398	LOC133353253	LOC116945137
OG0007303	LOC137432402	LOC133340565	LOC142930793
OG0007304	LOC137432404	C43H1orf232	LOC116945155
OG0007305	LOC137432409	LOC133353278	ATAD2B
OG0007306	LOC137432416	LOC133353210	LOC103091742
OG0007307	LOC137432418	LOC133353217	LOC116945262
OG0007308	LOC137432423	STOX2	STOX2
OG0007309	LOC137432424	LOC133350539	LOC116940337
OG0007310	LOC137432429	LOC133350545	LOC116940333
OG0007311	LOC137432430	LOC133350515	LOC116940363
OG0007312	LOC137432431	LOC133350503	LOC116940373
OG0007313	LOC137432433	ZNHIT1	LOC116952523
OG0007314	LOC137432435	ACHE	ACHE
OG0007315	LOC137432442	LOC133350718	LOC116940178
OG0007316	LOC137432452	LOC133358750	LOC103091763
OG0007317	LOC137432458	LOC133353803	LOC116937940
OG0007318	LOC137432465	DAPP1	DAPP1
OG0007319	LOC137432466	LOC133350519	LOC116940357
OG0007320	LOC137432476	LOC133353769	LOC116952511
OG0007321	LOC137432478	ARHGEF7	LOC116952595
OG0007322	LOC137432485	LOC133353966	LOC116952570
OG0007323	LOC137432499	LOC133350502	LOC116951822
OG0007324	LOC137432500	LOC133350584	LOC116940295
OG0007325	LOC137432502	PNPLA7	PNPLA7
OG0007326	LOC137432505	LOC133341709	LOC116944841
OG0007327	LOC137432511	LOC133350652	LOC116940233
OG0007328	LOC137432515	LOC133350642	LOC116940242
OG0007329	LOC137432521	LOC133350643	LOC116940240
OG0007330	LOC137432523	LOC133350635	LOC116940247
OG0007331	LOC137432534	LOC133353885	LOC116952509
OG0007332	LOC137432540	LOC133353840	LOC116952607
OG0007333	LOC137432567	LOC133353311	PLEC
OG0007334	LOC137432569	CLU	CLU
OG0007335	LOC137432573	LOC133341844	LOC116944981
OG0007336	LOC137432578	LOC133351475	LOC116945506
OG0007337	LOC137432580	LOC133351341	LOC116945508
OG0007338	LOC137432600	LOC133353250	LOC116945250
OG0007339	LOC137432605	LOC133341640	LOC116944855
OG0007340	LOC137432620	LOC133341740	LOC116944864
OG0007341	LOC137432629	LOC133353345	LOC116945186
OG0007342	LOC137432633	LOC133353204	LOC116945172
OG0007343	LOC137432635	LOC133353294	LOC116945298
OG0007344	LOC137432639	LOC133353279	LOC116945221
OG0007345	LOC137432661	LOC133353209	LOC116945176
OG0007346	LOC137432667	LOC133353199	LOC116945235
OG0007347	LOC137432674	LOC133341780	LOC116944904
OG0007348	LOC137432678	LOC133341773	LOC116944896
OG0007349	LOC137432680	LOC133341779	LOC116944902
OG0007350	LOC137432727	GAPVD1	GAPVD1
OG0007351	LOC137432730	MVB12B	MVB12B
OG0007352	LOC137432733	LMX1B	LOC116945004
OG0007353	LOC137432755	LOC133341689	LOC116944802
OG0007354	LOC137432760	LOC133341685	SLC44A2
OG0007355	LOC137432775	NMNAT2	NMNAT2
OG0007356	LOC137432781	LOC133341690	LOC116944818
OG0007357	LOC137432803	LAMC1	LAMC1
OG0007358	LOC137432819	LOC133341769	LOC116944893
OG0007359	LOC137432837	LOC133350579	LOC116940302
OG0007360	LOC137432838	CDS2	CDS2
OG0007361	LOC137432852	LOC133350526	LOC116940351
OG0007362	LOC137432853	LOC133354386	LOC116950965
OG0007363	LOC137432856	LOC133350514	LOC116940370
OG0007364	LOC137432868	LOC133350601	LOC116940279
OG0007365	LOC137432870	LOC133350676	LOC116940214
OG0007366	LOC137432872	LOC133353941	LOC116952444
OG0007367	LOC137432878	LOC133353997	LOC116952481
OG0007368	LOC137432880	LOC133353936	PPP2R3A
OG0007369	LOC137432883	IL5RA	LOC116952555
OG0007370	LOC137432884	LOC133353811	LOC116952478
OG0007371	LOC137432887	LOC133353778	LOC116952521
OG0007372	LOC137432909	LOC133353400	LOC116945200
OG0007373	LOC137432911	LOC133353282	LOC116945166
OG0007374	LOC137432912	LOC133353284	LOC116945283
OG0007375	LOC137432919	LOC133341767	LOC116944887
OG0007376	LOC137432920	LOC133358556	LOC116955845
OG0007377	LOC137432931	LOC133341752	LOC116944875
OG0007378	LOC137432932	LOC133341750	LOC116944872
OG0007379	LOC137432936	LOC133341747	LOC116944867
OG0007380	LOC137432937	LOC133341770	LOC116944891
OG0007381	LOC137432939	LOC133350582	LOC116940300
OG0007382	LOC137432940	LOC133350706	LOC116940190
OG0007383	LOC137432947	IKBKB	IKBKB
OG0007384	LOC137432950	SORBS1	LOC116940264
OG0007385	LOC137432960	LOC133353388	LOC116945114
OG0007386	LOC137432965	LOC133358534	LOC116955867
OG0007387	LOC137432976	LOC133342576	LOC116944502
OG0007388	LOC137433002	LOC133350510	LOC142924122
OG0007389	LOC137433006	LOC133341727	ZBTB12
OG0007390	LOC137433011	LOC133351535	LOC116945575
OG0007391	LOC137433013	LOC133351541	LOC116945571
OG0007392	LOC137433024	LOC133351461	LOC116945470
OG0007393	LOC137433025	SLC1A2	LOC116945520
OG0007394	LOC137433030	LOC133360757	LOC116956560
OG0007395	LOC137433036	LOC133351511	LOC116945579
OG0007397	LOC137433045	LOC133350561	GDF10
OG0007398	LOC137433049	AAK1	AAK1
OG0007399	LOC137433051	LOC133360837	LOC116957628
OG0007400	LOC137433067	LOC133350736	LOC116940161
OG0007401	LOC137433072	FAM13C	LOC116940195
OG0007402	LOC137433073	PHYHIPL	PHYHIPL
OG0007403	LOC137433078	LOC133351374	DBX1
OG0007404	LOC137433089	LOC133351468	LOC116945612
OG0007405	LOC137433091	LOC133351310	LOC116945638
OG0007406	LOC137433099	LOC133353277	LOC116945300
OG0007407	LOC137433108	LOC133350499	LOC116940148
OG0007408	LOC137433128	LOC133350664	LOC103091851
OG0007409	LOC137433134	LAMA2	LAMA2
OG0007410	LOC137433141	LOC133351465	LOC116945595
OG0007411	LOC137433158	LOC133358480	LOC116955849
OG0007412	LOC137433170	LOC133341836	LOC116944969
OG0007413	LOC137433173	KIF27	KIF27
OG0007414	LOC137433206	DYNC2H1	DYNC2H1
OG0007415	LOC137433213	LOC133350474	LOC116940355
OG0007416	LOC137433216	LIN54	LIN54
OG0007417	LOC137433225	LOC133350562	LOC116940393
OG0007418	LOC137433227	LOC133350552	LOC116940375
OG0007419	LOC137433231	LOC133350734	LOC116940164
OG0007421	LOC137433367	LOC133352546	SPTBN5
OG0007422	LOC137433391	LOC133344939	LOC142925138
OG0007423	LOC137433428	LOC133353589	LOC116946267
OG0007424	LOC137433466	LOC133355941	LOC116954085
OG0007425	LOC137433470	SLC24A5	SLC24A5
OG0007426	LOC137433478	KCTD1	KCTD1
OG0007427	LOC137433483	LOC133344848	CDK14
OG0007428	LOC137433513	MYO15A	MYO15A
OG0007429	LOC137433525	LOC133347237	LOC116939611
OG0007432	LOC137433587	LOC133344766	LOC103091704
OG0007433	LOC137433592	LOC133358777	LOC116943884
OG0007434	LOC137433605	LOC133353552	LOC116946256
OG0007435	LOC137433614	LOC133355872	LOC116954151
OG0007436	LOC137433630	LOC133355860	LOC116954153
OG0007437	LOC137433649	LOC133353504	LOC116946078
OG0007438	LOC137433660	LOC133344933	LOC116947353
OG0007439	LOC137433701	LOC133353424	LOC116946059
OG0007440	LOC137433714	LOC133355820	LOC116954239
OG0007441	LOC137433718	LOC133356554	LOC116943965
OG0007442	LOC137433728	LOC133355851	LOC116954266
OG0007443	LOC137433730	USP37	USP37
OG0007444	LOC137433731	LOC133345122	LOC116947276
OG0007445	LOC137433759	LOC133345098	LOC116947557
OG0007446	LOC137433765	LOC133344810	LOC116941007
OG0007447	LOC137433767	LOC133344812	LOC116941002
OG0007448	LOC137433778	LOC133353605	ARHGAP17
OG0007449	LOC137433785	EZH2	EZH2
OG0007450	LOC137433794	LOC133355743	LOC116954106
OG0007451	LOC137433799	LOC133356014	LOC116954166
OG0007452	LOC137433800	TBRG4	TBRG4
OG0007453	LOC137433801	SLC7A7	SLC7A7
OG0007454	LOC137433803	ANKRD33B	ANKRD33B
OG0007455	LOC137433805	LOC133355871	LOC116954250
OG0007456	LOC137433806	RBM45	RBM45
OG0007457	LOC137433809	LOC133357994	LOC116943713
OG0007458	LOC137433821	LOC133344579	LOC116940818
OG0007459	LOC137433825	LOC133348737	LOC116954951
OG0007460	LOC137433842	LOC133353647	LOC116946088
OG0007461	LOC137433844	LOC133353465	LOC116946113
OG0007462	LOC137433846	LOC133353586	LOC116946232
OG0007463	LOC137433849	LOC133353581	LOC116946115
OG0007464	LOC137433856	TMC7	TMC7
OG0007465	LOC137433857	LOC133358849	LOC116943793
OG0007466	LOC137433864	LOC133353449	LOC116946076
OG0007467	LOC137433869	LOC133353466	LOC116946216
OG0007468	LOC137433870	LOC133353685	LOC116946215
OG0007469	LOC137433878	CAMLG	CAMLG
OG0007470	LOC137433887	LRRC14B	LRRC14B
OG0007471	LOC137433890	SOAT1	SOAT1
OG0007472	LOC137433894	LOC133345074	LOC116946857
OG0007473	LOC137433895	LOC133345155	LOC116947873
OG0007474	LOC137433899	NIFK	NIFK
OG0007475	LOC137433902	LOC133344666	LOC116940901
OG0007476	LOC137433933	ICA1	ICA1
OG0007477	LOC137433935	LOC133345378	LOC103091751
OG0007478	LOC137433941	LOC133345380	LOC116944947
OG0007479	LOC137433956	LOC133352516	LOC116950427
OG0007480	LOC137433957	LOC133345383	LOC116944972
OG0007481	LOC137433959	SLC48A1	LOC116940778
OG0007482	LOC137433961	LOC133357811	LOC116943710
OG0007483	LOC137433976	LOC133352392	LOC116950523
OG0007484	LOC137433978	LOC133346796	CPEB1
OG0007485	LOC137433996	LOC133344839	LOC116940946
OG0007486	LOC137434006	LOC133345336	LOC116950629
OG0007487	LOC137434010	LOC133357160	LOC116943958
OG0007488	LOC137434017	LOC133345373	LOC116944898
OG0007489	LOC137434022	LOC133353551	LOC116946251
OG0007490	LOC137434042	PRELID3B	LOC116954258
OG0007491	LOC137434043	LOC133355836	LOC116954254
OG0007492	LOC137434048	LOC133355782	LOC116954079
OG0007494	LOC137434054	LOC133355902	LOC116954135
OG0007495	LOC137434068	LOC133362907	LOC142922785
OG0007496	LOC137434074	LOC133361794	LOC116954884
OG0007497	LOC137434080	LOC133344640	LOC116940875
OG0007498	LOC137434081	LOC133358321	LOC116954688
OG0007499	LOC137434084	LOC133344646	LOC116940878
OG0007500	LOC137434087	LOC133345305	LOC116949857
OG0007501	LOC137434093	MOB4	MOB4
OG0007502	LOC137434099	LOC133345007	LOC116945837
OG0007503	LOC137434114	LOC133345691	LOC116955054
OG0007504	LOC137434123	LOC133355796	LOC116954208
OG0007505	LOC137434125	LOC133355972	LOC116954071
OG0007506	LOC137434132	LOC133355986	LOC116954244
OG0007507	LOC137434135	LOC133342541	LOC116949454
OG0007508	LOC137434149	LOC133355744	LOC116954118
OG0007509	LOC137434151	LOC133343379	BTRC
OG0007510	LOC137434162	LOC133346598	LOC116939433
OG0007511	LOC137434165	LOC133353472	LOC116946109
OG0007512	LOC137434166	DNAJA3	DNAJA3
OG0007513	LOC137434168	LOC133353435	LOC116957317
OG0007515	LOC137434178	ZCCHC9	LOC116937810
OG0007516	LOC137434196	LOC133355964	LOC116954087
OG0007517	LOC137434197	RPRD1B	LOC116954232
OG0007518	LOC137434199	GARRE1	GARRE1
OG0007519	LOC137434201	LSM14A	LOC116954216
OG0007520	LOC137434229	TNRC6C	TNRC6C
OG0007521	LOC137434231	LOC133353614	LOC116946191
OG0007522	LOC137434235	LOC133353607	LOC116946193
OG0007523	LOC137434241	LOC133345034	LOC116946141
OG0007524	LOC137434244	LOC133344840	LOC116940948
OG0007525	LOC137434249	LOC133350814	LOC116944102
OG0007526	LOC137434251	LOC133355790	LOC116954201
OG0007527	LOC137434252	LOC133355842	LOC116954236
OG0007528	LOC137434253	LOC133355799	LOC116954209
OG0007529	LOC137434260	LOC133355773	ZCCHC14
OG0007530	LOC137434268	LOC133353572	LOC116946277
OG0007531	LOC137434295	LOC133344894	LOC116945256
OG0007532	LOC137434296	NT5C3A	NT5C3A
OG0007533	LOC137434297	LOC133345275	LOC116949450
OG0007534	LOC137434314	CRTC1	CRTC1
OG0007535	LOC137434323	LOC133344743	LOC116941073
OG0007536	LOC137434325	LOC133344741	LOC116941075
OG0007537	LOC137434329	LOC133344899	LOC116945297
OG0007538	LOC137434330	LOC133344898	LOC116945290
OG0007539	LOC137434334	LOC133353522	LOC116946135
OG0007540	LOC137434347	LOC133353644	MIEF2
OG0007541	LOC137434372	SLC52A3	LOC116954062
OG0007542	LOC137434416	HAPLN3	LOC116954875
OG0007543	LOC137434445	LOC133347628	LOC116953244
OG0007544	LOC137434454	LOC133353683	LOC116946169
OG0007545	LOC137434461	LOC133345365	LOC116944830
OG0007546	LOC137434462	RPS26	RPS26
OG0007547	LOC137434472	XYLT1	XYLT1
OG0007548	LOC137434479	ASH1L	LOC116954923
OG0007549	LOC137434488	LOC133353077	LOC116954989
OG0007550	LOC137434492	LOC133361146	LOC116957443
OG0007551	LOC137434500	LOC133359695	LOC142905701
OG0007552	LOC137434509	JARID2	LOC116954168
OG0007554	LOC137434516	LOC133355811	LOC116954217
OG0007555	LOC137434519	LOC133355818	LOC116954225
OG0007556	LOC137434526	LOC133344829	LOC116940937
OG0007557	LOC137434541	LOC133353487	LOC116946164
OG0007558	LOC137434551	LOC133347898	LOC116954960
OG0007559	LOC137434554	LOC133341496	LOC116944495
OG0007560	LOC137434566	LOC133360703	SERF2
OG0007561	LOC137434570	LOC133343905	LOC116955053
OG0007562	LOC137434629	LOC133354787	LOC116952056
OG0007563	LOC137434649	LOC133341958	LOC116948100
OG0007564	LOC137434688	PTCH1	LOC116950944
OG0007565	LOC137434699	LOC133346882	LOC116939732
OG0007566	LOC137434700	SYNDIG1L	LOC116939507
OG0007567	LOC137434748	LOC133346937	LOC116939680
OG0007568	LOC137434751	LOC133347171	LOC116939545
OG0007569	LOC137434759	NKX2-2	NKX2-2
OG0007570	LOC137434762	LOC133354788	LOC116952052
OG0007571	LOC137434778	LOC133346961	LOC116939336
OG0007572	LOC137434800	LOC133354874	LOC116952134
OG0007573	LOC137434803	LOC133347157	LOC116939530
OG0007574	LOC137434811	RIOX1	RIOX1
OG0007575	LOC137434816	SARAF	SARAF
OG0007576	LOC137434822	LOC133354947	LOC116952115
OG0007577	LOC137434823	CMIP	LOC116952048
OG0007578	LOC137434824	LOC133354916	LOC116952178
OG0007579	LOC137434827	LOC133354887	LOC116952047
OG0007580	LOC137434835	LOC133354791	LOC116952068
OG0007581	LOC137434836	LOC133354832	LOC116952061
OG0007582	LOC137434846	PDCD6	LOC116952082
OG0007583	LOC137434856	LOC133354811	LOC116952106
OG0007584	LOC137434857	MROH1	MROH1
OG0007585	LOC137434860	ATP9B	ATP9B
OG0007586	LOC137434896	LOC133347068	LOC116939429
OG0007587	LOC137434911	LOC133347322	LOC116939663
OG0007588	LOC137434914	LOC133346932	LOC116939662
OG0007589	LOC137434919	LOC133349439	LOC116951959
OG0007590	LOC137434926	LOC133346996	LOC116939377
OG0007591	LOC137434939	RAB22A	RAB22A
OG0007592	LOC137434966	CCT4	CCT4
OG0007593	LOC137434970	LOC133349945	LOC116951981
OG0007594	LOC137434975	LOC133340457	LOC116945941
OG0007595	LOC137434997	LOC133354879	LOC116952196
OG0007596	LOC137434999	LOC133355747	LOC116943876
OG0007597	LOC137435003	LOC133340336	LOC116945854
OG0007598	LOC137435010	CHCHD3	CHCHD3
OG0007599	LOC137435016	LOC133354826	LOC116952142
OG0007600	LOC137435026	LOC133347299	LOC116939638
OG0007601	LOC137435042	ARHGAP5	ARHGAP5
OG0007602	LOC137435045	LOC133347169	LOC116939541
OG0007603	LOC137435048	LOC133347368	LOC116939724
OG0007604	LOC137435059	KIF6	KIF6
OG0007605	LOC137435061	LOC133347109	LOC116939471
OG0007607	LOC137435071	LOC133347155	LOC116939526
OG0007608	LOC137435073	LOC133357218	LOC116956244
OG0007609	LOC137435083	LOC133357346	LOC116956303
OG0007610	LOC137435087	LOC133356808	LOC116943942
OG0007611	LOC137435101	LOC133357213	LOC116938045
OG0007612	LOC137435104	LOC133357317	LOC116956253
OG0007613	LOC137435114	PLCB1	PLCB1
OG0007614	LOC137435116	LOC133346965	LOC116939339
OG0007615	LOC137435139	LOC133357341	LOC116956328
OG0007617	LOC137435160	LOC133340465	LOC116945931
OG0007618	LOC137435184	LOC133356011	LOC116954170
OG0007619	LOC137435190	LOC133356958	LOC116943945
OG0007620	LOC137435206	ASNSD1	ASNSD1
OG0007621	LOC137435209	TK2	TK2
OG0007622	LOC137435215	ACIN1	LOC116956168
OG0007623	LOC137435219	LOC133340503	LOC116945801
OG0007624	LOC137435222	LOC133358065	LOC116956005
OG0007625	LOC137435223	LOC133340328	LOC116945890
OG0007626	LOC137435231	LOC133341903	LOC116945028
OG0007627	LOC137435237	ANKRD11	ANKRD11
OG0007628	LOC137435257	LOC133340426	LOC116945976
OG0007629	LOC137435271	LOC133340391	LOC116946021
OG0007630	LOC137435273	CBFB	CBFB
OG0007631	LOC137435278	SERPINH1	SERPINH1
OG0007633	LOC137435291	LOC133340418	TSHZ1
OG0007634	LOC137435300	LOC133340302	LOC116945734
OG0007635	LOC137435306	LOC133345846	LOC116938827
OG0007636	LOC137435308	GSTO1	GSTO1
OG0007637	LOC137435331	LOC133357186	LOC116956342
OG0007638	LOC137435333	LOC133357159	LOC116957859
OG0007639	LOC137435338	LOC133357290	LOC116956305
OG0007640	LOC137435344	FIS1	FIS1
OG0007641	LOC137435353	LOC133347034	LOC116939412
OG0007642	LOC137435365	LOC133347044	LOC116939425
OG0007643	LOC137435374	LOC133347024	LOC116939402
OG0007644	LOC137435376	SYNE1	SYNE1
OG0007645	LOC137435380	AKAP12	AKAP12
OG0007646	LOC137435390	LOC133340627	LOC116944608
OG0007647	LOC137435391	LOC133352821	LOC116948311
OG0007648	LOC137435397	KCNG2	KCNG2
OG0007649	LOC137435400	MYLK3	MYLK3
OG0007650	LOC137435403	LOC133340407	LOC116946001
OG0007651	LOC137435412	LOC133340251	LOC116945784
OG0007652	LOC137435415	LOC133342252	PTGER2
OG0007653	LOC137435422	LOC133352581	LOC116948314
OG0007654	LOC137435446	LOC133352640	LOC116948318
OG0007655	LOC137435451	LOC133339700	LOC116945757
OG0007656	LOC137435454	LOC133357943	LOC116956078
OG0007657	LOC137435465	LOC133358081	RIPOR1
OG0007658	LOC137435477	LOC133347181	LOC116939554
OG0007659	LOC137435484	LOC133347106	LOC116939464
OG0007660	LOC137435487	LOC133346966	LOC116939340
OG0007661	LOC137435490	LOC133360197	PARP10
OG0007662	LOC137435497	REL	LOC116939710
OG0007663	LOC137435505	LOC133347353	LOC116939703
OG0007664	LOC137435514	RDH13	LOC116939697
OG0007665	LOC137435545	LOC133346984	LOC116939360
OG0007666	LOC137435557	AARS2	AARS2
OG0007667	LOC137435587	BSX	BSX
OG0007668	LOC137435597	LOC133361254	LOC116957598
OG0007669	LOC137435626	LOC133347248	LOC116939626
OG0007670	LOC137435633	LOC133352774	LOC116948499
OG0007671	LOC137435638	SNX15	SNX15
OG0007672	LOC137435642	LOC133347010	TGFB2
OG0007673	LOC137435664	LOC133347291	LOC116939788
OG0007674	LOC137435665	FOXA2	LOC116939652
OG0007675	LOC137435671	INSM1	LOC116939646
OG0007676	LOC137435679	LOC133354857	LOC116952110
OG0007677	LOC137435685	LOC133354840	LOC116952125
OG0007678	LOC137435725	LOC133346962	UNC45B
OG0007679	LOC137435741	LOC133340501	LOC116945893
OG0007680	LOC137435748	LOC133340274	LOC116945747
OG0007681	LOC137435769	TANGO6	TANGO6
OG0007682	LOC137435786	LOC133347358	LOC116939706
OG0007683	LOC137435799	LOC133347271	LOC116939802
OG0007684	LOC137435816	LOC133346931	LOC116939655
OG0007685	LOC137436085	LOC133356631	LOC116952696
OG0007686	LOC137436087	LOC133352936	KLF10
OG0007687	LOC137436113	LOC133344178	LOC116941658
OG0007688	LOC137436117	LOC133344174	LOC116941663
OG0007689	LOC137436127	LOC133344165	LOC116941679
OG0007690	LOC137436131	AHCTF1	AHCTF1
OG0007691	LOC137436137	LOC133355006	LOC116953664
OG0007692	LOC137436140	LOC133344199	LOC116941632
OG0007693	LOC137436162	LOC133349368	FBXL13
OG0007694	LOC137436168	PTPN12	PTPN12
OG0007695	LOC137436178	LOC133344527	LOC116941495
OG0007696	LOC137436186	GPR37	GPR37
OG0007697	LOC137436212	LOC133344179	LOC116941780
OG0007698	LOC137436231	LOC133356217	LOC116953877
OG0007699	LOC137436250	LOC133349410	LOC116942425
OG0007700	LOC137436260	LOC133342198	LOC116943180
OG0007702	LOC137436273	LOC133342223	LOC116943374
OG0007703	LOC137436295	LOC133352618	LOC116948453
OG0007704	LOC137436297	LOC133349455	LOC116942379
OG0007705	LOC137436344	LOC133352682	LOC116948458
OG0007706	LOC137436346	LOC133356298	LOC116953928
OG0007707	LOC137436365	LYSMD3	LOC116953499
OG0007708	LOC137436373	LOC133342345	LOC116943245
OG0007709	LOC137436376	LOC133342348	LOC116943244
OG0007710	LOC137436380	LOC133355079	LOC142931317
OG0007711	LOC137436384	LOC133342269	LOC116943324
OG0007712	LOC137436386	DHX33	DHX33
OG0007713	LOC137436387	LOC133342290	LOC116943323
OG0007714	LOC137436390	TMEM62	TMEM62
OG0007715	LOC137436394	LOC133355177	LOC116953538
OG0007716	LOC137436395	LOC133354267	LOC116950780
OG0007717	LOC137436401	LOC133355163	LOC116953599
OG0007718	LOC137436409	DHFR	DHFR
OG0007719	LOC137436413	LOC133352583	LOC116948388
OG0007720	LOC137436421	LOC133355211	LOC116953543
OG0007721	LOC137436432	EPB41L4A	EPB41L4A
OG0007722	LOC137436435	WDR41	WDR41
OG0007723	LOC137436439	LOC133352595	LOC116948392
OG0007724	LOC137436468	LOC133342365	LOC116943225
OG0007725	LOC137436472	LOC133342264	LOC116943327
OG0007726	LOC137436476	SF3B4	SF3B4
OG0007727	LOC137436479	LOC133342262	BICRA
OG0007728	LOC137436480	LOC133342263	LOC116943328
OG0007729	LOC137436485	LOC133339895	LOC116945872
OG0007730	LOC137436488	LOC133357892	LOC116956032
OG0007731	LOC137436515	LOC133352655	VASH1
OG0007732	LOC137436517	LOC133349538	LOC116942305
OG0007733	LOC137436518	LTA4H	LTA4H
OG0007734	LOC137436520	LOC133349442	LOC116942393
OG0007735	LOC137436524	LOC133355493	LOC116952380
OG0007736	LOC137436536	LOC133349435	LOC116942402
OG0007737	LOC137436539	LOC133344129	LOC116941747
OG0007738	LOC137436543	LOC133349491	LOC116942347
OG0007739	LOC137436558	LOC133352572	LOC116948281
OG0007740	LOC137436568	LOC133344225	LOC116941597
OG0007741	LOC137436571	LOC133344169	LOC116941672
OG0007742	LOC137436572	LOC133344177	LOC116941659
OG0007743	LOC137436577	LAPTM4B	LOC116941650
OG0007744	LOC137436578	CARD18	CARD18
OG0007745	LOC137436580	LOC133353046	LOC116946561
OG0007746	LOC137436581	SPAG1	SPAG1
OG0007747	LOC137436585	LOC133344156	LOC116941688
OG0007748	LOC137436587	LOC133344293	LOC116941533
OG0007749	LOC137436594	LOC133344173	LOC142924643
OG0007750	LOC137436597	LOC133344252	LOC116941568
OG0007751	LOC137436602	LOC133344260	LOC116941564
OG0007752	LOC137436607	LOC133349405	LOC116951958
OG0007753	LOC137436615	LOC133356180	LOC116953842
OG0007754	LOC137436617	LOC133356329	LOC116953884
OG0007755	LOC137436618	LOC133356305	LOC116953998
OG0007756	LOC137436619	LOC133352712	LOC116948286
OG0007757	LOC137436621	LOC133356183	LOC116953968
OG0007758	LOC137436632	LOC133356251	ZC3H4
OG0007759	LOC137436633	LOC133356257	GANAB
OG0007760	LOC137436635	LOC133356264	LOC116953985
OG0007761	LOC137436655	LOC133356350	LOC116953921
OG0007762	LOC137436656	LOC133356176	LOC116953961
OG0007763	LOC137436666	LOC133344220	LOC116941605
OG0007764	LOC137436674	LOC133349372	ARMC10
OG0007765	LOC137436682	MTCL1	MTCL1
OG0007766	LOC137436688	SGK3	LOC116941674
OG0007767	LOC137436689	LOC133352679	LOC116948486
OG0007768	LOC137436697	LOC133349481	LOC116942359
OG0007769	LOC137436698	LOC133354988	LOC116953486
OG0007770	LOC137436702	LOC133349480	LOC116942360
OG0007771	LOC137436705	PPT1	PPT1
OG0007772	LOC137436708	LOC133349486	LOC116942355
OG0007773	LOC137436712	LOC133349493	LOC116942353
OG0007774	LOC137436716	FRMD4A	FRMD4A
OG0007775	LOC137436724	EAPP	EAPP
OG0007776	LOC137436725	LOC133356254	LOC116953904
OG0007777	LOC137436726	LOC133342267	LOC116943297
OG0007778	LOC137436727	LOC133342407	LOC116943172
OG0007779	LOC137436728	LOC133342410	LOC116943169
OG0007780	LOC137436743	LOC133342171	LOC116943261
OG0007781	LOC137436754	SDCBP	SDCBP
OG0007782	LOC137436757	LOC133344325	LOC116941731
OG0007783	LOC137436761	RPLP1	RPLP1
OG0007784	LOC137436763	SLC17A5	SLC17A5
OG0007785	LOC137436765	LOC133344112	LOC116941709
OG0007786	LOC137436785	LOC133344194	LOC116941638
OG0007787	LOC137436789	LOC133344197	LOC116941634
OG0007788	LOC137436792	CHCHD7	CHCHD7
OG0007789	LOC137436806	CRADD	CRADD
OG0007790	LOC137436808	LOC133349422	LOC116942416
OG0007791	LOC137436809	LEMD3	LEMD3
OG0007792	LOC137436819	LOC133346746	LOC116940825
OG0007793	LOC137436828	LOC133356280	LOC116953992
OG0007794	LOC137436830	LOC133344088	LOC116941786
OG0007795	LOC137436839	LOC133341472	LOC116947696
OG0007796	LOC137436849	LOC133357857	LOC116943711
OG0007797	LOC137436854	LOC133342429	LOC116943153
OG0007798	LOC137436855	LOC133342428	LOC103091843
OG0007799	LOC137436867	LOC133349503	LOC116942338
OG0007800	LOC137436870	NOPCHAP1	NOPCHAP1
OG0007801	LOC137436872	LOC133357759	LOC116943830
OG0007802	LOC137436873	CHST11	CHST11
OG0007803	LOC137436880	P3H4	LOC116943829
OG0007804	LOC137436885	LOC133349345	LOC116942493
OG0007805	LOC137436897	RNF144A	LOC116941504
OG0007806	LOC137436909	LOC133344113	LOC116941742
OG0007807	LOC137436912	LOC133344104	LOC116941694
OG0007808	LOC137436934	LOC133356277	LOC116943999
OG0007809	LOC137436937	LOC133352596	LOC116948270
OG0007810	LOC137436938	LOC133342289	LOC116943308
OG0007811	LOC137436963	LOC133357605	LOC116943805
OG0007812	LOC137436982	LOC133340359	LOC116945794
OG0007813	LOC137436988	LOC133342272	LOC116943318
OG0007814	LOC137437001	LOC133349510	LOC116942330
OG0007815	LOC137437008	LOC133349520	LOC116942322
OG0007816	LOC137437010	LOC133349371	LRRC17
OG0007817	LOC137437028	LOC133352313	LOC116950569
OG0007818	LOC137437046	LOC133352538	LOC103091737
OG0007819	LOC137437049	DDX20	DDX20
OG0007820	LOC137437053	LOC133349465	LOC116942373
OG0007821	LOC137437055	MST1	LOC116942378
OG0007822	LOC137437062	LOC133349444	LOC116942388
OG0007823	LOC137437073	LOC133356167	SNRPA
OG0007824	LOC137437075	LOC133341276	LOC116947875
OG0007826	LOC137437083	LOC133349527	LOC116942314
OG0007827	LOC137437087	LOC133342220	GTF2A1
OG0007828	LOC137437096	LOC133349428	LOC116942410
OG0007829	LOC137437107	LOC133349421	LOC116942418
OG0007830	LOC137437110	LOC133356396	LOC116951106
OG0007831	LOC137437113	LOC133344261	LOC116941562
OG0007832	LOC137437117	NBL1	NBL1
OG0007833	LOC137437118	LOC133342350	LOC116943238
OG0007834	LOC137437131	LOC133342349	LOC116943242
OG0007835	LOC137437191	LOC133358303	LOC116954807
OG0007836	LOC137437207	LOC133361266	LOC116947366
OG0007837	LOC137437218	LNX2	LOC116943459
OG0007838	LOC137437229	LOC133341341	LOC116947815
OG0007839	LOC137437241	LOC133339274	LOC116947392
OG0007840	LOC137437246	LOC133350589	CDHR2
OG0007841	LOC137437248	SPDYC	SPDYC
OG0007842	LOC137437269	PTPDC1	PTPDC1
OG0007843	LOC137437274	LOC133350092	LOC116943515
OG0007844	LOC137437322	EXD1	EXD1
OG0007845	LOC137437352	LOC133342585	LOC116949405
OG0007846	LOC137437365	LOC133352653	LOC116948353
OG0007847	LOC137437403	LOC133361214	LOC116947359
OG0007848	LOC137437413	LOC133350103	LOC116943695
OG0007849	LOC137437425	LOC133349904	LOC116943508
OG0007850	LOC137437436	LOC133342610	LOC116949382
OG0007851	LOC137437456	LOC133347360	LOC116939708
OG0007852	LOC137437459	LOC133345874	LOC116938794
OG0007853	LOC137437467	LOC133362578	LOC116947255
OG0007854	LOC137437471	LOC133362089	LOC116947254
OG0007855	LOC137437474	LOC133362258	LOC116947294
OG0007856	LOC137437475	LOC133362365	LOC116947291
OG0007857	LOC137437481	LOC133362197	LOC116947298
OG0007858	LOC137437483	LGALS8	LGALS8
OG0007859	LOC137437487	PPP1R37	PPP1R37
OG0007860	LOC137437495	LOC133357546	LOC116954532
OG0007861	LOC137437502	LOC133358401	LOC116954642
OG0007862	LOC137437508	LOC133356390	LOC116951130
OG0007863	LOC137437528	LOC133358184	LOC116954676
OG0007864	LOC137437534	LOC133358406	LOC116954794
OG0007865	LOC137437540	LOC133350076	LOC116943539
OG0007866	LOC137437547	LOC133342525	LOC116949328
OG0007867	LOC137437554	LOC133358340	LOC116954776
OG0007868	LOC137437555	LOC133358217	LOC116954769
OG0007869	LOC137437557	MYD88	MYD88
OG0007870	LOC137437558	LOC133346127	LOC116938504
OG0007871	LOC137437560	LOC133352508	LOC116950422
OG0007872	LOC137437561	LOC133345860	LOC116938809
OG0007873	LOC137437573	LOC133362833	LOC116947288
OG0007874	LOC137437575	LOC133362935	LOC116947289
OG0007875	LOC137437580	KNTC1	KNTC1
OG0007876	LOC137437582	DCP1B	LOC116949354
OG0007877	LOC137437607	LOC133361142	LOC116947350
OG0007878	LOC137437612	LOC133361333	LOC116947371
OG0007879	LOC137437619	LOC133361458	LOC116947385
OG0007880	LOC137437620	LOC133346139	LOC116938513
OG0007881	LOC137437621	PHYHD1	PHYHD1
OG0007882	LOC137437624	LOC133360440	LOC116947209
OG0007883	LOC137437633	LOC133350029	LOC116943590
OG0007884	LOC137437635	LOC133350028	LOC116943591
OG0007885	LOC137437636	LOC133350026	LOC116943592
OG0007886	LOC137437648	LOC133350034	LOC116943581
OG0007887	LOC137437650	LOC133349942	LOC116943499
OG0007888	LOC137437651	LOC133349986	LOC116943629
OG0007889	LOC137437656	LOC133350037	LOC116943580
OG0007890	LOC137437665	LOC133352680	LOC116948474
OG0007891	LOC137437671	THEM6	THEM6
OG0007892	LOC137437685	CDX2	LOC116943566
OG0007893	LOC137437686	LOC133357921	LOC116956063
OG0007894	LOC137437687	RASL11A	RASL11A
OG0007895	LOC137437696	RBM47	RBM47
OG0007896	LOC137437700	LOC133350019	LOC116943600
OG0007897	LOC137437701	LOC133350017	LOC116943460
OG0007898	LOC137437704	LOC133350039	LOC116943578
OG0007899	LOC137437711	FLT3	LOC116943571
OG0007900	LOC137437714	LOC133349989	LOC116943624
OG0007901	LOC137437722	LOC133350010	LOC116943605
OG0007902	LOC137437728	GALNTL6	GALNTL6
OG0007903	LOC137437733	LOC133349999	SAP30
OG0007904	LOC137437737	LOC133349975	KCTD12
OG0007905	LOC137437741	LOC133349969	LOC116943477
OG0007906	LOC137437748	LOC133349949	LOC116943485
OG0007907	LOC137437758	MTRF1	LOC116943496
OG0007908	LOC137437763	LOC133349956	LOC116943489
OG0007909	LOC137437765	LOC133349947	LOC116943482
OG0007910	LOC137437766	LOC133347820	LOC116954501
OG0007911	LOC137437775	LOC133349981	LOC116943631
OG0007912	LOC137437777	LOC133349982	LOC116943630
OG0007913	LOC137437780	LOC133342024	LOC116948107
OG0007914	LOC137437785	ARFIP2	ARFIP2
OG0007915	LOC137437796	LOC133350075	LOC116943540
OG0007916	LOC137437799	LOC133349872	LOC116943691
OG0007917	LOC137437801	LOC133342586	LOC116949403
OG0007918	LOC137437802	LOC133350126	LOC116943693
OG0007919	LOC137437815	LOC133342616	SRGAP3
OG0007920	LOC137437821	LOC133342620	LOC116949372
OG0007921	LOC137437831	GPR137B	GPR137C
OG0007922	LOC137437832	LOC133362458	LOC116947107
OG0007923	LOC137437839	LOC133362246	LOC116947063
OG0007924	LOC137437844	SHTN1	SHTN1
OG0007925	LOC137437870	RHOJ	LOC116947239
OG0007926	LOC137437872	PTPN14	PTPN14
OG0007928	LOC137437891	LOC133350859	LOC116944151
OG0007929	LOC137437914	VGLL4	VGLL4
OG0007930	LOC137437915	SERINC1	LOC116945265
OG0007931	LOC137437917	LOC133358351	LOC116954716
OG0007932	LOC137437928	LOC133354594	LOC116953093
OG0007933	LOC137437939	LOC133360453	LOC116947198
OG0007934	LOC137437965	LOC133362447	LOC116947269
OG0007935	LOC137437967	LOC133349911	LOC116943659
OG0007936	LOC137437983	LOC133358272	LOC116943837
OG0007937	LOC137437986	LOC133358190	LOC116954755
OG0007938	LOC137437993	LOC133358222	LOC116954711
OG0007939	LOC137438057	LOC133361698	LOC116947094
OG0007940	LOC137438061	LOC133361571	LOC116947395
OG0007941	LOC137438065	LOC133361557	LOC116947394
OG0007942	LOC137438071	LOC133360530	LOC116947223
OG0007943	LOC137438072	LOC133350630	ANKRD39
OG0007944	LOC137438102	LOC133362637	LOC116947308
OG0007945	LOC137438103	POLR2I	POLR2I
OG0007946	LOC137438104	LOC133361963	LOC116947315
OG0007947	LOC137438121	LOC133360124	LOC116947187
OG0007948	LOC137438125	PAX9	LOC103091725
OG0007949	LOC137438129	LOC133361250	LOC116947365
OG0007950	LOC137438130	LOC133361258	LOC116947368
OG0007951	LOC137438135	LOC133360688	CNIH1
OG0007952	LOC137438137	LOC133360645	LOC116947215
OG0007953	LOC137438141	PRDX5	PRDX5
OG0007954	LOC137438143	PNN	LOC116947218
OG0007955	LOC137438145	LOC133360521	LOC116947222
OG0007956	LOC137438148	BAG5	BAG5
OG0007957	LOC137438154	LOC133342590	LOC116949400
OG0007958	LOC137438159	GATA2	GATA2
OG0007959	LOC137438165	LOC133342647	LOC116949346
OG0007960	LOC137438169	LOC133356562	LOC116951207
OG0007961	LOC137438192	SH3BP5	SH3BP5
OG0007962	LOC137438196	GPATCH2L	GPATCH2L
OG0007963	LOC137438208	LOC133358276	LOC116954689
OG0007964	LOC137438215	LOC133352018	LOC116948779
OG0007965	LOC137438221	LOC133343533	LOC116940706
OG0007966	LOC137438222	MID1	MID1
OG0007967	LOC137438225	LOC133350091	LOC116943517
OG0007968	LOC137438240	LOC133345989	LOC116938652
OG0007969	LOC137438246	LOC133358316	LOC116954718
OG0007971	LOC137438261	LOC133358397	LOC116954742
OG0007972	LOC137438266	LOC133352734	LOC116948260
OG0007973	LOC137438275	PXK	PXK
OG0007974	LOC137438278	LOC133352670	LOC116948491
OG0007975	LOC137438279	LOC133356433	LOC116951285
OG0007976	LOC137438281	LOC133357784	LOC116955652
OG0007977	LOC137438305	PRDM12	PRDM12
OG0007978	LOC137438333	CRB2	LOC116953178
OG0007979	LOC137438334	LOC133356189	CFAP157
OG0007980	LOC137438336	LOC133349144	LOC116942624
OG0007981	LOC137438346	LOC133352677	LOC116948469
OG0007982	LOC137438361	LOC133354706	LOC116953196
OG0007983	LOC137438378	LOC133357559	LOC116954499
OG0007984	LOC137438379	LOC133357454	LOC116954502
OG0007985	LOC137438397	LOC133349257	LOC116942684
OG0007986	LOC137438402	LOC133352665	LOC116948258
OG0007987	LOC137438405	LOC133349208	LOC116942629
OG0007988	LOC137438409	LOC133354717	LOC116953112
OG0007989	LOC137438410	LOC133343297	LOC103091744
OG0007990	LOC137438411	LOC133354752	SEC16A
OG0007991	LOC137438415	LOC133354584	LOC116953181
OG0007992	LOC137438416	LOC133354621	LOC116953185
OG0007993	LOC137438418	NME5	NME5
OG0007994	LOC137438422	LOC133349170	LOC116942590
OG0007995	LOC137438466	LOC133357503	LOC116954513
OG0007996	LOC137438486	LOC133341763	LOC116944883
OG0007997	LOC137438488	LOC133349219	LOC116942643
OG0007998	LOC137438501	LOC133354634	LOC116953197
OG0007999	LOC137438507	LOC133354710	LOC116953198
OG0008000	LOC137438512	PTPN23	PTPN23
OG0008001	LOC137438513	TMEM179B	TMEM179B
OG0008002	LOC137438521	LOC133354722	LOC116953260
OG0008003	LOC137438533	LOC133357398	LOC116954591
OG0008004	LOC137438554	LOC133349272	LOC116942707
OG0008005	LOC137438559	LOC133349245	LOC103091743
OG0008007	LOC137438614	LOC133354580	LOC116953144
OG0008008	LOC137438630	LOC133352626	LOC116948523
OG0008009	LOC137438635	LOC133343432	LOC116944379
OG0008010	LOC137438651	LOC133341827	LOC116944319
OG0008011	LOC137438659	PRDM15	PRDM15
OG0008012	LOC137438660	LOC133340259	LOC116944697
OG0008013	LOC137438663	LOC133349301	LOC116942592
OG0008014	LOC137438671	LOC133349167	LOC116942593
OG0008015	LOC137438681	LOC133349130	LOC116942626
OG0008016	LOC137438687	LOC133349100	LOC116942532
OG0008017	LOC137438691	LOC133349098	LOC116942530
OG0008018	LOC137438694	LOC133349102	LOC116942534
OG0008019	LOC137438695	LOC133349101	LOC116942531
OG0008020	LOC137438702	LOC133353041	LOC116946533
OG0008022	LOC137438710	LOC133360048	LOC116955412
OG0008023	LOC137438712	LOC133351706	LOC116947535
OG0008024	LOC137438716	LOC133360226	LOC116955388
OG0008025	LOC137438746	LOC133349113	CABLES1
OG0008026	LOC137438755	LOC133342876	FTH1
OG0008027	LOC137438765	LOC133351684	LOC116947530
OG0008028	LOC137438766	LOC133340923	LOC116944570
OG0008029	LOC137438767	LOC133341018	LOC116944572
OG0008030	LOC137438772	LOC133351611	CEP83
OG0008032	LOC137438801	LOC133351766	LOC116947495
OG0008033	LOC137438803	LOC133348829	LOC116950066
OG0008034	LOC137438828	LOC133354660	SURF4
OG0008035	LOC137438829	LOC133354775	LOC116953140
OG0008036	LOC137438833	LOC133349089	LOC116942524
OG0008037	LOC137438841	LOC133349149	LOC116942556
OG0008038	LOC137438849	LOC133349146	LOC116942551
OG0008039	LOC137438854	PAFAH2	PAFAH2
OG0008040	LOC137438856	TFAP2D	TFAP2D
OG0008041	LOC137438865	LOC133342484	LOC116944439
OG0008042	LOC137438868	SYCP3	LOC116944574
OG0008043	LOC137438892	LOC133357400	LOC116954596
OG0008044	LOC137438897	LRRC74B	LRRC74B
OG0008045	LOC137438898	LOC133360184	LOC116944817
OG0008046	LOC137438908	LOC133360218	LOC116955438
OG0008047	LOC137438916	LOC133354742	LOC116953091
OG0008048	LOC137438921	LOC133349250	LOC116942675
OG0008049	LOC137438949	LOC133354616	LOC116953195
OG0008050	LOC137438961	LOC133360045	LOC116955377
OG0008051	LOC137438980	LOC133357432	LOC116954440
OG0008053	LOC137438993	PROSER1	PROSER1
OG0008054	LOC137438996	LOC133357558	LOC116954442
OG0008055	LOC137438998	RARRES1	RARRES1
OG0008056	LOC137439000	LOC133357477	LOC116954405
OG0008057	LOC137439024	GREB1L	GREB1L
OG0008058	LOC137439027	LOC133349300	LOC116942546
OG0008059	LOC137439029	LOC133349186	LOC116942572
OG0008060	LOC137439036	LOC133349238	LOC116942667
OG0008061	LOC137439044	LOC133349165	LOC116942595
OG0008062	LOC137439050	LOC133349265	LOC116942697
OG0008063	LOC137439053	LOC133349210	LOC116942632
OG0008064	LOC137439057	LOC133349142	LOC116942618
OG0008065	LOC137439061	LOC133351614	LOC116947489
OG0008066	LOC137439063	HAUS8	HAUS8
OG0008067	LOC137439068	LOC133357538	LOC116954534
OG0008068	LOC137439071	DCT	DCT
OG0008069	LOC137439072	NAF1	NAF1
OG0008070	LOC137439073	LOC133360046	DDX31
OG0008071	LOC137439074	LOC133360153	LOC116955386
OG0008072	LOC137439089	LOC133351676	IP6K1
OG0008073	LOC137439115	LOC133349207	LOC116942628
OG0008074	LOC137439118	LOC133351789	LOC116947427
OG0008075	LOC137439119	LOC133349222	LOC116942646
OG0008076	LOC137439125	LOC133349173	LOC103091829
OG0008077	LOC137439130	LOC133354602	LOC116953118
OG0008079	LOC137439145	LOC133354672	LOC116953184
OG0008080	LOC137439150	LOC133360207	LOC116955420
OG0008081	LOC137439153	LOC133351688	LOC116947426
OG0008082	LOC137439167	LOC133351177	LOC116946858
OG0008083	LOC137439172	LOC133349131	KCNF1
OG0008084	LOC137439190	DNALI1	DNALI1
OG0008085	LOC137439224	LOC133357717	LOC116955729
OG0008086	LOC137439230	LOC133351266	LOC116946976
OG0008087	LOC137439231	LOC133350095	LOC116943512
OG0008088	LOC137439232	LOC133354903	LOC116953007
OG0008089	LOC137439244	LOC133348480	LOC116939121
OG0008090	LOC137439261	GRPR	GRPR
OG0008091	LOC137439264	LOC133357013	LOC116955575
OG0008092	LOC137439265	CFAP47	CFAP47
OG0008093	LOC137439266	LOC133354872	LOC116952966
OG0008094	LOC137439268	SPAG17	SPAG17
OG0008095	LOC137439272	SPA17	SPA17
OG0008096	LOC137439281	LOC133354397	LOC116953040
OG0008097	LOC137439289	LOC133342054	LOC116948137
OG0008100	LOC137439366	LOC133342082	LOC116938402
OG0008101	LOC137439382	LOC133353884	LOC116952936
OG0008102	LOC137439388	LOC133348502	LOC116939297
OG0008103	LOC137439389	LOC133348545	LOC116939069
OG0008104	LOC137439392	LOC133348310	LOC116939229
OG0008105	LOC137439403	LOC133348305	SETD1A
OG0008106	LOC137439405	LOC133348517	LOC103091828
OG0008108	LOC137439411	LOC133348306	LOC116939258
OG0008109	LOC137439418	LOC133348492	KSR2
OG0008110	LOC137439422	FOXN4	LOC116939113
OG0008111	LOC137439424	LOC133348567	LOC116939047
OG0008112	LOC137439442	LOC133348505	LOC116939107
OG0008113	LOC137439443	LOC133348410	SLC2A11
OG0008114	LOC137439457	LOC133348330	LOC116939216
OG0008115	LOC137439477	LOC133357766	LOC116955686
OG0008116	LOC137439478	LOC133357769	LOC116955714
OG0008117	LOC137439479	LOC133347799	LOC116954787
OG0008118	LOC137439501	LOC133347784	LOC116954974
OG0008119	LOC137439505	LOC133342055	LOC116948139
OG0008120	LOC137439509	BCL9L	BCL9L
OG0008121	LOC137439516	LOC133342020	KCNJ10
OG0008122	LOC137439526	LOC133342003	LOC116948082
OG0008123	LOC137439544	LOC133354882	LOC116953015
OG0008124	LOC137439569	LOC133348401	LOC116939171
OG0008125	LOC137439577	LOC133348392	LOC116939177
OG0008126	LOC137439578	LOC133348389	LOC116939300
OG0008127	LOC137439579	LOC133348385	LOC116939179
OG0008128	LOC137439581	TBC1D10A	LOC116939181
OG0008129	LOC137439597	LOC133349995	VEGFC
OG0008130	LOC137439608	MAPK1	MAPK1
OG0008131	LOC137439615	LOC133348551	LOC116939065
OG0008132	LOC137439616	LOC133348335	LOC116939212
OG0008133	LOC137439618	MIF	MIF
OG0008134	LOC137439619	CABIN1	CABIN1
OG0008135	LOC137439626	LOC133354080	LOC116952954
OG0008136	LOC137439630	LOC133357744	LOC116955691
OG0008137	LOC137439632	LOC133354539	LOC116952912
OG0008138	LOC137439651	LOC133351725	LOC116947576
OG0008139	LOC137439653	TBC1D4	LOC116943469
OG0008140	LOC137439663	PLA2G3	PLA2G3
OG0008141	LOC137439678	LOC133358812	LOC116955067
OG0008142	LOC137439683	LOC133357689	LOC116955682
OG0008143	LOC137439685	LOC133357787	LOC116955654
OG0008144	LOC137439691	LOC133349882	LOC116943685
OG0008145	LOC137439697	LOC133349884	LOC116943680
OG0008146	LOC137439709	LOC133355138	LOC116952990
OG0008147	LOC137439712	LOC133347792	LOC116954901
OG0008148	LOC137439714	LOC133357777	LOC116955723
OG0008149	LOC137439720	LOC133351681	LOC116947571
OG0008150	LOC137439727	LOC133355231	LOC116953011
OG0008151	LOC137439734	LOC133354684	LOC116952962
OG0008152	LOC137439736	LOC133354982	LOC116952896
OG0008154	LOC137439753	LOC133354232	LOC116952935
OG0008155	LOC137439757	LOC133342245	LOC116943349
OG0008156	LOC137439763	LOC133354198	LOC116952939
OG0008157	LOC137439766	LOC133355076	LOC116952972
OG0008158	LOC137439767	LOC133353844	LOC116952933
OG0008159	LOC137439769	LOC133353641	LOC116952911
OG0008160	LOC137439789	LOC133354588	LOC116953241
OG0008161	LOC137439794	LOC133353678	LOC116953031
OG0008162	LOC137439796	LOC133353710	LOC116953038
OG0008163	LOC137439816	LOC133354822	LOC142931112
OG0008164	LOC137439831	LOC133343734	LOC116942020
OG0008165	LOC137439839	LOC133356278	LOC116953956
OG0008166	LOC137439841	LOC133356297	LOC116953958
OG0008167	LOC137439852	NKAPD1	NKAPD1
OG0008168	LOC137439853	LOC133353458	LOC116952997
OG0008169	LOC137439854	LOC133351753	LOC116947459
OG0008170	LOC137439856	LOC133353525	LOC116952963
OG0008171	LOC137439857	LOC133342072	LOC116948162
OG0008172	LOC137439885	TLCD3B	TLCD3B
OG0008173	LOC137439891	LOC133348531	LOC116939079
OG0008174	LOC137439894	CRKL	LOC116939081
OG0008175	LOC137439898	SDS	SDS
OG0008176	LOC137439905	MYO18A	LOC116939194
OG0008177	LOC137439919	LOC133351601	LOC116947619
OG0008178	LOC137439923	LOC133348272	LOC116939238
OG0008179	LOC137439927	LOC133348520	LOC116939089
OG0008180	LOC137439930	CCDC117	CCDC117
OG0008181	LOC137439934	LOC133348412	DTX1
OG0008182	LOC137439936	LOC133351708	LOC116947608
OG0008183	LOC137439942	LOC133348415	LOC116939164
OG0008184	LOC137439946	LOC133348278	LOC116939311
OG0008185	LOC137439956	LOC133348295	LOC116939272
OG0008186	LOC137439960	LOC133353580	LOC116953050
OG0008187	LOC137439963	LOC133353592	LOC116953045
OG0008188	LOC137439979	PCF11	PCF11
OG0008189	LOC137439983	LOC133341945	LOC116948159
OG0008190	LOC137439984	LOC133342080	LOC116948156
OG0008191	LOC137439990	CLPB	CLPB
OG0008192	LOC137439991	LOC133349923	LOC116943490
OG0008193	LOC137439996	LOC133342035	LOC116948120
OG0008194	LOC137439999	LOC133353506	LOC116953035
OG0008195	LOC137440006	LOC133354564	LOC116952989
OG0008196	LOC137440010	RWDD2B	RWDD2B
OG0008197	LOC137440023	LOC133348510	LOC116939096
OG0008198	LOC137440025	LOC133341408	LOC116947755
OG0008199	LOC137440035	LOC133348315	LOC116939308
OG0008201	LOC137440177	LOC133346373	LOC116941656
OG0008202	LOC137440243	LOC133346138	LOC116938510
OG0008203	LOC137440298	SMARCAL1	SMARCAL1
OG0008204	LONP1	LONP1	LONP1
OG0008205	LOXHD1	LOC133346473	LOXHD1
OG0008206	LPGAT1	LPGAT1	LPGAT1
OG0008207	LRATD2	LRATD2	LOC116941625
OG0008208	LRGUK	LRGUK	LRGUK
OG0008209	LRP11	LRP11	LRP11
OG0008210	LRP4	LOC133350197	LRP4
OG0008211	LRPAP1	LRPAP1	LRPAP1
OG0008212	LRR1	LRR1	LRR1
OG0008213	LRRC23	LRRC23	LRRC23
OG0008214	LRRC32	LRRC32	LRRC32
OG0008215	LRRC40	LRRC40	LRRC40
OG0008216	LRRC41	LRRC41	LRRC41
OG0008217	LRRC45	LRRC45	LRRC45
OG0008218	LRRC57	LRRC57	LRRC57
OG0008219	LRRC58	LRRC58	LRRC58
OG0008220	LRRC59	LRRC59	LRRC59
OG0008221	LRRCC1	LRRCC1	LRRCC1
OG0008222	LRRFIP2	LOC133345896	LOC116938765
OG0008223	LRRK1	LRRK1	LRRK1
OG0008224	LRRK2	LRRK2	LRRK2
OG0008225	LRSAM1	LRSAM1	LRSAM1
OG0008226	LSG1	LSG1	LSG1
OG0008227	LSM1	LSM1	LSM1
OG0008228	LSM10	LSM10	LSM10
OG0008229	LSM11	LSM11	LSM11
OG0008230	LSM3	LSM3	LSM3
OG0008231	LSM5	LSM5	LSM5
OG0008232	LSM6	LSM6	LSM6
OG0008233	LSM8	LSM8	LSM8
OG0008234	LSS	LSS	LSS
OG0008235	LTBP1	LTBP1	LTBP1
OG0008236	LTC4S	LOC133343015	LOC116942975
OG0008237	LTK	LOC133347247	LOC116939625
OG0008238	LTN1	LTN1	LTN1
OG0008239	LTO1	LTO1	LTO1
OG0008240	LUC7L	LUC7L	LUC7L
OG0008241	LYPD1	LYPD1	LYPD1
OG0008242	LYRM1	LYRM1	LYRM1
OG0008243	LYRM4	LYRM4	LYRM4
OG0008244	LYRM7	LYRM7	LYRM7
OG0008245	LYSET	LYSET	LYSET
OG0008246	LZIC	LZIC	LZIC
OG0008247	LZTFL1	LZTFL1	LZTFL1
OG0008248	LZTR1	LZTR1	LZTR1
OG0008249	LZTS2	LOC133343371	LZTS2
OG0008250	MAB21L4	MAB21L4	MAB21L4
OG0008252	MAEA	MAEA	MAEA
OG0008255	MAIP1	MAIP1	MAIP1
OG0008256	MAN1B1	MAN1B1	MAN1B1
OG0008257	MAN2B1	MAN2B1	MAN2B1
OG0008258	MANBA	MANBA	MANBA
OG0008259	MANEAL	LOC133356965	MANEA
OG0008260	MAP10	MAP10	MAP10
OG0008261	MAP2K4	MAP2K4	MAP2K4
OG0008262	MAP2K5	MAP2K5	MAP2K5
OG0008263	MAP3K1	LOC133351879	LOC116948801
OG0008264	MAP3K4	MAP3K4	MAP3K4
OG0008265	MAP3K7	MAP3K7	MAP3K7
OG0008266	MAP4	LOC133344580	LOC116940819
OG0008267	MAPKAP1	MAPKAP1	MAPKAP1
OG0008268	MAPKAPK5	MAPKAPK5	MAPKAPK5
OG0008269	MARCHF3	MARCHF3	MARCHF3
OG0008270	MARCHF5	MARCHF5	MARCHF5
OG0008271	MARCHF7	MARCHF7	MARCHF7
OG0008272	MARF1	MARF1	MARF1
OG0008273	MARS1	MARS1	MARS1
OG0008274	MARS2	MARS2	MARS2
OG0008275	MARVELD1	MARVELD1	MARVELD1
OG0008276	MAU2	MAU2	MAU2
OG0008277	MAX	LOC133352570	LOC116948515
OG0008278	MBIP	MBIP	MBIP
OG0008279	MBP	LOC133350869	LOC116944158
OG0008280	MBTPS1	MBTPS1	MBTPS1
OG0008281	MCAT	MCAT	MCAT
OG0008282	MCCC1	MCCC1	MCCC1
OG0008283	MCCC2	MCCC2	MCCC2
OG0008284	MCF2L	LOC133357615	MCF2L2
OG0008285	MCM2	MCM2	MCM2
OG0008286	MCM3	MCM3	MCM3
OG0008287	MCM3AP	MCM3AP	MCM3AP
OG0008288	MCM5	MCM5	MCM5
OG0008289	MCMBP	MCMBP	MCMBP
OG0008290	MCMDC2	MCMDC2	MCMDC2
OG0008291	MCPH1	MCPH1	MCPH1
OG0008292	MCTP1	MCTP1	MCTP1
OG0008293	MDN1	MDN1	MDN1
OG0008294	MEAF6	MEAF6	LOC116950513
OG0008295	MED10	MED10	MED10
OG0008296	MED14	MED14	MED14
OG0008297	MED16	MED16	MED16
OG0008298	MED17	MED17	MED17
OG0008299	MED18	MED18	MED18
OG0008300	MED20	MED20	MED20
OG0008301	MED22	MED22	MED22
OG0008302	MED23	MED23	MED23
OG0008303	MED24	MED24	MED24
OG0008304	MED25	MED25	MED25
OG0008305	MED27	MED27	MED27
OG0008306	MED28	MED28	MED28
OG0008307	MED4	MED4	MED4
OG0008308	MED6	MED6	MED6
OG0008309	MED7	MED7	MED7
OG0008310	MED8	MED8	MED8
OG0008311	MED9	MED9	MED9
OG0008312	MEGF10	MEGF10	MEGF10
OG0008313	MEGF8	MEGF8	MEGF8
OG0008314	MEIOB	MEIOB	MEIOB
OG0008315	MEMO1	MEMO1	MEMO1
OG0008316	MEN1	MEN1	MEN1
OG0008317	MEST	MEST	MEST
OG0008318	MET	LOC133355399	LOC116952409
OG0008319	METAP1	METAP1	METAP1
OG0008320	METAP2	METAP2	METAP2
OG0008321	METTL1	METTL1	METTL1
OG0008322	METTL16	METTL16	METTL16
OG0008323	METTL22	METTL22	METTL22
OG0008324	METTL25B	METTL25B	METTL25B
OG0008325	METTL3	METTL3	METTL3
OG0008326	METTL4	METTL4	METTL4
OG0008327	METTL5	METTL5	METTL5
OG0008328	METTL6	METTL6	METTL6
OG0008329	METTL9	METTL9	METTL9
OG0008330	MFAP1	MFAP1	MFAP1
OG0008331	MFHAS1	MFHAS1	MFHAS1
OG0008332	MFSD1	MFSD1	MFSD1
OG0008333	MFSD10	MFSD10	SLC75A1
OG0008334	MFSD11	MFSD11	MFSD11
OG0008335	MFSD12	MFSD12	MFSD12
OG0008336	MFSD13A	MFSD13A	SLC68A1
OG0008337	MFSD2A	LOC133353339	LOC116945193
OG0008338	MFSD4A	MFSD4A	SLC60A1
OG0008339	MFSD6	MFSD6	MFSD6
OG0008341	MGLL	LOC133356591	LOC116951223
OG0008342	MGME1	MGME1	MGME1
OG0008343	MIB2	MIB2	MIB2
OG0008344	MICOS13	MICOS13	MICOS13
OG0008345	MICU1	MICU1	MICU1
OG0008346	MIF4GD	MIF4GD	MIF4GD
OG0008347	MINDY3	MINDY3	MINDY3
OG0008348	MIOS	MIOS	MIOS
OG0008349	MIOX	MIOX	MIOX
OG0008350	MIPEP	MIPEP	MIPEP
OG0008351	MIS12	MIS12	MIS12
OG0008352	MIS18BP1	LOC133347750	LOC116955448
OG0008353	MKLN1	MKLN1	MKLN1
OG0008354	MKRN2OS	LOC133342657	MKRN2OS
OG0008355	MKS1	MKS1	MKS1
OG0008356	MKX	LOC133344506	LOC116945201
OG0008357	MLC1	MLC1	MLC1
OG0008358	MLH1	MLH1	MLH1
OG0008359	MLLT10	LOC133345262	MLLT6
OG0008360	MLST8	MLST8	MLST8
OG0008361	MLYCD	MLYCD	MLYCD
OG0008362	MMAB	MMAB	MMAB
OG0008363	MMP2	MMP2	MMP2
OG0008364	MMRN2	LOC133350733	LOC116940169
OG0008365	MNT	LOC133348409	LOC116939162
OG0008366	MOCOS	MOCOS	MOCOS
OG0008367	MOCS3	MOCS3	MOCS3
OG0008368	MOGS	MOGS	MOGS
OG0008369	MON1A	LOC133356494	MON1A
OG0008370	MON2	MON2	MON2
OG0008371	MORC2	LOC133356269	LOC116953862
OG0008372	MORF4L1	MORF4L1	MORF4L1
OG0008373	MORN4	MORN4	MORN4
OG0008374	MOS	LOC133344927	LOC116950850
OG0008375	MOSPD1	LOC133353805	LOC116952616
OG0008376	MOSPD2	MOSPD2	MOSPD2
OG0008377	MPC1	MPC1	MPC1
OG0008378	MPDU1	MPDU1	MPDU1
OG0008379	MPG	MPG	MPG
OG0008380	MPHOSPH10	MPHOSPH10	MPHOSPH10
OG0008381	MPHOSPH9	MPHOSPH9	MPHOSPH9
OG0008382	MPI	MPI	MPI
OG0008383	MPV17	MPV17	MPV17
OG0008384	MRC2	LOC133345008	MRC2
OG0008385	MRI1	MRI1	MRI1
OG0008386	MRPL1	MRPL1	MRPL1
OG0008387	MRPL10	MRPL10	MRPL10
OG0008388	MRPL11	MRPL11	MRPL11
OG0008389	MRPL13	MRPL13	MRPL13
OG0008390	MRPL14	MRPL14	LOC142929707
OG0008391	MRPL15	MRPL15	MRPL15
OG0008392	MRPL2	MRPL2	MRPL2
OG0008393	MRPL20	MRPL20	MRPL20
OG0008394	MRPL23	MRPL23	MRPL23
OG0008395	MRPL24	MRPL24	MRPL24
OG0008396	MRPL28	MRPL28	MRPL28
OG0008397	MRPL3	MRPL3	MRPL3
OG0008398	MRPL33	MRPL33	MRPL33
OG0008399	MRPL35	MRPL35	MRPL35
OG0008400	MRPL37	MRPL37	MRPL37
OG0008401	MRPL38	MRPL38	MRPL38
OG0008402	MRPL4	MRPL4	MRPL4
OG0008403	MRPL43	MRPL43	MRPL43
OG0008404	MRPL45	MRPL45	MRPL45
OG0008405	MRPL46	MRPL46	MRPL46
OG0008406	MRPL47	MRPL47	MRPL47
OG0008407	MRPL50	MRPL50	MRPL50
OG0008408	MRPL51	MRPL51	MRPL51
OG0008410	MRPL53	MRPL53	MRPL53
OG0008411	MRPS10	MRPS10	LOC116948460
OG0008412	MRPS11	MRPS11	MRPS11
OG0008413	MRPS16	MRPS16	MRPS16
OG0008414	MRPS17	MRPS17	MRPS17
OG0008415	MRPS18A	MRPS18A	MRPS18A
OG0008417	MRPS2	MRPS2	MRPS2
OG0008418	MRPS21	MRPS21	MRPS21
OG0008419	MRPS22	MRPS22	MRPS22
OG0008420	MRPS23	MRPS23	MRPS23
OG0008421	MRPS24	MRPS24	MRPS24
OG0008422	MRPS25	MRPS25	MRPS25
OG0008423	MRPS26	MRPS26	MRPS26
OG0008424	MRPS27	MRPS27	MRPS27
OG0008425	MRPS28	MRPS28	MRPS28
OG0008426	MRPS30	MRPS30	MRPS30
OG0008427	MRPS31	MRPS31	MRPS31
OG0008428	MRPS34	MRPS34	MRPS34
OG0008429	MRPS35	MRPS35	MRPS35
OG0008430	MRPS5	MRPS5	MRPS5
OG0008431	MRPS7	MRPS7	LOC116951528
OG0008432	MRPS9	MRPS9	MRPS9
OG0008433	MRRF	MRRF	MRRF
OG0008434	MRS2	MRS2	MRS2
OG0008435	MSH2	LOC133341313	MSH2
OG0008436	MSH3	LOC133343833	MSH3
OG0008437	MSH5	MSH5	MSH5
OG0008438	MSH6	MSH6	MSH6
OG0008439	MSL1	MSL1	LOC116941012
OG0008440	MSL2	MSL2	MSL2
OG0008441	MSL3	MSL3	MSL3
OG0008442	MSS51	MSS51	MSS51
OG0008443	MSTO1	MSTO1	MSTO1
OG0008444	MTERF3	MTERF3	MTERF3
OG0008445	MTFP1	MTFP1	MTFP1
OG0008446	MTFR1L	MTFR1L	MTFR1L
OG0008447	MTG1	MTG1	MTG1
OG0008448	MTHFS	MTHFS	MTHFS
OG0008449	MTIF2	MTIF2	MTIF2
OG0008450	MTMR14	MTMR14	MTMR14
OG0008451	MTPAP	LOC133345370	MTPAP
OG0008452	MTRF1L	MTRF1L	LOC116946490
OG0008453	MTRFR	MTRFR	MTRFR
OG0008454	MTRR	MTRR	MTRR
OG0008455	MUS81	MUS81	MUS81
OG0008456	MUSK	LOC133346400	MUSK
OG0008457	MUSTN1	MUSTN1	MUSTN1
OG0008458	MYBBP1A	MYBBP1A	MYBBP1A
OG0008459	MYCBPAP	MYCBPAP	MYCBPAP
OG0008460	MYG1	MYG1	MYG1
OG0008461	MYLIP	MYLIP	MYLIP
OG0008462	MYO1C	MYO1C	MYO1C
OG0008463	MYO3A	LOC133345947	MYO3A
OG0008464	MYO9A	MYO9A	MYO9A
OG0008465	MYORG	LOC133355425	LOC116952365
OG0008466	MYPN	LOC133350644	LOC116940239
OG0008467	MZT1	MZT1	MZT1
OG0008468	NAA10	NAA10	NAA10
OG0008469	NAA20	NAA20	NAA20
OG0008470	NAA30	LOC133362619	NAA30
OG0008471	NAA35	NAA35	NAA35
OG0008472	NAA50	LOC133342049	LOC116948132
OG0008473	NAA60	NAA60	NAA60
OG0008474	NAA80	NAA80	LOC116952261
OG0008475	NADK	NADK	NADK
OG0008476	NAGA	NAGA	NAGA
OG0008477	NAGK	NAGK	NAGK
OG0008478	NAGLU	NAGLU	NAGLU
OG0008479	NAGPA	NAGPA	NAGPA
OG0008480	NANOS1	NANOS1	NANOS1
OG0008481	NANP	NANP	NANP
OG0008482	NAXD	NAXD	NAXD
OG0008483	NBAS	NBAS	NBAS
OG0008484	NCAPD3	NCAPD3	NCAPD3
OG0008485	NCAPH2	NCAPH2	NCAPH2
OG0008486	NCBP1	NCBP1	NCBP1
OG0008487	NCBP2	LOC133353843	LOC142931058
OG0008489	NCDN	NCDN	NCDN
OG0008490	NCKIPSD	NCKIPSD	NCKIPSD
OG0008491	NCL	LOC133351024	LOC116947018
OG0008492	ND1	ND1	ND1
OG0008493	ND2	ND2	ND2
OG0008494	ND3	ND3	ND3
OG0008495	ND4	ND4	ND4
OG0008496	ND4L	ND4L	ND4L
OG0008497	ND5	ND5	ND5
OG0008498	ND6	ND6	ND6
OG0008499	NDC80	NDC80	NDC80
OG0008500	NDUFA10	NDUFA10	NDUFA10
OG0008501	NDUFA12	NDUFA12	NDUFA12
OG0008502	NDUFA13	NDUFA13	NDUFA13
OG0008503	NDUFA2	NDUFA2	NDUFA2
OG0008504	NDUFA7	NDUFA7	NDUFA7
OG0008505	NDUFA9	NDUFA9	NDUFA9
OG0008506	NDUFAF1	NDUFAF1	NDUFAF1
OG0008507	NDUFAF2	NDUFAF2	NDUFAF2
OG0008508	NDUFAF4	NDUFAF4	NDUFAF4
OG0008509	NDUFAF7	NDUFAF7	NDUFAF7
OG0008510	NDUFB1	NDUFB1	NDUFB1
OG0008511	NDUFB11	LOC133355558	NDUFB11
OG0008512	NDUFB2	NDUFB2	NDUFB2
OG0008513	NDUFB3	NDUFB3	NDUFB3
OG0008515	NDUFB6	NDUFB6	NDUFB6
OG0008516	NDUFB7	NDUFB7	NDUFB7
OG0008517	NDUFC2	NDUFC2	NDUFC2
OG0008518	NDUFS1	NDUFS1	NDUFS1
OG0008519	NDUFS5	NDUFS5	NDUFS5
OG0008520	NDUFS6	NDUFS6	NDUFS6
OG0008521	NDUFS8	NDUFS8	LOC142909724
OG0008522	NDUFV3	LOC133358507	LOC116955896
OG0008523	NEB	LOC133355737	NEB
OG0008524	NEDD8	NEDD8	NEDD8
OG0008525	NEIL2	NEIL3	NEIL3
OG0008526	NEK2	NEK2	NEK2
OG0008527	NEK7	NEK7	NEK7
OG0008528	NEK9	NEK9	NEK9
OG0008529	NELFCD	NELFCD	NELFCD
OG0008530	NELFE	NELFE	NELFE
OG0008531	NELL1	LOC133351340	NELL1
OG0008532	NEMF	NEMF	NEMF
OG0008533	NEPRO	NEPRO	RMP64
OG0008534	NEU1	LOC133341995	LOC116948059
OG0008535	NEURL2	NEURL2	NEURL2
OG0008536	NEURL4	NEURL4	NEURL4
OG0008537	NEXN	NEXN	NEXN
OG0008538	NF2	NF2	NF2
OG0008539	NFS1	NFS1	NFS1
OG0008540	NFU1	NFU1	NFU1
OG0008541	NFXL1	NFXL1	NFXL1
OG0008542	NFYA	NFYA	NFYA
OG0008543	NFYB	NFYB	NFYB
OG0008544	NFYC	NFYC	NFYC
OG0008545	NGDN	NGDN	NGDN
OG0008546	NGLY1	NGLY1	NGLY1
OG0008547	NHEJ1	NHEJ1	NHEJ1
OG0008548	NHLRC2	NHLRC2	NHLRC2
OG0008549	NHP2	NHP2	NHP2
OG0008550	NICOL1	NICOL1	LOC116941185
OG0008551	NID1	LOC133362552	LOC116947060
OG0008552	NIP7	NIP7	NIP7
OG0008553	NISCH	NISCH	NISCH
OG0008554	NIT2	NIT2	NIT2
OG0008555	NKX1-1	LOC133343229	NKX1-1
OG0008556	NKX2-1	LOC133346928	LOC116939648
OG0008557	NLK	NLK	NLK
OG0008558	NME6	NME6	NME6
OG0008559	NME7	NME7	NME7
OG0008560	NMNAT1	LOC133342545	LOC116944449
OG0008561	NNT	NNT	NNT
OG0008562	NOC2L	NOC2L	NOC2L
OG0008563	NOL10	NOL10	NOL10
OG0008564	NOL11	NOL11	NOL11
OG0008565	NOL12	NOL12	NOL12
OG0008566	NOL4	LOC133347897	LOC116958305
OG0008567	NOL7	NOL7	NOL7
OG0008568	NOL8	NOL8	NOL8
OG0008569	NOLC1	NOLC1	LOC116940192
OG0008570	NOM1	LOC133357259	NOM1
OG0008571	NOP10	NOP10	NOP10
OG0008572	NOP53	NOP53	NOP53
OG0008573	NOP56	NOP56	NOP56
OG0008574	NOP58	NOP58	NOP58
OG0008575	NOP9	NOP9	NOP9
OG0008576	NOSIP	NOSIP	NOSIP
OG0008577	NOX4	NOX4	NOX4
OG0008578	NOX5	NOX5	NOX5
OG0008579	NOXA1	LOC133341644	NCF2
OG0008580	NPAT	LOC133354786	LOC116952888
OG0008581	NPBWR2	LOC133344196	LOC116941636
OG0008582	NPHP1	NPHP1	NPHP1
OG0008583	NPHP3	NPHP3	NPHP3
OG0008584	NPHP4	NPHP4	NPHP4
OG0008585	NPLOC4	NPLOC4	NPLOC4
OG0008586	NPR3	LOC133343714	LOC116942040
OG0008587	NPRL2	NPRL2	NPRL2
OG0008588	NPRL3	NPRL3	NPRL3
OG0008589	NR2C1	LOC133356733	LOC116952759
OG0008590	NR2C2AP	NR2C2AP	NR2C2AP
OG0008591	NR4A2	LOC133345994	LOC116938882
OG0008592	NRBF2	NRBF2	NRBF2
OG0008594	NRDE2	NRDE2	NRDE2
OG0008595	NRM	NRM	NRM
OG0008596	NRXN3	LOC133342373	LOC116943217
OG0008598	NSF	NSF	NSF
OG0008599	NSL1	NSL1	NSL1
OG0008600	NSMAF	NSMAF	NSMAF
OG0008601	NSMF	NSMF	NSMF
OG0008602	NSUN3	NSUN3	NSUN3
OG0008603	NSUN4	NSUN4	NSUN4
OG0008604	NSUN6	NSUN6	NSUN6
OG0008605	NTAQ1	NTAQ1	NTAQ1
OG0008606	NTHL1	NTHL1	NTHL1
OG0008607	NTMT1	NTMT1	NTMT1
OG0008608	NTN4	NTN4	NTN4
OG0008609	NTPCR	NTPCR	NTPCR
OG0008610	NTRK2	NTRK2	NTRK2
OG0008611	NUB1	NUB1	NUB1
OG0008612	NUBPL	NUBPL	NUBPL
OG0008613	NUDC	NUDC	NUDC
OG0008614	NUDCD2	NUDCD2	NUDCD2
OG0008615	NUDCD3	NUDCD3	NUDCD3
OG0008616	NUDT1	NUDT1	NUDT1
OG0008617	NUDT13	NUDT13	NUDT13
OG0008618	NUDT14	NUDT14	NUDT14
OG0008619	NUDT17	NUDT17	NUDT17
OG0008620	NUDT18	NUDT18	NUDT18
OG0008621	NUDT2	NUDT2	NUDT2
OG0008622	NUDT21	NUDT21	NUDT21
OG0008623	NUDT22	NUDT22	NUDT22
OG0008624	NUDT3	LOC133351807	LOC116947416
OG0008625	NUDT5	NUDT5	NUDT5
OG0008626	NUDT9	NUDT9	NUDT9
OG0008627	NUF2	NUF2	NUF2
OG0008628	NUMB	LOC133342408	LOC116943171
OG0008629	NUP153	LOC133349246	LOC116942672
OG0008630	NUP160	NUP160	NUP160
OG0008631	NUP205	NUP205	NUP205
OG0008632	NUP210	NUP210	NUP210
OG0008633	NUP214	NUP214	NUP214
OG0008634	NUP35	NUP35	NUP35
OG0008635	NUP42	NUP42	NUP42
OG0008636	NUP50	NUP50	NUP50
OG0008637	NUP54	NUP54	NUP54
OG0008638	NUP62	LOC133356282	NUP62
OG0008639	NUP85	NUP85	NUP85
OG0008640	NUP93	NUP93	NUP93
OG0008641	NUP98	LOC133350011	NUP98
OG0008642	NUTF2	NUTF2	NUTF2
OG0008643	NVL	NVL	NVL
OG0008644	NWD2	NWD2	NWD2
OG0008645	NXF1	NXF1	NXF1
OG0008646	NXN	NXN	NXN
OG0008647	NXNL2	NXNL2	NXNL2
OG0008648	OAT	OAT	OAT
OG0008649	OAZ1	OAZ2	LOC116942173
OG0008650	OCA2	OCA2	OCA2
OG0008651	OCLN	OCLN	LOC116956002
OG0008652	ODAD3	ODAD3	ODAD3
OG0008653	ODR4	ODR4	ODR4
OG0008654	OGFOD1	OGFOD1	OGFOD1
OG0008655	OGFOD2	OGFOD2	OGFOD2
OG0008656	OGT	OGT	OGT
OG0008657	OIT3	OIT3	OIT3
OG0008658	OLA1	OLA1	OLA1
OG0008659	OLFML2A	OLFML2A	OLFML2A
OG0008660	OPA1	OPA1	OPA1
OG0008661	OPLAH	OPLAH	OPLAH
OG0008662	ORC2	ORC2	ORC2
OG0008663	ORC4	ORC4	ORC4
OG0008664	OS9	OS9	OS9
OG0008665	OSBP	LOC133348441	LOC116939146
OG0008666	OSCP1	OSCP1	LOC116955753
OG0008667	OSER1	OSER1	OSER1
OG0008668	OSGEP	OSGEP	OSGEP
OG0008669	OSGIN1	LOC133350865	LOC116944156
OG0008670	OSR2	OSR2	OSR2
OG0008671	OSTM1	OSTM1	OSTM1
OG0008672	OTOS	OTOS	OTOS
OG0008673	OTUB1	LOC133347323	LOC116939664
OG0008674	OTUD1	OTUD1	OTUD1
OG0008676	OVCA2	OVCA2	OVCA2
OG0008677	OVOL2	OVOL2	OVOL2
OG0008678	OXNAD1	LOC133344544	LOC116940779
OG0008679	OXSM	OXSM	OXSM
OG0008680	P4HTM	P4HTM	P4HTM
OG0008681	PA2G4	PA2G4	PA2G4
OG0008682	PACC1	PACC1	PACC1
OG0008683	PACRG	PACRG	PACRG
OG0008684	PAF1	PAF1	PAF1
OG0008685	PAFAH1B1	PAFAH1B1	PAFAH1B1
OG0008686	PAICS	PAICS	PAICS
OG0008687	PAIP1	PAIP1	PAIP1
OG0008688	PAK1IP1	PAK1IP1	PAK1IP1
OG0008689	PALD1	LOC133350735	PALD1
OG0008690	PAM16	PAM16	PAM16
OG0008691	PAN2	PAN2	PAN2
OG0008692	PAN3	PAN3	PAN3
OG0008693	PAOX	PAOX	PAOX
OG0008694	PAPOLG	LOC133352722	LOC116948266
OG0008695	PAQR3	PAQR3	PAQR3
OG0008696	PAQR4	PAQR4	PAQR4
OG0008697	PARD3B	LOC133349680	PARD3B
OG0008698	PARK7	PARK7	PARK7
OG0008699	PARL	PARL	PARL
OG0008700	PARP1	PARP1	PARP1
OG0008701	PARP2	PARP2	PARP2
OG0008702	PARP3	PARP3	PARP3
OG0008703	PARS2	PARS2	PARS2
OG0008704	PAWR	PAWR	PAWR
OG0008705	PAX7	PAX3	PAX7
OG0008706	PAX9	PAX1	LOC116939650
OG0008707	PAXIP1	LOC133344995	PAXIP1
OG0008708	PBDC1	PBDC1	PBDC1
OG0008709	PBLD	PBLD	PBLD
OG0008710	PBRM1	PBRM1	PBRM1
OG0008711	PC	LOC133342275	PC
OG0008712	PCCA	PCCA	PCCA
OG0008713	PCDH15	PCDH15	LOC116940200
OG0008714	PCDH9	LOC133349946	PCDH9
OG0008715	PCGF3	PCGF3	PCGF3
OG0008716	PCGF5	PCGF5	PCGF5
OG0008717	PCID2	PCID2	PCID2
OG0008718	PCIF1	PCIF1	PCIF1
OG0008719	PCM1	PCM1	PCM1
OG0008720	PCNA	PCNA	PCNA
OG0008721	PCOLCE2	LOC133357309	LOC116957880
OG0008722	PCSK1	PCSK4	PCSK1
OG0008724	PDAP1	PDAP1	PDAP1
OG0008725	PDCD10	PDCD10	LOC116950433
OG0008726	PDCD11	PDCD11	PDCD11
OG0008727	PDCD2	PDCD2	PDCD2
OG0008728	PDCD2L	PDCD2L	PDCD2L
OG0008729	PDCL3	PDCL3	PDCL3
OG0008730	PDE10A	PDE10A	PDE10A
OG0008731	PDE11A	PDE11A	PDE11A
OG0008732	PDE2A	PDE2A	PDE2A
OG0008733	PDE5A	PDE5A	PDE5A
OG0008734	PDE6D	PDE6D	PDE6D
OG0008735	PDE9A	PDE9A	PDE9A
OG0008736	PDIA3	PDIA3	PDIA3
OG0008737	PDIA4	PDIA4	PDIA4
OG0008738	PDIA5	PDIA5	PDIA5
OG0008739	PDIA6	PDIA6	PDIA6
OG0008740	PDLIM3	LOC133350627	LOC116940263
OG0008741	PDPK1	PDPK1	PDPK1
OG0008742	PDPR	PDPR	PDPR
OG0008743	PDS5B	PDS5B	PDS5B
OG0008744	PDSS1	PDSS1	PDSS1
OG0008745	PDSS2	PDSS2	PDSS2
OG0008746	PDXDC1	PDXDC1	PDXDC1
OG0008747	PDXK	PDXK	PDXK
OG0008748	PDZD8	LOC133343413	LOC116940566
OG0008749	PECR	PECR	PECR
OG0008750	PELP1	LOC133357396	LOC116954493
OG0008751	PEX1	PEX1	PEX1
OG0008752	PEX10	PEX10	PEX10
OG0008753	PEX12	PEX12	PEX12
OG0008754	PEX13	PEX13	PEX13
OG0008755	PEX2	PEX2	PEX2
OG0008756	PEX26	PEX26	PEX26
OG0008757	PEX5L	PEX5	PEX5L
OG0008758	PEX6	PEX6	PEX6
OG0008759	PEX7	PEX7	PEX7
OG0008760	PFAS	PFAS	PFAS
OG0008762	PFDN2	PFDN2	PFDN2
OG0008763	PFDN4	PFDN4	PFDN4
OG0008764	PFDN5	PFDN5	PFDN5
OG0008765	PGAM5	PGAM5	PGAM5
OG0008766	PGAP1	PGAP1	PGAP1
OG0008767	PGAP3	PGAP3	PGAP3
OG0008768	PGAP4	PGAP4	PGAP4
OG0008769	PGBD5	PGBD5	PGBD5
OG0008770	PGD	PGD	PGD
OG0008771	PGLS	PGLS	PGLS
OG0008772	PGM1	PGM1	PGM1
OG0008773	PGM3	PGM3	PGM3
OG0008774	PHAF1	PHAF1	PHAF1
OG0008775	PHAX	PHAX	PHAX
OG0008776	PHB1	PHB1	PHB1
OG0008777	PHB2	PHB2	PHB2
OG0008778	PHETA1	PHETA1	PHETA1
OG0008779	PHF10	PHF10	PHF10
OG0008780	PHF13	PHF13	LOC116950503
OG0008781	PHF14	PHF14	PHF14
OG0008782	PHF20L1	LOC133344228	LOC116941593
OG0008783	PHF5A	PHF5A	PHF5A
OG0008784	PHGDH	PHGDH	PHGDH
OG0008785	PHLPP2	LOC133350786	LOC116944074
OG0008786	PHOSPHO2	LOC133358387	LOC116954790
OG0008787	PHTF2	LOC133349445	PHTF2
OG0008788	PI4KA	PI4KA	PI4KA
OG0008789	PIBF1	PIBF1	PIBF1
OG0008790	PICK1	PICK1	PICK1
OG0008791	PID1	PID1	PID1
OG0008792	PIEZO2	LOC133354855	LOC116952108
OG0008793	PIGA	PIGA	PIGA
OG0008794	PIGF	PIGF	PIGF
OG0008795	PIGH	PIGH	PIGH
OG0008796	PIGK	PIGK	PIGK
OG0008797	PIGL	PIGL	PIGL
OG0008798	PIGM	PIGM	PIGM
OG0008799	PIGN	PIGN	PIGN
OG0008800	PIGO	LOC133343896	PIGO
OG0008801	PIGP	PIGP	PIGP
OG0008802	PIGQ	PIGQ	PIGQ
OG0008803	PIGT	PIGT	PIGT
OG0008804	PIGU	PIGU	PIGU
OG0008805	PIGV	PIGV	PIGV
OG0008806	PIGW	PIGW	PIGW
OG0008807	PIGX	PIGX	PIGX
OG0008808	PIH1D1	PIH1D1	PIH1D1
OG0008809	PIK3C3	PIK3C3	PIK3C3
OG0008810	PIK3CD	PIK3CD	PIK3CD
OG0008811	PIK3CG	LOC133349349	LOC116942490
OG0008812	PIK3IP1	LOC133362734	LOC116958426
OG0008813	PIK3R4	PIK3R4	PIK3R4
OG0008814	PIKFYVE	PIKFYVE	PIKFYVE
OG0008815	PIM3	LOC133349364	LOC116942477
OG0008816	PIN1	PIN1	PIN1
OG0008817	PIN4	PIN4	PIN4
OG0008818	PINX1	PINX1	PINX1
OG0008819	PIPOX	PIPOX	PIPOX
OG0008820	PITHD1	PITHD1	PITHD1
OG0008821	PITPNB	LOC133348276	LOC116939234
OG0008822	PITRM1	PITRM1	PITRM1
OG0008823	PIWIL1	PIWIL1	PIWIL1
OG0008824	PIWIL2	PIWIL2	PIWIL2
OG0008825	PJVK	PJVK	PJVK
OG0008826	PKD1L3	LOC133353331	LOC116945100
OG0008827	PKDCC	LOC133342184	PKDCC
OG0008828	PKMYT1	PKMYT1	LOC116950288
OG0008829	PLA2G12A	LOC133354393	LOC116950958
OG0008830	PLA2G12B	PLA2G12B	LOC116940323
OG0008831	PLA2G15	PLA2G15	PLA2G15
OG0008832	PLA2G4A	PLA2G4A	PLA2G4A
OG0008833	PLA2G4F	PLA2G4F	PLA2G4F
OG0008834	PLA2G6	PLA2G6	PLA2G6
OG0008835	PLBD2	PLBD2	PLBD2
OG0008836	PLCE1	PLCE1	PLCE1
OG0008837	PLGRKT	PLGRKT	PLGRKT
OG0008838	PLK4	LOC133343078	LOC116943047
OG0008839	PLPP5	LOC133343553	LOC116940729
OG0008840	PLPPR4	PLPPR4	PLPPR4
OG0008841	PLXND1	PLXND1	PLXND1
OG0008842	PM20D1	PM20D1	PM20D1
OG0008843	PMEPA1	LDLRAD4	LDLRAD4
OG0008844	PMF1	PMF1	PMF1
OG0008845	PMM2	LOC133348051	LOC116956609
OG0008846	PMPCA	PMPCA	PMPCA
OG0008847	PMS1	PMS1	PMS1
OG0008848	PMS2	PMS2	PMS2
OG0008849	PNO1	PNO1	PNO1
OG0008850	PNP	LOC133339556	PNP
OG0008851	PNPLA4	LOC133353786	LOC116952470
OG0008852	PNPLA8	PNPLA8	PNPLA8
OG0008853	PNPO	PNPO	PNPO
OG0008854	PODN	LOC133346503	PODN
OG0008855	POFUT1	POFUT1	POFUT1
OG0008856	POFUT2	POFUT2	POFUT2
OG0008857	POGLUT2	POGLUT2	POGLUT2
OG0008858	POLB	POLB	POLB
OG0008859	POLD1	POLD1	POLD1
OG0008860	POLD2	POLD2	POLD2
OG0008861	POLD3	POLD3	POLD3
OG0008862	POLDIP2	POLDIP2	POLDIP2
OG0008863	POLE	POLE	POLE
OG0008864	POLE2	POLE2	POLE2
OG0008865	POLE4	POLE4	POLE4
OG0008866	POLH	POLH	POLH
OG0008867	POLI	POLI	POLI
OG0008868	POLL	POLL	POLL
OG0008869	POLM	LOC133345621	LOC116941224
OG0008871	POLR1B	POLR1B	POLR1B
OG0008872	POLR1C	POLR1C	POLR1C
OG0008873	POLR1D	LOC133342953	LOC116942927
OG0008874	POLR1E	POLR1E	POLR1E
OG0008875	POLR1G	POLR1G	POLR1G
OG0008876	POLR2A	LOC133360974	LOC116958060
OG0008877	POLR2D	POLR2D	POLR2D
OG0008878	POLR2E	POLR2E	POLR2E
OG0008879	POLR2G	POLR2G	POLR2G
OG0008880	POLR2K	LOC133347685	LOC116953892
OG0008881	POLR3B	POLR3B	POLR3B
OG0008882	POLR3C	POLR3C	POLR3C
OG0008883	POLR3E	POLR3E	POLR3E
OG0008884	POLR3F	POLR3F	POLR3F
OG0008885	POLR3GL	POLR3GL	POLR3GL
OG0008886	POLR3H	POLR3H	POLR3H
OG0008887	POLRMT	POLRMT	POLRMT
OG0008889	POMGNT2	POMGNT2	POMGNT2
OG0008890	POMK	POMK	POMK
OG0008891	POMP	POMP	POMP
OG0008892	POMT2	POMT2	POMT2
OG0008893	POP1	POP1	POP1
OG0008894	POR	LOC133348286	POR
OG0008895	PORCN	PORCN	PORCN
OG0008896	POU4F3	POU4F3	LOC116942923
OG0008897	PPAN	PPAN	PPAN
OG0008898	PPAT	PPAT	PPAT
OG0008899	PPHLN1	PPHLN1	PPHLN1
OG0008900	PPIE	PPIE	PPIE
OG0008901	PPIL1	PPIL1	PPIL1
OG0008902	PPIL2	PPIL2	PPIL2
OG0008903	PPM1D	PPM1D	LOC116939242
OG0008904	PPM1F	PPM1F	PPM1F
OG0008905	PPM1G	PPM1G	PPM1G
OG0008906	PPM1K	LOC133354324	LOC116951082
OG0008907	PPOX	LOC133358497	PPOX
OG0008908	PPP1R12A	LOC133347509	LOC116952022
OG0008909	PPP1R21	PPP1R21	PPP1R21
OG0008910	PPP1R42	PPP1R42	PPP1R42
OG0008911	PPP1R7	PPP1R7	PPP1R7
OG0008912	PPP2R3C	PPP2R3C	PPP2R3C
OG0008913	PPP4R1	PPP4R1	PPP4R1
OG0008914	PPP4R2	PPP4R2	PPP4R2
OG0008915	PPP5C	PPP5C	PPP5C
OG0008916	PPP6C	PPP6C	PPP6C
OG0008917	PPTC7	PPTC7	PPTC7
OG0008918	PQBP1	PQBP1	PQBP1
OG0008919	PRADC1	PRADC1	PRADC1
OG0008920	PRCC	PRCC	PRCC
OG0008921	PRDM4	LOC133352485	LOC116950435
OG0008922	PRDM5	PRDM5	PRDM5
OG0008923	PRDM6	PRDM6	PRDM6
OG0008924	PREB	PREB	PREB
OG0008925	PRELID1	PRELID1	PRELID1
OG0008926	PREP	PREP	PREP
OG0008927	PREPL	PREPL	PREPL
OG0008928	PRIM1	PRIM1	PRIM1
OG0008929	PRIM2	PRIM2	PRIM2
OG0008930	PRIMPOL	PRIMPOL	PRIMPOL
OG0008932	PRKCD	LOC133355397	LOC116952362
OG0008933	PRKCSH	PRKCSH	PRKCSH
OG0008934	PRKX	PRKX	LOC116954517
OG0008935	PRMT5	PRMT5	PRMT5
OG0008936	PRMT7	PRMT7	PRMT7
OG0008937	PRMT9	PRMT9	PRMT9
OG0008938	PROM1	LOC133345512	LOC116941351
OG0008939	PRORP	PRORP	PRORP
OG0008941	PRPF18	PRPF18	PRPF18
OG0008942	PRPF3	PRPF3	PRPF3
OG0008943	PRPF38A	PRPF38A	PRPF38A
OG0008944	PRPF39	PRPF39	PRPF39
OG0008945	PRPF6	PRPF6	PRPF6
OG0008946	PRPH2	PRPH2	PRPH2
OG0008947	PRR16	LOC133346414	LOC116948118
OG0008948	PRSS12	LOC133350518	LOC116940360
OG0008949	PRUNE1	PRUNE1	PRUNE1
OG0008950	PRXL2A	PRXL2A	PRXL2A
OG0008952	PSENEN	PSENEN	PSENEN
OG0008953	PSMA2	PSMA2	PSMA2
OG0008954	PSMA3	PSMA3	PSMA3
OG0008955	PSMA4	PSMA4	PSMA4
OG0008956	PSMA5	PSMA5	PSMA5
OG0008957	PSMA6	PSMA6	PSMA6
OG0008958	PSMB2	PSMB2	PSMB2
OG0008959	PSMB4	PSMB4	PSMB4
OG0008960	PSMC1	PSMC1	PSMC1
OG0008961	PSMC3IP	PSMC3IP	PSMC3IP
OG0008962	PSMC4	PSMC4	PSMC4
OG0008963	PSMC5	PSMC5	PSMC5
OG0008964	PSMC6	PSMC6	PSMC6
OG0008965	PSMD1	PSMD1	PSMD1
OG0008966	PSMD11	PSMD11	PSMD11
OG0008967	PSMD12	PSMD12	PSMD12
OG0008968	PSMD13	PSMD13	PSMD13
OG0008969	PSMD2	PSMD2	PSMD2
OG0008970	PSMD3	PSMD3	PSMD3
OG0008971	PSMD4	PSMD4	PSMD4
OG0008972	PSMD6	PSMD6	PSMD6
OG0008973	PSMD7	PSMD7	PSMD7
OG0008974	PSMD9	PSMD9	PSMD9
OG0008975	PSMF1	PSMF1	PSMF1
OG0008976	PSMG2	PSMG2	PSMG2
OG0008977	PSPH	PSPH	PSPH
OG0008978	PTAR1	PTAR1	PTAR1
OG0008979	PTCD1	PTCD1	PTCD1
OG0008980	PTCD3	PTCD3	PTCD3
OG0008981	PTCHD1	LOC133352913	LOC116953314
OG0008982	PTDSS1	PTDSS1	PTDSS1
OG0008983	PTDSS2	LOC133350309	PTDSS2
OG0008984	PTER	PTER	PTER
OG0008985	PTF1A	PTF1A	LOC116950794
OG0008986	PTGR2	PTGR2	PTGR2
OG0008987	PTK7	PTK7	PTK7
OG0008988	PTPMT1	PTPMT1	PTPMT1
OG0008989	PTPN4	LOC133356763	LOC116943759
OG0008990	PTPRC	LOC133341764	LOC116944884
OG0008991	PTX4	LOC133353564	LOC116946050
OG0008992	PUS10	PUS10	PUS10
OG0008993	PWWP2B	PWWP2B	PWWP2B
OG0008994	PXMP4	LOC133347448	PXMP4
OG0008995	PXYLP1	LOC133351092	PXYLP1
OG0008996	PYM1	PYM1	PYM1
OG0008997	PYROXD1	PYROXD1	PYROXD1
OG0008998	QARS1	QARS1	QARS1
OG0008999	QDPR	QDPR	QDPR
OG0009000	QNG1	QNG1	QNG1
OG0009001	QPRT	QPRT	QPRT
OG0009002	QRICH1	QRICH1	QRICH1
OG0009003	QRSL1	QRSL1	QRSL1
OG0009004	QTRT2	QTRT2	QTRT2
OG0009005	R3HDM4	R3HDM4	LOC116942005
OG0009006	RAB11FIP4	RAB11FIP4	RAB11FIP4
OG0009007	RAB12	RAB12	RAB12
OG0009008	RAB21	LOC133350363	RAB21
OG0009009	RAB24	RAB24	RAB24
OG0009010	RAB27A	RAB27A	RAB27A
OG0009011	RAB28	RAB28	RAB28
OG0009012	RAB29	RAB29	RAB29
OG0009013	RAB30	RAB30	RAB30
OG0009014	RAB33B	RAB33B	LOC116942992
OG0009015	RAB36	LOC133348509	LOC116939098
OG0009016	RAB3GAP1	RAB3GAP1	RAB3GAP1
OG0009017	RAB4B	LOC133341372	LOC116947791
OG0009018	RABAC1	RABAC1	RABAC1
OG0009019	RABEP1	RABEP1	RABEP1
OG0009020	RABGEF1	RABGEF1	RABGEF1
OG0009021	RABGGTB	RABGGTB	RABGGTB
OG0009022	RABL3	RABL3	RABL3
OG0009023	RABL6	RABL6	RABL6
OG0009024	RACK1	RACK1	RACK1
OG0009025	RAD1	RAD1	RAD1
OG0009026	RAD17	RAD17	RAD17
OG0009027	RAD50	LOC133343012	RAD50
OG0009028	RAD51	RAD51	RAD51
OG0009029	RAD51D	LOC133349083	RAD51D
OG0009030	RAD54L	RAD54L	RAD54L
OG0009031	RAI14	LOC133343766	RAI14
OG0009032	RALBP1	RALBP1	RALBP1
OG0009033	RAN	RAN	RAN
OG0009034	RANBP2	LOC133353880	LOC116952562
OG0009035	RAP1GAP	LOC133352366	RAP1GAP
OG0009036	RARS2	RARS2	RARS2
OG0009037	RASA1	RASA1	RASA1
OG0009038	RASEF	RASEF	RASEF
OG0009039	RASGEF1B	LOC133342128	LOC116944481
OG0009040	RBBP5	RBBP5	RBBP5
OG0009041	RBBP6	RBBP6	RBBP6
OG0009042	RBCK1	RBCK1	RBCK1
OG0009043	RBKS	RBKS	RBKS
OG0009044	RBM22	RBM22	RBM22
OG0009045	RBM24	LOC133347449	LOC116951080
OG0009046	RBM25	RBM25	RBM25
OG0009047	RBM33	LOC133344917	RBM33
OG0009048	RBM34	RBM34	RBM34
OG0009049	RBM39	LOC133340260	LOC116945836
OG0009050	RBM7	RBM7	RBM7
OG0009051	RBM8A	RBM8A	RBM8A
OG0009052	RBP4	LOC133345585	LOC116941269
OG0009053	RBSN	RBSN	RBSN
OG0009054	RCBTB1	RCBTB1	RCBTB1
OG0009055	RCC1	LOC133353218	RCC1
OG0009056	RCC1L	RCC1L	RCC1L
OG0009057	RCE1	RCE1	RCE1
OG0009058	RCL1	RCL1	RCL1
OG0009059	RD3	LOC133360600	LOC116947226
OG0009060	RECQL5	RECQL5	RECQL5
OG0009061	RELCH	LOC133350952	LOC116944258
OG0009062	RENBP	RENBP	RENBP
OG0009063	RERG	RERG	RERG
OG0009064	RERGL	RERGL	RERGL
OG0009065	RET	RET	RET
OG0009066	RETSAT	RETSAT	RETSAT
OG0009067	REV1	REV1	REV1
OG0009068	REV3L	REV3L	REV3L
OG0009069	REX1BD	REX1BD	REX1BD
OG0009070	REXO1	REXO1	REXO1
OG0009071	REXO2	REXO2	REXO2
OG0009072	RFC1	RFC1	RFC1
OG0009073	RFC2	RFC2	RFC2
OG0009074	RFC3	RFC3	RFC3
OG0009075	RFC4	RFC4	RFC4
OG0009076	RFC5	RFC5	RFC5
OG0009077	RFWD3	RFWD3	RFWD3
OG0009078	RGL1	LOC133360040	LOC116955437
OG0009079	RGN	RGN	RGN
OG0009080	RGP1	LOC133357951	LOC116956084
OG0009081	RGS9BP	RGS9BP	RGS9BP
OG0009082	RHBDL2	LOC133352057	RHBDL2
OG0009083	RHO	RHO	RHO
OG0009084	RHOF	LOC133348300	LOC116939275
OG0009085	RIC1	RIC1	RIC1
OG0009086	RIC3	LOC133351393	LOC116945648
OG0009087	RIC8A	RIC8A	RIC8A
OG0009088	RIDA	LOC133352907	LOC116946507
OG0009089	RIMBP2	RIMBP2	RIMBP2
OG0009090	RINT1	RINT1	RINT1
OG0009091	RIOK1	RIOK1	RIOK1
OG0009092	RIOK2	RIOK2	RIOK2
OG0009093	RIPK2	LOC133350895	LOC116944190
OG0009094	RLBP1	RLBP1	RLBP1
OG0009095	RMI1	RMI1	RMI1
OG0009096	RMND5A	LOC133360050	RMND5A
OG0009097	RNASEH2A	RNASEH2A	RNASEH2A
OG0009098	RNASEH2C	RNASEH2C	RNASEH2C
OG0009099	RNF10	RNF10	RNF10
OG0009100	RNF103	RNF103	RNF103
OG0009101	RNF11	RNF11	RNF11
OG0009102	RNF115	LOC133346642	RNF115
OG0009103	RNF13	LOC133357271	LOC116956276
OG0009104	RNF14	RNF14	RNF14
OG0009105	RNF141	RNF141	RNF141
OG0009106	RNF149	LOC133349914	LOC116943657
OG0009107	RNF185	RNF185	RNF185
OG0009108	RNF19A	LOC133353332	LOC116945097
OG0009109	RNF2	LOC133360099	LOC116955304
OG0009110	RNF217	RNF217	LOC116941725
OG0009111	RNF8	LOC133361715	RNF8
OG0009112	RNFT1	LOC133348969	LOC116950093
OG0009113	RNGTT	RNGTT	RNGTT
OG0009114	RNLS	RNLS	RNLS
OG0009115	RNMT	RNMT	RNMT
OG0009116	RNPC3	RNPC3	RNPC3
OG0009117	ROGDI	ROGDI	ROGDI
OG0009118	RP9	LOC133357995	RP9
OG0009119	RPA2	RPA2	RPA2
OG0009120	RPE65	RPE65	RPE65
OG0009121	RPIA	RPIA	RPIA
OG0009122	RPL10A	RPL10A	RPL10A
OG0009123	RPL11	RPL11	RPL11
OG0009124	RPL12	RPL12	RPL12
OG0009125	RPL13A	RPL13A	RPL13A
OG0009126	RPL18A	LOC133349398	RPL18A
OG0009127	RPL21	LOC133342872	RPL21
OG0009128	RPL23	RPL23	RPL23
OG0009129	RPL23A	RPL23A	RPL23A
OG0009130	RPL27A	RPL27A	RPL27A
OG0009131	RPL28	RPL28	RPL28
OG0009132	RPL29	RPL29	RPL29
OG0009133	RPL31	RPL31	RPL31
OG0009134	RPL34	RPL34	RPL34
OG0009135	RPL35	RPL35	RPL35
OG0009136	RPL35A	RPL35A	RPL35A
OG0009137	RPL36	RPL36	RPL36
OG0009138	RPL37	RPL37	RPL37
OG0009139	RPL37A	RPL37A	RPL37A
OG0009140	RPL38	RPL38	RPL38
OG0009141	RPL4	RPL4	RPL4
OG0009142	RPL7	RPL7	RPL7
OG0009143	RPL7A	RPL7A	RPL7A
OG0009144	RPL8	RPL8	RPL8
OG0009145	RPL9	RPL9	RPL9
OG0009146	RPLP0	RPLP0	RPLP0
OG0009147	RPLP2	RPLP2	LOC116939944
OG0009148	RPN1	RPN1	RPN1
OG0009149	RPN2	RPN2	RPN2
OG0009150	RPP21	LOC133340040	LOC116955128
OG0009151	RPP30	RPP30	RPP30
OG0009152	RPP38	RPP38	RPP38
OG0009153	RPP40	RPP40	RPP40
OG0009154	RPS10	RPS10	RPS10
OG0009155	RPS11	RPS11	RPS11
OG0009156	RPS12	LOC133340530	RPS12
OG0009157	RPS13	RPS13	RPS13
OG0009158	RPS15	RPS15	RPS15
OG0009159	RPS15A	RPS15A	RPS15A
OG0009160	RPS17	RPS17	RPS17
OG0009161	RPS19	RPS19	RPS19
OG0009162	RPS23	RPS23	RPS23
OG0009163	RPS24	RPS24	RPS24
OG0009164	RPS25	RPS25	RPS25
OG0009165	RPS27A	RPS27A	RPS27A
OG0009166	RPS28	RPS28	RPS28
OG0009167	RPS5	RPS5	RPS5
OG0009168	RPS6KA5	LOC133356371	RPS6KA5
OG0009169	RPS9	RPS9	RPS9
OG0009170	RPTOR	RPTOR	LOC116956562
OG0009171	RRAS2	LOC133347728	RRAS2
OG0009172	RRN3	RRN3	RRN3
OG0009173	RRP12	RRP12	RRP12
OG0009174	RRP36	RRP36	RRP36
OG0009175	RRP7A	RRP7A	RRP7A
OG0009176	RRP8	RRP8	RRP8
OG0009177	RRP9	RRP9	RRP9
OG0009178	RRS1	RRS1	RRS1
OG0009179	RSF1	RSF1	RSF1
OG0009180	RSL1D1	RSL1D1	RSL1D1
OG0009182	RSPH3	RSPH3	RSPH3
OG0009183	RSPH9	RSPH9	RSPH9
OG0009184	RSPRY1	RSPRY1	RSPRY1
OG0009185	RTCA	RTCA	RTCA
OG0009186	RTCB	RTCB	RTCB
OG0009187	RTN4IP1	RTN4IP1	RTN4IP1
OG0009188	RTRAF	RTRAF	RTRAF
OG0009189	RUVBL1	RUVBL1	RUVBL1
OG0009190	RUVBL2	RUVBL2	RUVBL2
OG0009191	RWDD1	RWDD1	RWDD1
OG0009192	RXYLT1	RXYLT1	RXYLT1
OG0009193	RYK	RYK	RYK
OG0009194	SAC3D1	SAC3D1	SAC3D1
OG0009195	SACS	SACS	SACS
OG0009196	SAMD8	SAMD8	SAMD8
OG0009197	SAMM50	SAMM50	SAMM50
OG0009198	SAMTOR	BMT2	SAMTOR
OG0009199	SANBR	SANBR	SANBR
OG0009200	SAP130	LOC133357142	SAP130
OG0009201	SARDH	SARDH	SARDH
OG0009202	SARNP	SARNP	SARNP
OG0009203	SARS2	SARS2	SARS2
OG0009204	SART1	SART1	SART1
OG0009205	SASS6	SASS6	LOC116936807
OG0009207	SBNO1	SBNO1	SBNO1
OG0009208	SC5D	SC5D	SC5D
OG0009209	SCAMP1	LOC133354283	LOC116950819
OG0009210	SCAP	SCAP	SCAP
OG0009211	SCAPER	LOC133355251	SCAPER
OG0009212	SCARB2	LOC133350898	SCARB2
OG0009213	SCCPDH	SCCPDH	SCCPDH
OG0009215	SCFD2	SCFD2	SCFD2
OG0009216	SCG5	SCG5	LOC116938473
OG0009217	SCGN	LOC133340382	LOC116946030
OG0009218	SCHIP1	LOC133357617	LOC116954451
OG0009219	SCNM1	SCNM1	SCNM1
OG0009220	SCPEP1	SCPEP1	SCPEP1
OG0009221	SCRN3	SCRN3	LOC116948717
OG0009222	SCYL1	SCYL1	SCYL1
OG0009223	SCYL2	SCYL2	SCYL2
OG0009224	SDCCAG8	SDCCAG8	SDCCAG8
OG0009225	SDE2	SDE2	SDE2
OG0009226	SDHA	SDHA	SDHA
OG0009227	SDHAF1	SDHAF1	SDHAF1
OG0009228	SDHAF2	SDHAF2	SDHAF2
OG0009229	SDHB	SDHB	SDHB
OG0009230	SDHC	SDHC	SDHC
OG0009231	SDHD	SDHD	SDHD
OG0009232	SEC13	SEC13	SEC13
OG0009233	SEC24B	SEC24B	SEC24B
OG0009234	SEC24C	SEC24C	SEC24C
OG0009235	SEC61A2	SEC61A1	SEC61A1
OG0009236	SEC61G	LOC133345952	SEC61G
OG0009237	SEH1L	SEH1L	SEH1L
OG0009238	SELENBP1	SELENBP1	SELENBP1
OG0009239	SELENOF	SELENOF	SELENOF
OG0009240	SELENOI	SELENOI	SELENOI
OG0009241	SELENON	SELENON	SELENON
OG0009242	SELENOO	SELENOO	SELENOO
OG0009243	SELENOP	LOC133359029	LOC116941623
OG0009244	SELENOT	SELENOT	SELENOT
OG0009245	SENP8	SENP8	SENP8
OG0009246	SERAC1	SERAC1	SERAC1
OG0009247	SERP2	LOC133357551	LOC116954582
OG0009248	SERPIND1	LOC133348507	SERPIND1
OG0009249	SESTD1	SESTD1	SESTD1
OG0009250	SETD3	SETD3	SETD3
OG0009251	SETD4	SETD4	SETD4
OG0009252	SETD6	SETD6	SETD6
OG0009253	SETD7	SETD7	SETD7
OG0009254	SETD9	SETD9	SETD9
OG0009255	SEZ6	LOC133348355	SEZ6
OG0009256	SF1	LOC133341383	SF1
OG0009257	SF3A3	SF3A3	SF3A3
OG0009258	SF3B1	SF3B1	SF3B1
OG0009259	SF3B2	SF3B2	SF3B2
OG0009260	SF3B3	SF3B3	SF3B3
OG0009261	SF3B5	SF3B5	SF3B5
OG0009262	SF3B6	SF3B6	SF3B6
OG0009263	SFI1	SFI1	SFI1
OG0009264	SFMBT1	LOC133342593	LOC116949399
OG0009265	SFR1	SFR1	SFR1
OG0009266	SFRP2	SFRP2	SFRP2
OG0009267	SFXN2	SFXN2	SFXN2
OG0009268	SGCB	SGCB	SGCB
OG0009269	SGO1	SGO1	SGO1
OG0009270	SGPP2	SGPP2	SGPP2
OG0009271	SGSM3	SGSM3	SGSM3
OG0009272	SH3BP4	LOC133346160	SH3BP4
OG0009273	SH3GLB1	SH3GLB1	LOC116944988
OG0009274	SH3TC1	LOC133343434	SH3TC1
OG0009275	SHCBP1	SHCBP1	SHCBP1
OG0009276	SHISAL1	SHISAL1	SHISAL1
OG0009277	SHLD2	SHLD2	SHLD2
OG0009278	SHMT1	SHMT1	SHMT1
OG0009279	SHMT2	SHMT2	SHMT2
OG0009280	SHOC1	SHOC1	SHOC1
OG0009281	SHOC2	SHOC2	SHOC2
OG0009282	SHPRH	LOC133351802	SHPRH
OG0009283	SHROOM2	LOC133349908	SHROOM2
OG0009284	SIGIRR	SIGIRR	SIGIRR
OG0009285	SIGMAR1	SIGMAR1	SIGMAR1
OG0009286	SIK2	LOC133342070	LOC116948149
OG0009287	SIL1	SIL1	SIL1
OG0009288	SIN3A	LOC133354290	SIN3A
OG0009289	SINHCAF	SINHCAF	SINHCAF
OG0009290	SIRT2	SIRT2	SIRT2
OG0009291	SIRT3	LOC133350224	SIRT3
OG0009292	SIRT4	SIRT4	SIRT4
OG0009293	SIRT5	SIRT5	SIRT5
OG0009294	SLC10A2	LOC133341977	SLC10A2
OG0009295	SLC12A9	SLC12A9	SLC12A9
OG0009296	SLC16A13	LOC133351095	LOC116947050
OG0009297	SLC16A4	LOC133349436	LOC116942400
OG0009298	SLC16A6	LOC133353611	LOC116946195
OG0009299	SLC17A6	SLC17A6	SLC17A6
OG0009300	SLC18A2	LOC133345570	LOC116941285
OG0009301	SLC1A1	LOC133352077	LOC116948944
OG0009302	SLC1A4	LOC133352727	LOC116948509
OG0009303	SLC1A7	LOC133359063	LOC116941356
OG0009304	SLC25A15	SLC25A15	SLC25A15
OG0009305	SLC25A16	SLC25A16	SLC25A16
OG0009306	SLC25A17	SLC25A17	SLC25A17
OG0009307	SLC25A20	SLC25A20	SLC25A20
OG0009308	SLC25A21	SLC25A21	SLC25A21
OG0009309	SLC25A26	SLC25A26	SLC25A26
OG0009310	SLC25A29	SLC25A29	SLC25A29
OG0009311	SLC25A3	SLC25A3	SLC25A3
OG0009312	SLC25A32	SLC25A32	SLC25A32
OG0009313	SLC25A42	SLC25A42	SLC25A42
OG0009314	SLC25A44	LOC133343715	LOC116942037
OG0009315	SLC25A46	SLC25A46	SLC25A46
OG0009316	SLC25A48	SLC25A48	SLC25A48
OG0009317	SLC28A3	SLC28A3	SLC28A3
OG0009318	SLC29A3	SLC29A3	SLC29A3
OG0009319	SLC29A4	SLC29A4	SLC29A4
OG0009320	SLC2A12	LOC133353237	SLC2A10
OG0009321	SLC2A13	SLC2A13	SLC2A13
OG0009322	SLC30A5	SLC30A5	SLC30A5
OG0009323	SLC30A6	SLC30A6	SLC30A6
OG0009324	SLC30A7	SLC30A7	SLC30A7
OG0009325	SLC32A1	SLC32A1	SLC32A1
OG0009326	SLC33A1	SLC33A1	SLC33A1
OG0009327	SLC35A1	SLC35A1	SLC35A1
OG0009328	SLC35A3	SLC35A3	SLC35A3
OG0009329	SLC35B2	SLC35B2	SLC35B2
OG0009330	SLC35B3	SLC35B3	SLC35B3
OG0009331	SLC35B4	SLC35B4	SLC35B4
OG0009332	SLC35C1	SLC35C1	SLC35C1
OG0009333	SLC35D1	LOC133351916	LOC116948864
OG0009334	SLC35D3	SLC35D3	SLC35D3
OG0009335	SLC35F5	SLC35F5	SLC35F5
OG0009336	SLC37A4	SLC37A4	SLC37A4
OG0009337	SLC38A10	SLC38A10	SLC38A10
OG0009338	SLC39A14	SLC39A14	SLC39A14
OG0009339	SLC39A9	SLC39A9	SLC39A9
OG0009340	SLC3A1	SLC3A1	SLC3A1
OG0009341	SLC3A2	SLC3A2	SLC3A2
OG0009342	SLC41A1	LOC133349395	LOC116942442
OG0009343	SLC45A2	LOC133343769	SLC45A2
OG0009344	SLC45A3	SLC45A3	SLC45A3
OG0009345	SLC49A3	SLC49A3	SLC49A3
OG0009346	SLC49A4	LOC133345057	LOC116946510
OG0009347	SLC4A1AP	SLC4A1AP	SLC4A1AP
OG0009348	SLC50A1	LOC133345997	LOC116938646
OG0009349	SLC5A7	SLC5A7	SLC5A7
OG0009350	SLC66A1	SLC66A1	SLC66A1
OG0009351	SLC66A2	SLC66A2	SLC66A2
OG0009352	SLC6A5	SLC6A5	SLC6A5
OG0009353	SLC7A9	SLC7A9	SLC7A9
OG0009354	SLF1	SLF1	SLF1
OG0009355	SLX9	SLX9	SLX9
OG0009356	SMAD7	LOC133354142	LOC116950662
OG0009357	SMARCAD1	LOC133341807	SMARCAD1
OG0009358	SMARCB1	SMARCB1	SMARCB1
OG0009359	SMARCC2	SMARCC2	SMARCC2
OG0009360	SMC4	SMC4	SMC4
OG0009361	SMC6	SMC6	SMC6
OG0009362	SMCHD1	SMCHD1	SMCHD1
OG0009363	SMG1	SMG1	SMG1
OG0009364	SMG7	SMG7	SMG7
OG0009365	SMG8	SMG8	SMG8
OG0009366	SMIM12	SMIM12	SMIM12
OG0009367	SMIM13	SMIM13	SMIM13
OG0009368	SMIM14	SMIM14	SMIM14
OG0009369	SMIM15	SMIM15	SMIM15
OG0009370	SMIM44	SMIM44	LOC116951946
OG0009371	SMIM7	SMIM7	SMIM7
OG0009372	SMIM8	SMIM8	SMIM8
OG0009373	SMNDC1	SMNDC1	SMNDC1
OG0009374	SMO	SMO	SMO
OG0009375	SMOC1	SMOC1	SMOC1
OG0009376	SMPD1	SMPD1	SMPD1
OG0009377	SMPD2	SMPD2	SMPD2
OG0009378	SMPD3	SMPD3	SMPD3
OG0009379	SMPD4	SMPD4	SMPD4
OG0009380	SMPDL3A	LOC133344029	LOC116941720
OG0009381	SMU1	SMU1	SMU1
OG0009382	SMUG1	SMUG1	SMUG1
OG0009383	SMYD2	SMYD2	SMYD2
OG0009384	SMYD5	SMYD5	SMYD5
OG0009385	SNAI3	LOC133357827	LOC103091757
OG0009386	SNAP25	LOC133341504	LOC116947656
OG0009387	SNAP47	SNAP47	SNAP47
OG0009388	SNAPC1	SNAPC1	SNAPC1
OG0009389	SNAPC3	SNAPC3	SNAPC3
OG0009390	SNAPC4	SNAPC4	LOC116938684
OG0009391	SNAPC5	SNAPC5	SNAPC5
OG0009392	SNAPIN	SNAPIN	SNAPIN
OG0009393	SND1	SND1	SND1
OG0009394	SNF8	SNF8	SNF8
OG0009395	SNIP1	SNIP1	SNIP1
OG0009396	SNRK	SNRK	LOC116944212
OG0009397	SNRNP200	SNRNP200	SNRNP200
OG0009398	SNRNP40	SNRNP40	SNRNP40
OG0009399	SNRNP48	SNRNP48	SNRNP48
OG0009400	SNRPA1	SNRPA1	SNRPA1
OG0009401	SNRPD1	SNRPD1	SNRPD1
OG0009402	SNRPD2	SNRPD2	SNRPD2
OG0009403	SNRPE	SNRPE	SNRPE
OG0009404	SNRPF	SNRPF	SNRPF
OG0009405	SNRPG	SNRPG	SNRPG
OG0009406	SNTG2	SNTG2	LOC116946660
OG0009407	SNUPN	SNUPN	SNUPN
OG0009408	SNW1	SNW1	SNW1
OG0009409	SNX14	SNX14	SNX14
OG0009410	SNX2	LOC133343929	LOC116942170
OG0009411	SNX24	SNX24	SNX24
OG0009412	SNX29	SNX29	SNX29
OG0009413	SNX30	SNX30	SNX30
OG0009414	SNX4	SNX4	SNX4
OG0009415	SOCS6	SOCS6	SOCS6
OG0009416	SOD2	SOD2	SOD2
OG0009417	SOD3	LOC133342714	SOD3
OG0009418	SON	LOC133353422	SON
OG0009419	SORL1	SORL1	SORL1
OG0009420	SORT1	LOC133356640	SORT1
OG0009421	SOS1	SOS1	SOS1
OG0009422	SPAG16	SPAG16	SPAG16
OG0009423	SPAG7	SPAG7	SPAG7
OG0009424	SPATA17	SPATA17	SPATA17
OG0009425	SPATA20	SPATA20	SPATA20
OG0009426	SPATA7	SPATA7	SPATA7
OG0009427	SPCS1	SPCS1	SPCS1
OG0009428	SPECC1L	SPECC1L	SPECC1L
OG0009429	SPEF1	SPEF1	SPEF1
OG0009430	SPG21	LOC133353338	SPG21
OG0009431	SPG7	SPG7	SPG7
OG0009432	SPNS1	SPNS1	SPNS1
OG0009433	SPO11	SPO11	SPO11
OG0009434	SPOCK3	LOC133350504	LOC116940374
OG0009436	SPOUT1	SPOUT1	SPOUT1
OG0009437	SPPL3	SPPL3	SPPL3
OG0009438	SPRED2	SPRED2	LOC116947342
OG0009439	SPRING1	SPRING1	SPRING1
OG0009440	SPRTN	SPRTN	SPRTN
OG0009441	SPRYD3	SPRYD3	SPRYD3
OG0009442	SPRYD7	SPRYD7	SPRYD7
OG0009443	SPSB4	SPSB1	SPSB1
OG0009444	SPTLC1	LOC133343276	SPTLC1
OG0009445	SPTSSA	SPTSSA	SPTSSA
OG0009446	SQLE	SQLE	SQLE
OG0009447	SQOR	SQOR	SQOR
OG0009448	SRD5A3	SRD5A3	SRD5A3
OG0009449	SREBF1	SREBF1	SREBF1
OG0009450	SRFBP1	SRFBP1	SRFBP1
OG0009451	SRL	SRL	SRL
OG0009452	SRP14	SRP14	SRP14
OG0009453	SRP19	SRP19	SRP19
OG0009454	SRP54	SRP54	SRP54
OG0009455	SRPK2	SRPK2	SRPK2
OG0009456	SRPRA	SRPRA	SRPRA
OG0009457	SRRT	SRRT	SRRT
OG0009458	SRSF3	LOC133350296	SRSF3
OG0009459	SS18	SS18	LOC116944170
OG0009460	SSBP1	SSBP1	SSBP1
OG0009461	SSH2	LOC133348498	LOC116939112
OG0009462	SSPN	SSPN	LOC116949357
OG0009463	SSR1	SSR1	SSR1
OG0009464	SSR2	LOC133354253	LOC116950630
OG0009465	SSR3	SSR3	SSR3
OG0009466	SSUH2	SSUH2	SSUH2
OG0009467	ST3GAL2	ST3GAL2	ST3GAL2
OG0009468	ST3GAL5	ST3GAL5	ST3GAL5
OG0009469	ST7	ST7	ST7
OG0009470	STAC	LOC133346169	LOC116938083
OG0009471	STAR	STAR	STAR
OG0009472	STARD10	LOC133350009	LOC116943606
OG0009473	STAT1	STAT1	STAT1
OG0009474	STEAP4	STEAP4	LOC116938884
OG0009475	STEEP1	STEEP1	STEEP1
OG0009476	STIMATE	STIMATE	STIMATE
OG0009477	STIP1	STIP1	STIP1
OG0009478	STK11	STK11	STK11
OG0009479	STK16	STK16	STK16
OG0009480	STK36	STK36	STK36
OG0009481	STK40	STK40	STK40
OG0009482	STRADA	STRADA	STRADA
OG0009483	STRAP	STRAP	STRAP
OG0009484	STRIP1	STRIP1	STRIP1
OG0009485	STT3A	STT3A	STT3A
OG0009486	STT3B	STT3B	STT3B
OG0009487	STUB1	STUB1	STUB1
OG0009488	STX11	LOC133351860	STX11
OG0009489	STX5	STX5	STX5
OG0009490	STX8	STX8	STX8
OG0009491	STYX	STYX	STYX
OG0009492	SUCLG1	SUCLG1	SUCLG1
OG0009493	SUCLG2	SUCLG2	SUCLG2
OG0009494	SUGP1	LOC133346568	LOC116938981
OG0009496	SULT4A1	SULT4A1	SULT4A1
OG0009497	SUMF1	SUMF1	SUMF1
OG0009498	SUMO1	SUMO1	SUMO1
OG0009499	SUOX	SUOX	SUOX
OG0009500	SUPT20H	SUPT20H	SUPT20H
OG0009501	SUPT3H	SUPT3H	SUPT3H
OG0009502	SUPT4H1	SUPT4H1	SUPT4H1
OG0009503	SUPV3L1	SUPV3L1	SUPV3L1
OG0009504	SVBP	SVBP	SVBP
OG0009505	SWI5	SWI5	SWI5
OG0009506	SWT1	SWT1	SWT1
OG0009507	SYAP1	SYAP1	SYAP1
OG0009508	SYMPK	SYMPK	SYMPK
OG0009509	SYNE3	LOC133356383	LOC116953843
OG0009510	SYNJ1	SYNJ1	SYNJ1
OG0009511	SYNRG	SYNRG	SYNRG
OG0009512	SYT12	LOC133340075	SYT12
OG0009513	SYT13	SYT13	SYT13
OG0009514	SYT7	SYT7	SYT7
OG0009515	SYVN1	LOC133352589	SYVN1
OG0009516	SZT2	SZT2	SZT2
OG0009517	TAB1	TAB1	TAB1
OG0009518	TAB2	TAB2	TAB2
OG0009519	TACC1	LOC133343338	LOC116940488
OG0009520	TACO1	LOC133346018	TACO1
OG0009521	TADA2A	TADA2A	TADA2A
OG0009522	TADA2B	TADA2B	LOC116940603
OG0009523	TADA3	LOC133361570	TADA3
OG0009524	TAF10	TAF10	TAF10
OG0009525	TAF12	TAF12	TAF12
OG0009526	TAF1A	TAF1A	TAF1A
OG0009527	TAF1B	TAF1B	TAF1B
OG0009528	TAF2	TAF2	TAF2
OG0009529	TAF3	TAF3	TAF3
OG0009530	TAF5L	LOC133352675	TAF5L
OG0009531	TAF6L	TAF6L	TAF6L
OG0009532	TAFAZZIN	TAFAZZIN	TAFAZZIN
OG0009533	TAMM41	TAMM41	TAMM41
OG0009534	TARBP1	TARBP1	TARBP1
OG0009535	TARS1	TARS1	TARS1
OG0009536	TASP1	TASP1	TASP1
OG0009537	TAT	TAT	TAT
OG0009538	TATDN1	TATDN1	TATDN1
OG0009539	TATDN3	LOC133347173	TATDN3
OG0009540	TAX1BP1	TAX1BP1	TAX1BP1
OG0009541	TAX1BP3	TAX1BP3	LOC116951970
OG0009542	TBC1D10A	LOC133348833	LOC116950068
OG0009543	TBC1D13	TBC1D13	TBC1D13
OG0009544	TBC1D17	TBC1D15	TBC1D15
OG0009545	TBC1D19	TBC1D19	TBC1D19
OG0009546	TBC1D20	TBC1D20	TBC1D20
OG0009547	TBC1D23	TBC1D23	TBC1D23
OG0009548	TBC1D24	TBC1D24	TBC1D24
OG0009549	TBC1D25	TBC1D25	TBC1D25
OG0009550	TBC1D30	TBC1D30	TBC1D30
OG0009551	TBC1D32	TBC1D32	TBC1D32
OG0009552	TBC1D5	TBC1D5	TBC1D5
OG0009553	TBCA	TBCA	TBCA
OG0009554	TBCD	TBCD	TBCD
OG0009555	TBCEL	TBCEL	TBCEL
OG0009556	TBCK	TBCK	TBCK
OG0009557	TBK1	TBK1	TBK1
OG0009558	TBL2	TBL2	TBL2
OG0009559	TBX20	LOC133340496	LOC116945900
OG0009560	TBXT	LOC133352956	TBXT
OG0009561	TC2N	LOC133356290	LOC116953994
OG0009562	TCF21	LOC133349264	LOC116942696
OG0009563	TCFL5	LOC133353011	LOC116946560
OG0009565	TCTE1	LOC133341467	DRC5
OG0009566	TDG	LOC133352344	LOC116950514
OG0009567	TDP1	TDP1	TDP1
OG0009568	TDP2	LOC133344121	LOC116941707
OG0009569	TDRD15	LOC133352925	LOC116946468
OG0009570	TECPR1	TECPR1	TECPR1
OG0009571	TECPR2	LOC133347366	TECPR2
OG0009572	TEDC2	TEDC2	TEDC2
OG0009573	TEN1	TEN1	TEN1
OG0009574	TEP1	LOC133339599	TEP1
OG0009575	TERB1	TERB1	TERB1
OG0009576	TERB2	TERB2	TERB2
OG0009577	TES	LOC133348955	TES
OG0009578	TEX10	TEX10	TEX10
OG0009579	TEX264	TEX264	TEX264
OG0009580	TEX47	TEX47	TEX47
OG0009581	TFAP4	TFAP4	TFAP4
OG0009582	TFB1M	TFB1M	TFB1M
OG0009583	TFB2M	TFB2M	TFB2M
OG0009584	TFPT	TFPT	TFPT
OG0009585	TGFB2	LOC133360030	LOC116947177
OG0009586	TGS1	TGS1	TGS1
OG0009587	TH	LOC133350419	TH
OG0009588	THG1L	THG1L	THG1L
OG0009589	THOC1	THOC1	THOC1
OG0009590	THOC2	THOC2	THOC2
OG0009591	THOC5	THOC5	THOC5
OG0009592	THOC7	THOC7	THOC7
OG0009593	THTPA	THTPA	THTPA
OG0009594	THUMPD1	THUMPD1	THUMPD1
OG0009595	THUMPD3	THUMPD3	THUMPD3
OG0009596	TIMM10	TIMM10	TIMM10
OG0009597	TIMM21	TIMM21	TIMM21
OG0009598	TIMM22	TIMM22	TIMM22
OG0009599	TIMM44	LOC133355192	TIMM44
OG0009600	TIMM50	TIMM50	TIMM50
OG0009601	TIMM8A	LOC133357780	LOC116955662
OG0009602	TIMMDC1	TIMMDC1	TIMMDC1
OG0009603	TIMP3	LOC133351565	LOC116947500
OG0009604	TKFC	TKFC	TKFC
OG0009605	TM2D1	TM2D1	TM2D1
OG0009606	TM2D2	TM2D2	TM2D2
OG0009607	TM9SF1	TM9SF1	TM9SF1
OG0009608	TM9SF3	TM9SF3	TM9SF3
OG0009609	TM9SF4	TM9SF4	TM9SF4
OG0009610	TMA16	TMA16	TMA16
OG0009611	TMCO1	TMCO1	TMCO1
OG0009612	TMCO3	TMCO3	SLC9D1
OG0009613	TMED10	TMED10	TMED10
OG0009614	TMED2	TMED2	TMED2
OG0009615	TMED6	TMED6	TMED6
OG0009616	TMED8	LOC133341394	TMED8
OG0009617	TMEM101	TMEM101	TMEM101
OG0009618	TMEM108	TMEM108	TMEM108
OG0009619	TMEM11	TMEM11	TMEM11
OG0009620	TMEM116	LOC133355469	LOC116952343
OG0009621	TMEM117	TMEM117	TMEM117
OG0009622	TMEM125	TMEM125	TMEM125
OG0009623	TMEM128	TMEM128	TMEM128
OG0009624	TMEM131	LOC133350013	TMEM131
OG0009625	TMEM135	TMEM135	TMEM135
OG0009626	TMEM138	TMEM138	TMEM138
OG0009627	TMEM143	TMEM143	TMEM143
OG0009628	TMEM144	TMEM144	TMEM144
OG0009629	TMEM147	TMEM147	TMEM147
OG0009630	TMEM160	TMEM160	TMEM160
OG0009631	TMEM161B	LOC133354120	LOC116950615
OG0009632	TMEM163	TMEM163	TMEM163
OG0009633	TMEM164	TMEM164	TMEM164
OG0009634	TMEM168	TMEM168	TMEM168
OG0009635	TMEM169	TMEM169	TMEM169
OG0009636	TMEM178B	LOC133350211	LOC116940015
OG0009637	TMEM18	TMEM18	TMEM18
OG0009638	TMEM181	TMEM181	TMEM181
OG0009639	TMEM183A	TMEM183A	TMEM183A
OG0009640	TMEM184B	TMEM184B	TMEM184B
OG0009641	TMEM184C	TMEM184C	TMEM184C
OG0009642	TMEM19	TMEM19	TMEM19
OG0009643	TMEM196	TMEM196	TMEM196
OG0009644	TMEM199	TMEM199	VMA12
OG0009645	TMEM200A	LOC133352970	LOC116946692
OG0009646	TMEM201	TMEM201	TMEM201
OG0009647	TMEM204	TMEM204	TMEM204
OG0009648	TMEM208	TMEM208	TMEM208
OG0009649	TMEM209	TMEM209	TMEM209
OG0009650	TMEM214	LOC133353257	LOC116945152
OG0009651	TMEM220	TMEM220	TMEM220
OG0009652	TMEM222	TMEM222	TMEM222
OG0009653	TMEM223	TMEM223	TMEM223
OG0009654	TMEM229A	TMEM229A	TMEM229A
OG0009655	TMEM229B	TMEM229B	TMEM229B
OG0009656	TMEM231	TMEM231	TMEM231
OG0009657	TMEM234	TMEM234	TMEM234
OG0009658	TMEM237	LOC133341973	LOC142929609
OG0009659	TMEM240	TMEM240	TMEM240
OG0009660	TMEM241	TMEM241	SLC35D4
OG0009661	TMEM243	TMEM243	TMEM243
OG0009662	TMEM244	TMEM244	TMEM244
OG0009663	TMEM258	TMEM258	TMEM258
OG0009665	TMEM260	TMEM260	TMEM260
OG0009666	TMEM266	TMEM266	TMEM266
OG0009667	TMEM275	TMEM275	TMEM275
OG0009668	TMEM33	TMEM33	TMEM33
OG0009669	TMEM38A	TMEM38A	TMEM38A
OG0009670	TMEM41A	TMEM41A	TMEM41A
OG0009671	TMEM41B	TMEM41B	TMEM41B
OG0009672	TMEM47	TMEM47	LOC116955628
OG0009673	TMEM60	TMEM60	TMEM60
OG0009674	TMEM64	TMEM64	TMEM64
OG0009675	TMEM67	TMEM67	TMEM67
OG0009676	TMEM70	TMEM70	TMEM70
OG0009677	TMEM86A	TMEM86A	TMEM86A
OG0009678	TMEM9	TMEM9	TMEM9
OG0009679	TMEM94	TMEM94	TMEM94
OG0009680	TMEM97	TMEM97	TMEM97
OG0009681	TMF1	TMF1	TMF1
OG0009682	TMOD4	LOC133354125	LOC116950604
OG0009683	TMTC1	TMTC1	TMTC1
OG0009684	TMTC2	TMTC2	TMTC2
OG0009685	TMTC3	TMTC3	TMTC3
OG0009686	TMTC4	TMTC4	TMTC4
OG0009687	TNFAIP3	LOC133357132	TNFAIP3
OG0009688	TNFRSF21	TNFRSF21	TNFRSF21
OG0009690	TNK2	TNK2	TNK2
OG0009691	TNNC1	LOC133349381	TNNC1
OG0009692	TOE1	TOE1	TOE1
OG0009693	TOLLIP	TOLLIP	TOLLIP
OG0009694	TOMM40	LOC133342107	LOC116948193
OG0009695	TOMM5	TOMM5	TOMM5
OG0009696	TOMM6	TOMM6	TOMM6
OG0009697	TOMM70	TOMM70	TOMM70
OG0009698	TONSL	TONSL	TONSL
OG0009699	TOP3A	TOP3A	TOP3A
OG0009700	TP53I11	LOC133350153	LOC116940056
OG0009701	TP53RK	TP53RK	TP53RK
OG0009702	TPH1	LOC133351366	TPH1
OG0009703	TPI1	TPI1	TPI1
OG0009704	TPK1	TPK1	TPK1
OG0009705	TPO	TPO	TPO
OG0009706	TPP1	TPP1	TPP1
OG0009707	TRABD2A	LOC133351885	TRABD2B
OG0009708	TRAF3IP1	TRAF3IP1	TRAF3IP1
OG0009709	TRAF6	LOC133351359	TRAF6
OG0009711	TRAPPC10	TRAPPC10	TRAPPC10
OG0009712	TRAPPC11	TRAPPC11	TRAPPC11
OG0009713	TRAPPC12	TRAPPC12	TRAPPC12
OG0009714	TRAPPC13	TRAPPC13	TRAPPC13
OG0009716	TRAPPC2L	TRAPPC2L	TRAPPC2L
OG0009717	TRAPPC3	TRAPPC3	TRAPPC3
OG0009718	TRAPPC4	TRAPPC4	TRAPPC4
OG0009719	TRAPPC5	TRAPPC5	TRAPPC5
OG0009720	TRAPPC8	TRAPPC8	TRAPPC8
OG0009721	TRAPPC9	TRAPPC9	TRAPPC9
OG0009722	TRIM37	TRIM37	TRIM37
OG0009723	TRIM71	TRIM71	TRIM71
OG0009724	TRIP11	LOC133346994	TRIP11
OG0009725	TRIP12	TRIP12	TRIP12
OG0009726	TRIP4	TRIP4	TRIP4
OG0009727	TRIR	TRIR	TRIR
OG0009728	TRIT1	TRIT1	TRIT1
OG0009729	TRMT10C	LOC133354803	LOC116952892
OG0009730	TRMT112	TRMT112	TRMT112
OG0009731	TRMT12	TRMT12	TYW2
OG0009732	TRMT13	TRMT13	TRMT13
OG0009733	TRMT1L	LOC133341910	TRMT1L
OG0009734	TRMT44	TRMT44	TRMT44
OG0009735	TRMT6	TRMT6	LOC116953831
OG0009736	TRMT61A	TRMT61A	TRMT61A
OG0009737	TRMT9B	TRMT9B	TRMT9B
OG0009738	TRPA1	TRPA1	TRPA1
OG0009739	TRPC1	TRPC1	TRPC1
OG0009740	TRPC4AP	TRPC4AP	TRPC4AP
OG0009741	TRPM2	TRPM2	TRPM2
OG0009742	TRPM7	LOC133346765	LOC116940949
OG0009743	TRPT1	TRPT1	TRPT1
OG0009744	TSC1	TSC1	TSC1
OG0009745	TSC2	TSC2	TSC2
OG0009746	TSEN15	TSEN15	TSEN15
OG0009747	TSEN34	TSEN34	TSEN34
OG0009749	TSG101	TSG101	LOC116945489
OG0009750	TSKU	TSKU	TSKU
OG0009751	TSN	TSN	TSN
OG0009752	TSNAX	TSNAX	TSNAX
OG0009753	TSPAN3	LOC133346455	LOC116956464
OG0009754	TSR1	TSR1	TSR1
OG0009755	TSR2	TSR2	TSR2
OG0009756	TSR3	TSR3	TSR3
OG0009757	TSTD2	TSTD2	TSTD2
OG0009758	TTC19	TTC19	TTC19
OG0009759	TTC21B	TTC21B	TTC21B
OG0009760	TTC24	TTC24	TTC24
OG0009761	TTC27	TTC27	TTC27
OG0009762	TTC38	TTC38	TTC38
OG0009763	TTC8	TTC8	TTC8
OG0009765	TTI2	TTI2	TTI2
OG0009766	TTL	TTL	TTL
OG0009767	TTLL1	TTLL1	TTLL1
OG0009768	TTR	TTR	TTR
OG0009769	TTYH2	LOC133347916	LOC116957883
OG0009770	TUBD1	TUBD1	TUBD1
OG0009771	TUBE1	TUBE1	TUBE1
OG0009772	TUBGCP2	TUBGCP2	TUBGCP2
OG0009773	TUBGCP4	TUBGCP4	TUBGCP4
OG0009774	TUBGCP6	TUBGCP6	TUBGCP6
OG0009775	TULP4	TULP4	TULP4
OG0009776	TUSC2	TUSC2	TUSC2
OG0009777	TUT1	LOC133344813	TUT1
OG0009778	TWNK	TWNK	TWNK
OG0009779	TWSG1	TWSG1	TWSG1
OG0009780	TXN2	TXN2	TXN2
OG0009781	TXNDC11	TXNDC11	TXNDC11
OG0009782	TXNDC15	TXNDC15	TXNDC15
OG0009783	TXNDC16	TXNDC16	TXNDC16
OG0009784	TXNDC5	TXNDC5	TXNDC5
OG0009786	TXNL4B	TXNL4B	TXNL4B
OG0009787	TYMP	TYMP	TYMP
OG0009788	TYMS	TYMS	TYMS
OG0009789	TYW3	TYW3	TYW3
OG0009790	TYW5	TYW5	TYW5
OG0009791	U2SURP	U2SURP	U2SURP
OG0009792	UBA1	LOC133351790	UBA1
OG0009794	UBA3	UBA3	UBA3
OG0009795	UBA5	UBA5	UBA5
OG0009796	UBA6	UBA6	UBA6
OG0009797	UBASH3B	UBASH3B	UBASH3B
OG0009798	UBE2F	UBE2F	UBE2F
OG0009799	UBE2G1	UBE2G1	LOC116938060
OG0009800	UBE2H	UBE2H	UBE2H
OG0009801	UBE2M	UBE2M	UBE2M
OG0009802	UBE2O	UBE2O	UBE2O
OG0009803	UBE2W	UBE2W	UBE2W
OG0009804	UBE2Z	UBE2Z	UBE2Z
OG0009805	UBE3B	UBE3B	UBE3B
OG0009806	UBE4A	UBE4A	UBE4A
OG0009807	UBFD1	UBFD1	UBFD1
OG0009808	UBIAD1	UBIAD1	UBIAD1
OG0009809	UBL4A	LOC133344266	LOC116941560
OG0009810	UBL5	UBL5	UBL5
OG0009811	UBL7	UBL7	UBL7
OG0009812	UBR3	UBR3	UBR3
OG0009814	UBTD2	LOC133343507	LOC116940682
OG0009815	UCK2	UCK2	UCK2
OG0009816	UCKL1	UCKL1	UCKL1
OG0009817	UFSP2	UFSP2	UFSP2
OG0009818	UGT8	UGT8	UGT8
OG0009819	UIMC1	LOC133340941	UIMC1
OG0009820	UMAD1	UMAD1	UMAD1
OG0009821	UNC79	UNC79	UNC79
OG0009822	UNC80	UNC80	UNC80
OG0009823	UNC93B1	LOC133348352	UNC93B1
OG0009825	UPB1	UPB1	UPB1
OG0009826	UPF1	UPF1	UPF1
OG0009827	UPF2	UPF2	UPF2
OG0009828	UPK1A	UPK1A	UPK1A
OG0009829	UPRT	UPRT	UPRT
OG0009830	UQCC2	LOC133351713	UQCC2
OG0009831	UQCC5	LOC133355504	UQCC5
OG0009832	UQCRFS1	LOC133355988	UQCRFS1
OG0009833	UQCRH	LOC133363037	LOC116957725
OG0009835	URB1	URB1	URB1
OG0009836	URB2	URB2	URB2
OG0009837	UROC1	UROC1	UROC1
OG0009838	UROD	UROD	UROD
OG0009839	USB1	USB1	USB1
OG0009840	USE1	USE1	USE1
OG0009841	USP10	USP10	USP10
OG0009842	USP14	USP14	USP14
OG0009843	USP19	LOC133356584	LOC116951260
OG0009844	USP3	USP3	USP3
OG0009845	USP33	LOC133341697	USP33
OG0009846	USP34	USP34	USP34
OG0009847	USP38	USP38	USP38
OG0009849	USP40	LOC133345316	USP40
OG0009850	USP46	USP46	LOC116942832
OG0009851	USP48	USP48	USP48
OG0009852	USP49	LOC133356520	LOC116951265
OG0009853	USP7	USP7	USP7
OG0009854	UST	UST	UST
OG0009855	UTP15	UTP15	UTP15
OG0009856	UTP25	UTP25	UTP25
OG0009857	UTP6	UTP6	UTP6
OG0009858	UTS2R	LOC133353497	LOC116946239
OG0009859	UVRAG	UVRAG	UVRAG
OG0009860	UVSSA	UVSSA	UVSSA
OG0009861	UXT	UXT	UXT
OG0009862	VAC14	VAC14	VAC14
OG0009863	VAMP7	LOC133349980	VAMP7
OG0009864	VANGL2	LOC133358495	LOC116955925
OG0009865	VASN	VASN	LOC116951673
OG0009866	VAX1	LOC133343417	LOC116940569
OG0009867	VBP1	VBP1	VBP1
OG0009869	VCPIP1	VCPIP1	VCPIP1
OG0009870	VEZT	VEZT	VEZT
OG0009871	VIPAS39	VIPAS39	VIPAS39
OG0009872	VIRMA	VIRMA	VIRMA
OG0009873	VKORC1L1	LOC133348378	LOC116939185
OG0009874	VMA21	VMA21	VMA21
OG0009875	VMP1	VMP1	VMP1
OG0009876	VPS11	VPS11	VPS11
OG0009877	VPS13B	VPS13B	VPS13B
OG0009878	VPS18	VPS18	VPS18
OG0009879	VPS26C	VPS26C	VPS26C
OG0009880	VPS28	VPS28	VPS28
OG0009881	VPS29	VPS29	VPS29
OG0009882	VPS33A	VPS33A	VPS33A
OG0009883	VPS33B	VPS33B	VPS33B
OG0009884	VPS35	VPS35	VPS35
OG0009885	VPS35L	VPS35L	VPS35L
OG0009886	VPS37A	VPS37A	VPS37A
OG0009887	VPS39	VPS39	VPS39
OG0009888	VPS41	VPS41	VPS41
OG0009889	VPS50	VPS50	VPS50
OG0009890	VPS51	VPS51	VPS51
OG0009891	VPS52	LOC133360178	LOC116955383
OG0009892	VPS54	VPS54	VPS54
OG0009893	VPS72	VPS72	VPS72
OG0009894	VPS8	VPS8	VPS8
OG0009895	VPS9D1	VPS9D1	VPS9D1
OG0009896	VTI1A	LOC133350604	LOC142924116
OG0009897	VTI1B	VTI1B	VTI1B
OG0009898	VWC2L	LOC133345366	LOC116944842
OG0009899	VWDE	LOC133346047	LOC116938595
OG0009900	WAPL	WAPL	LOC116944931
OG0009901	WARS1	WARS1	WARS1
OG0009902	WARS2	WARS2	WARS2
OG0009903	WASHC3	WASHC3	WASHC3
OG0009904	WASHC5	WASHC5	WASHC5
OG0009905	WBP11	WBP11	WBP11
OG0009906	WBP2	WBP2	WBP2
OG0009907	WDHD1	WDHD1	WDHD1
OG0009908	WDR12	WDR12	WDR12
OG0009909	WDR13	WDR13	WDR13
OG0009910	WDR18	WDR18	WDR18
OG0009911	WDR19	WDR19	WDR19
OG0009912	WDR24	WDR24	WDR24
OG0009913	WDR25	LOC133352645	WDR25
OG0009914	WDR3	WDR3	WDR3
OG0009915	WDR35	WDR35	WDR35
OG0009916	WDR36	WDR36	WDR36
OG0009917	WDR37	WDR37	WDR37
OG0009918	WDR4	WDR4	WDR4
OG0009919	WDR43	WDR43	WDR43
OG0009920	WDR46	WDR46	WDR46
OG0009921	WDR47	WDR47	WDR47
OG0009922	WDR48	WDR48	WDR48
OG0009923	WDR5	WDR5	WDR5
OG0009924	WDR53	LOC133362890	WDR53
OG0009925	WDR54	WDR54	WDR54
OG0009926	WDR59	WDR59	WDR59
OG0009927	WDR74	WDR74	WDR74
OG0009928	WDR75	WDR75	WDR75
OG0009929	WDR77	LOC133350266	WDR77
OG0009930	WDR82	WDR82	WDR82
OG0009931	WDR89	WDR89	WDR89
OG0009932	WDR91	WDR91	WDR91
OG0009933	WDSUB1	WDSUB1	WDSUB1
OG0009934	WFDC1	WFDC1	WFDC1
OG0009935	WIF1	WIF1	WIF1
OG0009936	WNT1	WNT1	WNT1
OG0009937	WNT10A	LOC133345960	WNT10A
OG0009938	WNT4	WNT4	WNT4
OG0009939	WNT9A	LOC133345244	WNT9A
OG0009941	WRNIP1	WRNIP1	WRNIP1
OG0009942	WSB1	LOC133348742	LOC116950292
OG0009943	XAB2	XAB2	XAB2
OG0009944	XPC	XPC	XPC
OG0009945	XPNPEP2	XPNPEP2	XPNPEP2
OG0009946	XPNPEP3	XPNPEP3	XPNPEP3
OG0009947	XPO4	XPO4	XPO4
OG0009948	XPO7	XPO7	XPO7
OG0009949	XPOT	XPOT	XPOT
OG0009950	XPR1	XPR1	XPR1
OG0009951	XRCC1	XRCC1	XRCC1
OG0009952	XRCC2	XRCC2	XRCC2
OG0009953	XRCC5	XRCC5	XRCC5
OG0009954	XRN2	XRN2	XRN2
OG0009955	XXYLT1	XXYLT1	XXYLT1
OG0009956	YAE1	YAE1	YAE1
OG0009957	YARS2	YARS2	YARS2
OG0009958	YBEY	YBEY	YBEY
OG0009959	YDJC	YDJC	YDJC
OG0009960	YEATS2	YEATS2	YEATS2
OG0009961	YIPF3	LOC133349546	YIPF3
OG0009962	YIPF4	YIPF4	YIPF4
OG0009963	YIPF5	YIPF5	YIPF5
OG0009964	YIPF6	YIPF6	YIPF6
OG0009965	YJU2	LOC133350152	YJU2
OG0009966	YME1L1	YME1L1	YME1L1
OG0009967	YOD1	YOD1	YOD1
OG0009968	YRDC	LOC133356979	LOC116955598
OG0009969	ZBTB38	LOC133353781	LOC116952536
OG0009970	ZBTB8OS	ZBTB8OS	ZBTB8OS
OG0009971	ZC3H10	ZC3H10	ZC3H10
OG0009972	ZC3H14	ZC3H14	ZC3H14
OG0009973	ZC3H15	ZC3H15	ZC3H15
OG0009974	ZC3H18	ZC3H18	ZC3H18
OG0009975	ZC3H3	ZC3H3	ZC3H3
OG0009976	ZC3H7A	LOC133353689	LOC116946152
OG0009977	ZC3HC1	ZC3HC1	ZC3HC1
OG0009978	ZC4H2	ZC4H2	ZC4H2
OG0009979	ZCCHC10	ZCCHC10	ZCCHC10
OG0009980	ZCCHC7	ZCCHC7	ZCCHC7
OG0009981	ZCCHC8	ZCCHC8	ZCCHC8
OG0009982	ZCRB1	ZCRB1	ZCRB1
OG0009983	ZDHHC17	ZDHHC17	ZDHHC17
OG0009984	ZDHHC6	ZDHHC6	ZDHHC6
OG0009985	ZER1	LOC133362773	ZER1
OG0009986	ZFAND3	ZFAND3	ZFAND3
OG0009987	ZFPL1	ZFPL1	ZFPL1
OG0009988	ZFR	ZFR	ZFR
OG0009989	ZFTRAF1	ZFTRAF1	ZFTRAF1
OG0009990	ZFYVE1	ZFYVE1	ZFYVE1
OG0009991	ZFYVE19	ZFYVE19	ZFYVE19
OG0009992	ZFYVE26	ZFYVE26	ZFYVE26
OG0009993	ZFYVE27	ZFYVE27	ZFYVE27
OG0009995	ZGRF1	ZGRF1	ZGRF1
OG0009996	ZMAT2	ZMAT2	ZMAT2
OG0009997	ZMAT4	ZMAT4	ZMAT4
OG0009998	ZMIZ1	LOC133350688	ZMIZ1
OG0009999	ZMPSTE24	ZMPSTE24	ZMPSTE24
OG0010000	ZMYND10	ZMYND10	ZMYND10
OG0010001	ZMYND11	ZMYND11	ZMYND11
OG0010002	ZMYND19	ZMYND19	ZMYND19
OG0010003	ZNF106	ZNF106	ZNF106
OG0010004	ZNF207	ZNF207	ZNF207
OG0010005	ZNF236	ZNF236	ZNF236
OG0010006	ZNF277	ZNF277	ZNF277
OG0010007	ZNF330	ZNF330	ZNF330
OG0010008	ZNF451	ZNF451	ZNF451
OG0010009	ZNF503	LOC133350522	LOC116940354
OG0010010	ZNF511	ZNF511	ZNF511
OG0010011	ZNF532	ZNF532	ZNF532
OG0010012	ZNF593	ZNF593	ZNF593
OG0010013	ZNF622	ZNF622	ZNF622
OG0010014	ZNF706	ZNF706	ZNF706
OG0010015	ZNF830	ZNF830	ZNF830
OG0010016	ZNHIT2	LOC133361178	ZNHIT2
OG0010017	ZNHIT3	ZNHIT3	ZNHIT3
OG0010018	ZNHIT6	ZNHIT6	ZNHIT6
OG0010019	ZNRD2	ZNRD2	ZNRD2
OG0010020	ZPR1	ZPR1	ZPR1
OG0010021	ZRANB1	ZRANB1	ZRANB1
OG0010022	ZRANB3	ZRANB3	ZRANB3
OG0010023	ZRSR2	ZRSR2	ZRSR2
OG0010024	ZSWIM7	ZSWIM7	ZSWIM7
OG0010025	ZSWIM8	ZSWIM8	ZSWIM8
OG0010026	ZUP1	ZUP1	ZUP1
OG0010027	ZW10	ZW10	ZW10
OG0010028	ZWILCH	LOC133341487	ZWILCH
OG0010029	ZZZ3	ZZZ3	ZZZ3
OG0010528		LOC133344916	LOC116945539
OG0010529		LOC133346217	LOC116937310
OG0010530	LOC137433917		LOC116954745
OG0010531	LOC137439503		LOC116948234
OG0010535	LOC137414072		MYH16
OG0010536		LOC133359742	LOC116947153
OG0010537	LOC137427240		LOC116956540
OG0010538		LOC133341473	LOC116947691
OG0010539		ATP11B	LOC116956280
OG0010540		LOC133346555	LOC116938823
OG0010541		LOC133346554	LOC116938817
OG0010542	AP2M1		AP2M1
OG0010543	LOC137424457	LOC133352452	
OG0010545	LOC137436088		LOC116941580
OG0010546	LOC137437132		GRM8
OG0010547	SLC8A3		LOC116947340
OG0010548	LOC137434504		LOC116954924
OG0010549	LOC137416072		LOC116936825
OG0010550	LOC137421211		LOC116954914
OG0010551	LOC137422153	LOC133359271	
OG0010552	LOC137432221		LOC116958418
OG0010553	LOC137412272	LOC133360738	
OG0010554	LOC137439316		LOC142906917
OG0010555	LOC137423905	LOC133352895	
OG0010556	LOC137424391		LOC116957110
OG0010557	LOC137425744		LOC116947033
OG0010558	GLIPR2		GLIPR2
OG0010559	LOC137432420		LOC116938280
OG0010560	LOC137420814		RNF181
OG0010561	PRKAA2		PRKAA2
OG0010562	LOC137424178	LOC133347947	
OG0010563	LOC137423395		LOC116956805
OG0010564	LOC137425258		LOC142907874
OG0010565	PAX6	LOC133351377	
OG0010566	LOC137429918		IFIH1
OG0010567	LOC137432718		LOC116958142
OG0010568	MYO7A		LOC116957890
OG0010569	PRODH2		PRODH2
OG0010570	LOC137432295	LOC133350294	
OG0010571	LOC137411173		LOC116958393
OG0010572	LOC137413037		LOC142905332
OG0010573	LOC137425188		LOC116958062
OG0010574	LOC137416889		LOC116939879
OG0010575	LOC137424658		LOC116946987
OG0010576	LOC137421843		LOC116945263
OG0010577	LOC137426622		LOC116958330
OG0010578	TMEM104	LOC133347352	
OG0010579	LOC137426969	LOC133348004	
OG0010580	LOC137429499	LOC133344482	
OG0010581	LOC137428976	LOC133344582	
OG0010582	PITPNC1		LOC116946089
OG0010583	LOC137431368		LOC116956756
OG0010584	PCK1		LOC116957064
OG0010585	WDR45B		LOC116937571
OG0010586	WDR45		WDR45
OG0010587	LOC137415023		LOC116938027
OG0010588	LOC137419023		LOC116937101
OG0010590	ACP2		LOC116937793
OG0010591	ADK		ADK
OG0010592	AEBP2		AEBP2
OG0010593	AFG2A		AFG2A
OG0010594	AIP		AIP
OG0010595	AKAP14	AKAP14	
OG0010596	ANAPC2		ANAPC2
OG0010597	ANKRD50		LOC116958361
OG0010598	ANKRD54		ANKRD54
OG0010599	ANKS6		ANKS6
OG0010600	AP5B1		AP5B1
OG0010601	APEX1		APEX1
OG0010602	APIP		LOC116937740
OG0010603	ARCN1		ARCN1
OG0010604	ARHGAP39		ARHGAP39
OG0010605	ARL6		ARL6
OG0010606	ASCC1		ASCC1
OG0010607	ATAT1		ATAT1
OG0010608	ATG10		ATG10
OG0010609	ATG101		ATG101
OG0010610	ATG3		ATG3
OG0010611	ATOX1		ATOX1
OG0010612	ATP5PO		ATP5PO
OG0010613	B4GALT7		B4GALT7
OG0010614	BATF	LOC133352728	
OG0010615	BCKDK		LOC116937490
OG0010616	BLZF1		BLZF1
OG0010617	BNIP1		BNIP1
OG0010618	C11H14orf132	LOC133356234	
OG0010619	C5H11orf58		C80H11orf58
OG0010620	C6H12orf43		C57H12orf43
OG0010621	C8H11orf54		LOC116958451
OG0010622	C8H2orf68		C68H2orf68
OG0010623	CAPZB		CAPZB
OG0010624	CCDC125		CCDC125
OG0010625	CCT3		CCT3
OG0010626	CD2BP2		CD2BP2
OG0010627	CDK5		CDK5
OG0010628	CDK8		LOC142923737
OG0010629	CDPF1		CDPF1
OG0010630	CENPL		CENPL
OG0010631	CFAP69		CFAP69
OG0010632	CHIC2		CHIC2
OG0010633	CHMP2B		CHMP2B
OG0010634	CIP2A		CIP2A
OG0010635	CMIP		CMIP
OG0010636	COG5		COG5
OG0010637	COG6		COG6
OG0010639	COMMD2		COMMD2
OG0010640	COX10		COX10
OG0010641	COX5A		COX5A
OG0010642	COX7C	LOC133342625	
OG0010643	CPLANE2		LOC116937544
OG0010644	CRCP		CRCP
OG0010645	CREBRF		LOC116958798
OG0010646	CTU1		CTU1
OG0010647	CYP19A1		CYP19A1
OG0010648	DBT		DBT
OG0010649	DCAF6		DCAF6
OG0010650	DCAF8		LOC116938072
OG0010651	DCTPP1		LOC142908241
OG0010652	DDI2		LOC116958288
OG0010653	DDX51		DDX51
OG0010654	DGCR8		LOC142922568
OG0010655	DHX38		LOC116957033
OG0010656	DIMT1		DIMT1
OG0010657	DNAAF10		DNAAF10
OG0010658	DNAJC11		LOC116938043
OG0010659	DNAJC19		DNAJC19
OG0010660	DPH3	DPH3	
OG0010661	DPM2		DPM2
OG0010662	DRG1		DRG1
OG0010663	DUS1L		DUS1L
OG0010664	ECM1		ECM1
OG0010665	EDRF1		EDRF1
OG0010666	EFCAB10		EFCAB10
OG0010667	EGLN1		LOC116947785
OG0010668	EIF4ENIF1		EIF4ENIF1
OG0010669	EMC1		LOC142908168
OG0010670	EMC4		EMC4
OG0010671	EPM2A		EPM2A
OG0010672	ESS2		LOC116958102
OG0010673	EXOC1		EXOC1
OG0010674	EXOSC8		EXOSC8
OG0010675	FABP2		FABP2
OG0010676	FBXL3		FBXL3
OG0010677	FBXO48	LOC133341247	
OG0010678	FKTN		FKTN
OG0010679	FUNDC1		FUNDC1
OG0010680	GABPA		LOC116958753
OG0010681	GCAT		GCAT
OG0010682	GDAP1		LOC116957011
OG0010683	GGCX		GGCX
OG0010684	GIPC1		LOC142907936
OG0010685	GLTP		GLTP
OG0010686	GNAZ		GNAZ
OG0010687	GNB1L		LOC116937752
OG0010688	GNE		GNE
OG0010689	GNPTAB		GNPTAB
OG0010690	GOSR1		GOSR1
OG0010691	GPATCH1		LOC116957099
OG0010692	GPN3		GPN3
OG0010693	GPR45		GPR45
OG0010694	GTF2H1		GTF2H1
OG0010695	GTPBP8		LOC116957663
OG0010696	GUCA1A		GUCA1A
OG0010697	HAUS1		HAUS1
OG0010698	HAUS3		LOC116957719
OG0010699	HDDC3		HDDC3
OG0010700	HNRNPK	LOC133360577	
OG0010701	HPS5		HPS5
OG0010702	HTATSF1		LOC116958175
OG0010703	IDH3B		IDH3B
OG0010704	IDS		LOC116937587
OG0010705	IFT81		LOC116957405
OG0010706	INO80E		INO80E
OG0010707	IPO4		LOC116938455
OG0010708	ITPA		ITPA
OG0010709	ITPRIP	LOC133343474	
OG0010710	JAGN1		LOC142908135
OG0010711	JAZF1		JAZF1
OG0010713	KYAT3		LOC116957425
OG0010714	LAMTOR3		LAMTOR3
OG0010715	LCMT2		LCMT2
OG0010716	LDHD		LDHD
OG0010717	LENG1		LENG1
OG0010723	LOC137411284		LOC116958779
OG0010741	LOC137411843		LOC116943518
OG0010753	LOC137412188		LOC116956742
OG0010757	LOC137412330		LOC116958362
OG0010764	LOC137412430		LOC116937355
OG0010765	LOC137412439		LOC116937345
OG0010776	LOC137412860		NOP16
OG0010817	LOC137413623		LOC116936817
OG0010819	LOC137413655	LOC133352725	
OG0010820	LOC137413681		TMEM127
OG0010834	LOC137414183		CLCC1
OG0010849	LOC137414641		LOC142908313
OG0010851	LOC137414699		TRDMT1
OG0010867	LOC137415241		LOC116945869
OG0010877	LOC137415575		LOC116937994
OG0010891	LOC137416164		LOC142906721
OG0010905	LOC137416728		LOC142906506
OG0010928	LOC137417454		LOC142923716
OG0010938	LOC137418028		LOC116956648
OG0010939	LOC137418083		LOC116958773
OG0010945	LOC137418149		LOC116937183
OG0010955	LOC137418719		LOC116941378
OG0010964	LOC137419096	LOC133350746	
OG0010968	LOC137420744		LOC142908309
OG0010969	LOC137420775		LOC142908126
OG0010972	LOC137420849		LOC116940713
OG0010973	LOC137420855		LOC116958159
OG0010974	LOC137420861		LOC116940718
OG0010975	LOC137421038		LOC116958163
OG0010976	LOC137421049		LOC116950125
OG0010977	LOC137421134	LOC133340520	
OG0010979	LOC137421160		LOC116946994
OG0010980	LOC137421177		LOC142906697
OG0010981	LOC137421186		LOC116939299
OG0010983	LOC137421309		LOC116938183
OG0010984	LOC137421311		LOC116936923
OG0010985	LOC137421318		LOC116938203
OG0010986	LOC137421320		PRDX4
OG0010987	LOC137421459	LOC133359146	
OG0010991	LOC137421555		LOC116942342
OG0010993	LOC137421860		LOC116946551
OG0010996	LOC137422032	C29H1orf216	
OG0010998	LOC137422156		SMS
OG0010999	LOC137422176		LOC116940581
OG0011002	LOC137422584	LOC133350768	
OG0011005	LOC137422947		LOC116957397
OG0011007	LOC137423015		PAH
OG0011009	LOC137423048		LOC116957398
OG0011010	LOC137423051		IGF1
OG0011011	LOC137423088		ZDHHC12
OG0011015	LOC137423595		GPX7
OG0011016	LOC137423641		LOC116941427
OG0011017	LOC137423700		LOC116938376
OG0011019	LOC137423762		LOC142924289
OG0011020	LOC137423772		LOC116958680
OG0011021	LOC137423775		LOC116941419
OG0011024	LOC137424035		LOC116953294
OG0011025	LOC137424049		LOC116941352
OG0011030	LOC137424263		SUFU
OG0011033	LOC137424545		ANAPC11
OG0011039	LOC137425086		LOC116950893
OG0011040	LOC137425100		LOC116952729
OG0011042	LOC137425177		LOC116936886
OG0011045	LOC137425216		SLC25A51
OG0011046	LOC137425232		LOC116938278
OG0011047	LOC137425233		LOC116936864
OG0011048	LOC137425234		LOC116936856
OG0011049	LOC137425239		LOC142907858
OG0011050	LOC137425244		RNF25
OG0011051	LOC137425248		LOC116936843
OG0011052	LOC137425253		LOC116936887
OG0011053	LOC137425254		LOC116938056
OG0011054	LOC137425268		LOC116937493
OG0011055	LOC137425293		LOC116938098
OG0011059	LOC137425349		LOC116956821
OG0011060	LOC137425354		LOC116958054
OG0011061	LOC137425358		PSMD10
OG0011062	LOC137425360		LOC142906762
OG0011063	LOC137425365		LOC142908110
OG0011064	LOC137425376		LOC116957175
OG0011065	LOC137425416		LOC116957125
OG0011069	LOC137425629		LOC116936857
OG0011070	LOC137425638		LOC142905248
OG0011071	LOC137425667		LOC142908506
OG0011072	LOC137425668		LOC116937202
OG0011073	LOC137425669		LOC116938077
OG0011078	LOC137425922		LOC116946824
OG0011080	LOC137425961		LOC142923406
OG0011082	LOC137426365		LOC116937503
OG0011083	LOC137426494	LOC133349875	
OG0011084	LOC137426532		LOC116958383
OG0011085	LOC137426632		LOC142906735
OG0011086	LOC137426638		LOC116958327
OG0011087	LOC137426772		LOC116955120
OG0011088	LOC137426812		LOC116958346
OG0011089	LOC137426962		LOC142907263
OG0011090	LOC137426976		RNF121
OG0011091	LOC137426996		LOC116938351
OG0011092	LOC137427052		LOC116958066
OG0011093	LOC137427104		LOC116937559
OG0011094	LOC137427112		LOC116957042
OG0011095	LOC137427117		LOC116957082
OG0011097	LOC137427151	FDX1	
OG0011098	LOC137427154		LOC142908132
OG0011099	LOC137427167		LOC116956974
OG0011100	LOC137427203		LOC116958370
OG0011103	LOC137427612		YEATS4
OG0011108	LOC137427866		LOC116949538
OG0011111	LOC137427973		LOC116958693
OG0011112	LOC137427989		LOC116957668
OG0011113	LOC137428012		LOC116948762
OG0011115	LOC137428048	LOC133341154	
OG0011119	LOC137428404	LOC133350807	
OG0011128	LOC137428877		LOC116950638
OG0011129	LOC137428900		LOC116940060
OG0011138	LOC137429758		LOC116938184
OG0011139	LOC137429795	LOC133352788	
OG0011141	LOC137429950		LOC116956724
OG0011143	LOC137430151		LOC116955399
OG0011144	LOC137430184		LOC116957423
OG0011147	LOC137430457		DNAJB13
OG0011149	LOC137430568		LOC142908936
OG0011158	LOC137431009		LOC142929624
OG0011160	LOC137431212		LOC116956414
OG0011161	LOC137431215		LOC116956521
OG0011162	LOC137431291		LOC116941407
OG0011166	LOC137431626		LOC142923251
OG0011167	LOC137431665		LOC116938580
OG0011169	LOC137431871		ACVR1
OG0011172	LOC137432044		LOC142922804
OG0011173	LOC137432081		LOC116954811
OG0011174	LOC137432111		LOC142907851
OG0011176	LOC137432202		LOC116958416
OG0011177	LOC137432291		LOC116945661
OG0011178	LOC137432361		LOC116958391
OG0011180	LOC137432373		UBE2L3
OG0011182	LOC137432384		LOC116937356
OG0011183	LOC137432445		LOC116944901
OG0011186	LOC137432697		LOC116955923
OG0011187	LOC137432707	LOC133351352	
OG0011188	LOC137432747		LOC116945068
OG0011190	LOC137432821		LOC116956726
OG0011192	LOC137432900		LOC116943050
OG0011194	LOC137433064		TAGLN3
OG0011196	LOC137433464		THAP4
OG0011197	LOC137433546		LOC116955861
OG0011201	LOC137433830		LOC116956378
OG0011202	LOC137433955		SEC61B
OG0011203	LOC137433998		GMCL1
OG0011204	LOC137434070	LOC133360166	
OG0011205	LOC137434116		LOC116955005
OG0011206	LOC137434175		LOC116955023
OG0011207	LOC137434181	LOC133359914	
OG0011208	LOC137434276		LOC116956714
OG0011210	LOC137434339		LOC116946144
OG0011212	LOC137434459	LOC133345108	
OG0011213	LOC137434518	LOC133355833	
OG0011216	LOC137434734		LOC116942001
OG0011220	LOC137435098		LOC116956274
OG0011221	LOC137435263		LOC116938197
OG0011222	LOC137435267		LAS1L
OG0011224	LOC137435479		LOC116948276
OG0011225	LOC137435530	LOC133356173	
OG0011226	LOC137435720		ATAD1
OG0011234	LOC137436749		JMJD4
OG0011238	LOC137437184	LOC133358345	
OG0011244	LOC137437449		LOC116947283
OG0011246	LOC137437526		LOC142905654
OG0011247	LOC137437773		SH3BP2
OG0011248	LOC137437793		LOC116943526
OG0011249	LOC137437817		LOC116938372
OG0011252	LOC137437931		LOC116956901
OG0011255	LOC137438131	TOP6BL	
OG0011256	LOC137438133		LOC116947250
OG0011257	LOC137438164		LOC116958776
OG0011259	LOC137438326		LMX1B
OG0011260	LOC137438330	LOC133360096	
OG0011261	LOC137438363		LOC142931188
OG0011262	LOC137438380	LOC133357442	
OG0011266	LOC137438546		LOC116937743
OG0011268	LOC137438622		LOC142922730
OG0011270	LOC137438649		SDF2
OG0011271	LOC137438652		LOC116942509
OG0011272	LOC137438753		LOC142925596
OG0011273	LOC137438774		LOC142923207
OG0011274	LOC137439022		LOC142905317
OG0011275	LOC137439045	LOC133349199	
OG0011277	LOC137439263	LOC133357027	
OG0011280	LOC137439353		LOC116952945
OG0011281	LOC137439400		LOC116939232
OG0011282	LOC137439473		LOC116955746
OG0011285	LOC137439528		LOC116937047
OG0011286	LOC137439595	LOC133357778	
OG0011287	LOC137439637		LOC116955724
OG0011288	LOC137439705		LOC116952920
OG0011289	LOC137439803		LOC116936942
OG0011291	LOC137439987		LOC116958137
OG0011292	LOC137439988		LOC116938401
OG0011293	LRMDA		LRMDA
OG0011294	LRRC56		LOC116945465
OG0011295	MANBAL		MANBAL
OG0011296	MED11		MED11
OG0011297	MED19		MED19
OG0011298	MED26		MED26
OG0011299	MED31		MED31
OG0011300	METTL14		METTL14
OG0011301	METTL18		LOC142907753
OG0011302	MGMT		MGMT
OG0011303	MIX23		MIX23
OG0011304	MMUT		LOC142923384
OG0011305	MPHOSPH6		MPHOSPH6
OG0011306	MRGBP		MRGBP
OG0011307	MRM1		MRM1
OG0011308	MRPL34		MRPL34
OG0011309	MRPL9		MRPL9
OG0011310	MRTO4		MRTO4
OG0011311	MSRB1		MSRB1
OG0011312	MVD		MVD
OG0011313	MVK		MVK
OG0011314	MYO18A		LOC116941926
OG0011315	NAA40		NAA40
OG0011316	NARS1		NARS1
OG0011317	NARS2		NARS2
OG0011318	NAT9	NAT9	
OG0011319	NCAPD2		LOC116937044
OG0011320	NCAPG		NCAPG
OG0011321	NDFIP1		LOC116958326
OG0011322	NDOR1		NDOR1
OG0011323	NDUFA8		NDUFA8
OG0011324	NDUFAF6		NDUFAF6
OG0011325	NDUFB9		NDUFB9
OG0011326	NDUFS2		NDUFS2
OG0011327	NF1		NF1
OG0011328	NGRN		NGRN
OG0011329	NHLH1		NHLH1
OG0011330	NIPBL		NIPBL
OG0011331	NOB1		NOB1
OG0011332	NOL6		NOL6
OG0011333	NPPB	LOC133352388	
OG0011334	NR6A1		NR6A1
OG0011335	NSMCE2		NSMCE2
OG0011336	NSUN5		NSUN5
OG0011337	NUS1		NUS1
OG0011338	PANK4		PANK4
OG0011339	PCCB		PCCB
OG0011340	PCP4L1	LOC133347940	
OG0011341	PDF		PDF
OG0011342	PDHA1		PDHA1
OG0011343	PDLIM1		LOC116950939
OG0011344	PDRG1	PDRG1	
OG0011345	PDZD11		PDZD11
OG0011346	PELO		PELO
OG0011347	PEPD		PEPD
OG0011348	PFDN6		PFDN6
OG0011349	PGGT1B		PGGT1B
OG0011350	PIDD1	PIDD1	
OG0011351	PIGC		PIGC
OG0011352	PIGG		PIGG
OG0011353	PIGS		PIGS
OG0011354	POLD4		LOC116937013
OG0011355	POLN		LOC116957718
OG0011356	POLR1H		POLR1H
OG0011357	POLR2J		LOC116937358
OG0011358	POLR3A		POLR3A
OG0011359	POP5		POP5
OG0011360	PPCS		LOC142907165
OG0011361	PPIH		PPIH
OG0011362	PPP1R8	PPP1R8	
OG0011363	PPP4C		PPP4C
OG0011364	PRCP		LOC142907069
OG0011365	PRDM1		LOC116957925
OG0011366	PRDM13		PRDM13
OG0011367	PRDX6		PRDX6
OG0011368	PRPF19		LOC116958412
OG0011369	PRPF31		LOC142907965
OG0011370	PRPF4		PRPF4
OG0011371	PSMA1		PSMA1
OG0011372	PSMB1		PSMB1
OG0011373	PSTK		LOC116958031
OG0011374	PUS3		PUS3
OG0011375	RABGGTA		RABGGTA
OG0011376	RAD51C		LOC116958394
OG0011377	RAD9A		LOC116937970
OG0011378	RANBP1		RANBP1
OG0011379	RAP1GDS1		RAP1GDS1
OG0011380	RAPSN		RAPSN
OG0011381	REC114		REC114
OG0011382	RHOG		RHOG
OG0011383	RICTOR		LOC142907909
OG0011384	RMND1		RMND1
OG0011385	RNPS1		RNPS1
OG0011386	ROMO1		ROMO1
OG0011387	RP2		RP2
OG0011388	RPAP2		RPAP2
OG0011389	RPL14		RPL14
OG0011390	RPL18		RPL18
OG0011391	RPP14	RPP14	
OG0011392	RPS14		RPS14
OG0011393	RPS18		RPS18
OG0011394	RPUSD3		RPUSD3
OG0011395	RRM1		RRM1
OG0011396	RWDD4		RWDD4
OG0011397	SAAL1		SAAL1
OG0011398	SAP30BP		LOC116937031
OG0011399	SBDS		SBDS
OG0011400	SDAD1		LOC116937513
OG0011401	SDHAF4		SDHAF4
OG0011402	SEC63		SEC63
OG0011403	SEL1L3		SEL1L3
OG0011404	SELENOM		LOC116936861
OG0011405	SFT2D3		SFT2D3
OG0011406	SGF29		SGF29
OG0011407	SHPK		SHPK
OG0011408	SLC25A11		SLC25A11
OG0011409	SLC35A5		SLC35A5
OG0011410	SMG9		SMG9
OG0011411	SMIM19		SMIM19
OG0011412	SMPX		SMPX
OG0011413	SPATA22		SPATA22
OG0011414	SRPRB		SRPRB
OG0011415	SRRD		SRRD
OG0011416	SSRP1		SSRP1
OG0011417	SST		SST
OG0011418	STX18		STX18
OG0011419	SUDS3		LOC116937713
OG0011420	SUPT6H		LOC116937052
OG0011421	SURF1		SURF1
OG0011422	TAF7		LOC116958328
OG0011423	TAF8		TAF8
OG0011424	TANGO2	TANGO2	
OG0011425	TCIM		LOC116941250
OG0011426	TEPSIN		TEPSIN
OG0011427	TERF2IP		LOC142908203
OG0011428	TEX261		TEX261
OG0011429	TGFBR3		LOC116958229
OG0011430	THOC3		THOC3
OG0011431	TIMM10B		TIMM10B
OG0011432	TIPRL		LOC116957906
OG0011433	TMEM165		TMEM165
OG0011434	TMEM203		TMEM203
OG0011435	TMEM242		TMEM242
OG0011436	TOMM7		TOMM7
OG0011437	TOR4A		LOC116958209
OG0011438	TPCN1		LOC142907969
OG0011439	TRIAP1		TRIAP1
OG0011440	TRMT5		TRMT5
OG0011441	TTC39C	TTC39C	
OG0011442	TTN		TTN
OG0011443	TUFM		TUFM
OG0011444	TXNL1		TXNL1
OG0011445	UBA52		LOC142923244
OG0011446	UBE2J2		UBE2J2
OG0011447	UBLCP1		LOC142905273
OG0011448	UBXN4	UBXN4	
OG0011449	UFC1		UFC1
OG0011450	UFD1		UFD1
OG0011451	UFM1		UFM1
OG0011452	UGGT1		LOC116958063
OG0011453	UQCC6		UQCC6
OG0011454	USH1C		USH1C
OG0011455	UTP3		LOC142922583
OG0011456	VIT		VIT
OG0011457	VPS13D		LOC116958785
OG0011458	VPS36		VPS36
OG0011459	WBP4		WBP4
OG0011460	WDR70		LOC142908092
OG0011461	WDR83OS		WDR83OS
OG0011462	YARS1		YARS1
OG0011463	YJU2B		LOC142907005
OG0011464	ZBTB11		LOC116956567
OG0011465	ZCCHC4		LOC116938393
OG0011466	ZGPAT		LOC116938327
OG0011467	ZMAT5		ZMAT5
OG0011468	ZNF335		LOC116957028
OG0011469	ZNF407		ZNF407
OG0011470	ZNF423		ZNF423
OG0011471	ZRANB2		LOC116937814
OG0011472		AANAT	AANAT
OG0011473		ABCB9	ABCB9
OG0011474		ABHD6	LOC116951134
OG0011475		ACAD11	ACAD11
OG0011476		ACAD8	ACAD8
OG0011477		ACSS1	ACSS1
OG0011478		ADA2	ADA2
OG0011479		ADAMTS13	ADAMTS13
OG0011480		ADI1	LOC116941484
OG0011481		ADPRHL1	ADPRHL1
OG0011482		AGBL4	AGBL4
OG0011483		AIG1	AIG1
OG0011484		ALDH16A1	ALDH16A1
OG0011485		ALKBH3	ALKBH3
OG0011486		AMN	AMN
OG0011487		AMN1	LOC116945573
OG0011488		ANAPC13	ANAPC13
OG0011489		ANAPC16	ANAPC16
OG0011490		ANKAR	ANKAR
OG0011491		ANKFY1	ANKFY1
OG0011492		ANKRD28	ANKRD28
OG0011493		ANKRD55	ANKRD55
OG0011494		ANKRD6	ANKRD6
OG0011495		ANKRD9	ANKRD9
OG0011496		ANO8	ANO8
OG0011497		ANTKMT	ANTKMT
OG0011498		AOAH	AOAH
OG0011499		APOBEC4	APOBEC4
OG0011500		ARID4B	LOC116948308
OG0011501		ARK2N	ARK2N
OG0011502		ARL1	ARL1
OG0011503		ARL13B	ARL13B
OG0011504		ARL15	ARL15
OG0011505		ARMC6	ARMC6
OG0011506		ARMH1	ARMH1
OG0011507		AS3MT	LOC116950756
OG0011508		ASB8	ASB8
OG0011509		ASIC5	ASIC5
OG0011510		ATOSB	ATOSB
OG0011511		ATP13A4	ATP13A4
OG0011512		ATP8	ATP8
OG0011513		ATRAID	ATRAID
OG0011514		ATRIP	ATRIP
OG0011515		AXDND1	AXDND1
OG0011516		B3GNT5	B3GNT5
OG0011517		BAALC	BAALC
OG0011518		BASP1	BASP1
OG0011519		BCAR1	LOC116945818
OG0011520		BCO1	BCO1
OG0011521		BDH1	BDH1
OG0011522		BFSP1	BFSP1
OG0011523		BFSP2	LOC116940867
OG0011524		BHLHA9	BHLHA9
OG0011525		BOLL	BOLL
OG0011526		BRD3OS	BRD3OS
OG0011527		BRICD5	BRICD5
OG0011528		BSND	BSND
OG0011529		BTBD19	LOC116941134
OG0011530		C13H22orf15	LOC116948189
OG0011531		C20H2orf80	C10H2orf80
OG0011532		C20H7orf57	C10H7orf57
OG0011533		C22H10orf95	C11H10orf95
OG0011534		C24H1orf210	C1H1orf210
OG0011535		C26H17orf67	C3H17orf67
OG0011536		C26H22orf23	C3H22orf23
OG0011537		C28H22orf39	C38H22orf39
OG0011538		C2H11orf96	C21H11orf96
OG0011539		C30H11orf98	C14H11orf98
OG0011540		C30H12orf56	C14H12orf56
OG0011541		C32H8orf48	LOC116943505
OG0011542		C43H6orf58	C23H6orf58
OG0011543		C4H19orf44	LOC116951891
OG0011544		C54H3orf84	CIMIP7
OG0011545		C5AR1	LOC116950166
OG0011547		C6HXorf58	C49HXorf58
OG0011548		C8H10orf143	C29H10orf143
OG0011549		C8H1orf115	LOC116947170
OG0011550		CA8	CA8
OG0011551		CABCOCO1	CABCOCO1
OG0011552		CASP14	LOC116955107
OG0011553		CAV2	CAV2
OG0011554		CCDC106	CCDC106
OG0011555		CCDC112	CCDC112
OG0011556		CCDC141	CCDC141
OG0011557		CCDC152	CCDC152
OG0011558		CCDC153	DRC12
OG0011559		CCDC169	CCDC169
OG0011560		CCDC17	LOC116938662
OG0011561		CCDC171	CCDC171
OG0011562		CCDC175	CCDC175
OG0011563		CCDC191	CCDC191
OG0011564		CCDC197	LOC116948402
OG0011565		CCDC24	CCDC24
OG0011566		CCDC47	CCDC47
OG0011567		CCDC71	LOC142930086
OG0011568		CCDC73	CCDC73
OG0011569		CCDC74B	CCDC74B
OG0011570		CCDC81	CCDC81
OG0011571		CCDC87	CCDC87
OG0011572		CCDC89	LOC116943721
OG0011573		CCPG1	CCPG1
OG0011574		CCSAP	CCSAP
OG0011575		CDCA5	CDCA5
OG0011576		CDCP2	LOC142929788
OG0011577		CDKL5	LOC116955732
OG0011578		CEMIP	LOC116940280
OG0011579		CENPF	CENPF
OG0011580		CEP104	CEP104
OG0011581		CEP128	CEP128
OG0011582		CEP131	CEP131
OG0011583		CEP15	CEP15
OG0011584		CEP19	CEP19
OG0011585		CEP70	CEP70
OG0011586		CETN3	CETN3
OG0011587		CFAP119	CFAP119
OG0011588		CFAP144	CFAP144
OG0011589		CFAP20DC	CFAP20DC
OG0011590		CFAP210	CFAP210
OG0011591		CFAP221	CFAP221
OG0011592		CFAP46	CFAP46
OG0011593		CFAP54	CFAP54
OG0011594		CFP	CFP
OG0011595		CHAT	CHAT
OG0011596		CHCHD1	CHCHD1
OG0011597		CHGA	LOC116943249
OG0011598		CHST14	CHST14
OG0011599		CILP	CILP
OG0011600		CIMAP2	CIMAP2
OG0011601		CIMIP1	CIMIP1
OG0011602		CIMIP2B	CIMIP2B
OG0011603		CLDN12	CLDN12
OG0011604		CLN8	CLN8
OG0011605		CMPK2	CMPK2
OG0011606		COL7A1	COL7A1
OG0011607		COMMD1	COMMD1
OG0011608		COMTD1	LOC116941297
OG0011609		COQ3	COQ3
OG0011610		CPAMD8	CPAMD8
OG0011611		CPED1	CPED1
OG0011612		CPNE6	CPNE6
OG0011613		CPQ	CPQ
OG0011614		CRACDL	CRACDL
OG0011615		CRHBP	CRHBP
OG0011616		CRIM1	LOC116939459
OG0011617		CRLF3	CRLF3
OG0011618		CRYBA1	CRYBA1
OG0011619		CSKMT	CSKMT
OG0011620		CSNK1G3	CSNK1G3
OG0011621		CSPG5	LOC116954806
OG0011622		CTBS	CTBS
OG0011623		CTDSP1	CTDSP1
OG0011624		CTHRC1	CTHRC1
OG0011625		CTSZ	CTSZ
OG0011626		CUBN	CUBN
OG0011627		CXCL14	CXCL14
OG0011628		CYYR1	CYYR1
OG0011629		DAZAP1	DAZAP1
OG0011630		DCK	DCK
OG0011631		DCST2	DCST2
OG0011632		DCSTAMP	DCSTAMP
OG0011633		DDO	DDO
OG0011634		DDR2	DDR2
OG0011635		DENND11	DENND11
OG0011636		DENND6A	DENND6A
OG0011637		DGLUCY	DGLUCY
OG0011638		DHCR24	DHCR24
OG0011639		DNAH6	DNAH6
OG0011640		DNAI7	DNAI7
OG0011641		DNAJC16	DNAJC16
OG0011642		DNAJC24	DNAJC24
OG0011643		DNHD1	DNHD1
OG0011644		DRAM1	DRAM1
OG0011645		DRC3	DRC3
OG0011646		DRD2	DRD2
OG0011647		DTD1	DTD1
OG0011648		DUSP23	DUSP23
OG0011649		DYNLT4	DYNLT4
OG0011650		DZANK1	DZANK1
OG0011651		EDARADD	EDARADD
OG0011652		EEF1AKMT2	EEF1AKMT2
OG0011653		EEF1AKMT4	EEF1AKMT4
OG0011654		EFCAB6	EFCAB6
OG0011655		EFCAB7	EFCAB7
OG0011656		EFHB	EFHB
OG0011657		ELMOD3	ELMOD3
OG0011658		EMCN	MUC15
OG0011659		ENDOG	ENDOG
OG0011660		ENDOV	ENDOV
OG0011661		ENKD1	ENKD1
OG0011662		EPAS1	EPAS1
OG0011663		EPHX2	EPHX2
OG0011664		ERI2	ERI2
OG0011665		ERICH2	ERICH2
OG0011666		ERMN	ERMN
OG0011667		ERMP1	ERMP1
OG0011668		ETFBKMT	ETFBKMT
OG0011669		EYS	EYS
OG0011670		FAAH	FAAH
OG0011671		FAAH2	FAAH2
OG0011672		FAM107B	FAM107B
OG0011673		FAM151A	FAM151A
OG0011674		FAM221A	FAM221A
OG0011675		FAM221B	FAM221B
OG0011676		FAM81B	FAM81B
OG0011677		FASTKD1	FASTKD1
OG0011678		FASTKD2	FASTKD2
OG0011679		FBLN7	FBLN7
OG0011680		FBXL12	FBXL12
OG0011681		FBXL22	FBXL22
OG0011682		FBXO38	FBXO38
OG0011683		FBXO4	FBXO4
OG0011684		FGF3	FGF3
OG0011685		FHAD1	LOC116947037
OG0011686		FIBIN	FIBIN
OG0011687		FIGNL1	LOC116940788
OG0011688		FKBPL	FKBPL
OG0011689		FLT4	FLT4
OG0011690		FMC1	FMC1
OG0011691		GABRA2	LOC116953341
OG0011692		GADL1	GADL1
OG0011693		GAL	GAL
OG0011694		GALNT9	GALNT9
OG0011695		GAR1	GAR1
OG0011696		GCKR	GCKR
OG0011697		GCNT4	GCNT4
OG0011698		GEN1	GEN1
OG0011699		GFRAL	GFRAL
OG0011700		GGA1	GGA1
OG0011701		GLB1L2	GLB1L2
OG0011702		GLOD5	GLOD5
OG0011703		GLRX	GLRX
OG0011704		GMNC	LOC142929286
OG0011705		GNRHR	GNRHR
OG0011706		GNS	GNS
OG0011707		GOLGA1	GOLGA1
OG0011708		GPBAR1	GPBAR1
OG0011709		GPER1	GPER1
OG0011710		GPR135	GPR135
OG0011711		GPR150	GPR150
OG0011712		GPR22	GPR22
OG0011713		GPRC5B	GPRC5B
OG0011714		GRINA	GRINA
OG0011715		GRK1	GRK1
OG0011716		GSAP	GSAP
OG0011717		GSKIP	GSKIP
OG0011718		GUCA1B	GUCA1B
OG0011719		HAAO	HAAO
OG0011720		HACL1	HACL1
OG0011721		HDAC10	HDAC10
OG0011722		HECTD2	HECTD2
OG0011723		HECTD3	HECTD3
OG0011724		HELZ2	HELZ2
OG0011725		HHAT	HHAT
OG0011726		HJURP	HJURP
OG0011727		HOATZ	HOATZ
OG0011728		HSBP1	HSBP1
OG0011729		HSD17B7	HSD17B7
OG0011730		HSPA13	HSPA13
OG0011731		HTD2	LOC116952345
OG0011732		HUNK	HUNK
OG0011733		IFT25	IFT25
OG0011734		IGSF21	IGSF21
OG0011735		INAFM2	INAFM2
OG0011736		INO80B	INO80B
OG0011737		INPP1	INPP1
OG0011738		INSC	INSC
OG0011739		IP6K2	IP6K2
OG0011740		IQCH	IQCH
OG0011741		IQCK	IQCK
OG0011742		IRF2	LOC116940282
OG0011743		ITGA4	LOC116938763
OG0011744		ITIH5	ITIH5
OG0011745		ITPRIPL2	LOC116949525
OG0011746		IYD	IYD
OG0011747		JAGN1	JAGN1
OG0011748		JHY	JHY
OG0011749		KCNAB1	KCNAB1
OG0011750		KCNB2	LOC116942612
OG0011751		KCNJ1	KCNJ1
OG0011752		KIAA0825	KIAA0825
OG0011753		KIAA2012	KIAA2012
OG0011754		KIF15	KIF15
OG0011755		KIF17	KIF17
OG0011756		KIF9	KIF9
OG0011757		KIZ	KIZ
OG0011758		KLHDC9	KLHDC9
OG0011759		KLHL23	KLHL23
OG0011760		KNDC1	KNDC1
OG0011761		KNOP1	KNOP1
OG0011762		KY	KY
OG0011763		LACC1	LACC1
OG0011764		LAGE3	LOC116951279
OG0011765		LARP1B	LARP1B
OG0011766		LARP6	LARP6
OG0011767		LCT	LCT
OG0011768		LDB3	LOC116944936
OG0011769		LDLRAD1	LDLRAD1
OG0011770		LEKR1	LOC116937065
OG0011771		LIAT1	LOC116950279
OG0011772		LKAAEAR1	LKAAEAR1
OG0011773		LLGL1	LLGL1
OG0011774		LMNB1	LMNB1
OG0011775		LOC133338961	LOC116947309
OG0011776		LOC133338977	LOC116957101
OG0011777		LOC133338982	LOC116957724
OG0011778		LOC133338984	LOC116957061
OG0011779		LOC133338986	LOC116947307
OG0011780		LOC133339006	LOC116957079
OG0011781		LOC133339012	LOC142906683
OG0011782		LOC133339020	AXL
OG0011783		LOC133339036	LOC116957306
OG0011784		LOC133339057	LOC116957316
OG0011785		LOC133339062	LOC116957324
OG0011786		LOC133339084	LOC116957315
OG0011787		LOC133339086	LOC116947086
OG0011788		LOC133339150	LOC116957334
OG0011789		LOC133339152	LOC142929336
OG0011790		LOC133339155	LOC116957329
OG0011792		LOC133339169	LOC116957313
OG0011793		LOC133339172	LOC116947355
OG0011797		LOC133339248	LOC116958746
OG0011798		LOC133339259	LOC142907751
OG0011799		LOC133339334	LOC142907782
OG0011800		LOC133339341	LOC116936809
OG0011801		LOC133339356	LOC116937833
OG0011802		LOC133339361	LOC116937415
OG0011803		LOC133339397	LOC116958799
OG0011804		LOC133339401	LOC116945756
OG0011805		LOC133339419	LOC116957476
OG0011806		LOC133339442	LOC116957474
OG0011807		LOC133339475	LOC116945774
OG0011808		LOC133339543	LOC142908157
OG0011809		LOC133339549	LOC116938066
OG0011810		LOC133339551	LOC116958287
OG0011811		LOC133339563	LOC116938392
OG0011812		LOC133339572	SRD5A1
OG0011813		LOC133339574	LOC116957534
OG0011814		LOC133339584	LOC142908188
OG0011815		LOC133339598	LOC116958337
OG0011816		LOC133339601	LOC142908211
OG0011817		LOC133339606	LOC116958349
OG0011818		LOC133339614	LOC116957518
OG0011819		LOC133339617	LOC116957517
OG0011820		LOC133339638	LOC116957526
OG0011821		LOC133339649	LOC142907248
OG0011822		LOC133339679	LOC116957382
OG0011823		LOC133339694	LOC116957378
OG0011825		LOC133339719	LOC116957369
OG0011826		LOC133339725	LOC116957357
OG0011827		LOC133339731	LOC116945764
OG0011828		LOC133339738	LOC116957376
OG0011831		LOC133339968	LOC116945866
OG0011832		LOC133340009	LOC116945863
OG0011833		LOC133340039	LOC116957491
OG0011835		LOC133340139	LOC116945849
OG0011836		LOC133340218	LOC116945842
OG0011837		LOC133340227	LOC116945792
OG0011838		LOC133340232	LOC116945828
OG0011839		LOC133340264	LOC103091736
OG0011840		LOC133340269	LOC116945787
OG0011841		LOC133340273	LOC116945738
OG0011842		LOC133340280	LOC116945823
OG0011843		LOC133340303	LOC116944690
OG0011844		LOC133340311	LOC116944689
OG0011845		LOC133340316	LOC116945811
OG0011846		LOC133340320	LOC116945812
OG0011847		LOC133340329	LOC116945888
OG0011848		LOC133340334	LOC116945871
OG0011849		LOC133340353	HRH3
OG0011850		LOC133340379	LOC116945805
OG0011851		LOC133340381	LOC116946029
OG0011852		LOC133340385	LOC116944684
OG0011853		LOC133340387	LOC116946025
OG0011854		LOC133340389	LOC116946024
OG0011855		LOC133340401	LOC116946009
OG0011856		LOC133340403	LOC116946004
OG0011857		LOC133340433	LOC116945964
OG0011858		LOC133340437	LOC116945960
OG0011859		LOC133340438	LOC116945959
OG0011860		LOC133340442	LOC116945953
OG0011861		LOC133340448	LOC116945948
OG0011862		LOC133340452	LOC116945943
OG0011863		LOC133340454	LOC116945952
OG0011864		LOC133340455	LOC116945951
OG0011865		LOC133340456	LOC116944668
OG0011866		LOC133340469	LRRC24
OG0011867		LOC133340473	LOC116945917
OG0011868		LOC133340479	LOC116945906
OG0011869		LOC133340484	LOC116945907
OG0011870		LOC133340486	LOC116944661
OG0011871		LOC133340491	LOC116945903
OG0011872		LOC133340493	LOC116945901
OG0011873		LOC133340494	CETP
OG0011874		LOC133340499	LOC116945895
OG0011875		LOC133340502	ZNF469
OG0011876		LOC133340515	LOC116951452
OG0011877		LOC133340519	LOC116951390
OG0011878		LOC133340584	LOC116944611
OG0011879		LOC133340586	LOC116951502
OG0011880		LOC133340589	LOC116951504
OG0011881		LOC133340592	LOC116951641
OG0011882		LOC133340598	LOC116951365
OG0011883		LOC133340603	LOC116951508
OG0011884		LOC133340604	LOC116944610
OG0011885		LOC133340607	LOC116951409
OG0011886		LOC133340614	LOC116951513
OG0011887		LOC133340637	LOC116951527
OG0011888		LOC133340639	LOC116951556
OG0011889		LOC133340652	LOC116944605
OG0011890		LOC133340654	LOC116951552
OG0011891		LOC133340657	LOC116951525
OG0011892		LOC133340659	LOC116951444
OG0011893		LOC133340669	LOC116944606
OG0011894		LOC133340677	LOC103091854
OG0011895		LOC133340700	LOC116957798
OG0011896		LOC133340717	LOC116951389
OG0011897		LOC133340718	LOC116944599
OG0011898		LOC133340729	GALR2
OG0011899		LOC133340731	LOC116951362
OG0011900		LOC133340734	LOC116944545
OG0011901		LOC133340737	LOC116951509
OG0011902		LOC133340740	LOC116951354
OG0011903		LOC133340751	LOC116944600
OG0011904		LOC133340799	LOC116957799
OG0011905		LOC133340803	LOC116957791
OG0011906		LOC133340805	LOC116957813
OG0011907		LOC133340813	LOC116957815
OG0011908		LOC133340832	LOC116951368
OG0011909		LOC133340834	LOC142930804
OG0011910		LOC133340837	LOC116951599
OG0011911		LOC133340845	LOC116951370
OG0011912		LOC133340847	LOC116944548
OG0011913		LOC133340854	TINAGL1
OG0011914		LOC133340859	LOC116951371
OG0011915		LOC133340865	LOC116951372
OG0011916		LOC133340868	LOC116951644
OG0011917		LOC133340878	LOC116951582
OG0011918		LOC133340887	LOC116951625
OG0011919		LOC133340891	LOC116951622
OG0011920		LOC133340892	LOC116951598
OG0011921		LOC133340893	LOC116951612
OG0011922		LOC133340897	LOC116951474
OG0011923		LOC133340905	LOC116944586
OG0011924		LOC133340908	LOC116951649
OG0011925		LOC133340910	LOC116944568
OG0011926		LOC133340914	LOC116951650
OG0011927		LOC133340920	LOC116951563
OG0011928		LOC133340930	LOC116951467
OG0011929		LOC133340933	LOC116951449
OG0011930		LOC133340953	LOC116951670
OG0011931		LOC133340963	LOC116951550
OG0011932		LOC133340967	LOC142930782
OG0011933		LOC133340994	LOC116944567
OG0011934		LOC133340996	LOC116951350
OG0011935		LOC133341008	SMDT1
OG0011936		LOC133341080	LOC116944576
OG0011937		LOC133341097	LOC116944557
OG0011938		LOC133341156	LOC116947941
OG0011939		LOC133341159	LOC116947919
OG0011940		LOC133341173	LOC116947945
OG0011941		LOC133341177	LOC116944594
OG0011942		LOC133341182	LOC116947917
OG0011943		LOC133341185	CENPE
OG0011944		LOC133341186	LOC116947961
OG0011946		LOC133341191	SLC38A6
OG0011948		LOC133341197	LOC116947954
OG0011950		LOC133341213	LOC116944520
OG0011951		LOC133341234	LOC116947922
OG0011952		LOC133341243	LOC116947912
OG0011953		LOC133341256	LOC116947901
OG0011954		LOC133341259	LOC116947897
OG0011955		LOC133341263	LOC142929583
OG0011956		LOC133341265	LOC116947892
OG0011957		LOC133341268	LOC116944558
OG0011958		LOC133341274	LOC116947883
OG0011959		LOC133341282	LOC116947884
OG0011960		LOC133341286	LOC116947880
OG0011961		LOC133341292	LOC116947962
OG0011962		LOC133341293	LOC116947865
OG0011963		LOC133341296	LOC103091781
OG0011964		LOC133341300	LOC116947863
OG0011965		LOC133341314	LOC116947846
OG0011966		LOC133341323	LOC116947836
OG0011967		LOC133341353	LOC116947802
OG0011968		LOC133341359	LOC116947799
OG0011969		LOC133341365	LOC116947793
OG0011970		LOC133341373	LOC116947787
OG0011972		LOC133341384	LOC116947779
OG0011973		LOC133341386	LOC116947777
OG0011974		LOC133341391	LOC116947773
OG0011975		LOC133341395	SAMD15
OG0011976		LOC133341399	LOC116944694
OG0011977		LOC133341400	LOC116947765
OG0011978		LOC133341404	LOC116944362
OG0011979		LOC133341405	PACS1
OG0011980		LOC133341412	LOC116947752
OG0011981		LOC133341417	LOC116944677
OG0011982		LOC133341421	CCDC170
OG0011983		LOC133341428	LOC116947735
OG0011984		LOC133341429	LOC116947710
OG0011985		LOC133341430	LOC116947956
OG0011986		LOC133341434	LOC116947720
OG0011987		LOC133341439	LOC116944539
OG0011988		LOC133341443	LOC116947715
OG0011989		LOC133341447	LOC116944353
OG0011990		LOC133341450	LOC116947944
OG0011991		LOC133341458	LOC116947705
OG0011992		LOC133341460	LOC116947698
OG0011993		LOC133341469	LOC116947708
OG0011994		LOC133341475	LOC116947686
OG0011995		LOC133341477	LOC116947670
OG0011996		LOC133341478	LOC116947689
OG0011997		LOC133341488	LOC116947663
OG0011998		LOC133341491	LOC116947669
OG0011999		LOC133341497	LOC116947660
OG0012000		LOC133341502	LOC116947654
OG0012001		LOC133341505	LOC116947659
OG0012002		LOC133341630	LOC116944332
OG0012003		LOC133341638	LOC116944333
OG0012004		LOC133341639	LOC116945076
OG0012005		LOC133341647	LOC116944954
OG0012006		LOC133341648	LOC116944987
OG0012007		LOC133341671	LOC116944971
OG0012008		LOC133341716	PRRT1
OG0012009		LOC133341732	LOC116945077
OG0012010		LOC133341738	LOC116944862
OG0012011		LOC133341749	LOC116944870
OG0012012		LOC133341751	LOC116944873
OG0012013		LOC133341766	LOC116944885
OG0012014		LOC133341768	LOC116944888
OG0012015		LOC133341777	LOC116944900
OG0012016		LOC133341786	LOC116944914
OG0012017		LOC133341792	LOC116944921
OG0012018		LOC133341793	LOC116944422
OG0012019		LOC133341794	LOC116944920
OG0012020		LOC133341798	LOC116944927
OG0012021		LOC133341799	LOC116944929
OG0012022		LOC133341805	LOC116944926
OG0012023		LOC133341806	LOC116944933
OG0012024		LOC133341808	LOC116944320
OG0012025		LOC133341809	LOC116944935
OG0012026		LOC133341821	LOC116944948
OG0012027		LOC133341823	LOC116944951
OG0012028		LOC133341824	LOC116944950
OG0012029		LOC133341826	LOC116944955
OG0012030		LOC133341828	LOC116944945
OG0012031		LOC133341831	LOC116944961
OG0012032		LOC133341838	LOC116944975
OG0012033		LOC133341840	LOC116944977
OG0012034		LOC133341852	LOC116944989
OG0012035		LOC133341863	LOC116945085
OG0012036		LOC133341866	LOC116944999
OG0012037		LOC133341885	LOC116945017
OG0012038		LOC133341896	LOC116945022
OG0012039		LOC133341897	LOC116945021
OG0012040		LOC133341921	LOC116945044
OG0012041		LOC133341922	LOC116945046
OG0012042		LOC133341927	LOC116944310
OG0012043		LOC133341947	LOC116948171
OG0012044		LOC133341966	LOC116948180
OG0012045		LOC133341967	LOC116948207
OG0012046		LOC133341974	LOC116948049
OG0012047		LOC133341986	LOC116948064
OG0012048		LOC133341989	LOC116948072
OG0012049		LOC133341991	LOC116948061
OG0012050		LOC133341992	LOC142929612
OG0012051		LOC133341993	LOC116948057
OG0012052		LOC133341994	LOC116948062
OG0012053		LOC133341999	LOC116948074
OG0012054		LOC133342008	LOC116948087
OG0012055		LOC133342009	LOC116948089
OG0012056		LOC133342011	LOC116948091
OG0012057		LOC133342019	LOC116948099
OG0012058		LOC133342023	LOC116948106
OG0012059		LOC133342027	LOC116948110
OG0012060		LOC133342031	LOC116948115
OG0012061		LOC133342033	LOC116944343
OG0012062		LOC133342040	APOC3
OG0012063		LOC133342046	FAM118B
OG0012064		LOC133342048	LOC116948130
OG0012065		LOC133342050	TECTA
OG0012066		LOC133342063	LOC116948146
OG0012067		LOC133342065	LOC116948150
OG0012068		LOC133342066	IL4R
OG0012069		LOC133342075	LOC116948152
OG0012070		LOC133342076	LOC116948160
OG0012071		LOC133342104	LOC116948190
OG0012072		LOC133342105	LOC116948191
OG0012073		LOC133342110	LOC116948197
OG0012074		LOC133342117	LOC116948205
OG0012075		LOC133342121	LOC116944486
OG0012076		LOC133342132	LOC116948223
OG0012077		LOC133342134	LOC116948224
OG0012078		LOC133342137	LOC116944489
OG0012079		LOC133342144	LOC116937331
OG0012080		LOC133342146	LOC116937330
OG0012081		LOC133342159	LOC116943136
OG0012082		LOC133342165	LOC116943132
OG0012083		LOC133342172	LOC116943233
OG0012084		LOC133342186	LOC116943237
OG0012085		LOC133342196	LOC116943192
OG0012086		LOC133342199	LOC116943121
OG0012087		LOC133342203	LOC116943141
OG0012088		LOC133342210	LOC116943384
OG0012089		LOC133342214	LOC116943381
OG0012090		LOC133342217	LOC116944655
OG0012091		LOC133342238	LOC116943352
OG0012092		LOC133342243	LOC116943350
OG0012093		LOC133342246	LOC116943347
OG0012094		LOC133342249	LOC116943345
OG0012095		LOC133342253	LOC116943341
OG0012096		LOC133342273	LOC116943320
OG0012097		LOC133342288	LOC116943283
OG0012098		LOC133342291	LOC116943299
OG0012099		LOC133342292	LOC116943128
OG0012100		LOC133342295	LOC116943296
OG0012101		LOC133342297	SLC30A10
OG0012102		LOC133342298	LOC116943315
OG0012103		LOC133342302	LOC116943294
OG0012104		LOC133342310	LOC116943310
OG0012105		LOC133342314	PRIMA1
OG0012106		LOC133342328	LOC116944442
OG0012107		LOC133342329	LOC116943268
OG0012108		LOC133342330	LOC116943266
OG0012109		LOC133342340	LOC116943252
OG0012110		LOC133342354	LOC116943239
OG0012111		LOC133342355	LOC116943240
OG0012112		LOC133342363	LOC116943230
OG0012113		LOC133342366	LOC116943222
OG0012114		LOC133342369	LOC116943224
OG0012115		LOC133342375	ATP5MJ
OG0012116		LOC133342376	LOC116943211
OG0012117		LOC133342378	LOC116943207
OG0012118		LOC133342384	LOC116943203
OG0012119		LOC133342385	LOC116943202
OG0012120		LOC133342388	LOC116943199
OG0012121		LOC133342394	LOC116943187
OG0012122		LOC133342398	LOC116943181
OG0012123		LOC133342401	LOC116943177
OG0012124		LOC133342402	LOC116943176
OG0012125		LOC133342403	LOC116943175
OG0012126		LOC133342409	LOC116943167
OG0012127		LOC133342416	LOC116943161
OG0012128		LOC133342417	LOC116944331
OG0012129		LOC133342422	LOC116943157
OG0012130		LOC133342433	LOC116943148
OG0012131		LOC133342434	LOC116943147
OG0012133		LOC133342487	SEMA3G
OG0012134		LOC133342489	LOC116949448
OG0012136		LOC133342492	LOC116949425
OG0012137		LOC133342495	LOC116949375
OG0012138		LOC133342502	LOC116949463
OG0012139		LOC133342503	LOC116944350
OG0012140		LOC133342513	LOC116949398
OG0012141		LOC133342514	LOC116949471
OG0012142		LOC133342517	LOC116949324
OG0012143		LOC133342544	LOC116949451
OG0012144		LOC133342549	LOC116949446
OG0012145		LOC133342553	LOC116949441
OG0012146		LOC133342559	LOC116949436
OG0012147		LOC133342568	LOC116949426
OG0012148		LOC133342573	LOC116949421
OG0012149		LOC133342574	LOC116949417
OG0012150		LOC133342581	LOC116949413
OG0012151		LOC133342609	LOC116949383
OG0012152		LOC133342621	LOC116949370
OG0012153		LOC133342623	LOC116949368
OG0012154		LOC133342649	LOC116949343
OG0012155		LOC133342650	LOC116944457
OG0012156		LOC133342659	LOC116949333
OG0012157		LOC133342663	LOC116937908
OG0012158		LOC133342664	LOC116949329
OG0012159		LOC133342666	LOC116949325
OG0012160		LOC133342673	LOC116949316
OG0012161		LOC133342679	LOC116949469
OG0012162		LOC133342682	LOC116949306
OG0012163		LOC133342684	LOC116937629
OG0012164		LOC133342687	LOC116949303
OG0012166		LOC133342702	LOC142930061
OG0012167		LOC133342713	LOC116949280
OG0012168		LOC133342715	LOC116949278
OG0012169		LOC133342745	LOC116944465
OG0012170		LOC133342814	LOC116944510
OG0012171		LOC133342817	LOC116942933
OG0012172		LOC133342819	LOC103091772
OG0012173		LOC133342821	LOC116942994
OG0012174		LOC133342838	LOC116942790
OG0012175		LOC133342847	LOC116942805
OG0012176		LOC133342848	LOC116942807
OG0012177		LOC133342849	LOC116942783
OG0012178		LOC133342850	LOC116942812
OG0012179		LOC133342855	LOC116942816
OG0012180		LOC133342902	LOC116942873
OG0012181		LOC133342911	LOC116944416
OG0012182		LOC133342924	LOC116942897
OG0012183		LOC133342947	LOC116942916
OG0012184		LOC133342955	LOC116942928
OG0012185		LOC133342962	LOC116942938
OG0012186		LOC133342992	LOC116942962
OG0012187		LOC133342995	LOC116942964
OG0012188		LOC133343023	LOC116942988
OG0012189		LOC133343032	LOC116942999
OG0012190		LOC133343037	LOC116943005
OG0012191		LOC133343038	AFF3
OG0012192		LOC133343042	LOC116944612
OG0012193		LOC133343054	LOC116943020
OG0012194		LOC133343055	LOC116943022
OG0012195		LOC133343074	LOC116944419
OG0012196		LOC133343081	LOC116943051
OG0012197		LOC133343085	LOC116943053
OG0012198		LOC133343096	LOC116942794
OG0012199		LOC133343097	LOC116950403
OG0012200		LOC133343099	LOC116942814
OG0012201		LOC133343112	LOC116942932
OG0012202		LOC133343123	LOC116944418
OG0012203		LOC133343176	LOC116944629
OG0012204		LOC133343199	LOC116940462
OG0012205		LOC133343200	LOC116940464
OG0012206		LOC133343201	LOC116944427
OG0012207		LOC133343215	LOC116940659
OG0012208		LOC133343216	LOC116940660
OG0012209		LOC133343219	LOC116940756
OG0012210		LOC133343240	LOC116940537
OG0012211		LOC133343241	LOC116940542
OG0012212		LOC133343246	LOC116940758
OG0012213		LOC133343255	LOC116940436
OG0012214		LOC133343265	LOC116940440
OG0012215		LOC133343268	LOC116944646
OG0012216		LOC133343271	CFAP99
OG0012217		LOC133343273	LOC116940441
OG0012218		LOC133343285	LOC103091826
OG0012219		LOC133343302	LOC103091809
OG0012220		LOC133343305	LOC116940449
OG0012221		LOC133343329	LOC116940480
OG0012222		LOC133343337	LOC116944618
OG0012223		LOC133343353	LOC116940506
OG0012224		LOC133343355	LOC116940503
OG0012225		LOC133343370	LOC116940522
OG0012226		LOC133343373	PDZD7
OG0012227		LOC133343375	LOC116940754
OG0012228		LOC133343378	LOC116940541
OG0012229		LOC133343387	LOC116940531
OG0012230		LOC133343396	LOC116940543
OG0012231		LOC133343414	LOC116940568
OG0012232		LOC133343415	LOC116940571
OG0012233		LOC133343420	LOC116944438
OG0012234		LOC133343424	LOC116940582
OG0012235		LOC133343445	LOC116940604
OG0012236		LOC133343449	LOC116944445
OG0012237		LOC133343450	SLC2A9
OG0012238		LOC133343470	LOC116940636
OG0012239		LOC133343472	LOC116944632
OG0012240		LOC133343478	LOC116940645
OG0012241		LOC133343480	LOC116940652
OG0012242		LOC133343493	LOC116940663
OG0012243		LOC133343497	LOC116940666
OG0012244		LOC133343503	LOC116940673
OG0012245		LOC133343505	LOC116944380
OG0012246		LOC133343516	LOC116940690
OG0012247		LOC133343519	LOC116940693
OG0012248		LOC133343521	TSSK6
OG0012249		LOC133343536	LOC116940709
OG0012250		LOC133343540	LOC116944450
OG0012251		LOC133343544	LOC116940716
OG0012252		LOC133343548	LOC116940726
OG0012253		LOC133343549	LOC116944452
OG0012254		LOC133343564	EVC
OG0012255		LOC133343577	LOC116942075
OG0012256		LOC133343578	LOC116942067
OG0012257		LOC133343582	LOC116942039
OG0012258		LOC133343586	LOC116942009
OG0012259		LOC133343590	LOC116944385
OG0012260		LOC133343592	LOC116942138
OG0012261		LOC133343599	LOC116944624
OG0012262		LOC133343602	LOC116942184
OG0012263		LOC133343623	LOC116942017
OG0012264		LOC133343631	LOC116942164
OG0012265		LOC133343634	LOC116944636
OG0012266		LOC133343635	LOC116942124
OG0012267		LOC133343644	LOC116944391
OG0012268		LOC133343655	LOC116944630
OG0012269		LOC133343664	LOC116942096
OG0012270		LOC133343665	LOC116942092
OG0012271		LOC133343666	LOC116942101
OG0012272		LOC133343675	LOC116942083
OG0012273		LOC133343681	LOC116942077
OG0012274		LOC133343682	LOC116942145
OG0012275		LOC133343683	LOC116944386
OG0012276		LOC133343684	LOC116942144
OG0012277		LOC133343685	LOC116942076
OG0012278		LOC133343686	LOC116942074
OG0012279		LOC133343687	LOC116942073
OG0012280		LOC133343688	LOC116942072
OG0012281		LOC133343689	LOC116942071
OG0012282		LOC133343700	LOC116942058
OG0012283		LOC133343711	LOC116942041
OG0012284		LOC133343713	LOC116944387
OG0012285		LOC133343722	LOC116944388
OG0012286		LOC133343729	LOC116942023
OG0012287		LOC133343730	LOC116944389
OG0012288		LOC133343736	LOC116938082
OG0012289		LOC133343739	LOC116942011
OG0012290		LOC133343752	LOC116944621
OG0012291		LOC133343757	LOC116941990
OG0012292		LOC133343770	LOC116941976
OG0012293		LOC133343781	LOC116944613
OG0012294		LOC133343782	LOC116941965
OG0012295		LOC133343787	LOC116942140
OG0012297		LOC133343799	LOC116941951
OG0012298		LOC133343823	LOC116944631
OG0012299		LOC133343829	LOC116942137
OG0012300		LOC133343840	LOC116941913
OG0012301		LOC133343843	ADGRV1
OG0012302		LOC133343844	LOC116941905
OG0012303		LOC133343850	LOC116944467
OG0012304		LOC133343860	LOC116941885
OG0012305		LOC133343863	LOC116941881
OG0012306		LOC133343871	LOC116941872
OG0012307		LOC133343872	LOC116942134
OG0012308		LOC133343873	LOC116941870
OG0012309		LOC133343881	LOC116942218
OG0012310		LOC133343883	LOC116942215
OG0012311		LOC133343891	LOC116944397
OG0012312		LOC133343898	LOC116944399
OG0012313		LOC133343900	LOC116942198
OG0012314		LOC133343902	LOC116942194
OG0012315		LOC133343906	LOC116942192
OG0012316		LOC133343917	LOC116942185
OG0012317		LOC133343924	LOC116942174
OG0012318		LOC133343940	LOC116942155
OG0012319		LOC133343943	LOC116944627
OG0012320		LOC133343944	LOC116942154
OG0012321		LOC133344030	LOC116941790
OG0012322		LOC133344031	LOC116941789
OG0012323		LOC133344032	LOC116941784
OG0012324		LOC133344033	LOC116941782
OG0012325		LOC133344034	LOC116941667
OG0012326		LOC133344039	LOC116941596
OG0012327		LOC133344040	LOC116941592
OG0012328		LOC133344041	LOC116941771
OG0012329		LOC133344051	LOC116941653
OG0012330		LOC133344055	LOC116941775
OG0012331		LOC133344067	LOC116941512
OG0012332		LOC133344085	LOC116941736
OG0012333		LOC133344086	LOC116941734
OG0012334		LOC133344092	LOC116941705
OG0012335		LOC133344095	LOC116941787
OG0012336		LOC133344096	LOC116941713
OG0012337		LOC133344097	LOC116944659
OG0012338		LOC133344098	LOC116941711
OG0012339		LOC133344100	LOC142924317
OG0012340		LOC133344102	LOC116941714
OG0012341		LOC133344103	LOC116941740
OG0012342		LOC133344108	LOC116944536
OG0012343		LOC133344115	LOC116941700
OG0012344		LOC133344117	LOC116944535
OG0012345		LOC133344135	LOC116941698
OG0012346		LOC133344150	LOC116941692
OG0012347		LOC133344151	LOC116944529
OG0012348		LOC133344157	LOC116941687
OG0012349		LOC133344158	LOC116944528
OG0012350		LOC133344168	LOC116944657
OG0012351		LOC133344170	LOC116941669
OG0012352		LOC133344183	LOC116941657
OG0012353		LOC133344187	LOC116941647
OG0012354		LOC133344188	LOC116941646
OG0012355		LOC133344190	LOC116941641
OG0012356		LOC133344193	LOC116941639
OG0012357		LOC133344204	LOC116941627
OG0012358		LOC133344207	LOC116941626
OG0012359		LOC133344212	LOC116941773
OG0012360		LOC133344215	LOC116941612
OG0012361		LOC133344219	LOC116941604
OG0012362		LOC133344235	LOC116941584
OG0012363		LOC133344237	LOC116941583
OG0012364		LOC133344242	LOC116941581
OG0012365		LOC133344244	LOC116941772
OG0012366		LOC133344246	LOC116941576
OG0012367		LOC133344251	LOC116941570
OG0012368		LOC133344262	LOC116941563
OG0012369		LOC133344268	LOC116941556
OG0012370		LOC133344277	LOC116941545
OG0012371		LOC133344281	LOC116941543
OG0012372		LOC133344282	LOC116941542
OG0012373		LOC133344283	LOC116941541
OG0012374		LOC133344285	LOC116941540
OG0012375		LOC133344288	LOC116941536
OG0012376		LOC133344298	LOC116941516
OG0012377		LOC133344305	LOC116941507
OG0012378		LOC133344310	LOC116941500
OG0012379		LOC133344312	LOC116941498
OG0012380		LOC133344318	LOC116941479
OG0012381		LOC133344329	LOC116941761
OG0012382		LOC133344456	LOC142924242
OG0012383		LOC133344457	LOC116940773
OG0012384		LOC133344460	LOC116941139
OG0012385		LOC133344461	LOC116940826
OG0012387		LOC133344466	C10H7orf78
OG0012388		LOC133344467	WDCP
OG0012389		LOC133344470	LOC116941145
OG0012390		LOC133344472	LOC116940884
OG0012391		LOC133344473	LOC116940885
OG0012392		LOC133344474	LOC116941138
OG0012393		LOC133344478	LOC116940805
OG0012394		LOC133344480	LOC116940923
OG0012395		LOC133344483	LOC116941087
OG0012396		LOC133344484	LOC116940831
OG0012397		LOC133344501	LOC116940960
OG0012398		LOC133344536	LOC116941489
OG0012399		LOC133344537	LOC116941492
OG0012400		LOC133344554	LOC116940792
OG0012401		LOC133344561	LOC116940799
OG0012402		LOC133344562	LOC116941137
OG0012403		LOC133344572	LOC116940811
OG0012404		LOC133344577	LOC116940816
OG0012405		LOC133344583	LOC116940822
OG0012406		LOC133344590	LOC116940830
OG0012407		LOC133344592	LOC116940832
OG0012408		LOC133344595	LOC116940834
OG0012409		LOC133344604	LOC116941142
OG0012410		LOC133344606	LOC116940842
OG0012411		LOC133344617	LOC116940858
OG0012412		LOC133344626	LOC116940866
OG0012413		LOC133344635	CYP27B1
OG0012414		LOC133344642	LOC116940876
OG0012415		LOC133344647	LOC116940879
OG0012416		LOC133344654	LOC116940887
OG0012417		LOC133344662	LOC116940895
OG0012418		LOC133344663	LOC116940897
OG0012419		LOC133344664	LOC116940898
OG0012420		LOC133344667	LOC116940899
OG0012421		LOC133344668	LOC116940903
OG0012422		LOC133344669	LOC116940905
OG0012423		LOC133344672	LOC116940908
OG0012424		LOC133344673	LOC116940909
OG0012425		LOC133344676	LOC116940912
OG0012426		LOC133344677	LOC116940920
OG0012427		LOC133344680	LOC116940921
OG0012428		LOC133344683	LOC116940919
OG0012429		LOC133344684	LOC116940918
OG0012430		LOC133344687	LOC116940922
OG0012431		LOC133344698	VIM
OG0012432		LOC133344715	LOC116941102
OG0012433		LOC133344720	LOC142924206
OG0012434		LOC133344725	LOC116941090
OG0012435		LOC133344728	LOC116941093
OG0012436		LOC133344729	LOC116941089
OG0012437		LOC133344733	LOC116941081
OG0012438		LOC133344740	LOC116941076
OG0012439		LOC133344744	LOC116941072
OG0012440		LOC133344745	LOC116941071
OG0012441		LOC133344750	LOC142930172
OG0012442		LOC133344751	LOC116941083
OG0012443		LOC133344754	LOC116941065
OG0012444		LOC133344755	LOC116941064
OG0012445		LOC133344758	LOC116941060
OG0012446		LOC133344760	LOC116941056
OG0012447		LOC133344761	LOC116941055
OG0012448		LOC133344763	LOC116941053
OG0012449		LOC133344772	LOC116941045
OG0012450		LOC133344775	LOC116941041
OG0012451		LOC133344781	LOC116941039
OG0012452		LOC133344799	GYPC
OG0012453		LOC133344809	LOC116941006
OG0012454		LOC133344815	LOC116940999
OG0012455		LOC133344824	LOC116940931
OG0012456		LOC133344835	LOC116940944
OG0012457		LOC133344836	LOC116940945
OG0012458		LOC133344850	LOC116940958
OG0012459		LOC133344851	LOC116940959
OG0012460		LOC133344860	LOC116940971
OG0012461		LOC133344866	LOC116940976
OG0012462		LOC133344869	LOC116940979
OG0012463		LOC133344873	LOC116940985
OG0012464		LOC133344875	LOC116940986
OG0012465		LOC133344878	LOC116940980
OG0012466		LOC133344880	LOC116940992
OG0012467		LOC133344883	LOC116940990
OG0012468		LOC133344886	LOC116940995
OG0012469		LOC133344891	LOC116945242
OG0012470		LOC133344900	LOC116945321
OG0012471		LOC133344902	LOC116945409
OG0012472		LOC133344903	LOC116945437
OG0012473		LOC133344911	LOC116945605
OG0012474		LOC133344915	LOC116945544
OG0012475		LOC133344937	LOC116944286
OG0012477		LOC133344944	LOC116944363
OG0012478		LOC133344945	LOC116950103
OG0012479		LOC133344946	LOC116949737
OG0012481		LOC133344955	LOC116944871
OG0012482		LOC133344956	LOC116950830
OG0012483		LOC133344958	LOC116945129
OG0012484		LOC133344969	LOC116947714
OG0012485		LOC133344971	LOC116947627
OG0012486		LOC133344978	LOC116949742
OG0012487		LOC133344979	LOC116948476
OG0012488		LOC133344982	LOC116949082
OG0012489		LOC133344983	LOC116944312
OG0012490		LOC133344989	LOC116944953
OG0012491		LOC133344993	CCK
OG0012492		LOC133345002	LOC103091728
OG0012493		LOC133345004	LOC116945822
OG0012494		LOC133345005	LOC116945831
OG0012495		LOC133345006	LOC116949564
OG0012496		LOC133345010	LOC116945874
OG0012497		LOC133345011	LOC116945880
OG0012498		LOC133345019	RUNDC3B
OG0012499		LOC133345022	LOC116946008
OG0012500		LOC133345023	LOC116946027
OG0012501		LOC133345025	LOC116946031
OG0012502		LOC133345038	LOC116946166
OG0012503		LOC133345046	LOC116946240
OG0012504		LOC133345049	LOC116946355
OG0012505		LOC133345050	LOC116946382
OG0012506		LOC133345059	MAP3K19
OG0012507		LOC133345060	LOC116949751
OG0012508		LOC133345067	LOC116949750
OG0012509		LOC133345083	LOC116947730
OG0012510		LOC133345085	LOC116954945
OG0012511		LOC133345100	LOC116949756
OG0012512		LOC133345104	LOC116947419
OG0012513		LOC133345109	LOC116949755
OG0012514		LOC133345110	LOC116947341
OG0012515		LOC133345113	LOC116947330
OG0012516		LOC133345128	LOC116947152
OG0012517		LOC133345135	LOC116947084
OG0012518		LOC133345137	LOC116947071
OG0012519		LOC133345150	LOC116947811
OG0012520		LOC133345163	LOC116948081
OG0012521		LOC133345174	LOC116948200
OG0012522		LOC133345177	LOC116948211
OG0012523		LOC133345181	LOC116948263
OG0012524		LOC133345188	LOC116944283
OG0012525		LOC133345191	LOC116948345
OG0012526		LOC133345193	LOC103091701
OG0012527		LOC133345194	LOC116948374
OG0012528		LOC133345200	LOC116948431
OG0012529		LOC133345213	LOC116948694
OG0012530		LOC133345222	LOC116940152
OG0012531		LOC133345225	LOC116948808
OG0012532		LOC133345230	LOC116948862
OG0012533		LOC133345232	LOC116948932
OG0012534		LOC133345233	LOC116948895
OG0012535		LOC133345234	LOC116948914
OG0012536		LOC133345236	LOC116948869
OG0012537		LOC133345238	LOC116948854
OG0012538		LOC133345252	LOC116949256
OG0012539		LOC133345254	LOC116949268
OG0012540		LOC133345259	C2H10orf67
OG0012541		LOC133345267	LOC116949384
OG0012542		LOC133345272	LOC116949434
OG0012543		LOC133345273	LOC116949444
OG0012544		LOC133345277	LOC116949515
OG0012545		LOC133345279	LOC116949542
OG0012546		LOC133345280	LOC116949549
OG0012547		LOC133345285	LOC116949586
OG0012548		LOC133345286	VAT1
OG0012549		LOC133345291	LOC116949624
OG0012550		LOC133345293	LOC142925695
OG0012551		LOC133345300	LOC116949709
OG0012552		LOC133345304	LOC116949780
OG0012553		LOC133345306	LOC116949903
OG0012554		LOC133345317	LOC116950644
OG0012555		LOC133345329	LOC116950621
OG0012556		LOC133345330	LOC116944575
OG0012557		LOC133345338	LOC116944569
OG0012558		LOC133345339	LOC116944587
OG0012559		LOC133345342	LOC116944642
OG0012560		LOC133345343	LOC116950765
OG0012561		LOC133345344	LOC116944623
OG0012562		LOC133345348	LOC116944628
OG0012563		LOC133345350	LOC116950278
OG0012564		LOC133345353	LOC116944673
OG0012565		LOC133345355	LOC142929772
OG0012566		LOC133345358	LOC116944703
OG0012567		LOC133345359	CASP5
OG0012568		LOC133345374	LOC116944905
OG0012569		LOC133345385	LOC116944997
OG0012570		LOC133345394	LOC116949702
OG0012571		LOC133345405	LOC116941371
OG0012572		LOC133345406	LOC116941358
OG0012573		LOC133345408	LOC103091752
OG0012574		LOC133345410	ASTL
OG0012575		LOC133345411	LOC116941268
OG0012576		LOC133345413	LOC116941240
OG0012577		LOC133345415	LOC116941445
OG0012578		LOC133345416	LOC116941444
OG0012579		LOC133345419	LOC116941451
OG0012580		LOC133345421	LOC116941443
OG0012581		LOC133345423	LOC116941441
OG0012582		LOC133345440	BBIP1
OG0012583		LOC133345453	LOC116949697
OG0012584		LOC133345457	LOC116941415
OG0012585		LOC133345466	LOC116941389
OG0012586		LOC133345473	LOC116941411
OG0012587		LOC133345482	LOC142924267
OG0012588		LOC133345483	LOC116941400
OG0012589		LOC133345484	LOC103091793
OG0012590		LOC133345486	LOC116941386
OG0012591		LOC133345487	LOC116941401
OG0012592		LOC133345491	LOC116941465
OG0012593		LOC133345492	LOC116941376
OG0012594		LOC133345498	LOC116941369
OG0012595		LOC133345500	LOC116941367
OG0012596		LOC133345504	LOC116941361
OG0012597		LOC133345505	LOC116941362
OG0012598		LOC133345506	LOC116941360
OG0012599		LOC133345507	LOC116941355
OG0012600		LOC133345511	LOC116949693
OG0012601		LOC133345530	FAM47E
OG0012602		LOC133345547	LOC103091732
OG0012603		LOC133345561	LOC116941296
OG0012604		LOC133345563	LOC116941461
OG0012605		LOC133345575	C11H5orf24
OG0012606		LOC133345579	LOC116941278
OG0012607		LOC133345588	CYP26A1
OG0012608		LOC133345597	LOC116941255
OG0012609		LOC133345604	LOC142924281
OG0012610		LOC133345607	LOC116941243
OG0012611		LOC133345610	LOC116941239
OG0012612		LOC133345635	LOC116941210
OG0012613		LOC133345641	LOC116941459
OG0012614		LOC133345652	LOC116941195
OG0012615		LOC133345656	LOC116941191
OG0012616		LOC133345702	LOC116941428
OG0012617		LOC133345703	LOC116941469
OG0012618		LOC133345704	LOC116941470
OG0012619		LOC133345705	LOC116941379
OG0012620		LOC133345706	LOC116941309
OG0012621		LOC133345713	LOC116941457
OG0012622		LOC133345716	LOC116941450
OG0012623		LOC133345718	LOC116941452
OG0012624		LOC133345734	LOC116938837
OG0012625		LOC133345759	LOC116938790
OG0012626		LOC133345761	LOC116938771
OG0012627		LOC133345762	LOC116938747
OG0012628		LOC133345767	LOC116938695
OG0012629		LOC133345777	LOC116938583
OG0012630		LOC133345779	LOC116938529
OG0012631		LOC133345780	LOC116938496
OG0012632		LOC133345800	LOC116938861
OG0012633		LOC133345801	LOC116938862
OG0012634		LOC133345803	LOC116957696
OG0012635		LOC133345813	LOC116938851
OG0012636		LOC133345817	LOC116938890
OG0012637		LOC133345822	DEXI
OG0012638		LOC133345823	LOC116938843
OG0012639		LOC133345824	LOC116938841
OG0012640		LOC133345848	LOC116938825
OG0012641		LOC133345853	LOC116938816
OG0012642		LOC133345861	LOC116938812
OG0012643		LOC133345862	LOC116938808
OG0012644		LOC133345865	LOC116938805
OG0012645		LOC133345878	LOC116938788
OG0012646		LOC133345880	LOC116938787
OG0012647		LOC133345881	LOC116938784
OG0012648		LOC133345886	NOSTRIN
OG0012649		LOC133345907	LOC116938751
OG0012650		LOC133345914	LOC116938744
OG0012651		LOC133345930	LOC116938729
OG0012652		LOC133345939	LOC116938717
OG0012653		LOC133345945	LOC116938711
OG0012654		LOC133345977	LOC116938668
OG0012655		LOC133345990	SDK2
OG0012656		LOC133346013	LOC116938632
OG0012657		LOC133346036	LOC116938606
OG0012658		LOC133346042	LOC116938604
OG0012659		LOC133346043	LOC116938599
OG0012660		LOC133346044	LOC116938600
OG0012661		LOC133346048	LOC116938596
OG0012662		LOC133346049	LOC116938594
OG0012663		LOC133346054	LOC116938588
OG0012664		LOC133346058	LOC116938582
OG0012665		LOC133346063	PPIG
OG0012666		LOC133346068	BBS5
OG0012667		LOC133346070	LOC116938876
OG0012668		LOC133346077	LOC116938561
OG0012669		LOC133346080	LOC116938559
OG0012670		LOC133346082	LOC116938557
OG0012671		LOC133346090	LOC116949516
OG0012672		LOC133346092	LOC116949517
OG0012673		LOC133346098	LOC116938874
OG0012674		LOC133346099	LOC116938545
OG0012675		LOC133346106	LOC116938538
OG0012676		LOC133346108	LOC116938537
OG0012677		LOC133346110	LOC116938535
OG0012678		LOC133346118	CASD1
OG0012679		LOC133346126	LOC116938517
OG0012680		LOC133346149	LOC116938494
OG0012681		LOC133346154	LOC116938422
OG0012682		LOC133346155	LOC116938420
OG0012683		LOC133346157	LOC116938346
OG0012684		LOC133346158	LOC116938332
OG0012685		LOC133346168	LOC116938113
OG0012686		LOC133346176	LOC116938002
OG0012687		LOC133346187	LOC116938868
OG0012688		LOC133346190	LOC116937616
OG0012689		LOC133346216	LOC116937333
OG0012690		LOC133346227	LOC116938789
OG0012691		LOC133346233	LOC116938881
OG0012692		LOC133346236	LOC116938357
OG0012693		LOC133346289	LOC116954896
OG0012694		LOC133346293	LOC116943509
OG0012695		LOC133346295	LOC116946637
OG0012696		LOC133346300	LOC116941718
OG0012697		LOC133346303	LOC116938576
OG0012698		LOC133346317	LOC116943458
OG0012699		LOC133346318	LOC142923971
OG0012700		LOC133346324	LOC142924018
OG0012701		LOC133346325	LOC116941712
OG0012702		LOC133346329	LOC116941727
OG0012703		LOC133346330	DMBX1
OG0012704		LOC133346342	LOC116939005
OG0012705		LOC133346344	LOC116939182
OG0012706		LOC133346346	LOC116939467
OG0012707		LOC133346349	LOC116939973
OG0012708		LOC133346352	LOC116940651
OG0012709		LOC133346357	LOC116940938
OG0012710		LOC133346374	LOC116943573
OG0012711		LOC133346376	LOC116943329
OG0012712		LOC133346380	LOC116943339
OG0012713		LOC133346385	LOC116949540
OG0012714		LOC133346393	LOC116945853
OG0012715		LOC133346396	LOC116945998
OG0012716		LOC133346398	LOC116941695
OG0012717		LOC133346399	LOC116949541
OG0012718		LOC133346413	LOC116948209
OG0012719		LOC133346429	LOC116951417
OG0012720		LOC133346431	LOC116952394
OG0012721		LOC133346437	LOC116952724
OG0012722		LOC133346449	LOC116952903
OG0012723		LOC133346463	LOC116957784
OG0012724		LOC133346465	LOC116957900
OG0012725		LOC133346466	LOC116949547
OG0012726		LOC133346468	LOC116937848
OG0012728		LOC133346488	LOC116954952
OG0012729		LOC133346502	LOC116938735
OG0012730		LOC133346507	LOC116941744
OG0012731		LOC133346512	LOC116943642
OG0012732		LOC133346516	LOC116943653
OG0012733		LOC133346530	LOC116943745
OG0012734		LOC133346546	LOC116943826
OG0012735		LOC133346557	LOC116938869
OG0012736		LOC133346558	LOC116938891
OG0012737		LOC133346560	LOC116938907
OG0012738		LOC133346563	LOC142924266
OG0012739		LOC133346566	LOC116938926
OG0012740		LOC133346575	LOC103091739
OG0012741		LOC133346587	LOC142930193
OG0012742		LOC133346593	LOC116939322
OG0012743		LOC133346594	LOC116939331
OG0012744		LOC133346607	LOC116949559
OG0012745		LOC133346649	LOC116939883
OG0012746		LOC133346657	LOC116940051
OG0012747		LOC133346665	LOC116949566
OG0012748		LOC133346671	LOC116940077
OG0012749		LOC133346676	LOC116940201
OG0012750		LOC133346677	CEMIP2
OG0012751		LOC133346682	LOC116940176
OG0012752		LOC133346690	LOC116940251
OG0012753		LOC133346712	LOC116949634
OG0012754		LOC133346717	LOC116940524
OG0012755		LOC133346732	FAM227B
OG0012756		LOC133346734	LOC116940695
OG0012757		LOC133346737	LOC116940700
OG0012758		LOC133346750	LOC116940864
OG0012759		LOC133346751	LOC116940892
OG0012760		LOC133346752	LOC116941918
OG0012761		LOC133346762	LOC116941004
OG0012762		LOC133346779	LOC116941070
OG0012763		LOC133346780	LOC116941077
OG0012764		LOC133346781	LOC116941103
OG0012765		LOC133346789	LOC116949627
OG0012766		LOC133346795	LOC116941318
OG0012767		LOC133346891	LOC116939515
OG0012768		LOC133346894	LOC142923247
OG0012769		LOC133346898	LOC116939725
OG0012770		LOC133346900	LOC116939343
OG0012771		LOC133346903	LOC116939374
OG0012772		LOC133346905	LOC116939436
OG0012773		LOC133346907	LOC116939455
OG0012774		LOC133346908	LOC116939456
OG0012775		LOC133346917	LOC116939565
OG0012776		LOC133346927	LOC116939798
OG0012777		LOC133346939	LOC116939695
OG0012778		LOC133346940	LOC116939749
OG0012779		LOC133346949	LOC116939328
OG0012780		LOC133346957	LOC116939329
OG0012781		LOC133346959	LOC116939333
OG0012782		LOC133346967	LOC116939342
OG0012783		LOC133346985	LOC116939361
OG0012784		LOC133346987	LOC116939365
OG0012785		LOC133346991	LOC116939370
OG0012786		LOC133346992	LOC116939371
OG0012787		LOC133346995	LOC116939730
OG0012788		LOC133346997	LOC116939378
OG0012789		LOC133347003	LOC116939382
OG0012790		LOC133347023	LOC116939400
OG0012791		LOC133347026	LOC116939404
OG0012792		LOC133347029	LOC116939407
OG0012793		LOC133347069	LOC116939431
OG0012794		LOC133347078	LOC116939440
OG0012795		LOC133347088	LOC116939448
OG0012796		LOC133347089	THADA
OG0012797		LOC133347091	PLEKHH2
OG0012798		LOC133347093	LOC116939734
OG0012799		LOC133347108	LOC116939470
OG0012800		LOC133347112	LOC116939473
OG0012801		LOC133347117	LOC116939482
OG0012802		LOC133347119	LOC116939484
OG0012803		LOC133347125	LOC116939490
OG0012804		LOC133347163	LOC116939535
OG0012805		LOC133347168	LOC116939540
OG0012806		LOC133347172	LOC116939544
OG0012807		LOC133347177	LOC116939552
OG0012808		LOC133347188	LOC116949585
OG0012809		LOC133347189	LOC116939738
OG0012810		LOC133347192	AHSA1
OG0012811		LOC133347196	LOC116939569
OG0012812		LOC133347205	LOC116949582
OG0012813		LOC133347210	LOC116939583
OG0012814		LOC133347217	LOC116939593
OG0012815		LOC133347218	LOC116939592
OG0012816		LOC133347225	LOC116939588
OG0012817		LOC133347228	LOC116939603
OG0012818		LOC133347232	LOC116939605
OG0012819		LOC133347235	LOC116939608
OG0012820		LOC133347240	LOC116939616
OG0012821		LOC133347253	LOC116939632
OG0012822		LOC133347260	LOC116939792
OG0012823		LOC133347262	LOC116939771
OG0012824		LOC133347264	LOC116939799
OG0012825		LOC133347269	LOC116939775
OG0012826		LOC133347270	LOC116939804
OG0012827		LOC133347279	LOC116939778
OG0012828		LOC133347287	LOC116939773
OG0012829		LOC133347288	LOC116939787
OG0012830		LOC133347289	NAT9
OG0012831		LOC133347300	LOC116939639
OG0012832		LOC133347308	LOC116939645
OG0012833		LOC133347318	LOC116939659
OG0012835		LOC133347351	LOC116939748
OG0012836		LOC133347370	LOC103091842
OG0012837		LOC133347384	LOC142930166
OG0012838		LOC133347389	LOC116958086
OG0012839		LOC133347396	LOC103091807
OG0012840		LOC133347397	LOC116952776
OG0012841		LOC133347401	LOC103091808
OG0012842		LOC133347408	LOC116958204
OG0012843		LOC133347412	LOC116956852
OG0012844		LOC133347414	LOC116957087
OG0012845		LOC133347434	LOC116950948
OG0012846		LOC133347447	FANCG
OG0012847		LOC133347456	LOC116951216
OG0012848		LOC133347464	LOC116951311
OG0012849		LOC133347477	LOC116951583
OG0012850		LOC133347486	LOC116951678
OG0012851		LOC133347490	LOC116951736
OG0012852		LOC133347492	LOC116951846
OG0012853		LOC133347495	LOC116951836
OG0012854		LOC133347496	LOC116951878
OG0012855		LOC133347508	LOC116952011
OG0012856		LOC133347515	LOC116952204
OG0012857		LOC133347518	LOC142930498
OG0012858		LOC133347520	LOC116952232
OG0012859		LOC133347523	LOC116952192
OG0012861		LOC133347533	LOC116958074
OG0012862		LOC133347534	LOC116952381
OG0012863		LOC133347538	LOC116952466
OG0012864		LOC133347544	LOC116952563
OG0012865		LOC133347546	LOC116952575
OG0012866		LOC133347561	LOC116952750
OG0012867		LOC133347562	LOC116952765
OG0012868		LOC133347574	NOG
OG0012869		LOC133347577	LOC116952910
OG0012870		LOC133347578	LOC116958314
OG0012871		LOC133347580	LOC142930792
OG0012872		LOC133347583	LOC116949565
OG0012873		LOC133347584	LOC116952925
OG0012874		LOC133347585	LOC116958360
OG0012875		LOC133347586	LOC116952891
OG0012876		LOC133347589	LOC116953019
OG0012877		LOC133347596	LOC116952921
OG0012878		LOC133347605	LOC116958535
OG0012879		LOC133347607	LOC116953042
OG0012880		LOC133347618	LOC116953131
OG0012881		LOC133347623	LOC116953161
OG0012882		LOC133347630	LOC116953251
OG0012883		LOC133347632	LOC116953254
OG0012884		LOC133347636	LOC116953285
OG0012885		LOC133347642	LOC116953352
OG0012886		LOC133347644	LOC116953398
OG0012887		LOC133347647	LOC116953420
OG0012888		LOC133347652	LOC116953483
OG0012889		LOC133347655	LOC116958157
OG0012890		LOC133347657	LOC116953505
OG0012891		LOC133347658	LOC116953516
OG0012892		LOC133347661	LOC116953587
OG0012893		LOC133347663	LOC116953602
OG0012894		LOC133347664	LOC116953613
OG0012895		LOC133347672	LOC116953705
OG0012896		LOC133347673	LOC116953741
OG0012897		LOC133347676	LOC116958178
OG0012898		LOC133347677	LOC116949643
OG0012899		LOC133347679	LOC116953797
OG0012900		LOC133347680	LOC116953870
OG0012901		LOC133347681	LOC116953878
OG0012902		LOC133347687	LOC116953926
OG0012903		LOC133347701	CCDC154
OG0012904		LOC133347702	LOC116954065
OG0012905		LOC133347704	LOC116954040
OG0012906		LOC133347711	LOC116954137
OG0012907		LOC133347716	LOC116954183
OG0012908		LOC133347720	LOC142905681
OG0012909		LOC133347721	LOC116954199
OG0012910		LOC133347723	LOC116955807
OG0012911		LOC133347726	LOC116955765
OG0012912		LOC133347731	LOC116955745
OG0012913		LOC133347746	ANKFN1
OG0012914		LOC133347747	LOC116955526
OG0012915		LOC133347757	LOC116955349
OG0012916		LOC133347759	MFRP
OG0012917		LOC133347761	LOC116949482
OG0012918		LOC133347763	LOC116955283
OG0012919		LOC133347775	LOC116955076
OG0012920		LOC133347777	LOC116955069
OG0012921		LOC133347780	LOC116954991
OG0012922		LOC133347801	LOC116954737
OG0012923		LOC133347807	LOC116954681
OG0012924		LOC133347809	SH3D19
OG0012925		LOC133347812	LOC116954585
OG0012926		LOC133347813	LOC116949567
OG0012927		LOC133347816	LOC116954541
OG0012928		LOC133347818	LOC142905300
OG0012929		LOC133347821	LOC116954486
OG0012930		LOC133347826	LOC116954441
OG0012931		LOC133347829	LOC116954406
OG0012932		LOC133347833	LOC116958643
OG0012933		LOC133347834	LOC116956868
OG0012934		LOC133347842	LOC116956941
OG0012935		LOC133347849	LOC116957068
OG0012936		LOC133347859	LOC116957259
OG0012937		LOC133347862	LOC116949658
OG0012938		LOC133347863	LOC116957332
OG0012939		LOC133347870	LOC116957383
OG0012940		LOC133347888	LOC116957560
OG0012941		LOC133347890	LOC116957582
OG0012942		LOC133347896	LOC116957678
OG0012943		LOC133347899	C3H19orf33
OG0012944		LOC133347900	LOC116957709
OG0012945		LOC133347906	LOC116957774
OG0012946		LOC133347908	LOC116957827
OG0012947		LOC133347909	LOC116957819
OG0012948		LOC133347910	LOC116957833
OG0012949		LOC133347913	LOC116957845
OG0012950		LOC133347928	LOC116957996
OG0012951		LOC133347931	LOC116949635
OG0012952		LOC133347943	LOC116951257
OG0012953		LOC133347945	LOC116949491
OG0012954		LOC133347946	LOC116952245
OG0012956		LOC133347954	LOC116953092
OG0012957		LOC133347965	LOC116958230
OG0012958		LOC133347966	LOC116949489
OG0012959		LOC133347970	LOC116958213
OG0012960		LOC133347971	LOC116958201
OG0012961		LOC133347987	LOC142905647
OG0012962		LOC133347990	LOC116956126
OG0012963		LOC133347993	LOC116949594
OG0012964		LOC133348005	LOC116955935
OG0012965		LOC133348043	LOC116955945
OG0012966		LOC133348046	LOC116958627
OG0012967		LOC133348066	LOC116956817
OG0012968		LOC133348068	LOC116958635
OG0012969		LOC133348082	LOC116955837
OG0012970		LOC133348214	MMP17
OG0012972		LOC133348223	LOC116939083
OG0012973		LOC133348261	LOC116939250
OG0012974		LOC133348266	LOC116939156
OG0012975		LOC133348269	LOC116939239
OG0012976		LOC133348280	LOC116939257
OG0012977		LOC133348311	LOC116939260
OG0012978		LOC133348334	LOC116939213
OG0012979		LOC133348341	LOC116939204
OG0012980		LOC133348358	LOC116939193
OG0012981		LOC133348411	LOC116939160
OG0012982		LOC133348435	LOC116939002
OG0012983		LOC133348438	LOC116939147
OG0012984		LOC133348445	LOC116939144
OG0012985		LOC133348446	LOC116939141
OG0012986		LOC133348457	LOC116939133
OG0012987		LOC133348471	LOC116939126
OG0012988		LOC133348475	LOC116939124
OG0012989		LOC133348481	LOC116954895
OG0012990		LOC133348486	DUSP14
OG0012991		LOC133348491	LOC116939115
OG0012992		LOC133348501	LOC116939111
OG0012993		LOC133348515	LOC116939095
OG0012994		LOC133348519	LOC116939090
OG0012995		LOC133348532	LOC116939080
OG0012996		LOC133348538	LOC116938922
OG0012997		LOC133348555	LOC116939062
OG0012998		LOC133348557	LOC116939060
OG0012999		LOC133348558	LOC116939058
OG0013000		LOC133348560	LOC116939056
OG0013001		LOC133348561	LOC116939054
OG0013002		LOC133348566	LOC116939038
OG0013003		LOC133348574	LOC116939018
OG0013004		LOC133348575	LOC116939050
OG0013005		LOC133348580	LOC116939044
OG0013006		LOC133348583	LOC116939032
OG0013007		LOC133348587	LOC116939020
OG0013008		LOC133348592	LOC116939036
OG0013009		LOC133348611	LOC116939006
OG0013010		LOC133348612	LOC116939004
OG0013011		LOC133348619	LOC116938997
OG0013012		LOC133348622	LOC116939283
OG0013013		LOC133348625	LOC116938993
OG0013014		LOC133348629	LOC116938988
OG0013015		LOC133348633	LOC116938986
OG0013016		LOC133348635	LOC116938983
OG0013017		LOC133348637	LOC116938979
OG0013018		LOC133348659	LOC116938946
OG0013019		LOC133348674	LOC116938941
OG0013020		LOC133348676	LOC116938937
OG0013021		LOC133348677	LOC116938936
OG0013022		LOC133348712	LOC116950082
OG0013023		LOC133348739	LOC116950294
OG0013024		LOC133348752	LOC116950283
OG0013025		LOC133348759	LOC116950277
OG0013026		LOC133348776	LOC142930364
OG0013027		LOC133348778	LOC116950238
OG0013028		LOC133348787	LOC116950253
OG0013029		LOC133348788	LOC116950262
OG0013030		LOC133348791	LOC142930367
OG0013031		LOC133348792	LOC116950235
OG0013032		LOC133348795	LOC116950303
OG0013033		LOC133348803	LOC116950271
OG0013034		LOC133348813	LOC116951828
OG0013035		LOC133348820	LOC116950060
OG0013036		LOC133348838	LOC116950072
OG0013037		LOC133348843	LOC116950224
OG0013038		LOC133348844	LOC116951918
OG0013039		LOC133348853	LOC116950056
OG0013040		LOC133348865	LOC116950205
OG0013041		LOC133348867	LOC116950204
OG0013042		LOC133348898	LOC116950171
OG0013043		LOC133348899	LOC116950181
OG0013044		LOC133348910	LOC116950209
OG0013045		LOC133348914	LOC116950157
OG0013046		LOC133348919	LOC116950316
OG0013047		LOC133348922	LOC116951996
OG0013048		LOC133348946	LOC116950101
OG0013049		LOC133348960	TBX2
OG0013050		LOC133348977	LOC116950114
OG0013051		LOC133348979	LOC116950130
OG0013052		LOC133348991	LOC116950305
OG0013053		LOC133349024	LOC116951986
OG0013054		LOC133349062	LOC116942652
OG0013055		LOC133349065	LOC116942689
OG0013056		LOC133349069	LOC116942717
OG0013057		LOC133349071	LOC142924622
OG0013058		LOC133349073	LOC116942639
OG0013059		LOC133349082	LOC116957768
OG0013060		LOC133349085	LOC116957769
OG0013061		LOC133349087	LOC116957771
OG0013062		LOC133349090	LOC116942525
OG0013063		LOC133349091	LOC116942526
OG0013064		LOC133349094	LOC116942528
OG0013065		LOC133349105	LOC116942536
OG0013066		LOC133349106	LOC116942504
OG0013067		LOC133349107	ENOSF1
OG0013068		LOC133349109	LOC116942540
OG0013069		LOC133349118	LOC116942549
OG0013070		LOC133349125	LOC116942559
OG0013071		LOC133349127	LOC116942515
OG0013072		LOC133349129	LOC116942625
OG0013073		LOC133349134	LOC116942557
OG0013074		LOC133349152	LOC116942513
OG0013075		LOC133349153	LOC116942607
OG0013076		LOC133349156	LOC116942603
OG0013077		LOC133349158	LOC116951876
OG0013078		LOC133349161	LOC116942600
OG0013079		LOC133349164	LOC116942596
OG0013080		LOC133349177	LOC116942584
OG0013081		LOC133349184	LOC116942573
OG0013082		LOC133349194	LOC116942512
OG0013083		LOC133349198	LOC116942567
OG0013084		LOC133349211	LOC116942633
OG0013085		LOC133349218	LOC116942642
OG0013086		LOC133349220	LOC116942644
OG0013087		LOC133349226	LOC116942654
OG0013088		LOC133349227	LOC116951874
OG0013089		LOC133349228	LOC116942653
OG0013090		LOC133349232	LOC116942658
OG0013091		LOC133349236	LOC116942664
OG0013092		LOC133349237	LOC116942666
OG0013093		LOC133349242	LOC116951983
OG0013094		LOC133349244	LOC116942671
OG0013095		LOC133349248	LOC116951872
OG0013096		LOC133349252	LOC116942678
OG0013097		LOC133349253	LOC116942680
OG0013098		LOC133349258	LOC116942685
OG0013099		LOC133349262	LOC116942695
OG0013100		LOC133349263	LOC116951949
OG0013101		LOC133349275	LOC116942710
OG0013102		LOC133349276	LOC116942711
OG0013103		LOC133349280	LOC116942715
OG0013104		LOC133349302	LOC116942582
OG0013105		LOC133349343	LOC142924560
OG0013106		LOC133349344	LOC116942494
OG0013107		LOC133349358	LOC116942486
OG0013108		LOC133349363	LOC142924562
OG0013109		LOC133349380	LOC116942460
OG0013110		LOC133349382	LOC116942455
OG0013112		LOC133349420	LOC116942419
OG0013113		LOC133349443	LOC116942391
OG0013114		LOC133349450	LOC116942385
OG0013115		LOC133349456	LOC116942377
OG0013116		LOC133349461	LOC116942262
OG0013117		LOC133349462	LOC116942376
OG0013118		LOC133349463	LOC116942375
OG0013119		LOC133349464	LOC116942374
OG0013120		LOC133349466	LOC116942371
OG0013121		LOC133349477	LOC116942362
OG0013122		LOC133349478	LOC116951895
OG0013123		LOC133349494	LOC116942346
OG0013124		LOC133349504	LOC116942337
OG0013125		LOC133349506	LOC116942335
OG0013126		LOC133349511	LOC116942259
OG0013127		LOC133349514	LOC116942323
OG0013128		LOC133349516	LOC116951961
OG0013129		LOC133349528	LOC116951893
OG0013130		LOC133349534	LOC116942256
OG0013131		LOC133349536	LOC116951962
OG0013132		LOC133349539	LOC116942303
OG0013133		LOC133349540	LOC116942302
OG0013134		LOC133349542	LOC116942301
OG0013135		LOC133349543	LOC116942300
OG0013136		LOC133349547	LOC116942255
OG0013137		LOC133349549	LOC116942296
OG0013138		LOC133349550	LOC116942297
OG0013139		LOC133349551	LOC116942295
OG0013140		LOC133349562	LOC116942283
OG0013141		LOC133349563	LOC116942282
OG0013142		LOC133349566	LOC116942278
OG0013143		LOC133349567	LOC116942279
OG0013144		LOC133349578	LOC116942365
OG0013145		LOC133349579	LOC116942456
OG0013146		LOC133349593	LOC116942405
OG0013147		LOC133349594	LOC116942333
OG0013148		LOC133349600	TLCD1
OG0013149		LOC133349602	LOC116942313
OG0013150		LOC133349613	LOC116948751
OG0013151		LOC133349614	LOC116952001
OG0013152		LOC133349619	LOC116948743
OG0013153		LOC133349620	LOC116951863
OG0013154		LOC133349623	LOC116948739
OG0013155		LOC133349624	LOC116948740
OG0013156		LOC133349629	LOC116951966
OG0013157		LOC133349636	LOC116948728
OG0013158		LOC133349650	LOC116948546
OG0013159		LOC133349664	LOC116948703
OG0013160		LOC133349667	LOC116948700
OG0013161		LOC133349669	LOC116948699
OG0013162		LOC133349670	LOC116951965
OG0013163		LOC133349672	LOC116948695
OG0013164		LOC133349674	LOC116948692
OG0013165		LOC133349694	LOC116948669
OG0013166		LOC133349696	LOC116948671
OG0013167		LOC133349697	LOC116948668
OG0013168		LOC133349699	LOC116951971
OG0013169		LOC133349702	LOC116948664
OG0013170		LOC133349707	LOC142930889
OG0013171		LOC133349708	LOC116948657
OG0013172		LOC133349714	LOC116948649
OG0013173		LOC133349715	LOC116948647
OG0013174		LOC133349716	DHRS9
OG0013175		LOC133349724	LOC116948638
OG0013176		LOC133349726	LOC116948636
OG0013177		LOC133349739	LOC116948630
OG0013178		LOC133349740	LOC116948629
OG0013179		LOC133349748	LOC116948616
OG0013180		LOC133349749	LOC116948615
OG0013181		LOC133349759	CYP27C1
OG0013182		LOC133349767	LOC116948597
OG0013183		LOC133349768	LOC116948596
OG0013184		LOC133349771	LOC103091731
OG0013185		LOC133349773	LOC116948594
OG0013186		LOC133349775	LOC116948591
OG0013187		LOC133349784	LOC116948589
OG0013188		LOC133349789	LOC116948572
OG0013189		LOC133349794	LOC116948569
OG0013190		LOC133349799	LOC116948566
OG0013191		LOC133349802	LOC116948539
OG0013192		LOC133349803	LOC116948562
OG0013193		LOC133349805	LOC142929763
OG0013195		LOC133349813	LOC116948553
OG0013196		LOC133349821	LOC116955296
OG0013197		LOC133349823	LOC116951883
OG0013198		LOC133349825	LOC116955428
OG0013199		LOC133349829	LOC116951907
OG0013200		LOC133349832	LOC116948723
OG0013201		LOC133349834	LOC116948662
OG0013202		LOC133349836	LOC116948661
OG0013203		LOC133349839	LOC116948604
OG0013204		LOC133349847	LOC116948745
OG0013205		LOC133349853	LOC116948541
OG0013206		LOC133349855	LOC116948565
OG0013207		LOC133349862	LOC116948535
OG0013208		LOC133349898	LOC116943670
OG0013209		LOC133349901	LOC116943669
OG0013210		LOC133349902	LOC116943668
OG0013211		LOC133349903	LOC116943665
OG0013212		LOC133349909	LOC116943663
OG0013213		LOC133349926	LOC116955029
OG0013214		LOC133349927	LOC116951976
OG0013215		LOC133349962	LOC116943474
OG0013216		LOC133349966	LOC116943646
OG0013217		LOC133349994	LOC116943621
OG0013218		LOC133350004	LOC116943612
OG0013219		LOC133350005	LOC142930890
OG0013220		LOC133350020	LOC103091779
OG0013221		LOC133350022	LOC116943598
OG0013222		LOC133350030	LOC116943589
OG0013223		LOC133350041	LOC116943575
OG0013224		LOC133350058	LOC116943551
OG0013225		LOC133350061	LOC142925071
OG0013226		LOC133350073	LOC116943543
OG0013227		LOC133350077	LOC116943538
OG0013228		LOC133350080	CYB5D2
OG0013229		LOC133350102	LOC116943468
OG0013230		LOC133350107	LOC116943463
OG0013231		LOC133350114	LOC116943597
OG0013232		LOC133350119	LOC116951898
OG0013233		LOC133350128	LOC116943464
OG0013234		LOC133350131	LOC116943661
OG0013235		LOC133350161	LOC142905705
OG0013236		LOC133350165	LOC116940112
OG0013237		LOC133350166	LOC116951972
OG0013238		LOC133350167	LOC116940045
OG0013239		LOC133350169	LOC116940081
OG0013240		LOC133350172	LOC116951943
OG0013241		LOC133350177	LOC116951942
OG0013242		LOC133350178	LOC116940029
OG0013243		LOC133350182	LOC116940032
OG0013244		LOC133350187	LOC116940084
OG0013245		LOC133350188	LOC116940036
OG0013246		LOC133350205	LOC116951941
OG0013247		LOC133350219	LOC116940106
OG0013248		LOC133350223	LOC116940005
OG0013249		LOC133350233	LOC116939997
OG0013250		LOC133350236	LOC116939995
OG0013251		LOC133350238	LOC116939993
OG0013252		LOC133350243	CHKB
OG0013253		LOC133350244	LOC116939986
OG0013254		LOC133350254	LOC116939975
OG0013255		LOC133350267	LOC116951823
OG0013256		LOC133350273	LOC116939925
OG0013257		LOC133350287	LOC116939942
OG0013258		LOC133350291	LOC116939947
OG0013259		LOC133350293	LOC116939956
OG0013260		LOC133350301	LOC116939921
OG0013261		LOC133350303	LOC116951993
OG0013262		LOC133350323	LOC116939900
OG0013263		LOC133350325	LOC116951848
OG0013264		LOC133350331	LOC116939888
OG0013265		LOC133350352	LOC116939867
OG0013266		LOC133350360	LOC116939861
OG0013267		LOC133350366	LOC116939854
OG0013268		LOC133350367	LOC116939852
OG0013269		LOC133350372	LOC116939847
OG0013270		LOC133350374	LOC142924011
OG0013271		LOC133350383	LOC116939825
OG0013272		LOC133350386	LOC116939822
OG0013273		LOC133350389	LOC116939819
OG0013274		LOC133350406	LOC116939895
OG0013275		LOC133350409	LOC116940096
OG0013276		LOC133350424	LOC116940104
OG0013277		LOC133350426	LOC116939950
OG0013278		LOC133350432	LOC116939913
OG0013279		LOC133350438	LOC116939835
OG0013280		LOC133350439	LOC116939816
OG0013281		LOC133350454	LOC116940065
OG0013282		LOC133350475	LOC116937100
OG0013283		LOC133350479	LOC116940227
OG0013284		LOC133350483	LOC116940398
OG0013285		LOC133350487	LOC116940322
OG0013286		LOC133350493	LOC116940189
OG0013287		LOC133350496	LOC116940379
OG0013288		LOC133350532	LOC116940345
OG0013289		LOC133350536	LOC116940341
OG0013290		LOC133350537	LOC116940342
OG0013291		LOC133350541	LOC116954894
OG0013292		LOC133350543	LOC116940335
OG0013293		LOC133350547	LOC116940331
OG0013294		LOC133350559	LOC116951989
OG0013295		LOC133350586	LOC116951990
OG0013296		LOC133350606	LOC116940276
OG0013297		LOC133350610	LOC116940273
OG0013298		LOC133350623	LOC116940255
OG0013299		LOC133350624	LOC116940254
OG0013300		LOC133350625	LOC116940260
OG0013301		LOC133350628	LOC116940261
OG0013302		LOC133350632	LOC116940252
OG0013303		LOC133350633	LOC116940249
OG0013304		LOC133350651	LOC116940234
OG0013305		LOC133350657	LOC116940228
OG0013306		LOC133350658	LOC116940226
OG0013307		LOC133350668	LOC116940219
OG0013308		LOC133350680	LOC116940212
OG0013309		LOC133350686	LOC116951915
OG0013310		LOC133350692	LOC116940188
OG0013311		LOC133350693	LOC116940207
OG0013312		LOC133350694	LOC116940208
OG0013313		LOC133350696	LOC142924099
OG0013314		LOC133350711	PRLR
OG0013315		LOC133350719	LOC116940194
OG0013316		LOC133350730	LOC116940171
OG0013317		LOC133350731	LOC116940167
OG0013318		LOC133350741	LOC116951921
OG0013319		LOC133350742	LOC116940157
OG0013320		LOC133350761	LOC142930872
OG0013321		LOC133350783	LOC116944065
OG0013322		LOC133350797	LOC116944069
OG0013323		LOC133350800	LOC116944089
OG0013324		LOC133350801	LOC116944090
OG0013325		LOC133350825	LOC116944115
OG0013326		LOC133350830	LOC116944118
OG0013327		LOC133350836	LOC116944219
OG0013328		LOC133350837	LOC116944133
OG0013329		LOC133350838	LOC116944128
OG0013330		LOC133350839	LOC116944130
OG0013331		LOC133350854	LOC116944144
OG0013332		LOC133350857	LOC116944146
OG0013333		LOC133350862	LOC116944148
OG0013334		LOC133350863	LOC116951985
OG0013335		LOC133350870	LOC116944161
OG0013336		LOC133350873	LOC116944162
OG0013337		LOC133350876	LOC116944165
OG0013338		LOC133350878	LOC116944040
OG0013339		LOC133350888	LOC116944183
OG0013340		LOC133350893	LOC116944174
OG0013341		LOC133350910	GASK1A
OG0013342		LOC133350923	LOC116944228
OG0013343		LOC133350925	LOC116944227
OG0013344		LOC133350928	LOC116944220
OG0013345		LOC133350937	LOC116944239
OG0013347		LOC133350951	LOC116944045
OG0013348		LOC133350955	LOC116944046
OG0013349		LOC133350958	LOC116944261
OG0013350		LOC133351028	LOC116947039
OG0013352		LOC133351042	LOC116946866
OG0013353		LOC133351044	LOC116947036
OG0013354		LOC133351048	C1QTNF12
OG0013355		LOC133351057	LOC116946980
OG0013356		LOC133351060	LOC116946978
OG0013357		LOC133351065	LOC116946806
OG0013358		LOC133351067	LOC116946969
OG0013359		LOC133351081	LOC116946971
OG0013360		LOC133351086	LOC116947035
OG0013361		LOC133351105	LOC116946937
OG0013362		LOC133351151	LOC116946883
OG0013363		LOC133351157	LOC142931215
OG0013364		LOC133351170	LOC116946850
OG0013365		LOC133351184	LOC116946856
OG0013366		LOC133351187	LOC116946960
OG0013367		LOC133351203	LOC116946839
OG0013368		LOC133351204	LOC116946840
OG0013369		LOC133351219	LOC116946956
OG0013370		LOC133351221	LOC116947015
OG0013371		LOC133351224	LOC116946808
OG0013372		LOC133351225	LOC116954982
OG0013373		LOC133351230	LOC116946922
OG0013374		LOC133351237	LOC116947043
OG0013375		LOC133351255	LOC116947046
OG0013376		LOC133351267	LOC116938368
OG0013377		LOC133351270	LOC116938367
OG0013379		LOC133351308	LOC116945452
OG0013380		LOC133351317	LOC116945531
OG0013381		LOC133351332	ADGB
OG0013382		LOC133351335	LOC116945632
OG0013383		LOC133351339	LOC116945478
OG0013384		LOC133351342	LOC116945617
OG0013385		LOC133351345	LOC116945626
OG0013386		LOC133351368	C1QTNF4
OG0013387		LOC133351371	LOC116945619
OG0013388		LOC133351372	LOC116945614
OG0013389		LOC133351376	LOC116945558
OG0013390		LOC133351382	LOC116954988
OG0013391		LOC133351388	LOC116945658
OG0013392		LOC133351396	LOC116945477
OG0013393		LOC133351397	LOC116945645
OG0013394		LOC133351399	LOC116953428
OG0013395		LOC133351400	LOC116945536
OG0013396		LOC133351403	LOC116945509
OG0013397		LOC133351406	LOC116945650
OG0013398		LOC133351407	LOC116945618
OG0013399		LOC133351418	LOC116945576
OG0013400		LOC133351421	LOC116945601
OG0013401		LOC133351425	LOC116945518
OG0013402		LOC133351428	LOC116945655
OG0013403		LOC133351429	LOC116945548
OG0013404		LOC133351438	LOC116945442
OG0013405		LOC133351441	LOC116945432
OG0013406		LOC133351447	LOC116945439
OG0013407		LOC133351451	LOC116945653
OG0013408		LOC133351458	LOC116945486
OG0013409		LOC133351462	LOC116945471
OG0013410		LOC133351469	LOC142928917
OG0013411		LOC133351477	LOC116945519
OG0013412		LOC133351479	LOC116945652
OG0013413		LOC133351480	LOC116945550
OG0013414		LOC133351488	LOC116945479
OG0013415		LOC133351491	OSBPL5
OG0013416		LOC133351492	LOC116953345
OG0013417		LOC133351494	LOC116945467
OG0013418		LOC133351495	LOC116945436
OG0013419		LOC133351496	LOC142928926
OG0013420		LOC133351497	LOC116945566
OG0013421		LOC133351513	LOC116945469
OG0013422		LOC133351540	LOC116945574
OG0013423		LOC133351547	LOC116945620
OG0013424		LOC133351564	LOC116947412
OG0013425		LOC133351567	LOC116947568
OG0013426		LOC133351572	LOC116953361
OG0013427		LOC133351573	LOC116947531
OG0013428		LOC133351602	KIAA1671
OG0013429		LOC133351609	LOC116947465
OG0013430		LOC133351613	LOC116947499
OG0013431		LOC133351617	PSMG1
OG0013432		LOC133351618	LOC116947520
OG0013433		LOC133351620	LOC116947528
OG0013434		LOC133351625	LOC116947564
OG0013435		LOC133351627	LOC116947480
OG0013436		LOC133351636	LOC116953369
OG0013437		LOC133351640	LOC116947450
OG0013438		LOC133351648	LOC116947473
OG0013439		LOC133351655	LOC116947519
OG0013440		LOC133351657	LOC142929384
OG0013441		LOC133351661	LOC116947631
OG0013442		LOC133351662	LOC116947449
OG0013443		LOC133351663	LOC116947409
OG0013444		LOC133351669	LOC116947433
OG0013445		LOC133351672	LOC116947481
OG0013446		LOC133351682	LOC116947625
OG0013447		LOC133351686	AMIGO1
OG0013448		LOC133351690	LOC116947522
OG0013449		LOC133351693	LOC116947575
OG0013450		LOC133351694	LOC116947547
OG0013451		LOC133351698	LOC116947601
OG0013452		LOC133351704	GATA3
OG0013453		LOC133351718	LOC116947407
OG0013454		LOC133351720	LOC116947421
OG0013455		LOC133351722	LOC116947484
OG0013456		LOC133351732	LOC116947434
OG0013457		LOC133351742	LOC116947403
OG0013458		LOC133351762	LOC116947516
OG0013459		LOC133351767	LOC116947471
OG0013460		LOC133351769	LOC116953300
OG0013461		LOC133351770	LOC116947483
OG0013462		LOC133351772	LOC116947475
OG0013463		LOC133351779	LOC116947462
OG0013464		LOC133351788	LOC116947518
OG0013465		LOC133351804	LOC142929361
OG0013466		LOC133351805	FEZF1
OG0013467		LOC133351816	LOC116947448
OG0013468		LOC133351833	LOC116948858
OG0013469		LOC133351834	LOC116948856
OG0013470		LOC133351844	LOC116948924
OG0013471		LOC133351848	LOC116948766
OG0013472		LOC133351853	SPATA6
OG0013473		LOC133351861	LOC116948923
OG0013474		LOC133351862	LOC116948821
OG0013475		LOC133351870	LOC116953433
OG0013476		LOC133351873	LOC116948928
OG0013477		LOC133351876	LOC116948774
OG0013478		LOC133351895	LOC116948809
OG0013479		LOC133351909	LOC116948876
OG0013480		LOC133351925	LOC116948907
OG0013481		LOC133351936	LOC116948872
OG0013482		LOC133351940	LOC116948797
OG0013483		LOC133351962	LOC116948800
OG0013484		LOC133351967	LOC116948889
OG0013485		LOC133351968	LOC116953395
OG0013486		LOC133351986	LOC116948899
OG0013487		LOC133351988	LOC116948953
OG0013488		LOC133351991	LOC116948888
OG0013489		LOC133351993	LOC116948964
OG0013490		LOC133351994	LOC116948982
OG0013491		LOC133351998	LOC116948799
OG0013492		LOC133352009	LOC116948960
OG0013493		LOC133352010	LOC116948812
OG0013494		LOC133352019	LOC116948961
OG0013495		LOC133352024	LOC116948886
OG0013496		LOC133352034	LOC116948824
OG0013497		LOC133352040	LOC116948838
OG0013498		LOC133352052	LOC116948875
OG0013499		LOC133352055	LOC116948918
OG0013500		LOC133352056	LOC116948917
OG0013501		LOC133352081	LOC116948941
OG0013502		LOC133352290	LOC116953316
OG0013503		LOC133352298	LOC116950567
OG0013504		LOC133352308	LOC142930437
OG0013505		LOC133352312	LOC116950479
OG0013506		LOC133352319	LOC116950449
OG0013507		LOC133352322	LOC116950515
OG0013508		LOC133352334	LOC116953290
OG0013509		LOC133352336	LOC116950582
OG0013510		LOC133352338	LOC116950520
OG0013511		LOC133352362	LOC116950488
OG0013512		LOC133352371	LOC116950402
OG0013513		LOC133352373	LOC116950420
OG0013514		LOC133352376	LOC116950456
OG0013515		LOC133352378	LOC116950512
OG0013516		LOC133352384	LOC116950476
OG0013517		LOC133352397	LOC116950426
OG0013518		LOC133352403	LOC116950494
OG0013519		LOC133352406	LOC116950457
OG0013520		LOC133352414	LOC116950441
OG0013521		LOC133352429	LOC116950387
OG0013522		LOC133352433	MMP23B
OG0013523		LOC133352444	LOC116950537
OG0013524		LOC133352468	LOC116950460
OG0013525		LOC133352478	LOC116950572
OG0013526		LOC133352486	LOC116950436
OG0013527		LOC133352495	LOC116954983
OG0013528		LOC133352509	LOC116950424
OG0013529		LOC133352515	LOC116950451
OG0013530		LOC133352517	LOC116950428
OG0013531		LOC133352518	LOC116950399
OG0013532		LOC133352519	LOC116950560
OG0013533		LOC133352534	LOC142909009
OG0013534		LOC133352536	LOC142929710
OG0013535		LOC133352540	LOC116948252
OG0013536		LOC133352542	LOC116938450
OG0013537		LOC133352543	LOC116948253
OG0013538		LOC133352545	LOC116948397
OG0013539		LOC133352547	LOC116948425
OG0013540		LOC133352549	LOC116948443
OG0013541		LOC133352554	LOC116948343
OG0013542		LOC133352559	LOC116948349
OG0013543		LOC133352575	LOC116948442
OG0013544		LOC133352576	LOC116948446
OG0013545		LOC133352580	LOC116948367
OG0013546		LOC133352582	LOC116948316
OG0013547		LOC133352585	LOC116948359
OG0013548		LOC133352586	LOC116948358
OG0013549		LOC133352588	LOC116948360
OG0013550		LOC133352597	LOC116948526
OG0013551		LOC133352600	LOC116948303
OG0013552		LOC133352603	LOC116948513
OG0013553		LOC133352604	DIO3
OG0013554		LOC133352605	LOC116948351
OG0013555		LOC133352610	LOC116948275
OG0013556		LOC133352614	LOC116948361
OG0013557		LOC133352619	LOC116948333
OG0013558		LOC133352620	LOC116948331
OG0013559		LOC133352621	LOC116953333
OG0013560		LOC133352625	LOC116948506
OG0013561		LOC133352631	LOC116953432
OG0013562		LOC133352634	LOC116948312
OG0013563		LOC133352636	LOC116948375
OG0013564		LOC133352637	LOC116948246
OG0013565		LOC133352638	LOC116948382
OG0013566		LOC133352656	LOC116948363
OG0013567		LOC133352661	LOC116948503
OG0013568		LOC133352663	LOC116948280
OG0013569		LOC133352669	LOC116948471
OG0013570		LOC133352678	LOC116948480
OG0013571		LOC133352683	LOC116948490
OG0013572		LOC133352696	LOC116948459
OG0013573		LOC133352700	LOC116948350
OG0013574		LOC133352701	LOC116948278
OG0013575		LOC133352706	LOC116953387
OG0013576		LOC133352714	LOC116948527
OG0013577		LOC133352716	LOC116953417
OG0013578		LOC133352721	LOC116948436
OG0013579		LOC133352723	LOC116953386
OG0013580		LOC133352726	LOC116948379
OG0013581		LOC133352732	LOC116948287
OG0013582		LOC133352736	LOC116948500
OG0013583		LOC133352738	LOC116948419
OG0013584		LOC133352739	LOC116948421
OG0013585		LOC133352745	LOC116948424
OG0013586		LOC133352747	LOC116948400
OG0013588		LOC133352749	LOC103091684
OG0013589		LOC133352752	LOC116948439
OG0013590		LOC133352762	LOC116948417
OG0013592		LOC133352775	LOC116948521
OG0013593		LOC133352781	SLC35F3
OG0013594		LOC133352787	LOC116953326
OG0013595		LOC133352790	LOC116948268
OG0013596		LOC133352796	LOC116953337
OG0013597		LOC133352797	LOC116948291
OG0013598		LOC133352808	LOC116948433
OG0013599		LOC133352834	LOC116946705
OG0013600		LOC133352839	LOC116946471
OG0013601		LOC133352849	LOC116946588
OG0013602		LOC133352850	LOC116946480
OG0013603		LOC133352851	LOC116946709
OG0013604		LOC133352852	LOC116946481
OG0013605		LOC133352855	LOC116946596
OG0013606		LOC133352858	CCDC178
OG0013607		LOC133352868	LOC116946600
OG0013608		LOC133352870	LOC116946598
OG0013609		LOC133352886	LOC116946496
OG0013610		LOC133352887	LOC116946594
OG0013611		LOC133352888	LOC116946492
OG0013612		LOC133352889	LOC116946493
OG0013613		LOC133352892	LOC142929230
OG0013614		LOC133352898	LOC116946500
OG0013615		LOC133352900	LOC142929215
OG0013616		LOC133352916	LOC116946703
OG0013617		LOC133352919	LOC116946604
OG0013618		LOC133352922	LOC116946708
OG0013619		LOC133352928	LOC116946712
OG0013620		LOC133352940	LOC116946571
OG0013621		LOC133352952	LOC116946642
OG0013622		LOC133352958	LOC116946515
OG0013623		LOC133352962	LOC116946631
OG0013624		LOC133352969	LOC116946540
OG0013625		LOC133352974	LOC116946625
OG0013626		LOC133352983	LOC116946643
OG0013627		LOC133352986	LOC116946546
OG0013628		LOC133352987	LOC116946645
OG0013629		LOC133352992	LOC142929240
OG0013630		LOC133352997	LOC116946628
OG0013631		LOC133352999	LOC116946632
OG0013632		LOC133353000	LOC116946585
OG0013633		LOC133353010	LOC116946542
OG0013634		LOC133353018	LOC116946715
OG0013635		LOC133353019	LOC116953324
OG0013636		LOC133353021	LOC116946569
OG0013637		LOC133353032	LOC116946579
OG0013638		LOC133353045	LOC116946537
OG0013639		LOC133353047	ELOVL5
OG0013640		LOC133353054	LOC116946657
OG0013641		LOC133353056	LOC116946648
OG0013642		LOC133353058	LOC116946647
OG0013643		LOC133353060	LOC116946665
OG0013644		LOC133353066	ADGRB3
OG0013645		LOC133353075	LOC116946672
OG0013646		LOC133353086	LOC116946556
OG0013647		LOC133353088	LOC116946522
OG0013648		LOC133353094	LOC116946610
OG0013649		LOC133353193	LOC116945139
OG0013650		LOC133353195	LOC116945232
OG0013651		LOC133353197	LOC116954994
OG0013652		LOC133353215	LOC116945228
OG0013653		LOC133353223	POM
OG0013654		LOC133353230	LOC116945140
OG0013655		LOC133353233	LOC116945197
OG0013656		LOC133353234	LOC116945198
OG0013657		LOC133353252	LOC116945220
OG0013658		LOC133353263	LOC116945199
OG0013659		LOC133353269	LOC116945285
OG0013660		LOC133353274	LOC116945299
OG0013661		LOC133353292	LOC116945154
OG0013662		LOC133353306	LOC116952991
OG0013663		LOC133353308	TSNARE1
OG0013664		LOC133353316	LOC116945245
OG0013665		LOC133353320	LOC116945248
OG0013666		LOC133353323	LOC116945175
OG0013667		LOC133353326	LOC142925728
OG0013668		LOC133353333	LOC116945226
OG0013669		LOC133353340	LOC116945163
OG0013670		LOC133353343	LOC116945264
OG0013671		LOC133353347	KIAA0408
OG0013672		LOC133353350	LOC142925673
OG0013673		LOC133353353	LOC116945184
OG0013674		LOC133353355	LOC116945294
OG0013675		LOC133353356	LOC116945131
OG0013676		LOC133353362	LOC116945133
OG0013677		LOC133353364	LOC116945108
OG0013678		LOC133353369	LOC116945301
OG0013679		LOC133353371	LOC142925687
OG0013680		LOC133353381	LOC116945217
OG0013681		LOC133353383	LOC116945188
OG0013682		LOC133353385	LOC116945174
OG0013683		LOC133353387	LOC116945138
OG0013684		LOC133353392	LOC116945244
OG0013685		LOC133353395	LOC116952973
OG0013686		LOC133353396	LOC116952975
OG0013687		LOC133353399	LOC116945162
OG0013688		LOC133353408	LOC116945266
OG0013689		LOC133353409	LOC116952914
OG0013690		LOC133353423	LOC103091855
OG0013691		LOC133353433	RHBDF1
OG0013692		LOC133353444	LOC116946252
OG0013693		LOC133353459	LOC116946129
OG0013694		LOC133353461	LOC116946096
OG0013695		LOC133353491	LOC116946130
OG0013696		LOC133353494	LOC116946268
OG0013697		LOC133353496	LOC116946043
OG0013698		LOC133353499	LOC116946233
OG0013699		LOC133353501	LOC116946126
OG0013700		LOC133353505	LOC116946055
OG0013701		LOC133353510	LOC116946168
OG0013702		LOC133353513	USH1G
OG0013703		LOC133353518	LOC116946204
OG0013704		LOC133353524	LOC116946138
OG0013705		LOC133353527	LOC116946221
OG0013706		LOC133353550	LOC116946199
OG0013707		LOC133353558	LOC116946241
OG0013708		LOC133353560	LOC116946125
OG0013709		LOC133353561	LOC116946214
OG0013710		LOC133353567	LOC116946247
OG0013711		LOC133353568	LOC116946249
OG0013712		LOC133353574	UNKL
OG0013713		LOC133353578	LOC116946243
OG0013714		LOC133353583	LOC116946074
OG0013715		LOC133353587	LOC116946046
OG0013716		LOC133353588	LOC116946054
OG0013717		LOC133353594	LOC116946071
OG0013718		LOC133353620	LOC116946171
OG0013719		LOC133353646	TOM1L2
OG0013720		LOC133353652	LOC116952979
OG0013721		LOC133353660	LOC116946278
OG0013722		LOC133353669	LOC116946058
OG0013723		LOC133353670	LOC116946238
OG0013724		LOC133353672	VWA3A
OG0013725		LOC133353673	LOC116946282
OG0013726		LOC133353674	LOC116946280
OG0013727		LOC133353679	LOC116946226
OG0013728		LOC133353681	LOC116946041
OG0013729		LOC133353788	LOC116952441
OG0013730		LOC133353789	CITED1
OG0013731		LOC133353798	LOC116952486
OG0013732		LOC133353827	LOC116952498
OG0013733		LOC133353829	LOC116952458
OG0013734		LOC133353831	LOC116952460
OG0013735		LOC133353833	LOC116952499
OG0013736		LOC133353837	PTCHD1
OG0013737		LOC133353838	KCNRG
OG0013738		LOC133353853	LOC116952556
OG0013739		LOC133353858	LOC116952916
OG0013740		LOC133353868	LOC116952606
OG0013741		LOC133353871	LOC116952526
OG0013742		LOC133353882	LOC116952490
OG0013743		LOC133353891	LOC116952534
OG0013745		LOC133353901	LOC116952554
OG0013746		LOC133353923	LOC116952577
OG0013747		LOC133353924	LOC116952561
OG0013748		LOC133353928	LOC116952885
OG0013749		LOC133353945	LOC116952447
OG0013750		LOC133353948	LOC116952454
OG0013751		LOC133353950	LOC116952456
OG0013752		LOC133353958	LOC116952528
OG0013753		LOC133353985	LOC116952479
OG0013754		LOC133353995	LOC116952608
OG0013755		LOC133354001	LOC142931045
OG0013756		LOC133354030	LOC116950795
OG0013757		LOC133354031	LOC116950812
OG0013758		LOC133354042	LOC116950678
OG0013759		LOC133354056	LOC116950827
OG0013760		LOC133354059	LOC116950753
OG0013761		LOC133354064	LOC116950592
OG0013762		LOC133354067	LOC116952951
OG0013763		LOC133354068	LOC116950781
OG0013764		LOC133354079	LOC116950699
OG0013765		LOC133354083	LOC116950660
OG0013766		LOC133354085	LOC116950594
OG0013767		LOC133354089	TSPAN3
OG0013768		LOC133354095	LOC116952941
OG0013769		LOC133354097	LOC116950705
OG0013770		LOC133354098	LOC116950622
OG0013771		LOC133354107	LOC116950650
OG0013772		LOC133354109	LOC116950651
OG0013773		LOC133354111	LOC116952922
OG0013774		LOC133354121	LOC116950669
OG0013775		LOC133354122	LOC116950777
OG0013776		LOC133354124	LOC116950593
OG0013777		LOC133354127	LOC116950685
OG0013778		LOC133354132	LOC116950655
OG0013779		LOC133354133	LOC116950770
OG0013780		LOC133354135	LOC116950701
OG0013781		LOC133354151	LOC116950682
OG0013782		LOC133354153	LOC116950845
OG0013783		LOC133354162	LOC116950609
OG0013784		LOC133354164	LOC142930523
OG0013785		LOC133354169	LOC116950675
OG0013786		LOC133354170	LOC116950854
OG0013787		LOC133354177	LOC116950721
OG0013788		LOC133354210	LOC116950703
OG0013789		LOC133354214	LOC116950808
OG0013790		LOC133354219	LOC116950767
OG0013791		LOC133354227	LOC116950742
OG0013792		LOC133354229	LOC103091819
OG0013793		LOC133354236	LOC116950683
OG0013794		LOC133354247	LOC116950713
OG0013795		LOC133354248	LOC116954918
OG0013796		LOC133354258	LOC116950745
OG0013797		LOC133354259	LOC116950746
OG0013798		LOC133354261	LOC116950851
OG0013799		LOC133354265	LOC116950759
OG0013800		LOC133354270	LOC116950754
OG0013801		LOC133354272	LOC116950670
OG0013802		LOC133354273	LOC116950740
OG0013803		LOC133354274	LOC116950661
OG0013804		LOC133354285	LOC116950595
OG0013805		LOC133354299	UQCR11
OG0013806		LOC133354300	LOC116950763
OG0013807		LOC133354321	CYP4V2
OG0013808		LOC133354338	LOC116950890
OG0013809		LOC133354341	LOC116951057
OG0013810		LOC133354342	LOC116950969
OG0013811		LOC133354343	LOC116951064
OG0013812		LOC133354351	LOC116950970
OG0013813		LOC133354352	LOC116950977
OG0013814		LOC133354374	LOC116950993
OG0013815		LOC133354380	LOC116950929
OG0013816		LOC133354383	LOC116950972
OG0013817		LOC133354395	PCBD2
OG0013818		LOC133354396	LOC142930548
OG0013820		LOC133354423	NPY5R
OG0013821		LOC133354425	LOC116952981
OG0013822		LOC133354443	LOC116951001
OG0013823		LOC133354454	LOC116950937
OG0013824		LOC133354459	LOC116951088
OG0013825		LOC133354466	LOC116953028
OG0013826		LOC133354467	LOC116950935
OG0013827		LOC133354468	LOC116950910
OG0013828		LOC133354475	LOC116950983
OG0013829		LOC133354482	LOC116950988
OG0013830		LOC133354486	LOC116951078
OG0013831		LOC133354492	LOC116950888
OG0013832		LOC133354493	LOC116953004
OG0013833		LOC133354495	LOC116950877
OG0013834		LOC133354496	LOC116951033
OG0013835		LOC133354498	LOC116950945
OG0013836		LOC133354503	LOC116950924
OG0013837		LOC133354507	LOC116953033
OG0013838		LOC133354508	LOC116950930
OG0013839		LOC133354510	LOC116951022
OG0013840		LOC133354512	LOC116950985
OG0013841		LOC133354524	LOC116951061
OG0013842		LOC133354543	LOC116950918
OG0013843		LOC133354544	LOC116950920
OG0013844		LOC133354545	LOC116950921
OG0013845		LOC133354553	TIFA
OG0013846		LOC133354556	LOC116951052
OG0013847		LOC133354579	LOC116953167
OG0013848		LOC133354583	LOC116953259
OG0013849		LOC133354590	LOC116953133
OG0013850		LOC133354595	LOC116953143
OG0013851		LOC133354601	LOC116953135
OG0013852		LOC133354605	LOC116953123
OG0013853		LOC133354620	LOC116953177
OG0013855		LOC133354631	LOC116952967
OG0013856		LOC133354644	LOC116952900
OG0013857		LOC133354651	EEIG1
OG0013858		LOC133354652	LOC116953203
OG0013859		LOC133354663	LOC116953211
OG0013860		LOC133354675	LOC116953095
OG0013861		LOC133354677	LOC116953238
OG0013862		LOC133354680	LOC116953257
OG0013863		LOC133354683	LOC116953154
OG0013864		LOC133354685	LOC116953218
OG0013865		LOC133354686	LOC116953147
OG0013866		LOC133354687	EPHX4
OG0013867		LOC133354696	LOC116953163
OG0013868		LOC133354697	LOC116953173
OG0013869		LOC133354700	LOC116953104
OG0013870		LOC133354713	LOC116953202
OG0013871		LOC133354720	LOC116953256
OG0013872		LOC133354729	LOC116953158
OG0013873		LOC133354740	LOC116953111
OG0013874		LOC133354743	LOC116953165
OG0013875		LOC133354747	LOC116953155
OG0013876		LOC133354754	LOC116953245
OG0013877		LOC133354757	LOC116953100
OG0013878		LOC133354761	LOC116953226
OG0013879		LOC133354773	LOC116953039
OG0013880		LOC133354779	LOC116953253
OG0013881		LOC133354780	LOC116953255
OG0013882		LOC133354798	LOC116952185
OG0013883		LOC133354801	LOC116952018
OG0013884		LOC133354805	LOC116952020
OG0013885		LOC133354810	LOC116952070
OG0013886		LOC133354821	LOC116952124
OG0013887		LOC133354823	LOC116952140
OG0013888		LOC133354831	LOC116952895
OG0013889		LOC133354835	LOC116952028
OG0013890		LOC133354843	LOC142931111
OG0013891		LOC133354847	LOC116952131
OG0013892		LOC133354849	LOC116954880
OG0013893		LOC133354862	LOC116952119
OG0013894		LOC133354883	LOC116952074
OG0013895		LOC133354888	LOC116952113
OG0013896		LOC133354894	CYP24A1
OG0013897		LOC133354895	LOC116952128
OG0013898		LOC133354898	LOC116952129
OG0013899		LOC133354899	LOC116952126
OG0013900		LOC133354901	LOC116952060
OG0013901		LOC133354902	LOC116952078
OG0013902		LOC133354904	LOC116952065
OG0013903		LOC133354907	LOC116952151
OG0013904		LOC133354921	LOC116952102
OG0013905		LOC133354922	LOC116952031
OG0013906		LOC133354923	LOC116952118
OG0013907		LOC133354924	LOC116952072
OG0013908		LOC133354925	LOC116952067
OG0013909		LOC133354929	LOC116952076
OG0013910		LOC133354931	LOC116952194
OG0013911		LOC133354940	LOC116952112
OG0013912		LOC133354955	LOC116952193
OG0013913		LOC133354973	LOC116952894
OG0013914		LOC133354979	LOC116953512
OG0013915		LOC133354980	LOC116953623
OG0013916		LOC133354993	LOC116953536
OG0013917		LOC133354996	LOC116953521
OG0013918		LOC133355001	LOC116953491
OG0013919		LOC133355002	LOC116953626
OG0013920		LOC133355016	LOC116953513
OG0013921		LOC133355025	LOC116953506
OG0013922		LOC133355043	LOC142931296
OG0013923		LOC133355047	LOC116953485
OG0013924		LOC133355055	LOC116953595
OG0013925		LOC133355056	LOC116953474
OG0013926		LOC133355058	LOC116953514
OG0013927		LOC133355062	LOC116953628
OG0013928		LOC133355117	LOC116953471
OG0013929		LOC133355124	LOC116953601
OG0013930		LOC133355128	LOC103091785
OG0013931		LOC133355135	LOC116953607
OG0013932		LOC133355152	LOC116953615
OG0013933		LOC133355156	LOC116953051
OG0013934		LOC133355170	LOC116953466
OG0013935		LOC133355176	LOC116953589
OG0013936		LOC133355194	LOC116953511
OG0013937		LOC133355201	LOC116953489
OG0013938		LOC133355206	LOC116953469
OG0013939		LOC133355209	LOC116953500
OG0013940		LOC133355214	LOC116953553
OG0013941		LOC133355219	LOC116953502
OG0013942		LOC133355238	LOC116952965
OG0013943		LOC133355240	TCAF2
OG0013944		LOC133355241	LOC116953627
OG0013945		LOC133355242	LOC116953468
OG0013946		LOC133355247	LOC116953590
OG0013947		LOC133355250	LOC116953467
OG0013948		LOC133355252	LOC116953585
OG0013949		LOC133355402	LOC116952397
OG0013950		LOC133355403	LOC116952398
OG0013951		LOC133355404	LOC116952211
OG0013952		LOC133355410	LOC116952254
OG0013953		LOC133355428	LOC116952230
OG0013954		LOC133355430	LOC116952252
OG0013955		LOC133355433	LOC116952393
OG0013956		LOC133355435	LOC116952321
OG0013957		LOC133355440	LOC116952351
OG0013958		LOC133355449	LOC116952330
OG0013959		LOC133355452	LOC116952332
OG0013960		LOC133355460	LOC142930997
OG0013961		LOC133355461	LOC116952338
OG0013962		LOC133355467	LOC103091805
OG0013963		LOC133355470	CHST13
OG0013964		LOC133355480	LOC116952348
OG0013965		LOC133355482	LOC116952223
OG0013967		LOC133355497	LOC116952391
OG0013968		LOC133355498	LOC116952274
OG0013969		LOC133355518	LOC116952342
OG0013970		LOC133355528	LOC116952238
OG0013971		LOC133355529	LOC116952286
OG0013972		LOC133355531	LOC116952299
OG0013973		LOC133355536	LOC142930933
OG0013974		LOC133355541	LOC116952251
OG0013975		LOC133355546	LOC142930998
OG0013976		LOC133355548	LOC116952255
OG0013977		LOC133355566	LOC116952235
OG0013978		LOC133355577	LOC116943739
OG0013979		LOC133355578	LOC116952270
OG0013980		LOC133355587	LOC116952244
OG0013981		LOC133355589	LOC116952237
OG0013982		LOC133355591	LOC116952350
OG0013983		LOC133355592	LOC116952361
OG0013984		LOC133355619	LOC116943732
OG0013985		LOC133355637	LOC116952319
OG0013986		LOC133355643	LOC116943785
OG0013987		LOC133355654	LOC116952241
OG0013988		LOC133355658	LOC116952239
OG0013989		LOC133355660	LOC116952257
OG0013990		LOC133355710	LOC116955002
OG0013991		LOC133355753	LOC116954116
OG0013992		LOC133355757	LOC116954171
OG0013993		LOC133355758	LOC116954172
OG0013994		LOC133355765	LOC116954082
OG0013995		LOC133355766	LOC116954162
OG0013996		LOC133355767	LOC116954180
OG0013997		LOC133355781	LOC116943873
OG0013998		LOC133355798	LOC116943871
OG0013999		LOC133355808	LOC142905433
OG0014000		LOC133355810	LOC116943868
OG0014001		LOC133355819	LOC116954231
OG0014002		LOC133355865	LOC116954083
OG0014003		LOC133355868	LOC116954098
OG0014004		LOC133355877	LOC116954224
OG0014005		LOC133355880	LOC116954074
OG0014006		LOC133355901	LOC116955006
OG0014007		LOC133355917	LOC116954052
OG0014008		LOC133355918	LOC116954156
OG0014009		LOC133355927	LOC116954047
OG0014010		LOC133355958	LOC116954123
OG0014011		LOC133355967	LOC116954255
OG0014012		LOC133355969	LOC116954121
OG0014013		LOC133355985	LOC116943855
OG0014014		LOC133355989	LOC116954066
OG0014015		LOC133355994	LOC116954102
OG0014016		LOC133355997	LOC116954145
OG0014017		LOC133355999	LOC116954160
OG0014018		LOC133356001	LOC116954218
OG0014019		LOC133356003	LOC116954241
OG0014020		LOC133356005	LOC116954143
OG0014021		LOC133356009	LOC116954179
OG0014022		LOC133356010	LOC116954038
OG0014023		LOC133356036	LOC116943852
OG0014024		LOC133356092	LOC116944015
OG0014025		LOC133356170	LOC116953948
OG0014026		LOC133356181	LOC116953962
OG0014027		LOC133356182	LOC116953973
OG0014028		LOC133356186	LOC116953855
OG0014029		LOC133356198	LOC116953836
OG0014030		LOC133356206	LOC116953885
OG0014031		LOC133356209	LOC142905415
OG0014032		LOC133356221	LOC116953879
OG0014033		LOC133356222	LOC116953894
OG0014034		LOC133356227	LOC116954034
OG0014035		LOC133356233	LOC116943995
OG0014036		LOC133356237	LOC116953922
OG0014037		LOC133356238	LOC116953854
OG0014038		LOC133356239	LOC116953943
OG0014039		LOC133356240	LOC116953945
OG0014040		LOC133356241	LOC116953949
OG0014041		LOC133356247	LOC116953875
OG0014042		LOC133356256	LOC116953882
OG0014043		LOC133356260	LOC116953889
OG0014044		LOC133356262	LOC116953923
OG0014045		LOC133356265	LOC116954001
OG0014046		LOC133356271	LOC116953990
OG0014047		LOC133356285	LOC116953848
OG0014048		LOC133356291	LOC116953910
OG0014049		LOC133356299	LOC116953942
OG0014050		LOC133356300	LOC116953946
OG0014051		LOC133356310	LOC116953833
OG0014052		LOC133356315	LOC116953940
OG0014053		LOC133356316	LOC116954026
OG0014054		LOC133356330	LOC116953863
OG0014055		LOC133356333	LOC116953981
OG0014056		LOC133356335	LOC116953912
OG0014057		LOC133356338	BLVRB
OG0014058		LOC133356342	LOC116953950
OG0014059		LOC133356346	LOC116953959
OG0014060		LOC133356358	LOC116953970
OG0014061		LOC133356364	LOC116954007
OG0014062		LOC133356392	LOC116951137
OG0014063		LOC133356393	LOC116951299
OG0014064		LOC133356394	LOC116951166
OG0014065		LOC133356408	LOC116951185
OG0014066		LOC133356411	LOC116951295
OG0014067		LOC133356421	LOC116951192
OG0014068		LOC133356422	LOC116951140
OG0014069		LOC133356431	LOC116951147
OG0014070		LOC133356434	LOC116951286
OG0014071		LOC133356441	LOC116951191
OG0014072		LOC133356451	LOC116937218
OG0014073		LOC133356452	LOC116943977
OG0014074		LOC133356464	LOC116951161
OG0014075		LOC133356465	LOC116951250
OG0014076		LOC133356473	LOC142930608
OG0014077		LOC133356476	LOC116951108
OG0014078		LOC133356478	LOC116951203
OG0014079		LOC133356490	LOC116951200
OG0014080		LOC133356497	LOC116951186
OG0014081		LOC133356503	LOC116951291
OG0014082		LOC133356511	LOC116951289
OG0014083		LOC133356513	LOC116951198
OG0014084		LOC133356522	ZXDC
OG0014085		LOC133356529	LOC142930618
OG0014086		LOC133356531	LOC142925112
OG0014087		LOC133356539	LOC116951283
OG0014088		LOC133356541	LOC116951273
OG0014089		LOC133356543	FAM3C
OG0014090		LOC133356552	LOC116951152
OG0014091		LOC133356556	LOC116951220
OG0014092		LOC133356574	LOC116951255
OG0014094		LOC133356579	LOC116951253
OG0014095		LOC133356587	LOC116951126
OG0014096		LOC133356596	LOC116951313
OG0014097		LOC133356601	LOC116951206
OG0014098		LOC133356603	LOC116951154
OG0014099		LOC133356607	LOC116951149
OG0014100		LOC133356609	LOC116951228
OG0014101		LOC133356610	LOC116951227
OG0014102		LOC133356612	LOC116951189
OG0014103		LOC133356635	LOC116952672
OG0014104		LOC133356636	LOC116943961
OG0014105		LOC133356638	LOC116952721
OG0014106		LOC133356641	LOC116952763
OG0014107		LOC133356642	LOC116952824
OG0014108		LOC133356643	LOC116952762
OG0014109		LOC133356646	LOC116952735
OG0014110		LOC133356654	LOC116952764
OG0014111		LOC133356659	LOC116955008
OG0014112		LOC133356660	LOC116952766
OG0014113		LOC133356664	LOC116952825
OG0014114		LOC133356667	LOC116952816
OG0014115		LOC133356674	LOC116952748
OG0014116		LOC133356676	LOC116952675
OG0014117		LOC133356680	LOC116952725
OG0014119		LOC133356698	LOC116952733
OG0014121		LOC133356711	LOC116952708
OG0014122		LOC133356714	LOC116952737
OG0014123		LOC133356719	LOC116952781
OG0014124		LOC133356721	LOC116952746
OG0014125		LOC133356729	LOC116957748
OG0014126		LOC133356732	LOC116952826
OG0014127		LOC133356741	LOC116952751
OG0014128		LOC133356745	C48H3orf20
OG0014129		LOC133356747	LOC116955010
OG0014130		LOC133356751	LOC116952745
OG0014131		LOC133356757	LOC116952705
OG0014132		LOC133356761	LOC116952730
OG0014133		LOC133356766	LOC116952668
OG0014134		LOC133356769	LOC142931069
OG0014135		LOC133356771	LOC116952669
OG0014136		LOC133356775	LOC116952778
OG0014137		LOC133356795	LOC116952780
OG0014138		LOC133356800	LOC116943760
OG0014139		LOC133356810	LOC116952754
OG0014140		LOC133356816	LOC116952744
OG0014141		LOC133356823	LOC116952805
OG0014142		LOC133356824	LOC116952804
OG0014143		LOC133356826	LOC116952677
OG0014144		LOC133356840	LOC116952784
OG0014145		LOC133356901	LOC116955537
OG0014146		LOC133356902	LOC116955610
OG0014147		LOC133356904	LOC116955624
OG0014148		LOC133356913	LOC116955484
OG0014149		LOC133356916	LOC116943922
OG0014150		LOC133356917	LOC116955505
OG0014151		LOC133356921	LOC116955568
OG0014152		LOC133356922	LOC116955551
OG0014153		LOC133356926	LOC116955536
OG0014154		LOC133356935	LOC116955623
OG0014155		LOC133356950	LOC116955542
OG0014157		LOC133356970	LOC116955589
OG0014158		LOC133356971	LOC116955590
OG0014159		LOC133356982	LOC116955599
OG0014160		LOC133357021	LOC116943947
OG0014161		LOC133357033	LOC116955514
OG0014162		LOC133357034	LOC116955513
OG0014163		LOC133357039	LOC103091860
OG0014164		LOC133357048	LOC116955479
OG0014165		LOC133357050	LOC103091810
OG0014166		LOC133357052	LOC116955615
OG0014167		LOC133357056	LOC116955570
OG0014168		LOC133357058	LOC116955609
OG0014169		LOC133357068	LOC116943932
OG0014170		LOC133357071	LOC116943969
OG0014171		LOC133357079	LOC116955486
OG0014172		LOC133357087	LOC116955635
OG0014173		LOC133357088	LOC142905980
OG0014174		LOC133357089	LOC116955487
OG0014175		LOC133357093	LOC116943949
OG0014176		LOC133357099	LOC116955501
OG0014177		LOC133357106	LOC116955556
OG0014178		LOC133357116	LOC116955572
OG0014179		LOC133357119	LOC116955571
OG0014180		LOC133357131	LOC116955621
OG0014181		LOC133357137	LOC116943955
OG0014182		LOC133357145	LOC116956282
OG0014183		LOC133357146	LOC116943935
OG0014184		LOC133357153	LOC116956310
OG0014185		LOC133357155	LOC116956249
OG0014186		LOC133357165	LOC116956309
OG0014187		LOC133357169	LOC116956284
OG0014188		LOC133357174	LOC116956297
OG0014189		LOC133357177	LOC116956252
OG0014190		LOC133357179	LOC116956243
OG0014191		LOC133357182	LOC116956313
OG0014192		LOC133357195	LOC116956302
OG0014193		LOC133357201	MYO16
OG0014194		LOC133357221	LOC142906450
OG0014195		LOC133357236	LOC116957862
OG0014196		LOC133357246	LOC116956341
OG0014197		LOC133357253	LOC116956260
OG0014198		LOC133357263	NOD2
OG0014199		LOC133357265	LOC116943788
OG0014200		LOC133357286	LOC116956336
OG0014201		LOC133357295	EFHC2
OG0014202		LOC133357308	LOC116943749
OG0014203		LOC133357314	LOC116956339
OG0014204		LOC133357318	LOC116956337
OG0014205		LOC133357319	LOC116957887
OG0014206		LOC133357326	LOC116956353
OG0014207		LOC133357337	LOC116943912
OG0014208		LOC133357338	LOC116956275
OG0014209		LOC133357347	LOC116956314
OG0014210		LOC133357349	LOC116956271
OG0014211		LOC133357384	LOC116954480
OG0014212		LOC133357385	LOC116954630
OG0014213		LOC133357394	LOC116954472
OG0014214		LOC133357402	PRMT2
OG0014215		LOC133357403	LOC116954527
OG0014216		LOC133357406	LOC116954565
OG0014217		LOC133357410	LOC116954573
OG0014218		LOC133357411	LOC116954588
OG0014219		LOC133357417	LOC116954586
OG0014220		LOC133357419	LOC116954465
OG0014222		LOC133357431	LOC116954409
OG0014223		LOC133357434	LOC142905572
OG0014224		LOC133357436	LOC116954516
OG0014225		LOC133357446	LOC142905603
OG0014226		LOC133357455	LOC116954542
OG0014227		LOC133357465	LOC116954561
OG0014228		LOC133357471	LOC116943898
OG0014229		LOC133357476	LOC116954589
OG0014230		LOC133357480	LOC116954446
OG0014231		LOC133357484	LOC116954538
OG0014232		LOC133357493	LOC116943893
OG0014233		LOC133357497	LOC116954475
OG0014234		LOC133357499	LOC116954613
OG0014235		LOC133357502	LOC142905251
OG0014236		LOC133357512	LOC116954425
OG0014237		LOC133357515	LOC116954500
OG0014238		LOC133357523	LOC116954504
OG0014239		LOC133357531	LOC116954447
OG0014240		LOC133357537	LOC116954559
OG0014241		LOC133357540	CLTRN
OG0014242		LOC133357549	ANKRD42
OG0014243		LOC133357560	LOC116954443
OG0014244		LOC133357563	LOC116954550
OG0014245		LOC133357566	LOC116954578
OG0014246		LOC133357570	LOC116954574
OG0014247		LOC133357571	LOC116943741
OG0014248		LOC133357577	LOC116954606
OG0014249		LOC133357586	ANKMY1
OG0014250		LOC133357590	LOC116954620
OG0014251		LOC133357598	LOC116954521
OG0014252		LOC133357601	LOC116954564
OG0014253		LOC133357602	LOC116954563
OG0014254		LOC133357604	LOC116954628
OG0014255		LOC133357611	LOC116954466
OG0014256		LOC133357614	LOC116954600
OG0014257		LOC133357616	LOC116943812
OG0014258		LOC133357622	LOC116943813
OG0014259		LOC133357623	LOC116954412
OG0014260		LOC133357628	LOC116954560
OG0014261		LOC133357652	LOC116955668
OG0014262		LOC133357656	LOC116955684
OG0014263		LOC133357661	LOC116955733
OG0014264		LOC133357667	LOC116955687
OG0014265		LOC133357668	LOC116943820
OG0014266		LOC133357670	LOC116955688
OG0014267		LOC133357673	LOC116955766
OG0014268		LOC133357676	LOC116955717
OG0014269		LOC133357678	LOC116955741
OG0014270		LOC133357695	LOC116943825
OG0014271		LOC133357706	LOC116955689
OG0014272		LOC133357707	LOC116943780
OG0014273		LOC133357713	LOC142906038
OG0014274		LOC133357714	LOC116955734
OG0014275		LOC133357716	LOC142906054
OG0014276		LOC133357736	LOC116955726
OG0014277		LOC133357742	LOC116955771
OG0014278		LOC133357749	LOC116955693
OG0014279		LOC133357761	SLC10A4
OG0014280		LOC133357764	LOC116955751
OG0014281		LOC133357768	LOC116955680
OG0014282		LOC133357781	LOC116955781
OG0014283		LOC133357788	LOC116955678
OG0014284		LOC133357790	LOC116955666
OG0014285		LOC133357791	LOC142906085
OG0014286		LOC133357793	LOC142906091
OG0014287		LOC133357820	LOC116956004
OG0014288		LOC133357852	LOC116955989
OG0014289		LOC133357867	LOC116956000
OG0014290		LOC133357895	LOC116955984
OG0014291		LOC133357900	LOC116956119
OG0014292		LOC133357901	LOC116956041
OG0014293		LOC133357903	LOC116956044
OG0014294		LOC133357916	LOC116956059
OG0014295		LOC133357920	LOC116956061
OG0014296		LOC133357932	LOC116956067
OG0014297		LOC133357941	LOC142906348
OG0014298		LOC133357949	LOC116957843
OG0014300		LOC133357959	LOC116956088
OG0014301		LOC133357960	LOC116956097
OG0014302		LOC133357967	LOC116956121
OG0014303		LOC133357970	LOC116956127
OG0014304		LOC133357974	LOC116956123
OG0014305		LOC133357979	LOC116956131
OG0014306		LOC133357998	LOC116956146
OG0014307		LOC133358010	LOC116956157
OG0014308		LOC133358026	LOC116956164
OG0014309		LOC133358049	LOC116957848
OG0014310		LOC133358053	LOC116956086
OG0014311		LOC133358068	LOC116956179
OG0014312		LOC133358070	LOC116955967
OG0014313		LOC133358071	LOC116955974
OG0014314		LOC133358073	LOC116955971
OG0014315		LOC133358118	LOC116938001
OG0014316		LOC133358165	LOC116943723
OG0014317		LOC133358186	LOC116943724
OG0014318		LOC133358197	LOC116954700
OG0014319		LOC133358218	LOC116955048
OG0014320		LOC133358227	LOC116938335
OG0014321		LOC133358237	LOC116954678
OG0014322		LOC133358254	LOC116954664
OG0014323		LOC133358261	LOC116954791
OG0014324		LOC133358267	LOC116954762
OG0014325		LOC133358274	LOC116954709
OG0014327		LOC133358292	LOC116954731
OG0014328		LOC133358299	LOC116954636
OG0014329		LOC133358306	LOC116954702
OG0014330		LOC133358309	LOC116954682
OG0014331		LOC133358313	LOC116954766
OG0014332		LOC133358320	LOC116943840
OG0014333		LOC133358349	LOC116954764
OG0014334		LOC133358350	LOC116954706
OG0014335		LOC133358352	LOC116954662
OG0014336		LOC133358355	LOC116954773
OG0014337		LOC133358367	LOC116954816
OG0014338		LOC133358371	LOC116954763
OG0014339		LOC133358384	HSPB3
OG0014340		LOC133358398	LOC116954743
OG0014341		LOC133358451	LOC116943845
OG0014342		LOC133358456	LOC116954643
OG0014343		LOC133358458	LOC116955842
OG0014345		LOC133358487	COA3
OG0014346		LOC133358489	LOC116955817
OG0014347		LOC133358493	LOC116955852
OG0014348		LOC133358494	LOC116943848
OG0014349		LOC133358502	LOC116955946
OG0014350		LOC133358503	LOC103091727
OG0014351		LOC133358514	LOC116955947
OG0014352		LOC133358530	LOC116955884
OG0014353		LOC133358532	LOC142906282
OG0014355		LOC133358546	LOC116955941
OG0014356		LOC133358551	LOC103091716
OG0014357		LOC133358561	LOC116955951
OG0014358		LOC133358567	LOC116954756
OG0014359		LOC133358569	LOC116955864
OG0014360		LOC133358576	LOC142906274
OG0014361		LOC133358588	LOC116955847
OG0014362		LOC133358596	LOC116955885
OG0014363		LOC133358597	LOC116955822
OG0014364		LOC133358602	LOC116955863
OG0014365		LOC133358603	LOC116943880
OG0014366		LOC133358609	LOC116943860
OG0014367		LOC133358615	LOC116955960
OG0014368		LOC133358621	LOC116943991
OG0014369		LOC133358625	LOC116955216
OG0014370		LOC133358629	LOC116955157
OG0014371		LOC133358632	LOC116955174
OG0014372		LOC133358645	LOC116943766
OG0014373		LOC133358646	LOC116955226
OG0014374		LOC133358654	LOC116955065
OG0014375		LOC133358655	LOC116955066
OG0014376		LOC133358658	LOC116955196
OG0014377		LOC133358669	LOC116943896
OG0014378		LOC133358673	LOC116955118
OG0014380		LOC133358685	LOC116955195
OG0014381		LOC133358686	LOC116943816
OG0014382		LOC133358696	LOC116943779
OG0014383		LOC133358697	LOC116955104
OG0014385		LOC133358705	LOC116955102
OG0014386		LOC133358707	LOC116955109
OG0014387		LOC133358708	LOC116955123
OG0014388		LOC133358719	LOC116943844
OG0014389		LOC133358758	LOC116943743
OG0014390		LOC133358803	LOC116944004
OG0014391		LOC133358813	LOC116943984
OG0014392		LOC133358817	LOC116955182
OG0014393		LOC133358828	LOC116955179
OG0014394		LOC133358829	LOC116955137
OG0014395		LOC133358842	LOC116943794
OG0014396		LOC133358856	LOC116950302
OG0014397		LOC133358858	LOC116943792
OG0014399		LOC133358879	LOC116943750
OG0014400		LOC133358973	LOC116941366
OG0014401		LOC133358985	LOC116941423
OG0014402		LOC133359009	LOC116942497
OG0014404		LOC133359025	LOC142925489
OG0014405		LOC133359027	LOC116942892
OG0014406		LOC133359040	LOC116957338
OG0014407		LOC133359045	LOC116943484
OG0014408		LOC133359081	LOC116942475
OG0014409		LOC133359088	LOC142925124
OG0014410		LOC133359090	LOC116942065
OG0014411		LOC133359102	LOC116938962
OG0014412		LOC133359106	LOC116944456
OG0014413		LOC133359130	LOC116942440
OG0014414		LOC133359136	PET100
OG0014415		LOC133359137	LOC116943105
OG0014416		LOC133359142	LOC116941491
OG0014417		LOC133359159	LOC116940191
OG0014418		LOC133359163	LOC142915323
OG0014419		LOC133359166	SPATA1
OG0014420		LOC133359168	LOC142924314
OG0014421		LOC133359174	LOC116942470
OG0014422		LOC133359187	LOC116942739
OG0014423		LOC133359193	LOC116942907
OG0014424		LOC133359194	LOC116942996
OG0014425		LOC133359198	LOC116942878
OG0014426		LOC133359207	LOC116942880
OG0014427		LOC133359210	LOC116942181
OG0014428		LOC133359213	LOC116942417
OG0014429		LOC133359227	LOC116943033
OG0014430		LOC133359236	LOC116941282
OG0014431		LOC133359244	LOC116942597
OG0014432		LOC133359250	LOC116943013
OG0014433		LOC133359266	LOC116944196
OG0014434		LOC133359267	LOC116944327
OG0014435		LOC133359277	LOC116947872
OG0014436		LOC133359280	LOC116939061
OG0014437		LOC133359387	LOC116937608
OG0014438		LOC133359388	LOC116956911
OG0014439		LOC133359395	LOC116956895
OG0014440		LOC133359401	LOC116947119
OG0014441		LOC133359420	SYNPO
OG0014443		LOC133359438	LOC116957992
OG0014444		LOC133359441	LOC116947125
OG0014445		LOC133359448	LOC116938040
OG0014446		LOC133359449	LOC116958025
OG0014447		LOC133359463	LOC116937036
OG0014448		LOC133359474	LOC116956930
OG0014449		LOC133359563	LOC116957965
OG0014450		LOC133359632	LOC116956844
OG0014451		LOC133359658	LOC116937962
OG0014452		LOC133359667	A1CF
OG0014453		LOC133359670	LOC116956932
OG0014454		LOC133359697	LOC116958042
OG0014455		LOC133359718	LOC116947150
OG0014456		LOC133359720	LOC116957993
OG0014457		LOC133359722	LOC116957972
OG0014458		LOC133359751	LOC142907630
OG0014459		LOC133359755	LOC116947093
OG0014460		LOC133359770	LOC116955019
OG0014461		LOC133359810	LOC142908352
OG0014462		LOC133359859	PTGR1
OG0014463		LOC133359862	LOC116958586
OG0014464		LOC133359874	LOC116958578
OG0014465		LOC133359882	LOC116958580
OG0014466		LOC133359884	LOC116947156
OG0014467		LOC133359958	LOC142908344
OG0014468		LOC133359961	LOC116958582
OG0014469		LOC133359968	LOC116958592
OG0014470		LOC133359972	LOC142907637
OG0014471		LOC133359973	LOC116958593
OG0014472		LOC133359978	LOC116958581
OG0014473		LOC133359986	LOC116958583
OG0014474		LOC133359992	LOC116947174
OG0014475		LOC133360004	LOC116947175
OG0014476		LOC133360007	FADS2
OG0014477		LOC133360033	LOC116955321
OG0014478		LOC133360038	LOC116947180
OG0014479		LOC133360043	LOC116955392
OG0014480		LOC133360055	LOC116955423
OG0014481		LOC133360059	RO60
OG0014482		LOC133360066	LOC116947096
OG0014483		LOC133360080	LOC116955022
OG0014484		LOC133360092	LOC116955361
OG0014485		LOC133360097	LOC142905791
OG0014486		LOC133360107	LOC116955436
OG0014487		LOC133360126	LOC116955294
OG0014488		LOC133360167	PRR3
OG0014489		LOC133360173	LOC116955394
OG0014490		LOC133360174	LOC142905687
OG0014491		LOC133360194	LOC116955323
OG0014492		LOC133360267	LOC116956380
OG0014493		LOC133360270	LOC116956387
OG0014494		LOC133360274	LOC116956495
OG0014495		LOC133360289	LOC116947205
OG0014497		LOC133360308	LOC116956463
OG0014498		LOC133360310	LOC116956411
OG0014499		LOC133360313	LOC116956477
OG0014500		LOC133360316	LOC116956415
OG0014501		LOC133360318	LOC116956418
OG0014503		LOC133360331	LOC116947194
OG0014505		LOC133360343	LOC116956449
OG0014506		LOC133360345	LOC116956462
OG0014507		LOC133360352	LOC116947216
OG0014508		LOC133360353	LOC116956466
OG0014509		LOC133360355	LOC116956467
OG0014510		LOC133360365	LOC116956492
OG0014511		LOC133360382	LOC116947189
OG0014512		LOC133360400	LOC116956510
OG0014513		LOC133360420	LOC103091818
OG0014514		LOC133360422	LOC116956515
OG0014515		LOC133360425	LOC116947097
OG0014517		LOC133360459	LOC116956687
OG0014518		LOC133360469	LOC116956591
OG0014519		LOC133360473	LOC116956666
OG0014520		LOC133360477	LOC116958500
OG0014521		LOC133360491	LOC116956669
OG0014522		LOC133360508	LOC116957634
OG0014523		LOC133360518	LOC116956672
OG0014524		LOC133360519	LOC116956536
OG0014525		LOC133360534	LOC116958505
OG0014527		LOC133360558	LOC116957622
OG0014529		LOC133360562	LOC116956659
OG0014530		LOC133360570	LOC116956692
OG0014531		LOC133360580	LOC116947190
OG0014532		LOC133360581	LOC116937463
OG0014533		LOC133360588	LOC116956688
OG0014534		LOC133360627	LOC116956577
OG0014535		LOC133360630	LOC116956576
OG0014536		LOC133360641	LOC116956535
OG0014537		LOC133360651	LOC116956619
OG0014538		LOC133360655	LOC116956534
OG0014539		LOC133360661	NR2E1
OG0014540		LOC133360662	LOC142906544
OG0014541		LOC133360663	LOC116956588
OG0014542		LOC133360684	LOC116958536
OG0014543		LOC133360698	LOC116958494
OG0014544		LOC133360706	LOC116947236
OG0014545		LOC133360721	LOC116947237
OG0014546		LOC133360732	LOC116956606
OG0014547		LOC133360735	LOC116956615
OG0014548		LOC133360743	LOC116956570
OG0014549		LOC133360744	LOC116956550
OG0014550		LOC133360747	LOC116956613
OG0014551		LOC133360752	LOC116956623
OG0014552		LOC133360753	LOC116957892
OG0014553		LOC133360754	LOC116956622
OG0014554		LOC133360755	LOC116956625
OG0014555		LOC133360763	LOC116957894
OG0014556		LOC133360782	LOC116956575
OG0014557		LOC133360784	LOC116956682
OG0014558		LOC133360788	LOC116956597
OG0014559		LOC133360794	LOC116956691
OG0014560		LOC133360795	LOC116956638
OG0014561		LOC133360797	LOC116956574
OG0014562		LOC133360832	LOC116957613
OG0014563		LOC133360845	LOC116957637
OG0014564		LOC133360850	LOC142907461
OG0014565		LOC133360859	LOC116947327
OG0014567		LOC133360941	LOC142908105
OG0014568		LOC133360945	LOC116957192
OG0014569		LOC133360953	LOC116957159
OG0014570		LOC133360979	LOC116957136
OG0014571		LOC133360994	LOC116957143
OG0014572		LOC133360997	LOC116957145
OG0014573		LOC133361000	LOC116957130
OG0014574		LOC133361016	LOC116957158
OG0014575		LOC133361106	LOC116958217
OG0014576		LOC133361119	LOC116957435
OG0014577		LOC133361130	LOC116958261
OG0014578		LOC133361141	LOC116938390
OG0014579		LOC133361158	LOC116958195
OG0014580		LOC133361170	LOC116957433
OG0014581		LOC133361185	LOC116958220
OG0014582		LOC133361212	LOC116958186
OG0014583		LOC133361228	LOC116947361
OG0014584		LOC133361295	LOC116957599
OG0014585		LOC133361381	LOC116947376
OG0014586		LOC133361404	LOC116947378
OG0014587		LOC133361415	LOC116947379
OG0014588		LOC133361436	LOC116947382
OG0014589		LOC133361447	LOC116947384
OG0014590		LOC133361644	LOC116947118
OG0014591		LOC133361674	LOC116947138
OG0014592		LOC133361678	LOC116957587
OG0014593		LOC133361694	LOC116947159
OG0014594		LOC133361721	LOC116957585
OG0014595		LOC133361722	LOC116947099
OG0014596		LOC133361725	LOC116957575
OG0014597		LOC133361744	LOC116947101
OG0014598		LOC133361793	LOC116947079
OG0014599		LOC133361896	LTK
OG0014600		LOC133361901	LOC116955052
OG0014601		LOC133361921	LOC116947102
OG0014602		LOC133362002	LOC116947066
OG0014603		LOC133362227	LOC116947108
OG0014604		LOC133362291	LOC116947286
OG0014605		LOC133362395	LOC116947271
OG0014606		LOC133362467	LOC116947319
OG0014607		LOC133362489	LOC116947258
OG0014608		LOC133362515	LOC142922559
OG0014609		LOC133362608	LOC116947297
OG0014611		LOC133362669	GREM2
OG0014612		LOC133362743	LOC116947061
OG0014613		LOC133362815	LOC116944705
OG0014614		LOC133362842	LOC116947074
OG0014615		LOC133362896	LOC116956758
OG0014616		LOC133362903	LOC116956763
OG0014617		LOC133362934	LOC142907949
OG0014618		LOC133362958	LOC142906582
OG0014619		LOC133362970	LOC116956738
OG0014620		LOC133362976	LOC142922781
OG0014621		LOC133362980	LOC116947277
OG0014622		LOC133362987	LOC116957739
OG0014623		LOC133362988	LOC116947077
OG0014624		LOC133362992	LOC116957732
OG0014625		LOC133363013	LOC116957040
OG0014626		LOC133363033	LOC116957022
OG0014627		LOC133363038	LOC116957105
OG0014628		LOC133363056	LOC116957026
OG0014629		LOC133363060	LOC116957098
OG0014630		LRP2BP	LRP2BP
OG0014631		LRRC27	LRRC27
OG0014632		LRRC51	LOC116947628
OG0014633		LRRC63	LRRC63
OG0014634		LRRC70	LRRC70
OG0014635		LRRC71	LRRC71
OG0014636		LRRC72	LOC116938886
OG0014637		LRRC9	LRRC9
OG0014638		LRRIQ1	LRRIQ1
OG0014639		LRRIQ3	LRRIQ3
OG0014640		LRTM1	LRTM1
OG0014641		LYRM9	LYRM9
OG0014642		MALRD1	LOC116949166
OG0014643		MAMDC2	MAMDC2
OG0014644		MAN2B2	MAN2B2
OG0014645		MAN2C1	MAN2C1
OG0014646		MAP1LC3A	MAP1LC3A
OG0014647		MAX	MAX
OG0014648		MBOAT4	MBOAT4
OG0014649		MCM10	MCM10
OG0014650		MDH1B	LOC116948732
OG0014651		MDM1	MDM1
OG0014652		MED1	MED1
OG0014653		MEDAG	MEDAG
OG0014654		MEIG1	MEIG1
OG0014655		METTL23	METTL23
OG0014656		MFAP2	LOC116940793
OG0014657		MFSD5	SLC61A1
OG0014658		MFSD8	MFSD8
OG0014659		MFSD9	SLC67A2
OG0014660		MGLL	MGLL
OG0014661		MIEN1	LOC116941019
OG0014662		MNT	LOC116950135
OG0014663		MOK	MOK
OG0014664		MORN2	MORN2
OG0014665		MOXD1	MOXD1
OG0014666		MPV17L	MPV17L
OG0014667		MRAP2	MRAP2
OG0014668		MRNIP	MRNIP
OG0014669		MRPL22	MRPL22
OG0014670		MRPL32	MRPL32
OG0014671		MRPL36	MRPL36
OG0014672		MRPL42	MRPL42
OG0014673		MRPL55	MRPL55
OG0014674		MRPL57	MRPL57
OG0014675		MRPS12	MRPS12
OG0014676		MRPS15	MRPS15
OG0014677		MRPS33	MRPS33
OG0014678		MSMP	MSMP
OG0014679		MTERF1	LOC116943902
OG0014680		MTERF2	LOC142924031
OG0014681		MTPN	MTPN
OG0014682		MTURN	MTURN
OG0014683		MYO19	MYO19
OG0014684		MYRF	MYRF
OG0014685		NAA50	LOC116955907
OG0014686		NAAA	NAAA
OG0014687		NAPRT	NAPRT
OG0014688		NAT10	NAT10
OG0014689		NAT16	NAT16
OG0014690		NDNF	NDNF
OG0014691		NDUFA1	NDUFA1
OG0014692		NDUFA5	NDUFA5
OG0014693		NDUFAF3	NDUFAF3
OG0014694		NDUFC1	LOC116943003
OG0014695		NEK10	NEK10
OG0014696		NENF	NENF
OG0014697		NEUROG2	NEUROG2
OG0014698		NFATC1	LOC116945985
OG0014699		NHLRC3	NHLRC3
OG0014700		NMU	LOC116955045
OG0014701		NOCT	NOCT
OG0014702		NOXRED1	NOXRED1
OG0014703		NPPC	LOC116946871
OG0014704		NPSR1	NPSR1
OG0014705		NRAP	NRAP
OG0014706		NRARP	NRARP
OG0014707		NTSR1	LOC116941603
OG0014708		NUAK1	NUAK1
OG0014709		NXNL1	NXNL1
OG0014710		OAF	OAF
OG0014711		OCSTAMP	OCSTAMP
OG0014712		OGG1	OGG1
OG0014713		ORC5	ORC5
OG0014714		OXNAD1	OXNAD1
OG0014715		P4HA3	P4HA3
OG0014716		PACRGL	PACRGL
OG0014717		PAGR1	PAGR1
OG0014718		PAMR1	PAMR1
OG0014719		PAPOLG	PAPOLG
OG0014720		PARP4	PARP4
OG0014721		PCARE	PCARE
OG0014722		PCLAF	PCLAF
OG0014723		PDGFRL	PDGFRL
OG0014724		PEBP4	PEBP4
OG0014725		PEMT	PEMT
OG0014726		PERCC1	PERCC1
OG0014727		PEX3	PEX3
OG0014728		PGGHG	PGGHG
OG0014729		PHYH	PHYH
OG0014730		PIERCE1	PIERCE1
OG0014731		PIF1	PIF1
OG0014732		PIH1D2	PIH1D2
OG0014733		PIP5KL1	PIP5KL1
OG0014734		PIR	PIR
OG0014735		PKD1L1	LOC116941105
OG0014736		PLB1	PLB1
OG0014737		PLBD1	LOC116949580
OG0014738		PLEKHM2	PLEKHM2
OG0014739		PLEKHS1	LOC116940598
OG0014740		PLPPR5	LOC116948788
OG0014741		PPP1R36	PPP1R36
OG0014742		PPP4R4	PPP4R4
OG0014743		PRDX3	PRDX3
OG0014744		PRLHR	PRLHR
OG0014745		PRR11	PRR11
OG0014746		PRR16	PRR16
OG0014747		PRR18	PRR18
OG0014748		PRXL2B	PRXL2B
OG0014749		PRXL2C	PRXL2C
OG0014750		PTGR3	PTGR3
OG0014751		PTPN4	PTPN4
OG0014752		PTX3	PTX3
OG0014753		PYCR3	PYCR3
OG0014754		RAB43	RAB43
OG0014755		RAB5IF	RAB5IF
OG0014756		RAB9A	RAB9A
OG0014757		RBM39	RBM39
OG0014758		RBP3	RBP3
OG0014759		RDM1	RDM1
OG0014760		REC114	LOC116940502
OG0014761		RGR	LOC116937238
OG0014762		RGS22	RGS22
OG0014763		RHBDD3	RHBDD3
OG0014764		RIC3	LOC116939877
OG0014765		RIIAD1	RIIAD1
OG0014766		RIOX2	RIOX2
OG0014767		RITA1	RITA1
OG0014768		RNF26	RNF26
OG0014769		RPAIN	RPAIN
OG0014770		RPL22	RPL22
OG0014771		RPS19BP1	RPS19BP1
OG0014772		RSAD1	RSAD1
OG0014773		RSAD2	RSAD2
OG0014774		RWDD3	RWDD3
OG0014775		SACM1L	SACM1L
OG0014776		SBF1	LOC116939979
OG0014777		SCAI	SCAI
OG0014778		SCRG1	SCRG1
OG0014779		SCYL3	SCYL3
OG0014780		SDR39U1	SDR39U1
OG0014781		SH3BP5L	LOC116938987
OG0014782		SKIC8	SKIC8
OG0014783		SLC13A1	SLC13A1
OG0014784		SLC15A5	SLC15A5
OG0014785		SLC16A9	LOC116941460
OG0014786		SLC17A9	SLC17A9
OG0014787		SLC18A3	SLC18A3
OG0014788		SLC22A18	SLC67A1
OG0014789		SLC22A7	LOC116939744
OG0014790		SLC23A3	SLC23A3
OG0014791		SLC24A3	SLC24A3
OG0014792		SLC29A1	SLC29A1
OG0014793		SLC30A2	LOC116953032
OG0014794		SLC35C2	SLC35H1
OG0014795		SLC38A11	SLC38A11
OG0014796		SLC39A3	SLC39A3
OG0014797		SLC40A1	LOC116940911
OG0014798		SLC49A4	LOC116943763
OG0014799		SLC4A11	SLC4A11
OG0014800		SLC5A11	SLC5A11
OG0014801		SLC5A3	SLC5A3
OG0014802		SLC66A3	SLC66A3
OG0014803		SLC6A1	SLC6A1
OG0014804		SLC8B1	SLC8B1
OG0014805		SMAD6	SMAD6
OG0014806		SMOX	SMOX
OG0014807		SNX17	LOC116945096
OG0014808		SNX25	SNX25
OG0014809		SOSTDC1	LOC116948338
OG0014810		SPAG5	LOC116951111
OG0014811		SPATA18	LOC116943548
OG0014812		SPATS1	SPATS1
OG0014813		SPC24	SPC24
OG0014814		SPEG	LOC116943748
OG0014815		SPMIP10	SPMIP10
OG0014816		SPMIP4	SPMIP4
OG0014817		SPSB3	SPSB3
OG0014818		SPTSSB	LOC116954546
OG0014819		ST8SIA5	ST8SIA5
OG0014820		ST8SIA6	LOC103091733
OG0014821		STING1	STING1
OG0014822		STK17A	LOC116938833
OG0014823		STMND1	STMND1
OG0014824		STMP1	STMP1
OG0014825		STPG2	LOC116953308
OG0014826		STRC	STRC
OG0014827		STUM	STUM
OG0014828		STXBP4	STXBP4
OG0014829		STYXL1	STYXL1
OG0014830		SUGCT	SUGCT
OG0014831		SUMF2	SUMF2
OG0014832		SUSD2	SUSD2
OG0014833		SUV39H2	SUV39H2
OG0014834		TBR1	LOC116940952
OG0014835		TBX20	TBX20
OG0014836		TCAP	TCAP
OG0014837		TCF19	TCF19
OG0014838		TCTA	TCTA
OG0014839		TECTB	TECTB
OG0014840		TEFM	TEFM
OG0014841		TEX14	TEX14
OG0014842		TEX9	TEX9
OG0014843		TFAM	LOC116951074
OG0014844		TG	LOC116946664
OG0014845		THEMIS	THEMIS
OG0014846		THNSL2	THNSL2
OG0014847		THYN1	THYN1
OG0014848		TIRAP	TIRAP
OG0014849		TMCC2	LOC116952224
OG0014850		TMEM134	TMEM134
OG0014851		TMEM141	TMEM141
OG0014852		TMEM145	TMEM145
OG0014853		TMEM158	TMEM158
OG0014854		TMEM167B	TMEM167B
OG0014855		TMEM174	TMEM174
OG0014856		TMEM179	TMEM179
OG0014857		TMEM213	TMEM213
OG0014858		TMEM218	TMEM218
OG0014859		TMEM232	TMEM232
OG0014860		TMEM26	TMEM26
OG0014861		TMEM267	TMEM267
OG0014862		TMEM35B	LOC116956543
OG0014863		TMEM42	TMEM42
OG0014864		TMEM53	TMEM53
OG0014865		TMEM72	TMEM72
OG0014866		TMEM98	TMEM98
OG0014867		TMPPE	TMPPE
OG0014868		TNIP2	LOC116941194
OG0014869		TPST1	TPST1
OG0014870		TRADD	TRADD
OG0014871		TRAPPC1	TRAPPC1
OG0014872		TRHDE	TRHDE
OG0014873		TRHR	TRHR
OG0014874		TRMT10A	TRMT10A
OG0014875		TRMT61B	LOC116951143
OG0014876		TRMU	TRMU
OG0014877		TRPS1	LOC116945107
OG0014878		TTC12	TTC12
OG0014879		TTC13	TTC13
OG0014880		TTC33	TTC33
OG0014881		TTC6	TTC6
OG0014882		TTK	TTK
OG0014883		TTLL10	TTLL10
OG0014884		TTLL3	LOC116949296
OG0014885		TYSND1	TYSND1
OG0014886		UBXN10	UBXN10
OG0014887		UBXN11	UBXN11
OG0014888		UCMA	UCMA
OG0014889		UCN3	LOC116952760
OG0014890		ULK4	ULK4
OG0014891		UPK3A	UPK3A
OG0014892		USH2A	USH2A
OG0014893		USP1	USP1
OG0014894		USP30	USP30
OG0014895		VCL	LOC116947808
OG0014896		VCPKMT	VCPKMT
OG0014897		VEPH1	VEPH1
OG0014898		WDR17	WDR17
OG0014899		WDR88	LOC116956080
OG0014900		WDR93	WDR93
OG0014901		WDR97	WDR97
OG0014902		WHRN	WHRN
OG0014903		ZBBX	ZBBX
OG0014904		ZBTB40	ZBTB40
OG0014905		ZDHHC4	ZDHHC4
OG0014906		ZNF142	ZNF142
OG0014907		ZNF365	ZNF365
OG0014908		ZNF488	LOC116950957
OG0014909		ZNF507	LOC116944166
OG0014910		ZSWIM2	ZSWIM2
OG0014911		ZZEF1	ZZEF1
