"Alatina_alata_0"	"Branchiostoma_floridae_0"	"Branchiostoma_floridae_1"	"Branchiostoma_floridae_2"	"Ciona_intestinalis_0"	"Drosophila_melanogaster_0"	"Drosophila_melanogaster_1"	"Drosophila_melanogaster_2"	"Drosophila_melanogaster_3"	"Euprymna_scolopes_0"	"Euprymna_scolopes_1"	"Euprymna_scolopes_2"	"Habronattus_gilaensis_0"	"Mizuhopecten_yessoensis_0"	"Mizuhopecten_yessoensis_1"	"Mizuhopecten_yessoensis_2"	"Nephrops_norvegicus_0"	"Nephrops_norvegicus_1"	"Octopus_bimaculoides_0"	"Sepioteuthis_sepioidea_0"
"MAFL"	NA	226.625451387057	347.943860032576	651.108811630673	7.78072971320263	40.7780905905026	40.3353509978722	39.5353913911632	22.9181636141287	0	0	0	NA	468.574901051444	479.904935855475	478.987348683677	NA	NA	22.5986725686151	0
"MAFS"	NA	125.579118887044	106.562852294039	506.728535463069	141.383406926497	1061.7649964766	1169.65734038431	1254.73422422551	1198.02625700381	0	0	0	NA	NA	NA	NA	1334.82849075876	1221.18807591143	186.50028514987	0
"OG0003455"	0	7.61889450756501	7.68786673124175	0.28146350044031	78.0363992428331	43.988550497883	39.2133325520254	38.018767329609	33.3683376813637	0	0	0	0	29.8634800116729	14.393758617828	29.7218214443745	27.16089478054	23.7926420553574	6.10474447752015	0
"OG0004078"	0	34.7268145553004	22.5892299826857	16.9862288144613	26.772856226146	12.1547084227668	10.7238561391131	11.4621685297147	11.2773451168485	0	0	0	0	31.9914425132132	35.624929351019	31.1972822554088	44.4862068464296	37.9186812055799	9.44151223680773	0
"OG0004081"	0	464.146815869114	573.199657952824	458.535108983186	194.810786494284	192.843467516181	164.076947843845	143.609099062538	185.166574125038	0	0	0	0	488.060644521344	548.053291715617	468.875061035722	41.1719979080677	217.157146629551	0	0
"OG0004083"	0	0	0	0	7.47763529388169	0	0.207265456683556	0	0.201461509302289	0	0	0	0	0	0	0	0	0	0	0
"OG0004087"	0	123.725781782197	166.692519864666	549.597523301548	82.3892489131183	132.332935387914	126.137832487451	127.471056983497	132.054114435823	1.11141248780917	2.54878470192338	1.09214154046519	0	276.873754454545	205.926540627673	282.148378470715	98.8594105530845	203.280463173885	113.836645922268	0
"OG0004096"	0	32.5559077071562	45.2152026410299	41.3018413411107	22.9129789411084	36.6141820267455	20.6829497207533	21.7135010383361	30.4943401816841	0	0	0	3.82904772603244	12.6730863661784	12.5313438682433	12.4972572196353	3.85645544339992	1.35483625766547	6.34568630503185	0
"OG0004097"	0	39.4535449321522	32.1598619309154	36.0048221666916	46.6998344503276	55.407403662891	60.5006497706929	61.0755970843555	56.1140953985329	0	0	0	0	34.6365506807132	38.7694407791679	32.515823469599	227.409750446923	195.527730102359	149.962072701584	0
"OG0004098"	0	34.4866305289546	185.997733531689	159.535125327495	43.3797721627388	5.0079778300099	8.66805595575872	5.08461728166921	4.96899322679183	0	0	0	88.2475116517233	57.7238616665042	48.7454670234569	55.0364935212771	2.91063626746947	1.26946260960646	36.4985674454947	0
"OG0004100"	0	118.565885321389	32.8540387041645	21.7926264653938	143.054810962156	143.899658833452	150.645049968854	158.529016863076	157.149672729641	0	0	0	0	30.036070007234	29.429965438895	30.1398108129593	1.52163814732707	3.192775535344	421.743149059105	211.426131349893
"OG0004101"	0	30.5888772741213	64.3903328925785	10.2224985281261	446.809406102396	8.2745425387172	11.794469394407	7.89638497014601	10.3623992196218	0	0	0	0	198.379990958885	192.869086186318	196.021738507273	22.9793391154831	18.4784936951899	13.051688910206	0
"OG0004103"	0	100.507577743162	17.510761271846	38.2265763059366	99.8233632329731	181.933830629091	189.409452910912	203.329341081279	181.873759820236	0	0	0	0	26.139885541927	54.258792498414	27.4243380196068	175.421891894349	123.454592967587	117.982835817819	0
"OG0004105"	0	60.8183081599376	144.420185679199	8.25769337783524	3.33710792310576	18.123893021147	21.9764048166263	19.3536560227153	16.9807610567824	0	0	0	0	8.1391721556174	9.16279463829725	7.64292866122756	0.608114514395871	1.27041548485552	0.739525124288632	0
"OG0004106"	0	95.7516021610301	106.278191835499	111.162603893083	33.2691342726603	127.163113796688	111.315936901778	101.867524623584	125.296582936981	0	0	0	0	30.687513997714	34.4200336804657	30.5523843724494	10.0359605668812	14.4115899716104	63.1188173782138	0
"OG0004108"	0	326.841614141432	443.539765918828	392.689859977661	NA	25.8283530642454	22.2575647254313	20.3272831729602	25.9074756342399	0	0	0	0	48.5349011512307	55.7396639020026	48.9385702145347	7.20574828486746	38.7014966348251	9.3904855536719	0
"OG0004109"	0	1726.18268571814	4564.28465604997	1495.6379655267	479.297510451851	633.867716830547	713.099322370393	727.434741437529	649.917415726399	0	0	0	0	2696.37877269264	2574.623832825	2626.07722656627	1447.55857090126	1384.51732810945	1435.64982395621	0
"OG0004110"	0	107.717454202408	128.081719886835	17.7617629745705	327.173708876144	2136.97250357141	2062.13313985502	2035.03288457404	2200.44689486122	0	0	0	0	97.1970249921153	65.4501329752169	94.7543015849716	59.963597956861	152.597246314532	14.015491732516	0
"OG0004111"	0	65.8883067264288	109.023683717814	322.807121606042	60.0529797268486	92.4768614463977	128.277612590431	124.17821359253	90.5440308786799	0	0	0	0	4.70200909691296	12.4331746852171	5.51854282713791	18.6704788501486	25.6630973729399	31.853035178541	0
"OG0004113"	0	16.4907697605143	18.6426398081038	9.40420293224466	13.255694665752	318.655293565777	216.605854504129	210.233045106961	278.867481471458	0	0	0	10.1435860014123	6.9057086391098	12.4561681953191	7.30655136969171	22.6955512913242	6.12534515883454	0	0
"OG0004117"	0	31.6648830449982	64.9665248517687	4.93903172266263	49.8804075340879	24.1707919259348	28.4787471921628	29.3921076608642	21.723143016896	51.699967803127	22.0773648824279	2.98808896750133	0	88.4655528292235	61.9085367327155	84.7962950627638	1.31722216393278	6.60035962112276	20.4266537727591	12.0249253297007
"OG0004118"	0	1.66394328873566	2.40036374264691	2.84937790408429	41.4526287852083	0	0.160382157331316	0.478332101018782	0.623493162533038	2.69680126829652	9.05555982900666	16.1193945155477	0	0	0	0	0	0.321232509109918	9.97064495797274	199.937151026997
"OG0004119"	0	51.60809077143	93.895350938098	26.8507460259006	15.0088190954807	0	0.0856333061246847	0.0850804798853187	0	0	0	0	0	0.626248487148912	0	0.587988838726895	1.50443374160723	0.515908612872506	0.795186157767558	0
"OG0004121"	0	1180.87368427967	1189.50701063025	1709.1077155544	376.141270559637	376.847237897489	463.596047293283	494.206881966893	375.422957644267	0	0	0	903.441215904206	262.913249387555	265.698348843913	253.207127870465	411.227731813428	466.013718128334	544.063852212912	0
"OG0004122"	0	493.599433952969	1371.5270711683	277.338709032461	162.292263084661	24.7778669641495	15.8772842125353	12.7079570337781	17.0577463887434	0	0	0	0	190.809269758905	312.819914108585	183.148290855912	2.35737943744287	0.792315296462863	27.8405933441362	0
"OG0004130"	0	27.0300705557556	78.9976805111268	146.601216140155	52.349832319351	427.512481730722	335.049796745352	298.897956637902	373.323151905807	113.297411477698	183.716582402185	718.538219742332	0	67.8138557237161	80.6459838560597	67.2138014036302	23.783545057271	57.7347775778011	57.6643690247462	0
"OG0004132"	0	71.3658714516155	60.5900360935288	315.996580737936	28.9951192964131	65.3307392305126	51.2844528662641	46.2917364151633	56.4021301957507	0	0	0	0	30.5134672537981	34.4927670375501	31.517162159241	97.222169468719	76.7232156627307	168.509239946313	125.059174143756
"OG0004133"	0	90.6710255415651	731.819458892203	844.590504592979	117.559692285814	157.478940859523	117.077413003271	129.12501615712	118.273482223337	0	0	0	0	454.093435025184	850.934410004301	469.354151840246	62.7244261643767	53.8557142252956	103.891569793774	0
"OG0004137"	0	47.7527534348936	89.7776660819144	116.100058902834	38.9314641931027	59.3201447382155	56.0516901085192	53.6407776007941	58.4615695644638	0	0	0	0	79.7528102880364	57.3715478637769	80.3879653266431	1.30372779919269	2.54921097289437	63.9798699060875	0
"OG0004138"	61.5207467503659	26.8240756262723	24.4449206725091	23.2900742764805	43.0731151507857	20.7507076105107	13.6140026299532	13.3171024880989	14.4887413341336	39.2375671266153	28.6365517908633	47.3234571786057	0	1.6728673785987	1.88494362399032	1.5709734647594	3.92635091805412	3.92631915184782	13.4601243269375	3.61863760097731
"OG0004140"	0	92.4205525383068	132.616007302884	92.6015149581269	117.285482271373	43.6505970394691	29.3376960102658	26.0293520591679	37.7804259079551	0	0	0	0	52.7128554328439	47.2797796761506	51.3810306827584	13.6531932918338	20.7524306475258	33.5556706360078	0
"OG0004141"	0	87.8090399737478	66.8300279993962	43.9734310605118	24.2465943861205	148.915017413784	157.154834892454	157.169822059464	150.948115666712	0	0	0	0	0.498151748482064	0.876856912053774	0.467748156143342	19.9785706759761	16.0883570600498	7.0825213753857	0
"OG0004144"	0	221.736472344739	98.9291902878474	156.039362615445	20.7408388087199	83.3070283440739	65.735287180155	72.4363675517529	81.7959720691365	0	0	0	0	16.2284888330155	6.39297020118906	16.7614708870792	6.91867113352621	7.70413359506944	12.1498194748566	0
"OG0004145"	0	329.138918351972	278.909290050577	132.915119272813	59.9820019197924	526.518366011648	385.357686804032	370.18530070555	439.339960341368	0	0	0	0	69.9488938601226	66.3898884554488	68.5171366922855	169.728466773844	216.784077517642	168.973118883911	0
"OG0004146"	0	46.2234469821698	26.095928679245	36.4607191957061	98.7584659288374	122.873393961825	118.651566244018	115.625218935049	120.249994481365	0	0	0	0	27.7706875775561	50.3141486167901	27.495576739236	83.9100938336349	42.7765286706267	24.7188434602496	0
"OG0004147"	0	875.699033820592	723.14020796683	3884.81380084106	271.36487315655	523.785213123271	516.506927793541	507.456586185933	513.344531413594	437.172223302027	712.001774456324	581.653686268944	0	906.705981294243	1219.71874064083	910.608933660656	754.975152904577	667.361841137279	758.51530701635	440.796979244658
"OG0004148"	0	33.0014511501557	23.694572142079	8.7517996209084	252.963479311137	849.935020456796	838.033628287531	827.318642921467	941.775071636891	0	0	0	0	82.5741156374999	70.7319090379524	81.1618011261243	251.029253496168	136.542481182328	224.07660983114	0
"OG0004149"	0	1708.55254557531	1275.70375038801	1261.81818932163	495.488123737096	203.680406787308	204.519998487975	230.873303150749	210.744516824937	0	0	0	0	587.093727392282	565.309146654356	561.681684916679	767.546008424311	816.659508510945	874.982213100294	0
"OG0004150"	0	173.703037533635	75.9900698255956	27.8284307324508	312.543511163786	299.403189039254	202.043449875736	173.494576832277	253.395170393329	0	0	0	0	133.055232590765	209.336251814823	141.25263320168	315.201929317511	559.015099437219	2.60505533289534	0
"OG0004151"	0	31.2171306556424	50.8242133200901	57.5414321737249	251.609200828858	108.035649610204	77.4890126982981	73.0005192459978	95.0292249901709	0	0	0	1015.21229129079	75.5955279592678	50.6582768754931	72.158643407368	21.3914537004652	18.6799411746052	109.882932493073	0
"OG0004152"	0	70.4327212490855	654.249732366895	52.5369944730469	38.5327278638876	0.967684625401776	0.751767298138626	1.04623369788266	0.73061620220037	0	0	0	0	542.895427355401	477.132609533848	538.481400257076	0	0	1.20604084742718	0
"OG0004153"	0	260.309809192431	1692.41774447928	65.6335891010572	34.058385563478	5.32422910775621	3.50371531414384	3.33768863287539	3.83071818827755	0	0	0	0	817.811589496949	727.238260957282	826.882955228579	13.5317803821238	13.9794274423018	3.04459238970711	0
"OG0004157"	0	41.4354261326713	81.4947906878877	4.98000785315364	46.6598237946126	11.5010958114634	7.60844354705614	6.53314032966359	6.05025862753325	0	0	0	0	22.6049607948205	18.900486597824	21.2245280684357	78.2408844815981	59.5988930104097	42.678193968932	0
"OG0004158"	0	44.7887726210006	26.0492209445821	117.338115967228	190.484154765315	163.549103001419	135.179217790769	134.521525938189	158.554950554967	0	0	0	0	399.508304174658	304.087979725645	397.652644380534	26.5244893850259	43.3198662754002	123.480839962059	0
"OG0004159"	0	25.8032935143026	62.072946359127	20.7383147383566	0.0855573063349162	0	0.168185967765058	0	0.326921695501083	0	0	0	0	0	0	0	0	0	0.923114646788148	20.1412008600755
"OG0004162"	0	147.832495603147	162.798909157396	132.548180754371	106.563722722085	165.751674281996	111.660222656208	111.107165862254	124.289938731904	0	0	0	54.8783209483794	34.8034524207936	32.3806999541893	35.0135529639677	1.53938814730864	1.50417082884719	21.5915891755723	0
"OG0004165"	0	152.502306721424	114.326789611485	634.211295923997	143.970232841269	446.010255886968	306.304478831321	280.674782323629	301.332512911406	0	0	0	0	61.40457917634	58.5219381930262	64.3665439223086	36.963550508066	136.948990821845	68.0635776214807	0
"OG0004166"	0	35.4226845107323	19.4078156995852	49.7886182213467	71.4705410217567	26.7502809222505	24.0997311842421	24.9212036727763	22.2529987768076	0	2.06929686036088	0	0	18.7565299279637	16.5664725732998	18.2964083913245	55.9931266495084	60.1617233958491	27.6478949261348	2.69473851734599
"OG0004167"	0	335.780068904275	267.847610633074	306.964531133373	239.022012968252	121.133318254678	113.581839673734	112.052900576094	107.488977785605	0	0	0	0	57.6745032863186	67.872672013634	56.4314329853274	2.62274072473563	4.91742296104287	1.34601687172664	0
"OG0004170"	0	7.14200061933048	11.79978038938	35.1105744079896	17.2685716020616	113.449346730521	112.745096268194	116.900461127477	116.310475722665	0	0	0	28.0637431290605	12.7534850015704	22.403601473678	13.0325196851536	8.27280941763923	6.58923577249783	91.4289849391537	0
"OG0004172"	0	161.53039492726	115.527230093904	559.996278087454	60.3070199860805	108.971617542132	73.3143951363012	71.5222925644294	84.4488347987189	3.11711282197194	8.8085352822404	12.3484396866597	0	136.693912505219	115.209041934854	136.716615351136	89.3882239548187	142.595178829374	100.11180669938	21.4140097287869
"OG0004174"	0	71.1353321206281	66.5056347099082	113.146022844827	181.360080988759	280.15640980733	208.232182561282	197.733683951409	242.570101526559	1450.27158175601	2735.04698333173	1605.56869117624	0	19.8675502768005	16.8280922546911	20.1627795254704	6.32025728510387	73.4849036669991	689.146539955565	331.270014436569
"OG0004175"	0	685.162269456008	600.422640372533	1099.08546566925	442.83848554547	131.487234587379	137.877277276963	153.231627382764	137.504706119129	0	0	0	0	274.474281807254	234.313398928235	268.56441832621	48.4749589660582	36.4050388970597	868.097273079095	0
"OG0004178"	0	20.4669769082364	39.2413631723504	85.2040933230244	101.596646456088	15.6357033513821	28.4391577257264	30.2821299497814	22.0630504906656	0	0	0	0	10.7942555808995	18.0625339900387	10.6417663070935	59.1660603893831	39.2111476866033	68.8875758948929	0
"OG0004179"	0	8.54843572731573	6.29496674255341	31.6480637736849	NA	70.2039767463567	70.2510667994015	68.4544867993338	62.9245055842248	0	0	0	0	25.32059063576	31.2374578664225	25.0540221826759	54.9549481531496	62.6260465384101	65.0266426922505	0
"OG0004182"	0	69.5528605810709	155.85755895531	30.1459410394909	117.976131959955	121.575375254094	104.000991867389	97.2184785267277	116.690780999017	2.48849038543036	26.5994295027678	0	0	126.222694340449	104.743956835805	125.510042645579	86.8274469726821	108.653686757943	197.098564968963	23.6669359873174
"OG0004184"	0	349.76850689808	246.805933901167	157.372513260107	90.4901269025265	20.8138268993625	16.9781090520788	17.1789878056678	23.130055617321	0	0	0	0	173.128298762684	113.440209580011	167.407519456198	200.674904163209	189.55688320908	334.240533106509	0
"OG0004187"	0	9.81166266518832	6.07482615601966	5.3897998334123	11.0365831197364	19.719922009397	19.5540048159416	17.695106550987	18.4357360451126	0	0	0	0	34.987141451439	18.630997893934	33.7818729956413	54.1672045202568	66.5396476795387	10.0598251288469	0
"OG0004188"	0	161.565240278232	216.156418622698	63.9942984786287	103.901917934685	84.919139598817	85.0589532822849	89.1833486086366	75.3631320553052	0	0	0	0	21.9905182125528	20.9626351281654	22.2327989682641	47.1243100603569	192.878225934184	7.47630798356143	0
"OG0004189"	0	266.106889157751	259.619324951255	362.531966021761	134.811245656918	136.150425938018	108.304692820036	111.244454607675	119.714580486117	0	0	2.67801766300825	0	149.885393178804	141.292319849004	151.874284638329	56.1622608706442	129.915219631384	177.915994555547	46.245557690801
"OG0004191"	0	9.62317628009183	20.205688076142	3.88398992233175	11.4828948590526	3.21545551351906	2.22876455218381	2.13897729232847	1.94252161304926	0	0	0	0	70.3362061560804	62.036701870965	70.1850721646039	0.110159239981242	0.150140777450038	0.625965784751358	0
"OG0004192"	0	37.8933858249215	30.6941446395583	36.2137826404937	32.9726169474295	32.1868417202597	34.7063807726361	32.8968466310441	30.4988672511885	0	0	0	0	8.07954258962692	21.7796195609354	7.58643760636368	128.767520358094	66.5610329631818	23.0822608122704	0
"OG0004193"	0	941.125224821029	1196.73492586711	1052.79022975291	765.170905080091	193.332927800753	197.818988971776	217.647216942794	197.38651798867	0	0	0	1770.29170221091	293.032562157921	297.171460404542	288.414052992491	649.354165992393	420.941867221728	212.429919222745	58.6234323323571
"OG0004195"	0	139.046950744296	193.591776541653	153.710244756542	41.9832358509309	53.3834132435109	47.799221690652	48.496035817898	49.3065146312812	0	0	0	48.2965009968235	78.2455405128957	84.0534254765384	76.6053767846457	101.370444510362	108.007983667129	97.2205911581468	0
"OG0004197"	0	223.721660348609	228.034796791246	82.5539639010371	98.131888098516	424.190589141775	398.656420110101	389.075580044512	401.41902551367	0	2.22333952285032	0	0	176.2831994854	123.427494304635	174.450119565977	14.6248360503877	77.6460379645059	143.198318278437	0
"OG0004198"	0	58.2829977574869	105.437561459731	240.056074549754	173.980307374027	51.1953814861266	46.6449476760963	77.128020250816	54.8035716529724	0	0	0	0	121.309678712789	141.887827933175	120.775320148022	504.595884038882	532.21725727911	89.4229859735961	0
"OG0004199"	0	225.035632248939	117.864194164133	84.7320610607128	242.341801210254	80.2326406155792	74.7106877758643	75.7667244584876	87.9219773721137	0	0	0	0	232.904233278339	249.582042734842	233.231818659809	645.967844274598	650.915990264824	110.747922443125	0
"OG0004200"	72.2061913504831	623.534465421612	474.767978338918	858.250047081107	912.895096586988	116.220735235233	90.1892863685115	89.1398798765771	99.3572291883145	0	0	0	0	376.47077236122	386.233128526621	379.124404643235	229.866258299564	457.818233985276	168.151453894921	0
"OG0004201"	0	274.787741402278	199.308602849792	74.1136726202563	291.985606005816	1681.68231827574	1039.13766018954	927.787126403717	1282.50432912641	0	0	0	423.537695091026	78.4415078511031	90.1238372376979	81.3870362943556	149.075751211324	183.052350476211	378.42000800076	0
"OG0004202"	0	104.450495135938	269.945468957919	634.102398436916	612.834444128803	128.499473560043	112.029973333303	117.493809320088	117.632317141986	0	0	0	0	201.013237032639	197.685809571939	203.851054321496	6.86232700790165	34.1135111295501	203.371895037795	0
"OG0004204"	0	258.03500927106	276.138836635205	206.827310069225	107.658534842507	33.5683738953658	30.3027147195757	29.8905491218126	33.6804539733064	0	0	0	0	151.846592678203	107.850284740701	149.213872570772	13.5060040843364	31.5155682049911	47.9957114746666	0
"OG0004205"	0	62.7006363893809	114.047184086885	165.334385847402	NA	38.2706887721528	26.4900793355992	27.3214746092124	34.5603402322601	0	0	0	0	167.420619970575	164.503076923414	163.474114517606	16.3620081797314	27.904294023769	77.2294065124539	0
"OG0004206"	0	12.5297037474409	33.1778938433525	36.3991844466681	98.2310926010424	124.721361810158	134.932988965214	159.428819616706	139.584643052543	0	0	0	0	136.221926038259	152.026417102511	135.035562094856	276.572355809126	251.874296186239	488.622106959032	0
"OG0004207"	0	33.7556041033451	33.3648546803522	26.7250997985528	86.1467783927456	1.71185682339292	0.531992113312851	1.18971746210109	1.93875524084141	0	0	0	0	63.0326688852705	74.9091030856055	63.0050234026112	12.9014128964396	5.85197878127717	167.77236048563	0
"OG0004209"	0	74.3559344255369	38.5534586336329	72.5496531679123	67.0934849047639	NA	NA	NA	NA	7.58047482250127	64.8778796263124	4.46886647331207	0	43.975625645502	36.0897437534182	44.5365589223576	41.5168134814801	29.997402316627	69.1614642245563	0
"OG0004210"	0	94.3198834323095	96.6823942282369	70.4847420854127	116.395108158919	178.744514074139	148.496598210875	126.980012451788	118.189083815063	0	0	0	0	54.9713703345634	34.5934381050952	53.7213545461335	1.89157530541288	14.9859740757914	6.87486341652581	0
"OG0004211"	0	153.026573693957	167.647550576301	219.233770707276	81.4750191323085	29.7879258327843	25.2556824883706	21.9241070451641	34.9985919982694	0	0.896732469645523	0	0	11.426456619302	13.6683908133919	12.9644263008062	29.2788432073025	58.1648110293256	210.463871553249	1.99307841498345
"OG0004212"	0	17.1798987998355	50.9815758905871	11.4828749760695	62.6109212367416	60.4178232448874	66.2405791522876	65.1887461628055	62.422063745201	0	0	0	0	79.1940432405104	61.1865047743047	80.011497161117	2.65558913658676	3.53476975800711	133.350945263978	0
"OG0004214"	0	72.7343292981594	58.6433144969161	106.324684254059	48.0253929550793	98.3492971717479	68.5751217744553	63.3122082445877	79.3108875654647	0	1.58094608972142	40.6437540862282	0	79.5064117091646	80.4888416808029	78.6603222254593	113.752645032155	210.026195411206	0.283972480692544	0
"OG0004215"	0	69.0280180380087	63.6290357870784	71.5711095516048	171.302881988163	88.3991911232557	79.4994513660788	83.9460908743406	79.9505624864374	0	0	0	0	142.870941743456	145.734177537546	141.738667351198	61.8050392117795	51.6247370905437	112.853089403572	0
"OG0004216"	0	301.482806264831	397.242695605632	89.8149663027862	155.742299507636	100.621269703105	80.7133472529006	85.8016985980717	87.8025130379696	380.850535134932	620.731956751243	453.654540704805	0	92.758798337775	68.2025633580511	90.9001896462003	466.101177794701	434.353089570135	26.9077749714381	33.2035817314622
"OG0004217"	0	163.576625939276	190.330771292426	155.06879458974	42.2830691277655	58.2951638475062	56.7177166725127	60.5201391365225	57.8307350042178	0	321.371835429947	0	0	34.0372721551295	18.6289129901683	34.5134238241146	28.6861338499944	43.9086239516281	71.4778048579166	121.584880372992
"OG0004218"	0	495.240229972844	413.081604697026	528.742809726394	156.682777374778	943.348815215065	606.312203128265	580.65212600944	760.293478643869	492.047013343722	851.055162992224	1065.62716684061	181.002866542636	199.68903196742	175.002461667843	200.939077921493	214.286225641562	299.622280670412	232.852577865898	181.797142146753
"OG0004219"	0	54.9895417053812	37.7152431490397	50.8136533958007	45.435662157084	128.247695633614	92.928021824509	85.1736406229108	101.980288710326	0	0	0	0	25.5213893081124	19.5951824894323	24.9830748916849	5.44547448205047	6.57355232807134	141.538119975453	0
"OG0004221"	0	200.907300828553	201.309037413421	83.2768225291258	309.161788619102	284.934310171253	184.139796139801	193.060360267442	229.737264759391	0	0	0	0	173.822682145146	143.56706899477	172.980248147662	126.133476132687	161.484307820572	559.793121375463	0
"OG0004223"	0	60.5118557429031	59.719930564431	7.11153683780236	23.5993261139739	59.2241949840175	51.5473187746266	53.6873615919845	60.4175150942289	0	0	0	0	149.406192339039	143.094093683345	147.687031006789	156.874111858964	165.395297698304	12.7923606084404	0
"OG0004224"	0	219.179850276739	179.266716590841	375.454915437776	138.368905468513	113.446572012355	166.530408259535	161.035713745171	139.659465451296	0	0	0	13.2562272196576	245.445449233922	291.125358621291	239.047564426031	310.783828229202	285.266436278435	234.252648841196	0
"OG0004225"	0	12.1151892598312	31.9120344392894	23.7541309481889	22.165793647909	0.301510310014903	0.842834615040624	0.279574946071289	0.546075243930455	0	0	0	0	33.3103547260762	24.8236386275762	31.2682432412383	14.3021837283184	11.5215959756648	4.13551402143747	0
"OG0004226"	0	45.2432109007391	32.0780259714941	78.3682821283003	35.4804629240026	1664.89638325561	714.815318625706	567.853056779747	922.480324153317	0	0	0	0	36.2992558600789	34.3399138071828	37.4346279296127	24.8789043457511	62.5717313122505	205.783355268044	0
"OG0004228"	0	35.4682634742811	51.2915690203221	448.244756584236	30.2255839824448	83.2232318554452	98.917982793443	108.78702228858	92.7621691839086	0	0	0	0	76.2677132715616	38.3995401314865	73.4786427240067	119.392634780397	102.221655814133	8.80797346193635	0
"OG0004231"	0	53.5119847471076	63.0240342299288	191.341780652788	108.082209320147	198.689243749387	146.005476872226	136.835873680921	164.942456997789	0	0	0	0	111.816535267236	103.844291076554	112.474551208768	242.645276216622	390.525218720547	216.869396021715	0
"OG0004232"	0	511.384563313147	548.130204578655	430.496613464388	304.335845830457	101.107844280785	109.399073336484	102.136740970805	83.9900917556057	16.3089390011626	12.3898568130736	0	0	274.08234713084	261.092498582027	275.302934642016	515.801298986263	305.122956016522	1360.66124124949	3389.64655663068
"OG0004233"	0	522.203215138878	1262.48204700755	932.677835269733	419.158206365069	98.6040495960516	67.2252228286646	67.8286819534513	83.6904249048001	0	0	0	0	209.678114985025	192.828579484584	200.500890362324	27.3868920480649	31.8177063053119	179.754198077648	0
"OG0004234"	0	223.394478441978	311.675313345323	157.532638579139	102.687073847117	157.915870179768	168.192079346497	162.878787984491	183.981990938052	0	0	0	0	192.690348098788	227.096653464868	207.455344707415	454.916495429265	300.238027331599	295.545039451581	0
"OG0004235"	0	217.567215730246	105.874854970787	18.6864406789583	753.321173894343	1647.64429558351	1481.32510932581	1501.3085782919	1561.98988133715	0	0	0	0	177.282806332681	90.4472951647807	178.356480175822	733.632717817449	749.126486018638	496.295863125793	0
"OG0004236"	0	21.3589815958904	23.1712580890953	11.3209704868259	9.14103719839729	276.25840464975	216.240388724688	207.098442390268	252.435192729727	0	0	0	0	61.1096223189744	56.4247334950811	59.3636416677385	1.80772352954367	5.52944896137633	45.980390540028	0
"OG0004237"	0	1214.56789419321	1330.66940140511	836.756020592824	756.65082777748	159.296569939424	507.003894000214	576.13747263141	238.583479238425	0	0	0	0	2038.02563287266	2105.38943444252	1961.50884724145	1866.12878904586	1691.98660931719	1300.82751684863	0
"OG0004238"	0	65.4253167513224	92.5754626978437	138.554454491377	5.96388968447564	49.4045228870967	42.950157163567	40.0453520661073	47.5679941896583	0	0	0	0	23.3430743755151	39.7063369628067	26.2533428865201	35.8788848671158	84.2668176927534	26.105419775544	0
"OG0004239"	0	56.9643708598242	102.465672819978	105.092516856572	11.4666127145413	0.824794963980935	0.139015661179776	0.254686199051783	0.973352638949435	0	0	0	0	27.1692586139248	20.9947426461576	26.8563029657211	9.82093919745245	13.4852192148182	2.2021287559874	0
"OG0004240"	0	5.86703411678503	4.72641635161984	6.41734425137145	14.6423105273072	36.7443274076275	29.7298694005977	27.2877138939795	35.2221474930321	0	0	0	0	21.3825685658095	15.6023475464806	21.3017658381389	8.91444039374893	16.4874859379555	29.5518849157496	0
"OG0004243"	0	11.3471915020144	4.88348201160649	49.0117834264622	110.990381090341	27.5156036869377	30.2797623359471	28.2180172079385	26.2669375280829	0	0	0	0	36.6236941746212	34.5543014829786	36.3195961571703	68.8144705569601	62.2413759925387	35.8882048613716	0
"OG0004244"	0	26.0441070781726	17.8064099125487	37.2801400860709	7.68885044921915	158.030521534408	115.953065365831	119.742664173184	137.60964610528	3.6166158805256	5.53326063653977	1.18492879331436	0	8.50536400753359	9.93477493406704	8.56178316423477	4.62546348682955	8.33029749108239	101.736419322922	6.26937681677034
"OG0004245"	0	35.5138424378298	25.0478345776327	13.0573301819642	32.5947080828332	115.487987661821	80.0812060126665	72.5464158917501	85.7899162634341	0	0	0	0	7.1275922242391	5.48724630728181	6.6935164969057	66.9238045753167	77.7621723559574	70.3684372688916	0
"OG0004246"	0	14.6675593653621	14.9970426634112	12.7419262489588	26.0162437647507	168.306079826086	112.256713004711	111.728334043383	142.083774046871	0	0	0	0	1.18253281926446	0.259326287249061	1.11046999478187	9.8888596665612	27.3566983525992	0	0
"OG0004248"	0	146.01259862753	207.662319235903	733.238130724099	87.1725310252215	78.4633859721938	56.9696496407443	56.0149890323605	65.1566715173206	0	0	0	0	66.1356746820708	65.3177951979044	66.2608064732919	64.1828723718787	40.8592055168122	85.5207133893062	190.45306800176
"OG0004249"	0	2.93692381368848	1.12329596681735	1.309941676007	9.85509446339683	15.6589554896175	12.6705306405408	10.1316920684164	12.8373229672948	0	0	0	0	41.1951786189426	35.6263589993155	42.8514090925317	8.72441597454734	4.75607761971592	6.43215866583969	0
"OG0004250"	0	19.3399475877213	37.4497865958604	9.24021251930486	17.9873301465122	20.0123773041474	13.9483944130969	15.1780496210846	16.3510205383332	0	0	0	0	84.36341883103	81.896806978138	84.9775163670838	21.7719996358624	27.111164951026	6.13940444636962	0
"OG0004253"	0	189.76715915754	340.269651184812	797.779922822284	181.971476693556	170.706211040119	161.723309925002	189.701169101774	177.469927207893	0	0	0	250.488946611999	177.502012275596	122.478565247834	173.89885269025	0	0	118.996267027903	0
"OG0004256"	0	16.6528110131763	33.0056857473369	13.2137131084825	7.06610103574945	25.8143129903228	16.0822431991275	15.295777437079	22.1127729873478	0	0	0	0	15.0853229038157	11.7738089771361	14.6092144661873	51.1101792502071	62.6112846244754	19.8634292789553	0
"OG0004257"	0	30.7390441437883	22.1441180106653	44.0770401175162	7.00597543394202	191.832471205031	180.340001867493	159.163660351144	191.349167796821	0	0	0	0	27.7085329810839	23.6257124924683	27.1834733817961	13.2296290675468	27.5470766681981	14.5331806268759	0
"OG0004258"	0	2.23526185572141	3.24757932708578	3.31653278598855	3.03083457497458	2.1133030477238	2.99154305943955	3.03783407434064	1.98132038309694	0	0	0	0	35.4016904118382	30.2977023861907	35.3893267949944	5.6894448369884	5.76299329128604	29.5609609624081	0
"OG0004259"	0	260.873505338892	228.040076231258	388.511079956498	167.131634107074	232.025817689123	187.432016782905	161.581608571951	188.824069028807	43.0684760181004	101.50981825596	115.324470430065	0	483.980014903626	462.636928906215	480.86670387296	305.486956650003	309.271984918735	300.715181065179	70.5347246296937
"OG0004260"	0	130.9269987569	84.3312974133638	133.288254211645	60.8803233542717	181.451029668118	123.331034386154	109.578153212062	156.415910214135	0	0	0	411.062699381895	49.111773499738	42.8002924530707	50.9555425015811	12.256593224978	7.19570320771161	64.3264695945821	0
"OG0004263"	0	31.3189184889146	2.0616166856731	0.404067346726514	132.478843665199	139.614861348616	95.8132315156751	104.843147697559	116.731241682713	0	0	0	0	9.1638489483952	11.8277782003289	9.26547729259573	44.0520081509788	56.568427992911	2.184869796089	0
"OG0004264"	0	405.65640530822	365.154463335343	207.148787721228	570.897247936503	102.922066006777	98.5295578397274	112.892644031595	106.531376833492	47.7634978199097	81.6656412210049	21.3996190985434	0	272.976605760565	230.236518536053	267.848559457421	557.808298601114	534.356731894911	295.914366988501	95.4745415593754
"OG0004265"	0	13.4503574956766	11.1261368336138	4.8658894217622	20.2485981251898	9.88082133587436	9.48533057908981	8.0795404726785	10.1748779405948	0	0	0	0	3.34884248702101	3.983023981517	3.14486313441591	3.05981386294298	2.99782880365566	401.852330947184	0
"OG0004266"	0	7.85192279219325	7.47845203689518	78.908652906487	7.62646123086236	60.7568938048351	65.5259315626191	64.878893795897	59.5867978401702	0	0	0	0	12.8726559800202	13.6081760822628	12.8447797637254	25.3430959436297	21.4146174392718	36.4455254414242	0
"OG0004267"	0	79.0076332207562	54.9550735801714	50.7755730182056	NA	33.7659893231848	14.0017960535867	20.5465104783134	32.192431377594	0	0	0	0	66.953528377561	38.0477066641522	68.1072016038927	32.7351707310359	24.7626444563559	21.9070712434682	53.404444890381
"OG0004269"	0	35.4854787369639	9.40668167578377	38.7425970179593	103.921923262542	66.5949008271753	88.7075674017152	90.9481791302502	69.9143008990289	0	0	0	0	19.4849110422688	24.1198942536247	19.0248347145508	34.0137041996537	35.1259529098139	127.288824380322	0
"OG0004270"	0	128.467860706501	147.628544983555	107.669246128353	218.079175157288	2362.83877989706	1642.95022650902	1556.53748601849	1870.47558928926	0	0	0	0	49.3067003034062	69.2295273843693	47.598435197416	251.985740858563	707.38070909458	677.161448552434	0
"OG0004271"	0	33.1939872702387	15.292301609069	28.3556295414572	11.0345551823919	0.883759944793837	1.76567662177142	0.935860066873911	0.915124464968309	0	0	0	0	3.03610636282966	4.66708686392002	3.20733935266385	9.7332076401665	14.6997330004797	1.80074252349427	0
"OG0004272"	5.33298782132177	543.18789440442	143.428467460743	463.39653933032	451.259906436729	284.724929938408	401.013453351966	437.548287642871	316.061758767733	0	0	0	90.9965359648828	718.742989713741	729.389399137213	723.585770264444	1331.01721173266	805.092530313885	1055.72631551368	181.312299661145
"OG0004274"	0	39.3874839542669	43.8785486371501	222.624501026153	45.6554467179297	117.04038698162	92.642067719597	80.4541027322315	110.906915261432	0	0	0	0	158.530292868039	111.442276085654	156.022516671008	30.258051539619	64.1405216552565	11.512587424616	0
"OG0004275"	0	644.535286588579	1086.62751878644	447.247194251875	99.7514975182147	149.522902669704	216.700380297062	242.485250441564	157.614954873149	0	0	0	0	512.808718000594	398.049231265861	503.648027095679	300.961312870549	305.232910439502	438.359381384542	0
"OG0004276"	0	88.1336928642812	71.4765255844688	148.374943342796	53.4848861112596	313.041631319704	212.174774341364	199.414693119089	218.179248953836	42.8564550173934	31.3770212651106	1.75436772149279	3.95744201320035	50.5416760634441	33.735768264554	49.8719640819575	14.8883338301687	20.7618013760178	71.7489764994479	0
"OG0004278"	0	238.750803874255	259.872779893558	373.050274870931	NA	352.980777060057	273.543520202007	262.430878147042	304.162482327331	300.198966964402	283.501676912101	273.717500341253	0	314.265709963908	328.725585368639	310.023131280025	151.195081810216	147.473294503579	438.578669609589	192.391289292588
"OG0004280"	0	48.8725233072894	23.20021614231	13.323530856018	15.236359146441	103.568797317027	112.020873867604	107.471006425481	117.971595850955	0	0	0	0	140.449645618431	83.6375824851623	142.771628785821	124.940189491607	97.8706297077031	11.2962733516095	0
"OG0004281"	0	57.5543462084765	59.8337771882516	95.8611388376273	69.461786868391	188.349533973699	179.053038629238	184.426962945228	178.760770776303	0	0	0	0	16.589658371556	33.7655526040644	17.1320094359812	177.742486154234	174.144338962212	38.5490055693709	0
"OG0004283"	0	50.3097903285012	50.914307103081	83.8860349498113	81.4293576565877	279.403020495039	243.600845535683	222.997493380445	259.606058249514	180.775616634433	474.505118601765	85.0202776704746	0	222.459347574306	224.008017457641	220.758793714199	78.2715590034242	71.1360642855774	420.954389244871	407.74821794798
"OG0004284"	0	210.019982346258	191.468309685288	89.1327465527337	143.22197877028	66.5216482675794	65.5571685344215	66.8436080370974	61.2780355558582	0	0	0	0	8.15425881549711	13.3465412406427	8.20323137005523	10.4964479399204	42.852588365283	61.9974244490743	0
"OG0004290"	0	464.42837874974	391.550735552736	162.100811473826	120.550187350369	92.5740320765889	90.0991065890475	80.0795471576526	101.327258934316	0	0	0	0	82.2195708355254	49.7925056946051	78.4750737810433	109.214149476759	195.675345334586	100.404709454218	0
"OG0004291"	0	0	0	0	79.1054510780691	65.4435037767997	77.2163003531719	60.249691175226	61.0334480506896	0	0	0	0	54.7645814371487	40.2913609594698	51.3879740277515	47.7393160364943	59.6581283535982	149.911023823284	0
"OG0004293"	0	88.2502070065954	34.4726092376423	59.1082062723618	136.065278263439	366.741270380148	435.74102094026	446.968469015361	420.094318986724	0	0	0	0	81.4488815868583	217.317859116817	77.261377076249	16.292366103301	15.7789706733261	143.05227409617	0
"OG0004296"	0	57.5653494576972	45.1651917769391	88.1216870670442	40.4420034691398	57.4611945553795	53.5115131428477	53.9493331505294	56.4866354931663	0	0	0	0	56.9931289441406	68.7744822453296	56.5327843672907	37.7902834307049	33.1414175127617	204.948817083657	0
"OG0004297"	0	112.001876775993	121.892527513602	560.141679239219	30.4308441271748	93.6456282324956	79.6108179612	79.706440540809	91.9856510119721	0	0	0	0	28.238026323575	27.9338384966091	27.1877088222419	35.6345798810307	47.2715071170838	106.306403689024	0
"OG0004299"	0	170.153167403317	137.941190090936	343.735378102147	502.863512622435	120.662948031091	99.7130316322721	93.1126321952637	106.565958614429	0	5.38192640409228	0	0	296.749351531781	212.175831175064	293.54865661489	74.1500793287421	93.76108877905	52.1866024314776	0
"OG0004301"	0	135.49293235791	93.3199012551838	263.654626265554	177.283652880803	169.440384612556	224.777853766375	233.917563352646	181.598363092051	0	0	0	0	327.404886434659	598.045709897016	319.23903308937	497.191563691379	302.789121344956	179.222845840035	0
"OG0004303"	0	108.905551037566	124.284967457003	275.058119574844	178.43738480245	206.942365463859	153.625600330477	132.578937281607	185.076661494604	0	0	0	0	28.2589757522967	21.1266277015096	28.2630940947736	41.5533125251581	42.4222994258566	8.11370871705206	0
"OG0004304"	0	270.571039109005	179.086955833717	176.77589818359	554.290085358882	475.950736763513	427.011441731343	403.361216596416	474.137720218748	0	0	0	0	213.92973911201	225.311975841405	211.081853797312	491.812004270735	412.238246029274	497.207196579276	0
"OG0004305"	0	134.721356729234	199.401387384283	360.794859648763	265.722548563965	408.36637143816	437.992595449062	474.590167667331	494.138439041148	0	0	0	0	317.662014699709	287.400409984764	314.171779913404	416.264173065029	224.38177674527	2451.84211250096	0
"OG0004307"	0	540.81332892461	976.807743762688	1929.17266550392	1964.92604262252	292.50080012824	315.139622544404	324.868640398367	285.929709898333	0	0	0	0	1937.08684567774	2339.61348035223	1856.49075422077	2223.17537337457	1836.10638854505	994.401076059866	0
"OG0004308"	0	108.787496855187	171.095609447062	276.826614765043	98.3749665342644	112.313377113152	124.833804355687	115.188517563202	129.483619220835	0	0	0	0	106.326675038657	124.804722163596	103.153804890028	121.703408343572	110.173764074314	93.9268287495526	0
"OG0004309"	0	65.2022888791587	138.928139184318	114.238678757457	122.437539308654	51.5259059141214	54.6496933262791	62.0808115132303	61.2872154467977	0	0	0	0	216.907055273378	302.062644638938	217.44681815249	70.9145234919379	124.214338287812	202.166875167934	0
"OG0004310"	0	283.707529012815	321.297904632868	135.025583247795	159.342436385231	196.241942326524	143.272445558905	149.04848640091	135.203445787722	104.944403235051	606.389895315634	150.1808847962	342.797945962103	77.4671027503603	86.9774196118203	73.9362091590522	183.322096804178	257.12870201242	404.540405073294	424.970291245559
"OG0004311"	0	253.588286178809	285.80820988504	239.8098864977	245.895295528925	324.231977631195	273.877681103185	256.634257523816	304.849917831575	24.5862468582534	91.9830141229822	36.2250181863865	185.915886870681	379.92128894651	403.183659912094	374.361825445566	14.6367081815229	36.6170541131001	34.2856562786036	14.0461701975965
"OG0004312"	0	30.8086832282406	33.0533769980653	35.6746327676788	13.626286513173	5.01490352655351	2.85724581075697	3.61432364370173	3.15535486937846	0	0	0	0	16.4154388087269	14.8446816042795	16.3672069283359	51.7529038397037	79.7638150336726	0.321582630804479	0
"OG0004313"	0	115.117217083173	85.6171147707959	49.5734490570136	39.9380336344823	112.314819966598	73.5710136503032	72.8920647595094	92.5861164809594	0	0	0	0	246.601829951769	303.077099242662	245.820103132304	34.0900752719788	49.8456896667633	72.0104355370034	0
"OG0004314"	0	85.8668264826406	90.1273709924116	16.2692845699366	171.006364662932	251.663608040791	204.65037889202	194.107449574867	228.532127419335	0	0	0	55.1313744387293	28.3758624655284	12.9423081848077	26.6391845677868	188.173642222638	175.398122184652	14.5727235319106	0
"OG0004315"	0	1876.76438099193	2265.43647258985	1762.02882674103	1019.890797368	612.507936384742	537.949547087234	485.667449553814	553.038128332094	2700.50639270831	37009.2043527457	1719.76587644506	2378.49181570424	1312.54414148335	1568.54458537145	1298.91932123966	1510.70734815809	1685.39123644141	19801.6379410474	7165.44212212999
"OG0004316"	0	108.737717782369	101.429269569712	97.5341109926798	28.7438194930521	91.8725834390375	76.6358359358739	71.9089772990076	85.0379157151073	0	0	0	0	63.4165567612492	92.2650453188356	63.6992884684715	744.724042942544	887.704070277571	163.713180961673	0
"OG0004317"	0	33.565925094629	13.817472876425	14.5456367392057	53.6512748124388	27.1353008150356	37.9879604733893	38.1485939426932	33.034529181379	6.13702426493193	16.413536520706	18.0895652174448	0	20.9571980462031	33.9920327217014	21.5673487841251	50.3551980351441	53.0566994682932	17.7749530821959	0
"OG0004319"	0	678.28819432548	1201.49356628756	1242.56088040758	508.497067756233	391.040032307922	302.910076457959	260.528903775781	379.238082593141	0	0	0	0	67.9245616617852	103.430836789207	69.7979199964031	144.513002948059	220.504780730939	42.2412377658458	0
"OG0004320"	0	94.5237183648581	85.6972806085962	205.621768874213	89.5920795136343	55.7879285122464	58.1618154602254	66.6129339656352	53.0744826061504	0	0	0	0	60.3308862698711	91.159140879079	60.2602496933878	66.3784527999267	35.1019559720621	34.667204473086	0
"OG0004321"	0	117.959809553872	162.993663895293	411.492621578031	204.569275804952	46.0079348851067	84.5720639609316	83.2035000349917	43.9355867960599	0	0	0	0	75.7717251412313	82.1505695507665	75.1311588323651	167.509562667592	114.89196324694	136.680486277711	0
"OG0004322"	0	19.3876006793041	23.3930224049827	29.2006617710682	30.8374181601807	67.5559867510199	55.3326679846692	50.4419933012147	62.0951087254383	0	4.21562349821401	0	0	51.4622716547187	50.8422845249883	50.5349146618989	5.33619081371744	13.2923845164525	111.934431545811	5.58717818088859
"OG0004323"	0	85.2653148338628	64.3521223655843	46.484517847341	119.926185548567	72.3478904848935	65.4963922523278	66.9939374021363	70.3761248644437	0	0	0	0	51.8605189073378	70.2094083267895	51.828390400664	38.9931369130624	24.7309450314867	105.58062181058	0
"OG0004324"	0	26.414642752346	14.3771491884757	3.27036025146611	40.7511268913767	35.7247738656519	37.1958995188195	41.5004678717973	36.4791260665099	0	0	0	0	17.2882732611443	21.8681386179603	16.6297278591801	20.7567093363702	18.2250875465338	23.8718759837539	7.1119061475437
"OG0004325"	0	18.8098004622119	17.4837609723091	20.8275800024147	31.4815349080758	NA	NA	NA	NA	0	1.71485852892615	1.11776818518456	0	39.7271231221342	35.7522871867655	40.2716092603444	32.406116769629	34.9952188041442	67.3680949347017	0
"OG0004327"	0	60.4561654051882	66.4873561566134	33.0982715481223	74.3617219655505	115.419840583651	77.838710597625	74.4416453647534	96.5129845954333	0	0	0	0	27.9500063631371	28.6935774288402	27.9026650561817	5.98313216591841	9.7948384091463	144.489988070422	0
"OG0004328"	0	100.257645315056	120.708967991632	88.1462273458231	33.6607454166112	244.523703254724	266.550512905916	287.795607782598	260.123527444254	0	0	0	0	110.988963463762	115.470310161039	110.037437116189	551.561850520168	487.693285984423	252.690171973401	0
"OG0004329"	0	298.353465593422	1050.75701775215	118.704395988241	331.734923627661	1706.25189269657	1710.01233801971	1875.23023386162	2013.1689458201	0	0	0	0	2048.51422102734	1614.74009595207	2011.66062812663	1728.81847498079	1559.07234021773	2245.85766904274	0
"OG0004331"	0	603.991268842512	965.209676951291	347.639429702381	214.752261730022	277.107773627701	333.576905618413	382.245193280237	319.539428410633	0	0	0	0	2831.82862210285	1652.33984614998	2815.10979400349	1709.14070860778	1953.18608523371	782.335157534566	0
"OG0004332"	0	54.7476465234073	36.103946923066	58.8790614192641	52.5750977919385	16.0996362288229	17.9499184074328	18.4819630491498	16.9661989832098	0	0	0	0	86.5010236192998	64.3854024063995	83.3479132972027	171.519559248128	147.745247181413	38.3921301468376	0
"OG0004335"	0	394.032473273259	171.164270002585	207.152468763045	187.305774046252	149.118348761026	147.948484424789	163.579359049516	150.561529081422	780.892420503421	3940.14068870883	5948.20141965186	742.156053843008	526.371045183934	467.235273514545	518.23321758819	447.81285814156	435.56145272112	428.136288625792	0
"OG0004336"	0	774.749044567761	805.482956515432	1090.99944381161	420.734516582008	253.669729275179	221.106830515	242.530892610226	273.70222091886	0	0	0	0	487.756808435911	446.46546220037	470.784480908825	621.271823125379	662.948524194291	76.0051212398255	0
"OG0004338"	0	132.180549887493	84.9175193807324	375.438657503085	88.5822215252096	106.568600621206	114.658021258783	128.870300978914	140.273763632658	0	0	0	0	242.93776099456	291.870443658483	242.148462299951	530.969401429529	352.930401051739	265.430640287291	0
"OG0004339"	0	33.5962073639265	24.6010770440577	101.39000229581	43.9429358442077	234.260575700431	199.813401714893	214.576151022794	206.732401476656	0	0	0	0	246.370137594384	208.805494884748	239.816192716768	546.994620333654	495.940813959355	566.682500429557	0
"OG0004340"	0	197.630697066724	253.810238409905	276.405748983985	71.206393961273	193.85180171882	238.465691090765	266.185127639243	277.620022319132	0	0	0	0	328.198467443187	327.192883257435	324.524307298119	53.7645559551012	83.8732716986306	212.089001496357	0
"OG0004341"	0	298.206202503002	322.175739113689	136.941504162759	171.178739337211	139.293626677042	119.770698665296	116.714994537356	126.419673429866	0	0	0	0	80.5477786759505	121.317571693719	77.1016801414076	6.52453141399012	28.4254893437085	208.218164811325	0
"OG0004344"	46.719356195841	168.497805819322	63.4281572699051	43.9358481726507	92.8298205293179	417.766062193397	278.174408062345	259.068796310693	344.09525941798	4.78813599965844	33.6783884331703	14.1160355350071	0	54.3640172609558	58.3579813608894	55.3759397712999	17.7427399405928	75.0527231559778	215.687055170917	19.3761919653727
"OG0004345"	0	58.131067878991	56.6900515906218	45.0323931703776	55.6131671704123	182.827289878708	137.717832907851	135.524495524641	156.876288032347	0	0	0	0	89.3507008771976	102.60109274539	90.2405718718555	10.4720756380332	55.0233885622698	24.5883669663468	0
"OG0004346"	0	101.809715322954	59.230677714059	136.410820634166	202.761945158097	93.7211005666247	83.5208719533235	85.8732046623095	88.8330501098755	0	0	0	0	29.4065466110455	43.2534135237781	30.7879720680654	4.49422967429505	4.42553304970636	21.1090662998119	0
"OG0004349"	0	116.423191799828	193.508641779018	277.36956859396	42.0304539055865	58.4171293592333	63.1752136215747	60.0882048356252	62.2424271122275	0	0	0	0	98.7278594061195	117.016534362382	102.953767120776	136.35976761797	134.755201370597	62.0341530072532	0
"OG0004351"	0	61.9530791633399	45.0195850069622	353.880820154908	102.539637321263	59.7314689592191	55.1657145191611	54.0132321866568	59.3701272636121	24.5606805011262	37.5540999351964	49.237035162796	0	181.280540032113	161.457926051871	180.806092289388	159.951263495113	179.992173161969	115.435718742278	3.97148834256875
"OG0004352"	0	92.6979671628642	56.5771594505859	532.240118748982	47.745592410661	122.191762246476	111.859256491757	105.609313079261	111.288760998936	0	0	0	0	62.1804710977029	45.6085506018831	62.7569585160426	1.42899624168556	5.21374161470855	14.4106100505604	0
"OG0004355"	0	59.0255355936855	54.5162027320282	54.3486994989922	95.3240170131974	62.6453669889628	73.4192427112202	72.6505959529192	62.7200329449424	8.3509859038509	17.7321111925079	26.2115973629101	210.449919705522	175.575635998775	141.774647443035	171.49298365014	76.813488649747	73.9743456257345	52.7360925575022	22.1020159955528
"OG0004356"	0	112.989161720213	67.4297686734402	318.111952768675	71.6999171781506	153.120102795132	162.55337812548	163.660181911992	154.640362116524	0	0	0	0	67.4312234260813	75.9183752142546	65.6603182249084	4.84490129278338	30.7716252846272	213.665302077613	0
"OG0004359"	0	253.868086050605	134.562626836509	1545.84737590827	263.253671869876	2338.12902671446	2439.77128814272	2702.09998967669	3393.78103295161	0	0	0	0	146.074400744666	214.435330739001	142.60172513384	431.763899824891	280.518146308471	156.925139701747	0
"OG0004360"	0	241.398428309751	259.931326934822	95.2887368351101	79.365520340217	159.815442236561	103.948493382823	105.55512205996	145.375519460263	0	0	0	0	42.9931529336323	47.4007636632418	42.0088341776187	251.565027061185	181.962268761305	24.5363548179082	0
"OG0004362"	0	57.209117967845	71.8541992006517	18.4006691325784	211.263661406374	99.4220365115392	98.6701242128377	111.576990407929	98.6196941148882	0	0	0	0	375.424168037254	463.14886213372	372.894425858069	184.69941920712	220.487951869542	127.201375432277	0
"OG0004364"	0	248.190679089335	428.893727149397	217.632394815561	116.868110842235	44.3881099138607	56.6184374273497	47.8102441217734	39.8790181402847	0	0	0	0	183.476761599422	171.016316287546	176.459558323706	65.4252390031023	70.9905308066255	57.5138858095827	0
"OG0004365"	0	13.657459012768	6.84762854379661	21.838884890892	22.3967318641493	72.7409015659982	62.014284773896	59.4271178688877	70.6172541915187	0	0	0	0	3.93052904199609	4.78258457567341	4.5114036925434	1.83790095437572	2.80383778597085	56.5954942937955	0
"OG0004367"	0	324.086653580173	382.550635707093	247.839637471442	101.424545827396	78.7720289727275	73.724006905674	78.9971757293723	74.4419991630891	229.533955339196	350.345279880705	93.6834673983273	0	28.2834629984515	44.4609302162083	29.7930601640037	76.3317289166407	57.5654931864845	44.3505552220503	0
"OG0004369"	0	1146.00868096438	1165.89891369574	2134.20301367308	163.825000053253	214.193258976587	214.07986998869	242.398312977445	229.270291252415	0	0	3.1670250886659	0	362.660277690292	367.983727590494	359.861767306015	201.938985446049	356.217319147687	168.77913314637	0
"OG0004371"	0	439.253131204155	321.580062402255	768.65674698146	60.5226938631199	410.551739466104	769.096347778258	787.467958327099	650.143769201619	0	0	0	0	14.4365149341682	23.4081081080054	14.8266105979213	100.027069568266	179.766019056186	278.410372474258	0
"OG0004372"	0	1084.09487020977	1009.85759494844	1304.91705392702	482.607707098305	987.275800488247	797.805841122995	755.183731026546	869.814786825731	0	0	0	0	1096.73727806271	1051.76842426249	1082.32861752482	3459.83145132543	5193.17956986054	1163.10208222727	2083.4149815365
"OG0004373"	0	923.272167767734	583.461627467547	557.553293335018	760.218901321385	175.056414181576	205.753179809562	207.086488488951	207.153041684774	0	0	0	0	86.5613746225707	124.084536834234	91.1265426929754	506.184169556358	367.051898692544	418.460528623079	0
"OG0004374"	0	538.119036608347	624.948376374584	1812.04682294813	95.0735393465977	75.485097832678	86.2038562052999	82.627539335204	79.5280359993594	42.0640976836157	94.3288186042155	56.8089710790887	0	683.89618168715	605.319045605453	675.972823475992	340.741802924871	340.300422857377	414.936384402329	323.264260814604
"OG0004376"	0	6.88335685348142	0	30.011533932619	105.712263082998	178.91382737666	174.227605550386	190.907426416424	178.299889950368	0	0	0	0	260.93831483224	306.230069423232	277.997646833839	765.632427483675	715.36707165865	134.354433040375	0
"OG0004378"	0	60.9921351266213	32.9055220588176	27.9503754881997	80.8187018748762	65.6638663441477	68.526446423612	71.7730636796804	66.3957618786594	0	0	1.88933515217604	0	91.8724016483539	57.0312915692102	91.7644972309417	45.6224709225721	48.4265016841103	75.0593852814009	0
"OG0004379"	0	453.117691901125	887.432660497477	597.129584973792	186.364153409012	NA	NA	NA	NA	0	0	0	46.6905205488788	176.575242846056	147.822655424015	176.191545206972	187.854413807669	405.253651528677	168.187276890389	0
"OG0004380"	0	16302.9574670289	16160.839079534	10105.1346448661	3291.36971462053	4878.87962776389	4684.51019682426	4834.54311508894	5147.18559884147	0	0	0	0	8939.71780866132	9182.21402765803	8837.55894067082	26280.7906147872	22946.7878496676	29041.6624747202	236.215628627112
"OG0004384"	0	568.727255126386	294.16668611777	917.889249770616	273.755372812731	328.734734777447	285.400667259399	280.459534768698	312.833077947577	570.957974091104	1941.92294291229	488.370219071433	0	359.612066442323	373.075896547906	352.863708754367	227.053295529261	195.357404834405	435.255787145199	1803.9910777243
"OG0004385"	0	3.02562389906567	8.0303437265021	8.16209672185216	27.3012983317306	39.6746406700443	40.3822743620361	40.9847838137987	33.6703309428868	0	0	0	0	23.6035548551501	33.8721209708326	23.2723565806314	114.148988952509	89.0250433033485	27.9985788311459	0
"OG0004387"	0	22.6350110890533	18.9757362869271	5.93955115861654	34.7867987339618	37.2662407958757	40.9495649325501	36.4835966090428	38.835717247415	0	0	0	0	33.9871877593115	34.3759528579903	34.1410522321345	11.1204719829883	16.4922550454582	30.2501590980865	0
"OG0004389"	0	25.0594074948819	26.7105334357145	202.5352153108	16.1941676565098	101.67316536003	86.734409380716	75.769984613392	92.0890819749548	5.14023594271934	21.616312383812	41.2540677085566	0	29.3219164685276	25.6777343473762	29.5292824877158	3.53391102775124	9.75842097435474	53.0955831975259	0
"OG0004391"	0	1059.35570808335	628.45934315973	2029.98413072751	251.251845383293	50.2393800890367	68.588512928454	59.4955086739946	49.3514709464985	0	0	0	0	495.681519486111	386.510182452746	499.9020924719	13.0033299045305	16.2509230657971	76.4246098484672	0
"OG0004392"	0	153.378801131493	77.7911930028393	377.803804223362	71.3369437980506	307.055401139277	219.537881897007	207.852038063616	266.969273922466	0	0	0	0	100.212487149688	53.6817023349723	100.233753379798	188.599226552114	185.917372342275	160.607317488714	46.5528874523904
"OG0004393"	0	16.9851381774359	15.9579193026018	2.34481136718164	51.7721442217664	18.9905595921478	16.4796756324507	18.8170345254414	18.3911569856872	0	0	0	0	171.564722195181	110.636907545293	168.514982982598	78.4648206152454	68.6129793162842	55.664140801953	0
"OG0004400"	0	259.864908729122	146.573399257322	107.535685661099	311.611756167682	39.4458374100337	42.2298054312216	42.2460000953489	37.1222277275935	0	0	0	0	18.0170636523681	13.0426814089577	17.6835887622332	33.8415146506522	17.4059081703086	103.10730365693	0
"OG0004401"	0	55.5314076542832	42.7968572555986	72.3027411529787	92.1409775191534	166.817132761318	100.382765889006	98.3245838827124	131.810526658503	0	0	0	0	12.5503032905582	15.8505702319601	12.5215589271112	58.9206642147745	110.970697078042	12.5120356810782	59.0814760274653
"OG0004402"	0	129.872045385569	113.85793425542	93.2063101286322	179.164975836172	154.59397759082	146.811051212423	145.318869190209	147.767321181758	0	0	0	0	129.391163633556	142.36318599176	128.308155131039	87.6213472450817	61.6928529296074	208.085570898731	0
"OG0004403"	0	2.91624994250885	6.54427878673118	4.88799407787227	33.1956900553204	16.200295234693	12.4865645694987	15.2625781929686	17.8418511746577	0	0	0	0	32.9251072182996	18.1916907998916	33.97945976411	7.32845849648867	8.43187195869049	0.761516093253829	0
"OG0004409"	0	64.3075774544202	59.8026479769299	15.7726445430795	11.9685546118543	104.575892146908	78.9342382579089	83.0904088854942	95.1706972932354	0	0	0	11.1992479839198	36.0435684214549	30.8116710754575	35.1559470830863	37.3940607535207	43.8991614367418	117.916761596434	0
"OG0004410"	0	34.3155149661434	45.3759054547686	58.9961185490393	61.8746155533497	24.1707364315714	27.3808355397722	21.9311344901804	26.6971348829322	0	0	0	0	30.2453561875426	70.3565667914424	35.4477897598364	56.002704859881	62.5099410900427	74.3067472539385	0
"OG0004411"	0	32.0170181319832	16.6733721764206	58.4567846047778	61.6435403143158	271.853012363962	204.058234556985	179.79029819222	245.826790445476	0	0	0	0	26.8426695065688	24.3799115375504	25.2012178197153	3.45046177920401	2.69362314383222	261.44273565112	0
"OG0004412"	0	20.674648977648	6.37005726631711	18.9518437939518	52.58249702279	95.5712826400546	78.0340299497879	74.4467239616156	78.6307959739721	0	0	0	5.09564082826628	1.56225162018965	1.37077061415457	1.76044346293119	2.01125443780227	2.308229106284	4.00492211267948	0
"OG0004413"	0	125.200590520825	99.400999645735	213.802884312118	228.718309962069	94.8098888762912	70.3046246247504	68.0560306669109	63.7474890945468	0	0	0	0	58.6365491952812	67.7196996459086	58.9050476176341	185.939615585613	414.133587761008	663.09563150398	0
"OG0004414"	0	100.788466532177	63.0231342199442	94.5936947893956	134.351945252956	432.999209433182	282.811937174514	277.499603906997	486.491464136621	0	0	3.01480534906022	3.99542727267721	40.5824841347007	63.1520924759533	41.3645056489487	129.885280534529	135.880748591297	206.475888790099	0
"OG0004415"	0	268.871291185081	176.583629093146	835.521677260844	305.284043561786	159.54096711553	198.490448052605	200.274141248481	174.440563197861	373.384162269704	720.464914483433	332.061524410319	447.452152204292	103.42219629503	177.094704294826	102.450444042226	195.625853622004	203.430822535428	402.652688578275	123.218066433156
"OG0004416"	0	153.190429808649	75.2231128634916	17.7417626473657	106.816940844555	53.2461201886319	50.1244747090315	52.5827486624671	55.9913615141912	0	0	0	0	56.733758368014	76.3092648859889	57.0711019046059	528.740248767909	272.360512224958	95.455187775535	0
"OG0004419"	0	24.1800290616353	11.7144186176481	166.952424588408	17.3466444493675	34.6866963051966	25.8149125620305	20.6086707651584	28.5927823619372	0	0	0	0	12.5043810328968	10.6730393575111	12.3944262802874	63.8721625019827	84.0510345032853	77.5352558789662	4.23651913965759
"OG0004420"	0	40.7959724490059	28.1150129343073	94.991554059098	28.0448388186217	66.8224277168292	60.6241716222329	60.8944338987091	65.3114658563886	19.6425522859493	1.36421537804915	14.0349287171055	0	18.0573670235181	32.8993167874801	17.3095507674548	6.0303806289841	7.52340902325527	42.6647436992581	3.49265248241695
"OG0004421"	0	60.3711261557912	37.2475163106697	16.2241304569835	26.6163487913592	66.3816914832605	67.7161865376444	74.9640018731231	85.7230791122787	0	0	0	0	177.564444347946	159.603553073954	172.633080898007	67.8588318967502	96.4799910314011	121.986577147748	0
"OG0004423"	0	44.7251457354164	17.1372094165254	144.342705044297	45.0972158570285	101.411509436928	66.8331988325457	58.2036179571877	84.1456468938543	0	0	0	10.1151296297602	39.4601913283564	39.5748093195289	39.537211660424	14.7322105287598	33.4288291011649	56.6935836036914	0
"OG0004425"	0	95.833530218376	71.5476390986928	62.0243275996549	97.5794121949437	114.482501940949	113.299484611225	108.860267102101	116.377061369959	0	0	0	0	203.042834335744	159.630716391588	202.626734298862	80.6469794244549	99.0363935156091	69.2432045762973	2.77796155750279
"OG0004426"	0	14.6292917031335	8.4291966049193	6.57992359828146	21.44003871962	15.5857584243849	13.5811562750385	12.2720199871369	14.4131204106204	0	0	0	0	16.9873506724208	7.9359776938643	17.1701283999933	7.18456710319546	10.7460766431252	112.572808866539	0
"OG0004427"	0	37.5751627312937	20.2894725107876	17.3144550431287	53.4419039839025	40.0412919285671	44.6552883852103	42.5032915204088	35.4672002803443	0	0	0	0	49.7901326502974	39.5945861209638	49.4489755049777	156.776220124093	165.335437829133	32.8252721633527	0
"OG0004428"	0	243.430906505755	401.17647763606	268.366484425038	67.0827971268674	42.6378731887885	46.5931350467808	53.1174865146851	36.7913052344179	0	0	0	0	4.35206345760144	30.1564054795534	4.0861932451658	53.6133657230177	36.6891982190965	140.186434458719	0
"OG0004429"	0	15.0898518330997	8.08935469043849	0.836154783762742	37.3189799586684	24.9966590410152	24.7593066344938	23.8259365206518	20.1666044817537	0	0	0	0	18.5337931045123	7.94378119081603	18.2952974561256	18.9732223163643	15.6924454372054	34.7079769902328	0
"OG0004430"	0	40.4551413598067	35.8299541927136	229.762041108987	69.2869457838279	110.317411347253	90.8087970071038	80.4676070183247	99.8211909365509	0	0	0	0	67.2791597085293	78.7040925749255	70.2808435273634	2.30118322848483	36.8528997266301	48.530614938596	0
"OG0004431"	0	479.614730789661	226.29186714619	665.682731140222	181.360080988759	182.009641478836	174.999702005587	173.816288918249	160.789782428993	0	0	0	0	453.882872455841	429.127402484582	451.212337025193	352.857632830323	352.414334414868	440.217560554674	0
"OG0004432"	0	65.0967676154252	51.3843999470805	142.147540253605	74.9865459041145	230.461487081207	166.717898366009	158.888852476022	212.605859177253	0	0	0	0	55.7137570437655	53.839959159351	56.7525217949564	24.436803253314	22.7640666872125	43.372769446119	0
"OG0004433"	0	24.966953237763	32.4655869720638	92.1272740707253	162.871321410181	129.826288292905	102.944835897523	91.961725066103	124.041704420746	0	0	0	0	147.01046561609	90.0221832869489	141.578727399281	176.637960882157	159.837016454069	78.393409718359	0
"OG0004434"	0	19.1506316286252	17.5275044427065	116.106193972529	21.3706229724102	87.2920424701849	56.5677149276062	50.6784023473932	66.1389043137102	0	19.6049366344051	0	0	44.2788374102117	38.0578571670573	43.9519292838107	16.8935018608735	14.6611732523178	114.084636934018	45.5346507243024
"OG0004436"	0	22.6243811828787	9.28327824491051	17.931446732187	47.1533168664756	499.738950548649	404.307188309138	388.694793951671	450.190654307812	0	0	0	0	29.1835947437894	39.0874183877808	27.7556050092277	3.41795406065853	6.55264015855096	230.542061243697	0
"OG0004437"	0	1228.62778589779	391.672840000127	1133.50872821934	306.404890012982	131.608212299439	96.005025164412	96.7179288322744	117.23431228139	0	8.74541361962997	40.0861167305542	0	54.1377634307621	47.496013980996	53.535620067568	41.3633681264482	14.2978694557718	50.189925435001	0
"OG0004438"	0	127.438854676876	139.959281551479	262.577154650419	85.4161728575651	30.4189577876486	23.0737324734572	26.6399211144636	24.8977819448439	0	0	0	0	193.463812106227	246.272406928447	194.408799465375	725.14205867326	903.637999094676	455.342677340122	0
"OG0004440"	0	21.0477224353086	28.8443930554208	16.851014241367	63.6986081718997	NA	NA	NA	NA	0	0	0	0	62.3187234534719	73.5506393605366	64.6217812842551	139.780037423162	151.112577728865	39.1318505885736	0
"OG0004441"	0	346.666648423122	335.095057696239	380.828929736863	139.221187244361	217.067312053459	318.331905249679	322.184446193696	452.39005557537	0	0	0	0	843.179821561536	639.755698947366	830.646248214841	215.655225185905	438.9764743436	5530.67986538508	0
"OG0004442"	0	45.234554588724	34.7359317465282	37.9699463406066	73.8550116750221	271.946242894356	353.093222348811	375.535070007993	310.941140150527	0	0	0	0	250.241619769731	296.812261270047	250.412431510742	539.61212375662	239.852988584433	206.472737076743	0
"OG0004443"	0	70.7547373525024	51.7077428135751	75.9355709847434	51.6888343632912	46.5427340645201	47.3617003693274	50.3018718434211	46.2863305121884	0	0	0	0	168.348083089808	193.688155522854	162.581894685992	28.3119774296179	42.2845725216859	265.675808074119	249.018057716612
"OG0004444"	0	13.9550963856576	16.7414846963797	8.60885249702148	16.9856743425092	41.736467146343	36.3616007458562	29.8631638206151	38.1014517241863	0	0	0	0	34.3221011429807	20.8513608357546	35.6696990658159	27.8276269770778	36.0790681365727	27.826898927653	0
"OG0004445"	0	80.6604539979091	74.1734414247929	60.9378067567205	165.64904748092	129.168735581805	135.183767523619	117.030505084221	125.25829147409	0	0	0	0	50.0324384599819	35.2539951867566	50.6418421747927	60.4683332705445	54.8146454838771	97.1450388182623	0
"OG0004446"	0	140.834092052936	119.893410490362	18.7000850739594	187.272614530214	344.279945845705	222.504808457098	210.155156383899	292.381000235433	0	0	0	0	9.57749611219375	8.43826079536752	9.52161728939128	64.4934552030485	201.423367851528	25.481735653701	0
"OG0004447"	0	345.431506470756	250.83654093349	499.728433112627	74.1030229313381	292.252684829791	236.677781893845	226.899609009535	280.026034008794	0	0	1.3851142593506	5.58055822295299	207.157940331193	204.063232347903	207.892081107481	55.9180012295044	113.527752475777	180.88814903085	0
"OG0004448"	0	43.7430578126103	46.0249332735343	10.3430342424182	75.5072325195845	50.3727885384826	58.3248588717414	56.3776414191438	55.8083924550547	0	14.7578467711577	0	0	13.4919176795237	10.933592759548	13.6440200786961	0.406837516654053	6.35240388104116	30.4549173777177	0
"OG0004449"	0	188.823435568824	96.9932409756892	188.435598138401	107.724579828995	90.0051979980326	108.270060525212	115.976750571213	98.2348932070137	0	0	0	0	138.936333806067	141.855065159713	136.109697565289	94.3436990140577	88.6684011172824	125.608206526018	0
"OG0004450"	0	726.95076402252	1169.14822807219	215.86193640306	178.777338353234	726.800741943519	509.897856834131	457.284935796579	641.132201999914	0	0	0	177.998769030797	39.162903673623	45.2203713050442	39.1639582636297	358.494816303568	375.828696743116	74.0825760927066	0
"OG0004451"	0	393.091596943802	188.835177380963	272.499979564237	557.62247969789	334.035001419117	300.609677204101	295.869924762641	327.679350883417	38.3006500196283	115.64545812559	44.7957143952189	0	175.853111875883	179.909920065348	175.869373999292	36.5879149210244	70.3678027019556	321.038405371469	0
"OG0004452"	0	33.5820514400939	12.8914832222031	52.9011722101253	38.6963878884974	59.1449174568892	56.4551245959132	58.3693062750912	50.1225314846435	0	0	0	0	8.99923638430095	12.5001894491154	8.74771205646007	2.7286138974399	11.1416381529188	45.9937076387151	0
"OG0004453"	0	101.588436973639	140.540270471102	243.28342796266	93.8315647459082	138.419806507594	108.17863359331	102.512731013542	114.550565506393	0	0.616888580997966	0	87.7690281732614	46.8076138162342	53.1954856210252	46.8596632901499	52.1054644267693	61.8763310932535	82.9373813516924	11.4989451605131
"OG0004454"	0	186.933900262995	55.5822042487973	175.261762982934	280.57335297393	182.704092392114	219.540228472654	225.350600742596	172.887526853988	0	0	0	637.259621412855	315.095362836461	427.173549812701	310.82369895773	399.573838382907	295.794998091868	201.097071808614	55.0191544111709
"OG0004455"	0	101.647311097886	24.1588659526728	31.9079453259532	69.7424095495706	323.539907426104	279.295197401257	280.640654485613	608.768240210302	0	0	0	0	25.368509540464	39.8320268755406	24.9806277492844	243.819892164856	208.249608241296	83.7383604473888	0
"OG0004456"	0	134.880695547591	89.5785504708963	177.730458304031	114.221926653299	560.636583608326	376.90533571986	344.194440208621	458.953416674425	11.7922824877485	27.942833326898	0	49.6263852339587	36.0367633255688	39.4190967925685	35.3025627559606	15.3353135961834	52.0325696180294	268.808300417613	21.2775927901315
"OG0004457"	0	161.755852644564	86.6802121316353	125.0496531707	150.974454383454	57.069737316448	45.4003580691557	43.5973995063451	52.0820483692399	1739.62581934369	2417.43429113671	1877.72940222417	0	197.572536156501	241.892917646839	194.108152627174	287.411782488444	195.096239423542	26.8869559071574	0
"OG0004458"	0	76.8184429339916	36.7890957611091	37.2744134893165	59.0601125648235	43.0611286979082	43.0421704174629	49.6983084987756	39.3893401222247	0	0	0	0	87.7919801375441	98.2507921165028	87.0153881225594	36.1715658777409	49.040335024787	180.688436940873	0
"OG0004459"	0	90.0819731798881	67.011681561023	121.052900667379	111.382540325466	34.2661045255168	50.9669222572476	50.6929455361826	29.3420123649166	0	0	0	0	42.464838863619	106.683930005475	39.862299073001	56.6702697498982	38.7035783881001	53.5471660140034	0
"OG0004460"	0	140.98821584036	218.242586096198	209.715762232195	280.985457794975	316.380246646691	298.310296547149	297.582085670576	275.700670601195	0	0	0	0	85.7890829507133	76.957252976377	87.4801409196727	2.44363182806369	3.51892003593142	84.4361764185897	0
"OG0004461"	0	96.4925844012031	115.203133714926	70.6827514598097	37.8739222725245	31.3658581091523	36.8131108013204	39.0191277500704	33.1894555599743	0	0	0	7.95966358579236	33.1874329125174	39.52060182162	34.0759930895491	38.5576314490337	29.1778539023213	32.5725580206017	0
"OG0004463"	0	29.2037745729665	25.2256839733454	21.0836210010541	38.0057381999145	52.7082688192353	44.1687385961591	41.6376117214449	40.6012114781683	0	0	0	0	78.4674032873342	61.0447908869142	76.2761164217277	36.0837858231872	36.1856031768456	97.7994410477434	0
"OG0004464"	0	9.58590419931951	10.8387924087481	18.0465529097993	14.9444074206911	196.839616619591	159.967248858029	149.717904874626	177.352977912363	27.4605645319936	3.28068583556521	2.52998821532349	0	7.35843828019899	6.77388807605533	7.4419604837472	49.3539719432876	53.6211384812633	324.346816588619	13.948370013873
"OG0004466"	0	85.9949038887447	85.378751301688	285.678293320581	69.4902876094483	33.0060495117406	32.9374853846399	28.8633829832478	38.1875917967007	0	0	0	34.4967570786113	3.33939443340549	8.32257842070916	3.13505218794066	0.666748923487992	0	84.6687728642575	0
"OG0004467"	0	431.085733537979	605.022897592605	427.435827193693	258.086925989126	760.278327060477	773.793437646879	815.792908615904	737.808583875497	0	0	0	0	227.761911585837	257.74771725501	221.952354718514	710.758981502403	639.113395447094	545.947777773838	0
"OG0004468"	0	3.38409544719472	7.17996418943709	3.09332668035534	16.6508180396446	12.1803468186254	11.8841059221875	9.5807258895629	10.2659474887918	0	0	0	0	14.8553647706625	17.535768161458	14.347728093747	10.88237464717	8.76357568677363	29.5606742008831	0
"OG0004469"	0	613.983380646665	379.732769394596	864.419049846306	535.380939849709	555.554071298927	569.589883264553	651.31881816483	591.316387270813	0	0	0	0	549.869783526507	839.745625023828	534.850030825683	3066.04576184362	2441.77357887489	871.897085237797	0
"OG0004470"	0	82.0353934716969	97.6278871916088	105.804184941159	100.060620940452	67.9417490251999	69.7798638704098	83.1246042863038	85.0775944521087	0	0	0	0	119.735003110202	101.36742540287	121.496733692806	6.80050511588934	0.296560894046768	97.0385908094239	0
"OG0004471"	0	46.2062835726878	29.7268380321276	41.9635576882435	126.282672941107	208.682613203531	187.181238224501	189.581485192838	213.79639043056	0	0	0	0	132.378260819591	153.997782966025	129.420895599634	36.7963501154801	63.0380440458493	522.921182434079	0
"OG0004472"	0	41.1309057834127	48.2111420317088	13.3453457564797	181.586442643695	14.5866934013508	28.4011301078801	29.9413350904354	24.5407407756665	0	0	0	0	69.0199046235655	111.528054983444	74.5145897969776	229.178688286617	87.4560637100448	39.1590174698952	0
"OG0004473"	0	31.3073774438064	28.2608793786445	8.48136788331551	NA	62.09941344252	58.2737932134906	59.265269289853	59.4380333061782	16.1557905298558	135.844377556892	71.4393309045235	0	57.0726049722412	55.2878652559695	57.8709335877413	54.8528103938619	51.962474865657	184.333060509542	37.0556425246322
"OG0004474"	8.9990852229402	2032.6039908321	1923.23783093297	3165.499640244	2942.04454194023	1294.78338634825	2099.13808640708	2188.89698200827	1563.81328433198	0	0	0	0	4198.09903029121	4113.16963144159	4110.43940588171	4190.63677843543	1746.37903738683	595.638312008075	0
"OG0004475"	0	58.9050494961861	23.7502428627737	100.52404947854	255.558197738817	60.901734093127	82.9246532306621	82.4203383790539	68.2682081264543	362.368657616859	425.582200563486	261.33564033917	0	31.9218654370284	44.0396605181733	30.9721790107324	62.8655532134105	111.413542774722	51.3338642122176	79.1278954181496
"OG0004476"	0	51.1370562948917	44.9002826525134	83.6703872500419	73.2033312689234	100.153119254052	80.2255072411011	77.9482752247778	98.6012085810786	0	0	0	0	18.3562779121325	14.597304794042	18.2940476540268	2.00926121586104	4.5873320523845	119.465783540692	3.01404592134158
"OG0004477"	0	8.47094630396272	6.63400143158414	12.53149335843	5.90984241378986	10.8298914869843	10.6172429962226	9.47328567348929	9.77004475016323	0	0	0	1.68150782265644	17.602514691969	19.6539112500789	17.813637613954	11.7577503293211	13.4013813329252	11.9120559948982	0
"OG0004478"	0	198.137821371055	282.966293821203	538.078741603076	143.258426833363	347.622513259271	256.081889989012	227.28787172429	261.192607482912	34.3289763610698	72.8843592035222	41.2281538574267	215.194983591662	78.8254234746696	77.9714812191206	79.8186596406236	22.9668562366903	119.307933019445	38.6878141280188	487.565489149352
"OG0004479"	0	59.263023253587	74.5281567001527	17.9428702319586	142.15747609179	57.3669096320814	45.2752064625652	59.4706590488339	46.7214321923342	0	0	0	0	204.707134646637	157.01112416297	204.237798637611	38.1582564494485	40.4436402505489	44.2528521080164	0
"OG0004482"	0	125.494079637647	216.526628915318	214.934804670794	118.327403593487	104.293331724667	94.7104985045932	104.664013052742	104.289219909504	0	0	0	0	215.962249911825	171.421383304887	209.459194072424	131.242093442956	110.165437061214	68.718892644857	0
"OG0004484"	0	132.17121631134	153.756963486697	267.953463465573	45.7447855793209	136.251425679279	117.079565638067	117.90458883805	115.997353415276	0	0	0	0	20.6640447820386	17.2630031802218	20.3975340196872	31.8390624669391	60.9573316474924	0.489998207156693	0
"OG0004485"	0	370.976258633686	637.435319026406	264.070461289462	175.926853179123	112.902727251719	107.745822650617	124.045271720315	110.230998634038	0	0	0	187.771103490827	76.7817373339039	88.2170438222427	75.7748069132257	34.835344909183	48.2196511086949	207.687256477001	264.776670627198
"OG0004486"	0	91.9901709712364	61.3041337063332	78.4282769493906	123.10264794852	151.91359984197	155.926814461861	171.734817662737	149.830910364183	0	0	0	0	227.278409869977	212.135979728799	221.158730385802	227.4970455288	140.319633249508	250.568314249266	0
"OG0004487"	0	152.596710658895	59.7493432618647	290.591441184202	195.945883316008	249.463256534747	269.913240826895	270.894964757884	262.19654802148	32.9030028054428	86.7333897402319	25.8618276050664	0	113.781758166853	112.20415949033	114.260379540994	126.246026166723	196.938496446763	402.638927576298	190.929061033894
"OG0004488"	0	245.371939091028	271.877242966026	746.515280453225	474.501712677786	755.311581542421	1135.36206532318	1214.98728500499	913.820417447179	0	0	0	367.2614028309	1634.73525618715	1554.80209112136	1603.63495960696	1102.78179530299	1198.27611011654	832.761239519617	0
"OG0004489"	0	56.1730910148249	18.0894584134674	4.6020262092621	60.2453597289854	31.6660826147689	28.6552360828458	37.4790305732041	32.789690172349	0	46.9171594826863	68.6025148589202	61.9757564731139	35.6756978404822	52.2638939746413	38.2810911177218	44.0712615662594	28.8885469721864	67.9629253427228	0
"OG0004490"	0	176.234510799222	909.981538486112	18.1587633345157	30.351918998093	2.71359667473956	3.3713384601625	1.95702027562581	3.27644769102481	0	0	0	0	926.908167478836	781.701904185981	930.491549215655	0.546312021290647	0	0.356585736896781	0
"OG0004491"	0	335.75362377184	151.081057511972	636.464400269382	388.963863579553	164.771643825584	202.719798221716	240.341517472165	204.617254002653	0	0	0	0	686.30814074891	687.249806730633	698.979597110638	1195.89776173635	1084.64076884651	433.403201156516	0
"OG0004492"	0	45.0254824828893	20.3445215751012	62.071592176583	34.9647009077326	68.5713492254904	49.0156980605387	46.8794916309165	51.7552819773732	0	0	0	0	42.5654932380398	39.7065752375228	43.2535676345322	254.052002109833	526.577292767621	8.06590033276559	0
"OG0004493"	0	136.985267478427	197.01496915717	421.394010558335	132.551191700191	41.4955772139991	55.9333291479726	37.6740602843775	49.931941858508	0	0	0	0	199.097266101209	152.047861826959	200.451592612873	165.654542177715	83.8620113059158	120.530840699939	0
"OG0004494"	0	36.5340029469501	16.6781128593223	27.6557898712414	41.2531784069246	207.461404244086	143.579926011776	131.960051208911	154.029264321798	217.870802928656	216.759991997051	172.030765217398	0	21.0015598183782	24.2446906361733	20.6328510637153	68.2482649564551	80.256547108834	202.751495800295	566.101346919891
"OG0004495"	0	2.23406404678173	3.45052693937831	3.19415041571833	32.4480936937403	165.355298639403	144.963425074193	151.395124186008	146.829065442155	0	0	0	0	10.2240704010305	8.06938770739924	10.5460800697436	4.49472374020984	3.65447624048725	192.557256755367	0
"OG0004496"	20.7006008072115	58.8699759911299	44.5487313297798	43.7172796306179	NA	133.299125550111	124.708856468478	112.749921694667	115.823815750941	0	0	4.17920575347844	348.29488409587	96.8510750054342	91.0811654782408	92.1807438199332	45.9555259085651	89.3409020502545	62.3955346752905	0
"OG0004497"	0	18.258134258349	18.4588893159975	65.2955467608783	27.6936768033253	109.774509990794	110.474304231088	107.823465394596	99.3874096516772	0	0	0	0	31.2924807787785	29.9442814135605	32.6864214560795	43.54315056954	33.0928274988204	77.9578518106349	0
"OG0004499"	0	151.146376631069	136.885951580168	127.624787324361	48.1440546942891	34.4109448138087	33.4897686273967	33.7967218325614	34.3314088424609	0	0	0	32.0726212427771	34.4620183540124	35.9156840733195	32.7365524069297	77.4586235534487	58.9526978688217	73.0695887859126	0
"OG0004500"	0	8.83972067959913	5.50742089224581	11.0167814671479	17.0239311064669	74.4991849737532	51.5783520270476	51.9783159431805	59.3195749874796	32.1645245719391	42.0652407420616	29.9145711540637	0	10.1349451493035	14.1762733707231	10.6771287631434	1.43454917883827	3.67940428840371	86.825707826334	0
"OG0004501"	0	69.9017444723625	65.9124631809061	106.957578043766	232.507949363136	970.224602411401	858.079615409359	870.084630479288	913.832992640247	0	0	0	0	443.36274916773	462.012827856115	442.699344746225	1210.59243385224	1308.30623321488	1150.46859460617	0
"OG0004502"	0	21.6537411161328	20.8501694527177	6.16973283849265	41.4023962290948	64.669024442163	57.0683177277634	50.6509257618584	51.649713231569	0	0	0	0	30.6719059796267	20.2080786710092	30.9233672954309	17.4820525774755	32.2668918869664	0.965085702816798	0
"OG0004503"	0	34.8764924507345	27.9100817999656	47.1222470232532	21.743215352617	439.621296315015	226.326209342801	201.163439058531	282.258715524806	0	0	0	0	17.0438822271803	22.3757645344555	17.3313023231816	20.1846840637402	71.7231187091258	19.8936590929748	0
"OG0004505"	48.7141128788287	157.351218795443	128.956650211726	149.714504539721	222.936359142862	219.824272023705	165.551740351677	143.405737844386	174.108075093149	0	0.95613718087107	0	92.0348465012609	186.801616296867	157.04031281569	187.252293780985	120.604217770942	126.702128076579	429.148832029296	2.50056125808418
"OG0004506"	0	1143.92101922461	1438.3579156716	3258.06863933274	1134.29386815437	191.950008266564	271.727022385242	276.937118514148	263.652755378731	21554.3864955753	26643.3499899345	19696.2239874972	0	2262.99613713479	1596.53948176406	2216.48652808515	3566.36782416562	2598.401856531	2157.99722264843	15688.4740071722
"OG0004507"	0	22.5984027292519	75.5404359714513	15.6282311375356	124.185128017524	22.4068480931201	26.4025750706765	19.0856712895688	24.0025225123648	0	0	0	0	50.1058308294769	104.872446476453	53.2539285611979	89.2313352898581	62.8031844263704	22.5547261429479	0
"OG0004509"	0	132.242187787346	122.315131048701	120.149260124766	101.680641428531	1020.22502377194	795.945204106945	742.022123437812	859.712505474717	46.9630511309473	18.4087091127257	0	0	27.8388079053861	45.0200418374973	28.0486141679367	6.55279319674765	19.8885030384032	131.519222729904	0
"OG0004510"	0	108.737717782369	92.7845344911697	101.701663836301	77.206041113952	44.430174641265	44.8157513512295	46.00172752444	54.5629453336201	0	0	0	0	108.309240180593	117.660054801843	106.628949059075	93.6782922524536	76.6650117336648	74.2861668320662	0
"OG0004512"	0	119.304881583969	159.822288506385	45.2249730080948	48.7847732769042	100.451456951315	119.43320355691	125.318181090789	136.929391036277	0	0	0	0	150.962138319922	154.560468708055	148.597303535384	428.981369090075	332.968866323443	222.095913353088	0
"OG0004513"	0	122.40933271897	92.0385468338607	172.33962928734	286.45437127287	21.9088416765946	40.0239998767557	46.7089637950473	27.7878442536676	0	0	0	0	208.99066849949	185.853682858041	210.974926284419	9.00237806442265	28.4664620331664	200.730404122892	0
"OG0004515"	0	85.5857821340236	100.210321098442	164.129679021869	38.1605739566201	81.814135630073	52.070653493298	45.5815912097619	71.7297186462613	0	0	0	11.028074587373	140.227914645034	130.164676160678	138.778927680988	60.469424459068	92.853482201212	45.4976767923439	0
"OG0004516"	0	4.49652809167003	0.931862915255165	12.2787898377045	20.856924519411	37.1159065656141	38.5901549645694	39.707382674345	37.9434444232894	0	0	0	0	36.9360626432754	32.5156825808504	35.1631820485691	68.9260142726912	43.4230076876613	22.4647025558235	0
"OG0004517"	0	13990.8750942454	42514.059272923	15582.7089204008	7895.69375530577	4244.88038929225	8307.33683790253	8902.17898211489	4848.0890330415	0	0	0	0	34507.5243978581	24233.2534498013	34817.5423348125	82358.1812669403	39214.2703165158	4464.15782186911	0
"OG0004518"	0	60.8979546764461	75.7150564653637	62.804708464823	69.5774341061428	44.9526540720191	43.3847585103817	44.2680495941357	44.3411996484617	0	0	0	0	23.9637185436361	20.2891516431565	25.3489027677185	6.65229748338313	5.35936971880929	10.6294418300205	0
"OG0004519"	0	46.0635835639435	36.8939144497238	118.506233237102	38.8382886934923	74.7081822954912	55.8872817771484	53.5093933581444	65.2172147843455	24.6513271394979	44.12643793061	26.8056570631097	8.3101627976045	13.5651019421109	14.127129210531	13.7101901564804	1.17716205478859	2.95318465842192	46.3141044534742	24.8573104263012
"OG0004521"	0	272.84791315841	211.192446027421	459.693410141548	186.949017651186	342.876363384889	324.797279348152	348.990888775891	346.347853752215	0	0	0	0	164.530015020804	190.027660197027	164.212192090373	65.4081437162348	64.6729773679108	479.569764736189	0
"OG0004522"	0	48.8775012145712	110.243800346373	15.2845445332375	67.6736394126323	59.0856255587819	70.4434458018275	75.1161424353312	58.6755993504777	0	0	0	0	38.8337895357854	38.0786228085639	38.0968841750548	57.0896498724135	46.5145059261768	74.947299700785	0
"OG0004523"	0	119.132210425132	103.372177721957	148.093220346847	36.384046033754	178.220702778665	162.326998358312	160.476416059339	170.373117000082	0	0	0	0	16.9988659213208	17.128794946388	17.1005560831624	187.256437647088	212.445760467643	1173.97682501511	0
"OG0004525"	0	102.711857311375	137.691321339551	195.563935616693	129.827178564522	NA	NA	NA	NA	0	0	0	0	190.276585443827	147.755890848568	191.496413408019	184.61091169355	212.587698190938	71.8288790915701	45.8952389728638
"OG0004526"	0	87.1300741617936	73.7217663108899	488.920882167182	384.866882052565	433.952602595195	640.102593656029	715.987975328541	579.62837407395	0	0	0	0	83.645103154167	124.603380028505	81.3246225662126	0	0	14.2554658508564	0
"OG0004528"	0	216.755713136914	205.364649416031	129.29843433708	96.6375175121172	29.3220007077	33.5277283387826	30.6092321585288	31.0281571274121	0	0	0	0	104.484928904354	74.1189245583949	107.467705134242	26.4431352184437	21.5775619456145	162.622194520062	0
"OG0004529"	0	73.0852439971997	54.9370904528345	225.738642335378	70.4045036879787	65.7432843275096	57.5257356452858	57.9665684716902	69.3137096781109	0	0	0	0	11.291187129212	11.5366064972753	11.4154840697099	43.0773343131931	170.760543638858	122.558147023396	0
"OG0004530"	0	325.390227493628	210.298467336558	222.82257027883	162.992175514088	102.603528361261	85.3400588659215	88.6224570692961	85.559444412484	349.348790512675	510.68208603102	227.887842868207	98.8442480202488	221.430744497867	200.929860262731	219.230702348117	229.715637910376	245.498220877958	201.07075365307	150.613730684955
"OG0004531"	0	82.5990377649566	131.094340937229	36.5693712799995	102.998937725225	149.543435584136	126.35518069538	128.522333778778	124.578746903496	0	0	0	0	41.4666193957234	31.4227760268562	39.8751442612383	34.2268254426018	50.5241519841137	56.7650209600815	0
"OG0004532"	0	128.539631001807	177.224027960587	239.410419815081	52.2770375900524	227.045198580234	192.764643214782	187.216713720917	214.000863069843	3.59143401744115	1.98794823496391	0	14.9306764740287	13.9320499157922	16.3037925694218	13.6476722843891	89.54387593161	172.862981971393	79.1450267682554	9.59328932865583
"OG0004533"	0	86.2349842086888	64.9232872586958	71.0391990090728	82.3665935644336	158.950840055876	202.317112911308	207.632021076297	184.821385075327	0	0	0	0	129.439028222357	132.897127208568	132.876876136501	177.959511427233	124.765151279345	186.85176777455	0
"OG0004534"	0	31.7876714246154	80.2780143025705	5.16112738068109	44.357566817474	11.5279550833152	8.55600350538702	7.25684690284815	10.0330486255797	0	0	0	0	47.0655970129753	28.7786415024818	48.8709420343019	6.20754357278921	8.05538214765031	2.51125412877674	0
"OG0004535"	0	22.2058221456025	9.47901649887309	8.55383319199926	27.2819370110027	80.6111121734913	78.9052698372305	79.4919947959824	79.5462700293077	0	0	0	0	35.347134062173	18.9181850369282	34.9773153826016	38.1989941543242	37.8328377682593	51.3280934694532	0
"OG0004536"	0	108.460303157812	101.834737985438	169.164730720323	49.9593326631697	156.932621050283	163.110163566564	179.324168488769	182.985847019186	0	0	0	0	125.664662603997	103.039518222983	123.290894039024	235.160826258547	258.810190907722	201.387824894743	0
"OG0004538"	0	83.9010716383467	75.8809060372306	26.4454019711706	81.6436613056916	17.9195183798744	19.5195083340382	18.8114560381605	18.7770896609379	0	0	0	0	59.3423784576744	62.5973889369118	60.5612436988388	60.4354763716715	78.6898952941923	50.095374034323	461.619947495711
"OG0004539"	0	175.236284829623	86.1844272500352	197.399671170746	67.6930966493156	65.693117423059	47.8836158396866	50.257251189962	51.0932546507225	316.312113609518	357.751794341555	189.227314320717	398.065078115348	54.7775534344035	53.129185681275	54.1037245549037	71.5372284093241	94.454738432793	47.007382995608	772.365476761631
"OG0004540"	0	51.033712865594	38.2800226104874	95.1285501653811	68.9953612791647	30.4509225409268	24.5604765183261	26.9047543645358	24.3816017073935	0	0	0	0	61.6345373094932	70.3220169576104	60.7064984760945	65.9268219943848	48.6669441873721	46.241405674294	0
"OG0004541"	0	87.03611616185	1209.91032976485	579.943843692859	473.696018651743	392.651477630305	382.043104563505	478.168368794691	456.28333534916	0	0	0	0	1065.58367396042	974.698467345404	1046.28571366563	6026.47659893351	5923.48700627323	595.425238429082	0
"OG0004543"	0	128.563754282725	96.5564175481979	57.1978682708207	370.928923493195	306.51257192549	226.221545115325	185.087687672532	244.325312393181	0	0	0	0	263.875396991427	246.390948599698	266.212013042547	2.70213438927067	43.1567325187597	58.9761032454195	0
"OG0004544"	0	359.637571056611	344.865176393625	317.397094447846	105.534407496976	468.857447242643	446.650669155136	487.753948692667	526.210211441257	0	0	0	0	70.8146185966992	129.560685496615	70.442317958523	165.821857751312	117.188515609854	282.166682110582	0
"OG0004545"	0	185.642755561783	499.42389104286	439.999222914536	138.693375443627	221.232663470663	234.765943406623	253.941000088511	223.133345531469	0	0	0	0	343.475595547054	344.32185690986	341.986819955772	288.769705984302	430.823571517531	95.602119764382	0
"OG0004546"	0	78.0032107936553	32.127294559309	70.6549062189863	57.3906268482745	229.790797572387	187.366361421629	166.339383225651	194.301071025705	0	0	0	0	60.8329858063948	76.1820475448126	60.2024463463202	1.11518497151962	3.12474951582612	64.5514841720641	0
"OG0004549"	0	56.8876281225635	82.0133634511588	95.9770303041605	584.278893954081	206.482317191851	174.332860564068	184.403055142595	203.638903981978	0	0	0	0	250.678644276176	357.695621036815	243.289948216817	261.749453280118	264.853899165626	226.97396660215	0
"OG0004550"	0	7.13339298798907	25.6307070233062	10.2363637856361	7.96806727653698	90.0266188222781	86.6456556369212	85.8971124649422	96.2847322660598	0	0	0	0	56.3835838111039	82.3227230331366	54.4245765270349	34.8886919036632	26.582096818701	218.452355152314	0
"OG0004551"	0	82.176434178014	69.1803344856851	214.238309840576	202.697544445131	29.3844318664465	28.3564476569107	28.0245813502739	27.8388366615575	0	0	0	115.643224104805	74.3689250338217	99.7174206489376	73.3151408361092	81.4930033477567	85.2218882452612	74.7771515698936	0
"OG0004552"	0	117.624837876369	76.4284767510663	168.010724110747	91.2470408140676	40.0149876003486	42.595957065913	45.8281423877493	39.8726047918201	0	0	0	0	111.772139126899	132.539715134444	111.900336577839	70.5594022491372	76.5690618327173	38.7175556484198	26.3767557550416
"OG0004553"	0	103.666993271066	76.2983000491752	597.288299226794	325.475722418538	148.613904998355	134.890072082217	140.470656607845	162.257087394126	0	0	0	0	76.0054985676946	97.3590489915617	71.3164850931546	5.04221242645828	11.0799425558599	104.420258611649	351.690692798038
"OG0004554"	0	87.45612708875	85.8689319974049	21.666980238046	44.4068950231501	164.486402798067	171.3578785322	162.853431224123	190.655017139478	0	0	0	0	21.4905760509737	31.5068870016335	22.1903751303562	444.334027885609	409.101895470198	140.582396193013	0
"OG0004555"	0	141.246563524432	108.494811871215	372.20363525306	35.5439866910899	77.5912199097869	63.1740592117472	70.1583886481774	72.7154251548806	0	0	0	0	16.7508024871864	7.96302187413974	15.7287594128751	11.1818695239081	2.25187036762097	215.307744249015	0
"OG0004556"	0	357.102105094558	439.926736145742	231.754098238862	308.271140461062	192.168101114452	255.775115763329	257.739153000092	181.833519202419	0	0	0	0	476.021659903326	484.038406492727	458.26701855526	752.9200811854	508.034854235584	142.152038224926	0
"OG0004557"	0	43.403618066645	33.4150511135119	29.5047158251384	32.4291845482311	329.642622561529	249.527721402868	229.930031665059	305.015080417327	0	0	0	0	35.2594146558511	44.2235490303105	34.611672155767	16.2116666498329	75.1709752582609	150.767768713636	0
"OG0004558"	0	101.261523283548	93.0508261051594	137.239668549922	106.049846139454	71.9744689140444	68.1392272849144	64.6436555075687	71.5946610727132	0	0	0	0	13.268064015667	5.86168906673853	12.4567775183255	13.7540676086689	17.1690803477333	29.7001930047943	0
"OG0004559"	0	16.6920249963206	14.8445791163353	8.25411663220322	39.4064534054754	37.6752897479828	33.9926159669534	33.4895427926747	36.8504715178019	0	0	0	0	7.76486413429582	15.0764098318896	7.59379060871137	45.0857225624737	46.2553787410204	70.1688836479503	0
"OG0004560"	0	50.1492342635754	30.9289742877727	184.127347909861	37.6878453188908	124.037782267325	85.9875062223387	76.9159686384091	107.178811401829	2.74371453493907	8.81337775810449	2.69660709792834	0	128.209310708993	125.728960006067	125.653958817437	202.083397699998	351.348175830097	157.843131704574	5.64764487715607
"OG0004561"	0	1152.98521799952	750.415428079458	1860.40957735158	899.357326798445	396.092960572229	467.163513192488	473.924371587954	436.451941501418	0	0	0	0	547.698881632984	515.857612078466	532.073039995692	1746.85206273529	1646.70279978044	1006.31987938477	14.883678605552
"OG0004562"	2309.45872565664	196.461407387515	183.757914869072	506.093555749666	208.123647069503	172.999238132924	147.748160366492	154.625524724137	171.692883512548	0	0	0	71.3415118474413	292.36107053532	278.096378008508	283.848803659526	102.404648117709	182.20072413644	131.544969120699	0
"OG0004564"	0	146.85811692062	198.233230095039	383.097065003	245.579923867303	212.501235838648	221.64261248787	235.956971365102	203.850795985171	0	0	0	0	460.113274179039	632.035598146273	457.524080640998	853.427031217648	583.147351151847	450.686131832555	0
"OG0004565"	0	10.6495585377535	11.0151015811882	1.98931475372123	23.0472064696648	53.5018215665486	45.9473446079983	44.8936660755126	49.8289510272828	0	0	0	0	48.553769510874	51.3003676666581	49.5234081633037	17.3817844764867	21.9561571662169	45.359813741212	0
"OG0004567"	0	270.696523855067	237.022732584418	423.402632376386	289.573010053948	63.7600267708138	60.6892260113342	57.2291938801884	63.7890501076358	0	0	0	32.0840037914379	147.591500102754	105.555699224821	149.314551073172	25.5980703286109	41.6467990183467	236.6013411463	0
"OG0004570"	0	60.734300403835	27.6659060592052	151.049408464601	88.9670020829023	108.054351210646	86.3130497936871	87.5944940039769	102.920661647936	11.5294783128259	11.1671217120179	52.876984770873	0	27.5668392227717	30.1102754945198	28.0277358440759	35.1783418350564	86.013881816218	115.604401992314	14.1079614317853
"OG0004572"	0	13.6519625734777	7.01704382532404	37.67325437017	91.7063412180295	77.5381672984432	87.7299283446389	83.4918426243194	72.038188139591	0	0	0	0	30.9126856719871	25.6082772676379	29.8680482899293	9.38051126075131	8.64289077191328	9.32676323645441	0
"OG0004573"	0	38.364284392433	8.23868304809392	66.9276299034295	41.5734828891148	134.678160478867	109.851601988855	107.035232386585	131.206420671123	0	0	0	1.68559582336451	12.5472996141885	15.7882554368365	12.1667956580336	3.57189651268447	9.34269106033241	59.6432898896402	0
"OG0004574"	0	89.5323292508584	125.649744453287	24.4672100988059	54.8735181308578	88.4996359208834	80.5533596321044	86.5179908545247	75.0619561813314	0	0	0	0	92.8045124885285	59.7251659405669	91.5132175756413	131.716154234814	94.5737674075483	197.200485164248	0
"OG0004575"	0	27.1264834936403	27.3900873663278	48.4409151913687	35.0490603608064	50.5601930034488	44.4898682475789	40.891615831418	47.9385222534009	0	0	0	0	39.7802597526003	52.07708367241	39.3705713805895	7.70631283352801	15.1555423425546	4.45227453080738	0
"OG0004576"	0	1278.82956600892	2293.7821478769	115.239431326059	379.229764326135	778.080918816814	809.497975481519	814.635915864255	909.762402644201	0	0	0	0	1332.57096291361	1242.31075784625	1337.21881222161	3726.51792645834	2244.04486780997	954.205633189487	0
"OG0004577"	0	767.002176360494	934.794906545086	925.683855817755	943.719826436487	127.243025679883	244.71994400373	289.240943123575	138.793663408578	0	0	0	0	547.332960320048	623.642371272245	546.471801675138	1066.4561293571	525.032369725913	186.858426323894	0
"OG0004578"	0	96.0706030526707	92.0180414517382	49.027121100699	98.8098768809754	55.865509632182	62.9503753310585	60.6081633189429	70.9167952903936	0	0	0	0	12.424537349259	13.559737542858	12.3510303740806	48.5520696217159	59.537008163053	249.539790327337	0
"OG0004579"	0	139.13665678177	90.7403056272603	302.792070233996	94.7134434451621	20.0750859347105	15.1453068941627	18.6558162430216	20.3332383650951	0	0	0	0	154.597765999727	160.403560433203	148.451493290529	163.592195868381	149.480293910972	69.4269183917179	0
"OG0004580"	0	141.907173303285	181.027266018997	136.985063157591	224.000752203117	26.0650365238488	34.4936298320782	39.0197073331646	34.7623607088943	0	0	0	0	192.074351651609	165.979784476339	188.410443725834	250.738148646744	142.669175695786	74.6929431158626	0
"OG0004581"	0	195.959209137264	94.2769950689031	315.345649843327	383.68675405997	86.8525077228789	110.565353213245	106.898885463692	100.664426795309	0	0	0	0	84.8726564344923	72.2201729146075	86.6135767478086	225.966350516728	258.313636183906	737.889691350173	0
"OG0004582"	0	1847.05249690382	1395.63713245583	1361.13883260941	231.13470692623	1313.01883413856	1253.44460938194	1212.16181742112	1416.6898130353	0	0	0	0	913.936170224043	997.517917767326	905.37052703061	689.35228753556	592.749911258503	1151.16108373789	3566.27214827496
"OG0004583"	0	125.169997132322	111.614135136273	64.1065702540421	43.5686443813609	98.8115985149067	94.4185007247021	85.2827543851687	102.794029453743	0	0	0	0	61.8011615736965	55.0611170792769	62.748536238566	30.1442284523055	37.3236787672552	795.270055489287	0
"OG0004584"	0	169.801203713687	183.114990310791	336.502474495978	103.749548588263	103.145708290998	86.5012865020262	86.8403839506323	97.4200206962204	270.163424749463	208.797690625669	247.1468200794	0	154.593048909817	122.109775556017	152.723455730985	18.0200085195398	65.8924305863429	135.064012448749	462.672341740388
"OG0004585"	0	9.62120585845945	3.91370733555823	6.03696379522927	49.7285862788403	109.184604908593	94.7349448303515	86.6288361212763	102.668277523065	0	0	0	0	76.1983443022846	79.3830087234611	74.3535041931377	115.816203773182	133.758694465402	104.489951428112	0
"OG0004586"	0	585.754498102914	420.788070216249	1443.88865265176	1207.89977239073	159.944744103121	153.97654091803	151.379859397032	157.914244468163	0	0	0	2712.98882983808	596.108363687762	360.516197988449	588.341560652545	113.04967713671	120.004560040029	302.603545659001	0
"OG0004587"	0	73.164933188011	112.156748378184	31.2049903719064	47.6041848877228	275.380234097231	187.395347294267	182.068059752135	202.925261775381	0	0	0	0	245.106373712096	207.490814138759	248.332066483908	28.5513599430306	61.3424276158217	118.356158484346	0
"OG0004588"	0	94.7275014442059	44.1308297864316	156.293968007776	355.829011644566	221.751868733981	296.540246749325	307.462021332481	242.414700434425	0	0	0	0	566.829802825033	583.391219171114	585.267741824098	2067.2687820064	1903.24293166362	719.940111152894	0
"OG0004590"	0	62.979549571443	125.323328460947	129.754454067488	12.235505158694	16.0478044934724	14.1023383589139	17.2475017721822	19.5230501137196	0	0	0	0	46.5758520898799	32.3329258736147	45.851836764401	137.419675403755	96.3668193533605	11.3290778047086	0
"OG0004591"	0	271.580102397582	96.6651548617284	30.5582913438123	95.6079282414221	233.37488566168	257.735575276226	242.95326379007	251.14358207454	0	0	0	0	541.521921763717	522.885524829338	541.414269182162	284.633374021384	187.011561329803	282.294082354688	0
"OG0004592"	0	220.967378825082	102.47713055946	24.7734147647472	37.7138796496643	260.900422845583	361.515728543619	385.202081330694	330.846539009473	18.7388914169441	80.1633353266385	0	0	66.8629458928675	61.3253593651021	67.89855408685	6.51331642083236	13.0678276831818	57.7544813925285	18.2610654856088
"OG0004594"	0	341.688222609335	346.458379635373	197.76274459528	99.5785473482026	37.5221253051913	50.3668328663411	52.885580829148	48.9523343185267	0	0	0	0	156.290368850085	215.268696558502	156.969588928067	72.3073650205462	180.236306046037	384.927186322537	0
"OG0004595"	0	478.9436452642	720.011699032857	991.476343223905	290.814436563463	129.500536380157	182.983464559494	183.038136955929	144.536754082641	0	1.69456501152249	0	0	541.983919099101	735.357471907814	537.11772730043	411.824248206252	336.959208851011	440.769332343606	0
"OG0004596"	0	0	0	0	64.0710361247543	214.969625119577	305.941692477833	308.412102919527	335.575314610687	0	0	0	0	123.785457226284	168.914137604902	125.420417948408	1883.98548301639	1044.6143308773	270.543962279824	0
"OG0004597"	0	222.034301574472	404.159225944741	32.0670767636948	48.1596752927532	468.820321513575	382.239490047097	430.083184942642	456.321563936086	0	0	0	0	69.0695034365985	77.6809528578004	78.0585425149071	130.870919604544	120.787952184954	1325.1741917909	0
"OG0004598"	0	46.0223602692663	56.4364714578575	81.2651331762279	131.013521911032	23.9621886141764	37.2661827053747	42.8786440217422	28.43100250312	0	0	0	0	72.1388722201965	78.3012415124438	71.5386721329339	41.2617530138488	32.7031138232266	48.1324336878535	0
"OG0004599"	0	18.3091220422419	18.9604472967981	6.66322678394127	2.00270596725867	6.0002836395904	5.59541085248672	3.94377316398029	6.23634004695397	0	0	0	0	34.4575371185971	25.6001163586121	34.2818910419746	0.14577429971202	0.113833107831159	1.14839556624389	0
"OG0004600"	0	42.6822277287626	74.9609263156614	19.7164857513251	15.3448003058616	46.8522816231762	30.8390671067134	29.9688218186743	36.2658759424662	15.2620166505209	73.7368671210899	47.249175156979	0	13.8514223628016	13.7742550783741	13.6317997915082	5.49083640426477	11.4518316921623	140.027073177764	20.3890742706025
"OG0004602"	0	47.6434468874979	40.390963554696	29.7094431008512	36.1468869826867	114.594361929114	90.9370858921667	88.1692955375764	103.599141414057	0	0	0	0	60.7081840937686	43.61159999073	61.4830421801231	17.7514548996001	38.5679805497789	49.0717330485793	0
"OG0004603"	0	31.2741173233786	27.5816874300521	67.7108009982947	134.546791665376	53.7318623508614	66.3659344782594	75.2236550992915	51.4168206559534	0	22.9038583575969	0	7.55523607941032	32.0818996491503	58.4853630241074	32.7438429191725	1.73855430147342	10.5703861292306	50.4567113120313	0
"OG0004604"	0	345.641510642281	1730.5429097017	198.821044117618	31.0811543053381	2.36814426300888	1.68837190720675	2.19428710478364	1.89320789154985	0	0	0	0	411.631995241059	338.555608780648	402.827186123334	1.28865363595698	3.67235471481339	7.98311237111784	5.27729791372056
"OG0004605"	0	127.195383157596	99.9911092850989	199.76032328788	350.880296432905	40.555835665365	63.1885232878209	65.9173618047973	51.2979222054974	0	0	0	0	164.382952805936	261.453901757646	159.788239828017	105.614803510551	71.4345120050925	152.308101586951	326.791228070145
"OG0004606"	0	76.9781507926153	114.566631808317	394.71197894904	166.276337829768	24.3606936372508	38.6892983968115	39.2415427624413	20.6601619468751	0	0	0	0	91.8230109422287	107.255193637284	90.4620645771355	141.595047667179	117.55017292881	99.5741663994361	0
"OG0004607"	0	51.5882672927443	50.440298751726	102.334183386757	81.3948279126144	40.5999536842125	61.1949254222294	61.3827761242423	42.9049239722233	0	0	0	0	95.3101890277818	123.855793106795	98.2191696034296	136.040898082782	120.251531678562	108.340368561824	0
"OG0004609"	0	1628.30458379017	2234.36293198876	477.027436057003	535.871481450599	1369.21242644675	1488.82198255837	1414.33054335642	1417.99134551782	0	0	0	0	1580.3222366863	1678.00203307214	1545.51916201469	4776.70201006731	4238.82816848402	1492.45612792222	0
"OG0004610"	0	138.644777318489	82.2363246875411	134.751222931048	191.561373159047	365.395421080663	293.952806887187	284.748449665231	356.753826015817	96.4557684639012	3191.36440296452	110.175388210558	6.51489889412428	28.5857035975912	33.1401750507841	27.5879926610942	58.9388506901655	66.4779520824798	469.386845225145	25.84863999948
"OG0004611"	0	101.668052378227	116.912224840254	191.754670843243	524.983650275535	60.3988441726285	65.9738425756801	72.3993466816156	66.4300921557345	0	0	0	209.358384649229	443.439055033934	412.369541702457	445.809268968636	1188.3685609245	784.911824815792	86.0546478123544	0
"OG0004612"	0	104.452569263972	94.1698075911229	156.935082790874	33.4094456132501	45.5205500897226	48.5379760737765	44.6928187990319	45.2680542535236	0	0	0.886390784428688	0	26.2035038236509	32.138970254723	26.0430984001289	72.2195849659926	65.2288054923343	41.8879573328431	0
"OG0004613"	0	125.044512386261	157.555562328765	72.9318680098932	100.367003906818	314.20409068306	327.102024615479	349.020592409465	316.753394386462	0	0	0	0	115.851034520385	157.179703524599	111.096297227638	898.722266826352	754.768037393873	137.797790857554	0
"OG0004615"	0	119.566480982267	120.653018917334	42.7839514779606	71.95231316386	97.9403370106221	74.329732532797	74.4952640457487	90.3911165309755	0	0	0	0	49.2715302359828	46.948339546079	50.5566473317273	67.5485706265805	65.3256070196215	240.290621385899	355.185624717808
"OG0004616"	674.57040480069	348.89685459176	538.608655649171	1400.88181409179	195.403547099158	166.252233439235	279.663929481445	282.590951597347	183.026276264899	0	0	0	0	38.4621105983994	51.913746354535	36.9554676916386	225.289207416338	299.104418048216	332.387680775853	0
"OG0004617"	0	6.49756903914361	17.0680862577886	3.45441847737733	9.53347047910939	26.0767458345115	30.4584921398246	29.7197894527057	30.9585534337818	0	0	0	0	9.07346118142731	6.9953882521262	8.51941487308686	127.133162436294	176.027379424593	11.9763331912276	0
"OG0004618"	0	224.254204512101	158.895371006818	329.933005056456	206.821656485241	313.132494527153	284.908345421211	282.311302754431	288.795596398483	0	0	0	0	255.948604872148	280.160432736578	265.124685216627	118.650747827616	115.630134033223	158.842801912681	0
"OG0004620"	0	176.099018385397	156.94021529602	183.782393177745	99.0337721256274	70.9582727810502	58.7929197688086	54.9328421925292	61.4859984399765	51.8317943320641	67.8211153496456	0	89.8867374704518	110.566506440865	109.954250483715	108.825823414893	391.154227735912	333.265043039385	109.60860026012	0
"OG0004621"	0	12877.5039068347	14043.2733195627	7609.63369584285	2285.90741741279	14847.4059202762	16246.8922860631	16416.0391101377	16453.4140478878	0	12.3288749058922	0	0	13122.902510558	12290.9246797154	12893.7361054314	53534.9213924981	29307.2064808175	7470.09333750748	47092.2516152246
"OG0004622"	0	100.250282160535	45.255656698068	61.8130357993689	35.7807620783352	62.4949772643379	57.1944879312605	60.6929997943456	59.7846056271267	0	0	0	0	29.7319564459238	20.9756806688709	29.3591011019348	70.5489753365798	67.3319440509718	129.261530599162	0
"OG0004623"	0	211.394818113644	167.968399496571	138.809510183406	288.948021688032	82.0090151857798	70.4189994760691	68.5688095646502	64.9445845986357	0	0	0	0	262.1605960709	282.911910020548	274.787044109028	125.488256358767	177.333395729206	257.214434300677	33.9527122231506
"OG0004625"	0	6.86178592192705	7.00560349222128	22.9563264850878	23.3787194163669	135.820234476203	123.846444420892	122.315940663216	128.860518404326	0	0	0	0	28.5019752516739	29.9556590312534	29.1178198634245	4.96259210691697	14.2412741542366	36.4626601084015	0
"OG0004626"	0	84.3363325916173	80.283395805571	80.7375171824823	135.749851792699	172.041960365478	293.057799738591	312.933575532578	235.627680107839	0	0	0	0	73.6982866495427	94.662374892291	70.0715433358913	11.4931613610166	22.1432500105496	74.006224726901	0
"OG0004627"	0	127.291311579172	190.829024242644	346.198915338061	514.70694075968	177.29527877577	169.851713239646	152.307627034954	186.348013513758	0	0	0	0	33.1195900605645	24.2164550823174	32.1978182689149	14.5021379630834	18.2151519059031	224.388673843706	0
"OG0004629"	0	372.97125868326	316.133610227624	201.991034628879	169.789602256255	60.2424610567639	87.360982291194	100.866294828481	73.1920249721501	0	0	0	0	255.855650453316	230.265707188773	253.895907693781	444.217695064692	333.856450219781	172.501262229397	0
"OG0004630"	0	34.732207288189	28.3672012990543	114.904333819333	150.000770412525	79.4795821051879	68.8442486584703	74.6423332558832	67.511181503773	0	0	0	0	18.2158057493466	20.7252539422676	17.5118104071039	30.3301912253365	49.8220333795474	986.685149080596	0
"OG0004631"	0	274.065426482428	236.416849622729	398.724314575722	195.315578465703	191.405386584841	244.474122616938	257.97171071661	226.853339144784	0	0	0	0	74.9032256458836	30.6181818793225	74.8825870816121	380.241493799156	357.066295983289	128.576143920069	0
"OG0004632"	0	91.2849674396511	107.065002194706	9.83531427969246	775.935415740965	23.6035285439732	36.8880795336459	39.2462518750811	26.5738979908678	0	0	0	0	208.760363521491	215.362934208713	206.157216927505	188.254268930204	164.130679896319	39.3455456321716	0
"OG0004635"	0	283.383965039499	168.59599408787	217.980253267252	395.954766506205	487.259517968743	375.949611131272	364.965872396187	407.072706565021	290.078284811008	518.967854859956	10.1730338278905	0	462.771493081733	480.884244938577	448.622018025341	298.053295455536	309.551034482733	515.467602298944	0
"OG0004637"	0	73.8467359931717	200.634493847671	31.8475762401571	53.3542093960339	44.1650225732731	55.7391845775752	53.5933242349626	48.9357350636772	0	0	0	0	86.5124001302612	67.9200886821345	86.3592420207112	38.4346908753909	78.3444188756921	209.88639776385	0
"OG0004638"	0	0	0	2.81072082993787	502.884614132641	164.036898455092	204.534258844668	201.758670896198	212.427706417061	0	0	0	0	730.406688207971	771.086765584478	710.394456279298	1402.80286739582	1171.90597363129	265.006712645753	0
"OG0004639"	0	208.000818705087	156.636067591958	196.662113092047	33.3475113105679	165.857002583597	187.7617705548	201.42352697202	217.393650159534	76.7699780751464	168.280783495788	87.5698873055705	0	44.1131704377844	72.8793003479724	43.9314116894838	73.1502475333322	86.7191230506968	66.4634200305622	0
"OG0004640"	0	124.927842684344	147.762804204964	209.838402275392	182.9414336445	86.361993045403	78.0374252728099	72.2310502406587	90.2848561495526	0	0	0	0	40.8540220280385	40.2223804291638	41.9069753065698	91.5749657519054	51.8712356033328	65.7078966317176	0
"OG0004642"	0	473.387056260915	282.636370573459	148.790777771136	164.548480403169	103.666245419035	78.0744342937496	66.5581633632403	89.9691559275856	0	0	0	0	84.5409340234098	73.7856377992736	87.0928064192325	4.76730566444865	37.533822297851	480.899521430418	0
"OG0004643"	0	221.423481319474	157.498824585924	149.335222261054	267.920723027127	182.441553886658	131.011329772007	123.856972441315	153.813725512616	87.6786773386357	79.2635284228913	64.4998365590051	0	125.269724251213	148.566852887889	127.321908521529	513.442998100733	840.935590451845	1471.23146921484	1293.49817795171
"OG0004644"	0	24.9241743470603	12.6268617298343	34.2530757167589	21.8069309516153	239.344969268746	157.757572635318	141.949317976734	205.803723468599	0	0	0	0	6.93087570116348	8.16978475902086	6.50696964697601	39.5116939480431	82.5764340334579	183.090575202041	0
"OG0004645"	0	145.499563815358	88.7752498066321	90.3431505058278	92.3096169837923	281.724062456038	186.739741655693	171.685571651249	204.702879309639	0.825633545475993	10.1007548069388	21.9075175258522	33.186230114778	35.4293748737869	27.8671001313814	35.2555674197093	47.7327082837689	88.997696635327	78.1753599834903	0
"OG0004646"	0	158.701387995184	260.692067333115	39.3077596382367	377.13057512903	211.797567311621	179.628885413768	163.946669835419	204.617254002653	0	0	0	0	337.438414150879	629.736247136071	337.200077917527	636.344773929399	419.365885367409	1145.85643942756	0
"OG0004647"	0	6.38692397567354	1.92735883888581	9.08266392954452	43.2010944399565	3.31814116998641	2.35033766486598	3.85154700412749	3.3111866618746	0	0	0	0	17.0094793736202	18.3610326406119	16.3452590148127	30.9849043394107	24.9955169477087	1.97232002297807	2.0695134940044
"OG0004648"	0	250.209410373333	227.69524414183	475.170866735116	148.147126061452	224.731083629364	224.206760434077	230.818967235675	226.691747913863	287.27397501362	647.196532558787	458.846836103317	0	140.795422182689	216.532148240533	146.787173495682	56.6424808155008	116.347392661608	288.482094211265	3.99711661118543
"OG0004649"	0	197.850036106327	156.649057426787	104.464285719833	96.6923266295351	89.6639076635517	84.0308494712264	74.6198744109858	90.570941791845	0	0	0	0	90.8740434425198	72.2377456749187	91.2424965543602	0.966995507875677	4.90990972422312	115.446816324518	0
"OG0004650"	0	69.238832411392	37.3844477266717	35.3310135971905	70.8857277389078	250.592566828517	193.701399255256	175.95502298346	217.494566101093	1.74553304600022	8.67502822352959	0	0	64.1898473462642	53.4631813076766	66.5786866937661	51.2780920676557	70.4015838841213	39.7209546441592	1.77217629291895
"OG0004651"	0	60.1683801404604	62.987430731072	81.7448956263549	33.7240499472288	42.6283337077321	40.7899372159943	37.9236867230176	46.1680608213858	0	0	0	0	46.0314444189942	43.5698423467365	47.0790729919319	13.4236799724	21.6961272571403	37.7042576093231	0
"OG0004652"	0	241.088864700665	130.008761883682	136.894080074019	21.6531639726994	78.8556034839029	62.9844372116151	75.5948490919245	52.7948731882879	0	0	0	0	22.0544238720886	14.4561865934417	26.1127297353923	33.2117776294481	57.7289108185715	25.6639579540687	0
"OG0004653"	0	192.336485259749	197.608790177914	334.224486307911	312.710678971911	142.962359036804	148.619400253935	163.368535699028	122.52513613677	0	0	0	0	376.146299007427	515.826040678585	391.648400684439	697.833247226207	612.991176851869	366.919805477923	0
"OG0004654"	0	33.2713989335028	23.8982434785332	27.1690334451856	77.104918292316	34.602400367298	46.4539268028792	42.4175856703649	36.7388666793252	0	0	2.16102197264664	0	90.5216490785928	125.501080021348	89.8802122667135	71.9219329854273	78.345838252925	74.2272885651058	0
"OG0004655"	0	290.898012374942	171.368202328792	809.754351852434	115.916651968419	142.682467665912	180.102906460868	192.710951354359	139.91059205686	262.93000933658	207.358755410716	510.718272066493	0	242.073493006338	260.151730434252	243.225236241481	170.885906309806	161.638584663279	453.256331879153	0
"OG0004656"	0	74.5249628970138	62.3398138421764	111.101529274272	21.5696622823133	742.115560237817	364.614320705425	301.731563741844	513.108683667607	0.753368639158687	11.5215825667794	0	0	35.8874743667878	28.3290731077913	36.010874208742	21.1015249183066	46.961969330122	105.589943779661	0
"OG0004657"	0	106.790111558373	153.756035641352	29.9841715217806	17.4498253533626	7.78553730792388	18.0112379412099	16.2523793339339	8.03659211134667	0	0	0	112.323545431345	73.0427498898754	82.2959171275772	72.2829987161945	14.5954952034236	22.6451985752103	6.55480914474731	0
"OG0004658"	0	503.805180944631	540.738988561088	323.480752258522	273.716184293778	1456.09273684566	1553.67604760139	1769.38387129686	1697.6246562471	0	0	0	0	1211.26544633898	1103.65274368959	1205.01058020795	2115.06283933383	1907.01847510326	558.140735770375	0
"OG0004659"	0	418.318438424235	364.359299874754	377.714154852855	45.2419119270117	602.879664346947	548.339914599127	556.275159995712	561.392457846684	0	0	0	0	157.675667166546	244.587804685739	158.575584624972	356.099675176683	375.583302114066	152.618389986359	0
"OG0004660"	0	130.413911334471	233.875481174477	111.038626404692	98.2077987261398	283.743234651097	211.517080171692	224.923158210679	251.627098247997	0	0	0	0	194.049979896617	183.220151558533	193.833196165447	137.34547458416	122.714624303476	364.817479498529	0
"OG0004664"	0	48.8356561615267	31.0303030080199	85.3662432150557	260.978819451447	70.9223615952918	65.2824770555057	63.5739972228664	64.0265955153962	0	2.10890413045448	3.57545218666279	0	179.881388732487	193.663702580116	181.199224482898	30.1798496954379	27.2571526306924	102.022301475566	0
"OG0004665"	0	211.017637930648	403.978296102484	1276.46873575262	784.702134071957	548.280425097234	541.251838258421	532.278970941161	541.712909455236	0	0	0	3565.6180708972	232.655198678635	212.122874619415	231.950077174082	72.3541648838856	291.921901416409	266.943906601428	0
"OG0004666"	0	3.99974331558873	2.58655446801034	0.893152035254546	10.8608102801772	34.353391641713	27.7901145674889	25.9404947263091	29.5377892581926	0	0	0	0	13.7997841020718	15.1651947533932	14.0774514537924	19.8202622826724	35.0478445806846	6.03959279262981	0
"OG0004667"	0	4.23826285418719	0	7.23208150682993	39.3471913487174	59.5210343334709	53.3312893968405	49.3965630503963	66.8429357441502	0	0	0	0	50.2306949741754	36.1762970440354	51.952190241891	3.3791683708081	4.77020515444122	20.5483720547586	0
"OG0004668"	0	53.1319007848635	63.2793308765812	168.298458879429	63.5026655771307	128.300193301324	205.608539048825	201.52611317968	142.255614060143	7.48010689706057	0	0	0	14.6528212541676	15.121866581499	14.1522382154662	2.43546003845469	1.95819175560858	26.3843686027085	4.98497547481155
"OG0004669"	0	104.862209550701	124.291378868336	90.2861396553405	NA	182.791773486176	139.094840112649	136.063651655885	166.665950083696	124.320406274232	131.372934113427	457.880125435223	0	55.9530106188017	33.4353038475732	57.9023591671801	25.0509726515833	46.2742526732127	35.304161303287	27.333041331009
"OG0004671"	0	49.5123399526005	25.2541873823411	1.01940318047426	199.12070144244	304.363830177343	205.216718772088	168.086342085213	239.82905211179	0	0	0	0	32.9623999761829	31.0688189361147	32.2775278694357	40.762341487728	53.5581559821798	38.5445221461462	0
"OG0004672"	0	2613.8472604609	3812.98972336807	1236.24721883405	366.464720879508	2716.4435355784	3065.9427356266	3329.08182392762	3242.35005502148	0	0	0	0	2221.24989142391	2397.62741685056	2200.58210204395	3177.40761282088	1393.46886719192	1774.17491161362	0
"OG0004673"	0	295.716211798096	178.441361042728	62.0635920457011	179.987660688615	153.610617472608	148.7993523741	168.50798878619	186.36876258232	0	0	0	0	454.426406077713	526.242815578949	459.800109129737	1623.59152836875	2088.07423493846	331.237083449292	0
"OG0004674"	0	0	0	0	434.26743576366	456.684536668704	275.824294488798	232.467084211709	356.094760147133	0	0	0	828.812988966603	184.400166633952	158.664691123908	195.791240283537	60.1199046506877	125.767420856106	297.970780050655	668.580229826318
"OG0004675"	0	25.8091529259989	34.6601267818489	95.4917462913083	102.180089511002	57.45220446852	58.8810127827433	67.6783525884123	60.8318677058128	0	0	0	0	105.842132788257	94.166286933406	102.130703005294	156.836162746981	140.726426764472	42.045276658666	0
"OG0004676"	0	243.675302359156	200.682741805606	38.7724134566756	45.6943611912964	30.9697948380645	21.9195942718224	23.3124258992561	30.5882768739005	0	0	0	0	30.036070007234	29.429965438895	28.1953270476409	110.447798724112	73.295220932342	42.9568764541228	0
"OG0004677"	0	32.2783064110757	32.5792480268154	15.7315457111946	23.7786067370479	59.3995016777777	55.5387247063569	54.221012725901	64.7301775568297	0	0	0	0	30.4248137110621	27.3441681429825	30.2504182986994	67.4474538234069	38.1503051426959	11.611178345229	0
"OG0004678"	0	67.7301324206867	96.3864301201169	19.5957807091094	9.17932136691368	265.822439900866	182.167228905007	173.459077367761	229.913512377832	0	0	0	0	95.0535238414571	93.9862703854052	93.2643986163517	204.431745006302	235.012912220071	52.4485941529806	0
"OG0004679"	0	29.8997482348002	12.5913252531242	186.836798975957	49.6071840837597	820.531334684387	772.122940233016	830.597634501138	1068.52861644376	0	0	0	11.2778153319933	10.8601283541249	14.4972294132871	10.9507659893216	5.6151955201256	11.9566445600791	36.5550363829606	0
"OG0004680"	0	5.45366039959403	8.41580779659222	2.6392701722493	48.6853221333495	5.9888407018717	7.66942354853107	6.66503895230931	6.31771412129569	0	0	0	0	26.2089146032545	16.300313758567	26.9896846230386	1.59095286720045	4.13468372964498	0.728871445339002	0
"OG0004681"	0	153.51435675437	72.4178002985114	357.207070891293	123.801738241186	218.759890135031	183.236755656934	165.518788978235	208.811080890763	0	30.1728679086254	3.8806155252454	0	27.6726692239678	15.4024350596868	27.9626555569221	44.1305737246677	65.3990361351395	161.369499436902	0
"OG0004682"	0	705.260570106188	555.727402262792	957.978862690748	279.238750964804	262.661480965576	304.98692764405	307.819479205783	296.374665260444	0	0	0	0	442.170990275552	520.962052183757	440.085869690821	722.608076435454	857.744801895936	436.237523660407	0
"OG0004684"	0	147.216422538506	87.5559404035233	164.909446380067	63.795839546199	238.477037426262	185.631816516646	183.638005458349	217.618746115448	0	0	0	150.828396143972	207.055967946356	215.140028211817	203.236568318509	99.5833195687263	107.709914448209	143.306009216487	0
"OG0004685"	0	326.213154288839	654.821285933037	146.963754093495	180.841312692399	651.464979442563	606.213195508944	632.318635381645	679.67661012134	0	0	0	0	342.551600876284	463.3204199293	336.898042410327	658.904490436028	512.095219373312	497.762075691236	0
"OG0004686"	0	276.098590319813	404.732634367897	261.147217146253	135.707648772287	196.809649663392	176.49636039368	199.176628211867	195.431704226281	0	0	0	0	359.603187214256	490.2692903183	360.529022759853	448.480544274746	203.867422972284	260.085378825958	0
"OG0004688"	0	320.198498352817	300.418396710344	440.759112646923	96.2919460267974	76.6459289248198	71.4967836535854	74.1647567863233	66.4780979552708	0	0	0	120.219860379543	60.9294919164529	102.00189140312	59.438643680354	10.4028094154275	16.579272332353	52.1779463173311	62.3379911214021
"OG0004690"	0	150.850294854204	34.6523303757692	137.769738571546	204.524058283083	170.662925436721	122.055479433253	124.144090637863	139.769498390639	0	0	2.66748175693552	0	117.009253515917	116.923249811035	118.554137141384	29.0878124697959	28.5179381141481	100.15612361206	2.70148133946161
"OG0004691"	0	12.9752264491601	11.515859713837	78.2227521146175	97.371959685517	33.2253077412583	32.2148927391	28.1316593269137	26.9713998437409	0	0	12.4858417775229	0	18.1007919982854	33.1691509897084	18.0476283402216	130.540095492866	90.2299053238259	84.7034061989096	0
"OG0004692"	0	232.621237001557	202.112551482115	733.024262194541	147.790318707061	268.608922872403	204.895521214207	195.612337078765	255.236304410385	45.491437633105	22.8765488239099	4.70542664429392	0	141.718723163766	151.331250618339	137.951766991959	46.6215146373817	139.535285390579	106.796916823996	369.342778871926
"OG0004694"	0	153.336655835051	155.318156064045	52.3582798928397	35.4590325590922	54.8643913177047	48.4374066058652	45.2286361247627	50.1169858245006	0	0	0	0	93.7292702179598	79.313909055797	93.1831614799324	4.59506761817942	18.431370371056	26.6896408949444	0
"OG0004695"	0	78.5550066305203	81.3934699762233	236.44865356926	172.90001966972	521.885086122844	498.376310294878	519.076430296405	519.02889593603	0	0	0	0	220.96513997608	270.076646751941	217.836339806603	255.376912303129	220.664900897916	63.1146136140616	0
"OG0004696"	0	189.721009808782	112.101346726886	75.7362083673485	90.9175886901803	1252.11931981997	1322.7499429068	1356.59537343506	1344.64024435336	0	0	0	0	817.825463290805	733.516799726072	802.817321482486	823.535740265079	526.982594043988	611.015121958709	0
"OG0004698"	0	61.1131454599813	130.901349105487	62.3905912604296	220.624236524588	320.92778774415	276.003092199136	291.266586037545	280.77828205811	0	0	0	0	37.2644553438326	62.1830292056433	36.049152869689	4.98459767241975	24.7853544920831	91.9030736524123	0
"OG0004699"	0	520.875773197071	537.373693495093	2068.07677846202	1278.28838143465	171.053605754566	191.51523224915	156.496129160429	152.063007133717	0	0	0	0	1989.95293716372	1325.90348511611	1967.88978129011	818.005839314537	477.932701879165	366.03910135142	0
"OG0004700"	0	144.911029228633	219.888212599933	174.920653107907	154.529921830353	129.985557115663	443.987377776687	519.816485459717	220.062106128521	0	0	0	0	12.9717197789158	12.1669703659704	12.8552908042046	50.5357291866058	55.062658040478	129.787200874668	0
"OG0004701"	207.076698929608	30262.8243471649	65790.4515180502	24839.91558276	5335.4483441621	8777.42136034307	15742.3540756415	16476.9750276964	11455.5984785846	0	0	0	0	53330.7942111631	41568.5730063543	52808.7212802401	133687.568167193	53500.6806667602	6264.45200304091	0
"OG0004703"	0	25.9707793530541	4.66366617094346	23.6370738184137	37.170721296053	92.9519486908678	154.42743981535	157.911760867832	115.215176406459	0	0	0	0	33.8782784775467	39.3357006419395	33.7755545516976	11.7319255342659	22.7130637319751	101.12116936358	0
"OG0004704"	0	42.1944532759805	45.6115781723762	77.6399204936194	64.4856670980206	41.7913621705492	45.5429616360793	46.9923074801881	43.0710422726489	0	0	0	0	73.6656832339825	73.1825049241882	75.3984776145996	58.2517656498953	73.081935846804	110.966500422908	0
"OG0004705"	0	318.515545680649	52.6606048267393	342.41419084339	85.835462605812	89.7188470832486	95.8859593348061	99.4767443603141	93.6770144795908	0	0	0	0	39.5926860596754	51.3392660140587	37.1655733111299	30.2135552964958	58.8384853141436	8.83323155911276	0
"OG0004707"	0	1287.68090739433	1445.13768160687	1395.27436039082	2246.04748677063	236.24172447132	198.691586988427	228.501359338039	244.041113029849	0	0	0	0	659.116892171724	686.397974620636	629.46768738119	2407.87721744508	1435.12001896712	393.355578081564	0
"OG0004708"	0	156.125839508872	151.297245477336	56.5791464921084	314.535822581927	137.01780283687	160.763112574383	185.678137949672	148.712975700456	0	0	0	0	281.318918005813	349.292267487353	278.219139539119	265.988114477903	239.77823471683	242.347047765152	0
"OG0004709"	0	17.7114459617678	16.3020571410295	65.4151806199253	NA	56.6558603547312	56.3463362403674	66.8331030935163	64.4704998199797	2.2237637402941	0	0	35.655903085834	111.553626873676	131.830252167306	110.283231528945	250.956386351435	289.595536838935	68.0632474861652	0
"OG0004710"	0	7.8421743904331	5.53376242158785	35.3584925743531	20.2984470174814	22.1963024786452	21.3963749941338	21.6568467908852	17.2112894961012	0	0	0	0	12.7959388107679	5.76193535685033	12.5319045111509	22.8852059188595	17.6660043169894	0.17572488791824	0
"OG0004711"	0	73.8757737856488	53.8146588667405	106.97659675982	NA	21.9081202498713	18.6684366653463	19.8123235938293	15.1964920627788	0	0	0	75.5523607941032	46.4319114786302	75.7719554012215	45.6951949013567	145.497865286077	143.284239163398	57.7567009089764	0
"OG0004712"	0	28.4466141341277	16.812372080731	68.3563330315729	56.5232725651364	35.3398094672301	49.3616814389113	52.307229349097	36.6388310184709	0	0	0	0	41.5115011188456	58.6011049674448	42.5907559214906	87.5421754555465	50.6816082318224	55.2197936090955	0
"OG0004713"	0	52.5596925258428	61.4312207760103	16.5910244330586	17.4100339341172	8.10777642747352	3.7607005230322	3.4757880701494	5.50529377315068	0	0	0	0	109.970141411991	112.854941351764	109.442184149931	20.0122399040832	28.3221019060604	18.0633126590993	0
"OG0004714"	0	18.834949264625	11.9181734553908	47.6948907164911	91.0442470796213	44.0368305939803	48.3963911037596	44.0688903534166	38.3075591385675	0	0	0	0	70.8780912035876	71.9867232615251	69.2069580173502	182.254477952828	161.001277661923	42.8854080245023	0
"OG0004715"	0	170.048513742631	183.920937296173	139.37438446115	94.4876298814004	32.366698951813	27.4229375452448	32.6090111769238	36.4246754805263	0	0	0	0	506.238505444496	424.729804324552	504.695916722038	62.996763076338	163.755822369097	114.481326669707	0
"OG0004716"	0	462.643368233275	725.712208781632	1379.51827440085	684.560395637727	195.547502512118	201.565051034944	230.087243598598	193.343279037546	551.898754195702	1044.90780551603	100.735037518128	0	310.252923198144	238.035607405528	308.99121134715	275.067348587328	248.351089810852	126.636708252782	769.118202629936
"OG0004717"	0	42.9652511066434	45.9520046294243	35.3454248759034	83.0897998687627	30.2919311899857	39.5720823825289	41.580667682447	29.5831416919916	0	0	0	0	35.6347007796395	54.7637502336052	36.132681309956	65.3457034840592	41.4159136551201	46.7909579467791	0
"OG0004718"	0	298.486209787602	321.275729129124	378.344226510503	179.235679597641	84.3331191220498	133.895242436773	122.671659787236	111.352077096032	0	0	0	0	351.460657600525	317.1758141933	344.786376656991	414.698923749715	295.449048547623	173.307834506542	0
"OG0004719"	0	2153.00712321011	2523.9620210426	1712.91759383482	2143.6366508753	268.216300251842	291.020945457699	285.788004392433	288.817477234421	729.020678738346	1114.99476753694	380.261287511894	585.018581464562	1198.20326942413	1110.78311456837	1174.57789910318	1164.36483827183	731.774126220071	583.626288992366	0
"OG0004720"	0	12.7225976546099	0.815484201488236	0.951788577368778	40.0167203444051	6.12075080350766	4.35455610087031	6.48823712944618	6.1750799939242	0	0	0	0	31.1232204937427	27.3000873205071	29.7781319722686	5.17817572891273	10.7546496816122	1.62752702087195	0
"OG0004721"	0	647.127946631172	541.437656105807	165.887376489405	53.991639431604	299.1823214732	285.465178396817	317.824532368133	333.022550417924	0	0	0	0	106.603457226072	91.9954851325307	106.328996555373	0.783444261481573	4.34110849189045	39.2818455101186	0
"OG0004722"	0	12.8123036920836	10.9952456908071	8.08135920466967	29.8901521838473	91.0307338323752	88.2809790172324	101.821302871827	103.3201755317	0	0	0	11.4357828975546	12.389422777011	14.8086544672077	13.6846108735258	40.7966290559984	53.9689805284851	41.4844492426259	0
"OG0004723"	0	94.4692725039637	80.0876204377946	72.4950510476293	136.63666331252	67.8165537415269	58.9514996886798	55.0983566346342	65.0510964839199	0	27.1946084121926	39.1602677017729	521.775336554594	198.547170174843	175.208164230238	196.460557910837	42.3224743412993	42.7657414036562	93.527759692231	73.4561008263355
"OG0004724"	0	610.599025933466	504.315904499628	431.359817770434	225.024586516484	139.609944548025	153.177960943258	170.675629558221	162.118131510727	0	0	0	0	207.556118214842	226.464034093667	216.59070371484	396.620354779416	323.694655483343	1012.60554996505	0
"OG0004725"	0	354.748488307892	200.204901452977	284.869691134817	275.14999080543	63.1276130063025	79.0825056989784	79.49271927485	90.522527298534	0	0	0	0	602.386255407328	764.135100742753	592.379810100533	442.736406644099	228.243429070384	455.338238307227	0
"OG0004726"	0	582.088476802688	853.05080381302	828.553432410987	680.523704139899	821.275899919075	1347.35299677582	1280.45844027519	1085.34473049665	0	0	0	0	485.210273573753	396.303273283762	476.420394039727	340.348975056426	252.825150242113	1401.31390450812	0
"OG0004727"	0	12.2488668116273	10.2511137241879	89.1664894360546	71.2247221301375	84.1816195101583	110.684814258451	113.409197464235	85.120853116262	0	0	0	0	83.1144305391982	144.018599581748	82.5077685530373	116.440363608599	111.703568855988	244.684376146043	0
"OG0004728"	0	34.0320853702872	36.713541314673	94.5917315670933	153.725049941071	112.402956114439	116.302088274941	119.360448973329	107.278964013249	246.183046732449	1686.24264228758	183.514452444802	0	23.2501893256533	34.7808411692946	22.9367847171147	33.5055619529136	46.4441048154224	113.763535050476	40.4497863495538
"OG0004729"	0	16177.1299713097	38145.5778200097	13918.5712657086	4784.64685912686	10125.3627973253	18308.1928927131	20883.3931517741	11204.1826435801	0	0	0	0	30895.2046917293	21087.550648072	31820.6557688895	112644.846194508	132026.495952823	4573.89071505031	0
"OG0004730"	0	99.9356369377664	350.11130675829	348.930861873119	355.916706232435	242.967086363311	218.897833356893	220.298809598421	230.735930004466	0	0	0	0	617.195142968575	661.504223657852	602.553893518926	677.489855853888	1087.02532259786	194.114469495172	0
"OG0004731"	0	59.4854008907603	64.9532937771502	43.5421111206944	101.195169671002	88.7660088648686	75.4698820035812	73.5201154898817	84.0400152720848	0	0	0	0	145.916933184408	132.285952561815	151.662790349839	187.988746389497	125.294105861492	180.675741306791	0
"OG0004732"	0	3.94611154994766	70.6211855217985	621.953119920467	11.1502572292611	113.879428046331	118.403741616643	127.686502509161	128.147504957381	0	0	0	0	111.820073084669	92.2413250708495	111.07334252909	3.08568715526584	11.9155583204426	95.2210731806169	0
"OG0004733"	0	17.820596949561	32.5605055508482	32.4158677459788	73.6017935525515	34.2146057563463	49.9733692532609	52.2711068327556	35.6015662182737	0	0	0	0	65.3521591109844	77.433325859111	66.1222381372645	50.6189019283129	38.4800737864848	51.2220449826222	0
"OG0004734"	0	465.208302743752	498.146249950149	243.757546148667	157.88780240896	77.4409411738886	174.568495981794	184.545053000656	76.6063156419875	0	0	0	0	49.8001842139456	43.3840476368706	50.3449447428876	61.0044705650698	78.4181318666567	246.268223083221	0
"OG0004735"	0	47.0354947302395	50.9264804657074	105.734923847761	171.086934065536	344.46694282666	281.22251856146	264.47470548059	314.068276286661	27.9793318839356	109.609206556022	27.4937474844067	0	82.1206506853364	68.1273281164478	81.9055028083355	372.512496368657	693.024893515961	438.606635516831	81.849666830373
"OG0004736"	0	23.3738388017673	53.8173044535129	37.576440337829	31.810115566996	45.7029378642438	41.5849656828853	37.8009889819911	35.6328155730472	0	0	0	0	54.4793362354818	107.713872465744	53.4029327447498	121.029296322414	76.6327445579024	150.153838922678	0
"OG0004737"	0	172.378706783878	78.4411588732488	23.9110660309798	437.160260980976	36.3741134109789	44.4260361747655	48.8290063054734	44.6958829689389	0	0	0	0	54.2151792004752	50.3354146352005	51.7175746145741	47.2628910028359	17.1327348280549	41.0735723578018	0
"OG0004738"	0	51.65252896456	51.2642903671817	161.37564623591	154.105792437038	36.0258307867184	55.6280896082957	55.2653490136293	36.7893560794924	0	0	0	0	72.3428169898708	72.6565134884347	70.7762928526912	74.6215333924602	56.7698849348412	17.1800782838459	0
"OG0004739"	0	26.4105982026796	21.9862325767676	40.6863097986397	97.5659839611763	87.6270117772023	71.280621165794	66.6515505983412	72.8000008648074	0	0	9.20163647336998	0	67.8395222423486	74.9323348704236	70.1731939065903	44.2885535742304	74.7559493553461	48.9674157755308	0
"OG0004742"	0	29.2335901634564	39.439643722558	29.9530053677314	269.717037041381	83.6558659119677	81.845347948432	94.8571773085829	80.1150460117642	0	0	0	0	0.934587312377796	3.3139307081519	0.877354129983441	379.486270097754	215.464302716385	135.496152301144	0
"OG0004743"	0	38.8735668806242	37.5283750965744	51.495075586793	38.7588154732364	127.813507734918	152.789535989542	172.675191232956	133.979879502226	0	0	0	0	50.8382284071031	99.9318202384692	54.1405242833671	60.269130743429	51.4136283834295	38.094803723485	0
"OG0004744"	0	18.206332910698	5.05231275056662	56.8198252762322	456.990199662769	16.6264442199167	45.2774473757597	45.6862169775752	25.422261809719	0	0	0	0	62.2025997989023	87.8060199369993	61.6485020913087	93.3197762009133	101.978469181554	66.1313803699654	0
"OG0004745"	0	273.946423218457	325.032111007999	414.374159517455	215.318988004123	356.15960518034	237.476905120301	214.044818221254	285.103331085882	322.424720006022	348.82326607543	344.216230251364	0	237.391711900866	265.256349245579	232.873542058165	338.134589812824	306.250320040081	587.128685947057	1775.06255345908
"OG0004746"	0	46.7468531915684	33.8151380262378	59.5404219323547	93.0414913183293	266.140528042038	191.41951809316	177.967755684009	215.855968126397	0	25.5509345321734	47.135252967018	0	45.1194991381884	34.5070575636472	44.486879288932	3.08852788272191	10.1518117832334	89.0921448801684	44.6775881814968
"OG0004747"	0	771.730825305777	568.867288240735	2054.71833905943	397.928990915597	309.417146902194	264.39719904537	245.057150421748	301.063325995772	0	0	0	0	628.213710048528	561.596230890991	613.16054733039	575.914753500345	587.702605818131	354.981026504993	0
"OG0004748"	0	120.408317698096	48.1434825495712	158.855973148825	102.631522066158	59.3218095691154	52.6799306283019	52.1050997450205	60.7627041439399	7.24791244268282	46.5263797635371	0	0	38.7235206222227	26.7427627595887	39.8417259417865	134.978673340033	140.71607761194	8.88951849622998	0
"OG0004749"	0	36.0186333481227	67.9044543518971	508.441207654116	80.5822827468942	41.1679384928974	31.9635030225519	39.6784035196387	34.6801818221962	0	0	0	0	117.290510001851	120.684356635728	116.451976954617	24.5575614499099	19.8723221379475	182.355471358148	0
"OG0004750"	0	583.038427442294	690.654672319851	322.983750262553	197.614546895796	829.790566567922	855.621401541438	961.209582453246	876.610421159569	0	0	0	0	282.463505998883	238.866828752584	286.097058768293	176.739805144347	257.347286106294	670.43157726738	0
"OG0004751"	0	160.873518578868	122.613834484736	195.712404303305	95.270578123715	322.187509791746	254.938508170711	258.048505476582	279.421418726094	0	0	0	0	16.1288403086491	18.9006057351821	15.5334431182192	83.8640214293111	99.8058757636512	249.805954739762	0
"OG0004752"	0	133.389766531359	160.9774559608	191.244846551612	80.7764988544645	132.85034263386	236.210313820178	242.014411625473	128.886486178011	0	0	0	0	99.3217965210689	105.556294911611	99.1287477975261	38.1525580204926	48.6204832392802	89.1597513228823	7.36064204787987
"OG0004753"	0	44.2185948244336	42.1894989712728	20.2451778362952	31.3305357895895	289.381545206993	345.15734064016	281.534806304076	388.845781600799	0	0	0	0	9.74765819383015	10.6107305192553	10.2291441441884	4.52340078082214	2.19004229535364	40.8410558147261	0
"OG0004754"	0	85.7708980610647	49.8725223498141	64.4943066587482	41.4617270986997	114.707403947218	103.968865320955	102.957865319408	113.40686364331	3.70638275593095	7.15808216677432	0	0	74.1165815342828	59.2196661303966	73.8383079946494	38.0802970916059	57.4582545052776	87.79563651404	17.2243527349321
"OG0004755"	0	353.828982341809	387.433028641669	395.8006279863	72.9956047139096	194.947314324393	170.422263320261	162.199444150289	173.731196556907	144.632677274615	372.661955109874	123.165205436919	5.47057435554047	159.006233366248	151.82269222026	158.281881131764	35.533463077857	90.055984300215	244.898031238345	153.394736665147
"OG0004756"	0	19.6734155223995	12.3937869791925	1.4556925267444	76.3649952071745	36.0691163901159	40.4791089746232	37.3223982420166	40.6104542450731	0	0	0	0	66.5781862739855	53.209424691916	66.044264372992	19.1715761412949	16.6791018644039	13.8228643390408	0
"OG0004757"	0	1376.1611351999	617.199012053881	236.798475243252	47.5162162542671	98.8608775095439	117.503301951211	118.563140128751	123.509773753978	0	0	0	0	97.9101379962826	131.941049910285	94.4114392092122	151.345423340114	118.608839094294	90.0697530664966	0
"OG0004758"	0	37.288051558177	22.6156735750157	85.7369854767075	126.547949069409	98.4739153140422	93.2346194933947	93.7170649145503	90.83432921065	0	0	0	0	50.3466105218372	68.059002841611	49.4207160908557	5.97981010308033	3.46023351860635	91.1297941219849	0
"OG0004760"	0	43.5242804650272	30.0666428327946	59.7201794744099	62.2985092674596	165.506389196076	172.509572101259	186.164987748738	150.590452025478	6.27624106897605	18.5966099661553	22.359084332191	10.7577681273744	12.02053247219	21.3270763064145	12.356654483525	11.6152168595237	13.8698704449478	136.963785357113	0
"OG0004761"	0	797.268889697723	865.625891772609	428.872047009227	377.237452907995	889.322699774059	1068.59371716035	1089.35250664903	1061.51480250914	0	0	0	0	1034.4716912397	1087.22370201566	1013.21456146348	481.593629964406	479.538490655377	1158.6541712658	0
"OG0004762"	0	37.1671817469913	41.0017641452514	27.91646898257	24.7645405457196	541.197124561764	394.181384367118	376.401546733712	495.215504327405	0	0	0	0	146.844396303641	139.225107980946	146.808697865161	23.8629593331448	49.1742296104287	112.860635759495	0
"OG0004763"	0	92.8887869419991	87.6966017578119	241.535853360119	63.503487713892	93.9680504834443	108.478940797525	114.759915865096	93.9739147879215	0	0	0	0	38.9906327753206	36.992149671904	36.5969133561948	1.88830173984251	6.95280045057931	27.7197184783869	0
"OG0004765"	0	28.2766393417353	36.4085585498005	22.2248421253867	37.7264857466704	47.2520075222438	52.6985369984624	56.7277096079959	60.8176577376462	0	0	0	0	74.5036603828483	90.6563812281436	69.9222614185396	219.568954690038	105.027291477933	152.945546710771	0
"OG0004766"	0	650.161877413014	671.773019550898	503.875605353632	203.708361593111	100.647352053871	99.8197805880835	99.3637256569596	112.669957329537	0	0	0	0	14.2146036014512	16.3205671094341	15.3475003393039	19.7882067759005	17.3467012146648	255.043405409157	0
"OG0004767"	0	818.976238784063	396.653617762766	1062.0093572377	240.333321102475	611.658317682156	548.610182311678	527.871965989201	561.031549805639	150.75562006941	499.922129758364	121.477215033346	128.794787401411	262.153936649849	289.205162253056	264.693086891855	490.714765713132	899.432100477996	594.590700244695	673.259545073385
"OG0004768"	0	1081.25279627108	903.989513248673	286.219406467655	397.113979339593	29.7637358398086	64.6340481112029	64.893745612684	51.9058699143601	0	0	0	0	1110.25174065725	769.716685967	1105.78045957352	425.73690188033	439.762809330655	305.819181088631	0
"OG0004769"	0	429.845923505611	148.420182631834	557.554520348957	189.61652643659	98.4686433495259	84.3411819954363	89.9404290253386	105.715875563046	0	0	0	315.766475066168	116.234991765333	120.107016998659	114.955547241704	230.798618271273	315.772543395352	199.018713038318	0
"OG0004770"	0	197.294688325204	124.277461188163	28.0475754219461	138.856158522358	141.179325166775	185.929111000451	200.584855745242	170.719940824892	27.0208431631225	100.462483561986	44.2446044579656	0	58.5357560829218	59.6645848996777	55.8794156034397	49.0626973534261	40.5494311669781	23.2104156919687	7.04229089865705
"OG0004772"	0	184.546060363767	79.7192658358646	57.7318647370489	367.974712064371	1481.21059557619	984.56150955992	909.060869080393	1291.21768040309	0	0	0	0	47.6159704152187	43.0930546398541	50.7697385895656	125.970488940234	117.18719085777	438.146751708839	0
"OG0004773"	0	820.343564076799	552.504067534568	731.827923604071	376.773767774639	1743.84377441646	1597.66245735127	1680.63158761448	1778.54099356115	0	0	0	0	1039.79922808017	1136.3738190757	1026.74019751004	1903.27527124773	782.56512112398	1450.63599901202	0
"OG0004774"	0	56.1507941384586	59.7674362460905	44.1386362172511	23.1389843367811	50.1192902867901	40.6109833207973	47.9238424082221	47.8598644207618	0	0	0	0	183.185411928458	89.5227892663782	180.521415144671	42.3984938084335	40.5818875930383	24.1221042680834	0
"OG0004775"	0	189.781678053778	221.094411548319	188.382836539026	155.745039963507	56.086321703873	51.2001809488583	56.4308906159166	53.5288243316899	0	1.84191261513486	0	0	197.91521886473	178.382579135255	197.543719729761	149.565573615187	121.744716527626	134.329574456159	92.0439883432219
"OG0004776"	0	16.692841684234	10.8595019168465	17.3515108640848	31.504390310039	60.8284815335311	66.9205265406713	70.3933371449588	62.0942913378889	0	0	0	0	84.6019787163735	82.4117186395936	86.8844366359895	6.7065196813036	28.9493065088852	112.972898901426	0
"OG0004778"	0	209.149885635964	236.709120857837	28.3385617775665	NA	384.22299372771	348.167966773112	328.800387213144	354.551909709645	0	0	0	0	1102.50183940962	817.669472578727	1098.87460864338	14.7659630994215	13.790101444456	379.138243523281	0
"OG0004779"	0	186.99145731594	175.224521231919	179.13360546727	39.7393505838425	115.318396887483	92.576605891733	121.715637473475	124.764275014421	0	0	0	0	146.04526577757	157.401299010556	146.721906052747	407.772301489148	205.768063712354	368.162042199582	0
"OG0004780"	0	80.2096016431869	49.8599985427534	69.5627121528086	53.5986580597177	271.05161826311	183.001799303812	174.050925889117	224.388098295773	1.07671814223892	0	0	8.99214403627105	21.65595167373	24.2420100456173	22.6117667379876	83.111222591295	120.589911210897	142.500946210526	0
"OG0004781"	0	12.3546473413651	16.2616958685259	16.8338950339414	161.392631712276	529.605894805379	458.447058672619	400.694105218022	524.658313152356	0	0	0	0	60.4696658298066	63.4672524860486	59.2678096201437	17.3094023044307	28.0109365665381	11.9295457845072	0
"OG0004782"	0	617.050860449458	665.642559787997	1041.43540943009	558.841434469263	660.406231262329	630.226957114269	609.414235980654	689.343161032555	211.364364776953	266.96730274337	51.0370360664674	3983.83650666283	140.716341557713	172.122506656961	138.714840606701	226.526457585819	233.942607161277	145.625137562505	495.158479791193
"OG0004783"	0	34.9297161302337	90.3871676889869	75.1570577881672	92.433932251752	14.977262730469	15.2314190766464	13.3169358579593	12.2165485615031	0	0	0	0	129.773386654272	282.036250438943	130.468229758394	103.796762187302	185.475700538602	0	0
"OG0004784"	9.3474752637329	650.839080216139	510.320506773503	561.925143999473	320.353810395836	921.222524647175	703.667115015305	718.98804231951	806.001340843544	17.0467181545887	200.814602822888	0	0	353.618032545039	493.53484530222	350.702800925614	464.74204186715	518.225604267575	454.121943293811	0
"OG0004786"	0	361.283547211252	306.57733204688	50.6618104208565	63.8995383963537	3.88021027954031	6.01587841753506	9.61028462736332	8.87665902145122	0	0	0	0	134.138775890871	201.545442991732	138.038142203674	12.3373937713995	3.78179350686389	247.983465394112	0
"OG0004787"	0	95.5182627571967	39.3145701700639	107.663111058658	37.6118250730322	149.599484891099	118.822724477556	106.939166488733	121.12111583075	0	0	0	0	7.64085322791938	7.69383101364484	7.97248758798018	127.339275824058	165.228757436304	37.99714499978	0
"OG0004790"	0	29.9059706189024	21.7159419440548	83.6823506359466	77.9843305812861	349.921206326572	247.174382272451	230.900768144622	330.894387619096	23.9102064625462	58.8834088278694	27.4097134996596	452.384821309933	109.006120845949	119.4183435005	109.418854510754	27.4103837608137	42.1034183516959	159.119087320108	147.831492576465
"OG0004791"	0	14.5011624438285	18.92414808575	16.9499092018686	12.1233382998983	86.820598463964	64.0420395890887	63.1277559248821	79.304449066614	0	0	0	0	30.9149748479732	25.6795214077468	30.143143618556	58.9203004852667	43.7081132611866	44.7671584593099	0
"OG0004792"	0	99.492292070483	192.016666284131	58.2824258914528	98.7956265104467	260.74304082525	319.949437137355	367.54769049207	344.945090965502	0	17.0026904402246	43.6997608423961	0	135.01490597284	190.515527678207	134.300261860087	753.59540563825	597.756527884865	174.054035936306	33.6195447311338
"OG0004793"	0	193.275028195168	341.144609345063	216.136664823989	108.490811290498	43.2954813942518	34.5884272508522	34.765205182846	37.2917350425509	0	0	0	0	62.099586879526	71.1887412373627	65.8481843103868	80.9730993011654	136.150638440885	64.7144410696645	0
"OG0004794"	0	105.956830620684	84.4717824770369	19.5522217142769	23.0797356808523	104.8954455668	105.890618151401	119.069550857243	123.830441177207	0	0	0	0	33.9790095527513	29.9025237695669	34.2172207267088	59.2180737090012	63.2546410115975	376.065988856181	0
"OG0004795"	0	38.8975282447378	29.9427261893206	55.05360006182	99.1559964574693	131.91976814533	98.8110029556662	102.151955027026	119.641901820767	20.2176455184372	46.3585809792338	8.69145344961398	113.983731796998	134.917900406203	114.606981295991	139.254755113365	407.142806954282	390.210703650755	76.6558834623321	47.9664466432792
"OG0004797"	0	46.1850756135394	46.6445483948664	12.9602120286968	58.5449068610953	132.865048640142	129.70412360489	141.5827316697	120.948709933791	0	0	0	0	3.93754224478999	5.24062006239998	3.6963174804581	5.1245122897608	52.0848991894663	9.19061809754392	0
"OG0004798"	0	1852.74079303727	1885.47452539506	473.775849118803	851.423519878571	288.906430215341	348.508178139916	411.188848522021	507.641681357348	0	0	0	0	1573.08705319071	1020.53418310473	1545.56359942265	316.894483960562	187.639777693107	13.6016850859807	0
"OG0004799"	0	35.4771303716267	17.1267260835871	60.5651012727664	54.4177145485872	107.450561438741	89.5146356840422	81.3743647690848	90.7122872423671	0	0	0	0	81.4107286537559	84.6167128622268	80.9242692939103	70.4209425498275	112.731671098389	120.442239378955	0
"OG0004800"	0	180.834408246791	139.480207164541	83.3479893375845	264.938504139302	297.115711382782	266.307407777542	275.520762327877	282.852560154643	0	0	0	630.526566256836	228.118468087921	265.977725948521	218.963939033482	229.844313285926	268.192274417527	347.107513857926	0
"OG0004802"	0	209.066920514601	264.701287068478	326.918845315442	221.599290723453	71.5244651217996	113.749432818099	115.449329955559	77.7574488154136	0	0	0	0	143.106796238998	208.647042198552	145.792192158171	466.684357438904	156.073774283772	94.7573718043342	0
"OG0004804"	0	13.776099136317	26.2834462234516	69.9569727149247	166.782225983535	155.708304406491	178.336761284519	190.469986076133	179.967989310811	0	0	0	0	68.9963191740113	87.3208628307146	66.8648288842769	0.846524657590935	1.54714010894605	19.6808962462849	0
"OG0004805"	0	60.9684143613596	65.6446257765719	19.0931194181004	35.8862696293647	9.71922729929306	12.7679764112719	10.643971075737	12.9420114495842	0	0	0	0	44.3844863504205	34.4286711389237	45.5631324795878	32.510487739466	51.5975796728199	30.3618752482243	0
"OG0004806"	0	59.8059427516154	45.6436870234113	22.9158371400207	33.2924281475629	87.5231016093614	78.0814014965907	79.4946898573701	82.0661563797947	0	0	0	0	47.1806107640365	45.8191556665611	47.1140674506972	7.48738404277173	15.0723100616143	41.9854828855612	0
"OG0004807"	0	17.0097477065602	10.4074185509917	8.7263636219541	77.4430905467844	108.890063025782	73.1262874502369	66.8606477800647	87.199758883844	0	2.27668039143102	0	5.19741818125187	32.3237198760499	23.9677618042736	31.4496034124581	4.47173906639491	3.1848080978097	39.6952572341571	0
"OG0004808"	0	4.23216869316779	4.37262142386307	8.39461860697101	28.5303379807094	59.2019417443221	48.8661815783742	48.0556396038264	50.0561847660179	0	0	0	0	32.8450970491355	33.2516536101522	33.0266453607415	19.9799092005648	28.0583664761544	27.1361188235919	0
"OG0004809"	0	884.247448806627	696.771028833509	458.224060949663	85.0166143915887	1126.14711506035	932.559421219728	896.33829568546	1026.5431905876	0	0	0	0	369.183735561098	431.416031132561	366.105917458312	642.096549879711	529.887586114093	683.420187520138	0
"OG0004811"	0	379.504761990594	273.82200680896	470.174563208004	145.945991905949	31.4948825038951	30.839311569971	28.6282895906929	31.2729961364421	23.0033797594749	55.9537997172212	49.3199986509221	61.0848638230504	104.548748356088	101.409719164975	103.507221150177	524.318122406381	442.998525758553	109.015545465257	29.5107664928624
"OG0004812"	0	405.919301036539	484.027225389395	606.952874516883	317.092667909471	1400.37251145668	1211.0845593596	1174.29330700867	1340.21377639349	0	0	0	17.4147442047935	70.6189981033381	71.0225446228948	71.3199567656512	375.292953845278	306.521515716723	372.460162435021	0
"OG0004813"	0	54.9037246579714	59.0442735842663	189.374877326938	22.9439734970082	90.6205194986382	79.1240644527676	78.2589317632293	85.3370206850974	0	0	0	0	77.2039168809235	52.3128565039743	75.0350629376606	29.1574060489586	28.311560664477	302.040232384539	59.7893337351712
"OG0004814"	94.5728018388455	37.9996190331028	40.3619213459085	79.0776325421546	42.6242292960686	29.8412614653809	26.5605254976594	24.690891840748	26.3471672598555	0	0.431698409943024	0	0	42.6443034895151	28.6599582764987	44.1533629507511	17.4832650091682	24.8864141510692	59.8279536581004	1.06137071825798
"OG0004815"	0	1166.31330548047	1016.68653668699	1651.11903679993	194.882038346927	201.38515991997	220.154781939634	194.052389180925	249.395630238116	2144.63286892799	1898.93604763953	2047.54019243672	1354.71068625695	585.238246202061	556.643690917204	566.549178057193	597.47785115555	576.871811279228	407.502332016805	0
"OG0004816"	0	420.255155476052	240.452048979211	126.581211969289	254.265250658929	243.909380652658	258.284938541184	258.080382546759	257.003622044133	0	0	0	0	126.081570109352	148.608425868978	126.944135007144	195.840454031617	190.054611492101	172.02628570956	0
"OG0004817"	0	174.325438503642	226.287976133951	118.55841533129	73.0268459108378	51.3928304308555	46.1239693116022	44.6513713630133	49.932130486404	0	0	0	0	30.6406899434521	41.3084365850706	31.16582890259	3.54241623607574	4.81350278380664	157.226106132074	0
"OG0004818"	0	11.8249150414625	17.1076124694819	12.4830263078417	84.2835424461244	132.504446267222	137.842644982139	157.748028643741	134.600465280121	0	0	0	0	80.2023212089512	105.357931210472	79.9519232610762	85.9095149381161	69.016934076782	78.9930342819074	0
"OG0004819"	0	138.039961583753	216.683434778608	185.936784251742	673.247793802674	118.432241108306	157.462043719484	217.85876477215	140.218055527367	0	50.1746519225285	0	0	562.401287826391	720.906110377373	589.418473460975	1109.65749543246	699.61671563034	164.427105295446	0
"OG0004822"	0	94.9681002961585	229.484917002355	50.5278204987238	52.0818157351775	950.475268389439	489.25450337046	396.772998217623	565.935875102079	0	0	0	0	62.7422210109078	163.788848461954	61.3130690946919	1.26546345497013	1.23994902567597	22.239110904065	0
"OG0004823"	0	34.2289719739217	14.883474393194	11.5271210987078	52.1013825900957	72.5194790563106	59.1594292705465	54.6006396525535	68.1248509254814	0	0	0	0	128.367277647028	134.254101716662	125.90159175643	21.4721652782503	39.6040313046841	39.0370772362509	0
"OG0004824"	0	107.341119240157	135.095729657881	715.928500197758	137.067734280556	204.460546547004	129.781536969791	118.73788443163	158.21227654387	0	0	0	50.6892654180559	115.853204381744	102.61634232722	116.5856155157	68.83458154323	80.5860441784456	8.36864237625094	0
"OG0004826"	0	140.383726262257	126.382742275767	44.2163675502832	88.4810987035736	73.268042523272	89.9315134446821	72.5821326999256	75.4866204512309	0	0	0	0	22.8905112199522	27.291271156012	23.1423077289106	107.797544286973	86.2535673182889	58.3928143229272	0
"OG0004828"	0	21.0802384975125	6.62323842558317	61.522478898627	39.3162241973763	75.6311589969632	62.7669599814107	58.820221921451	67.1893194372027	0	61.2538763518963	19.3648269542821	0	10.0295043160025	14.5717498307421	10.1423523317746	18.6234345605799	12.0285502107004	51.861576442856	64.4319931653468
"OG0004829"	0	0	0	0	57.1434377287198	9.45261018010931	6.77668447571324	10.3356908279714	9.22214987579587	0	0	0	0	19.9541227504582	10.4444743361083	20.2857461652983	4.32635638211964	2.74430910482089	11.7501200748638	0
"OG0004830"	0	206.273070052703	211.774205058681	107.505439767504	366.533232276281	23.9788924175388	35.5962949366996	36.1920663126974	29.0382585763639	0	0	0	0	94.3091046214551	118.165316337298	89.6269745881251	117.13569318438	66.8807713411912	45.3061014431743	0
"OG0004831"	0	120.452911450829	121.555905222468	116.678534624349	96.201785028645	127.781321004186	127.514072349246	126.192627084052	140.920757315996	0	0	0	0	64.734428439573	76.9621376080567	70.5679925028982	20.4367486126588	75.2518797605391	14.1702364192593	0
"OG0004832"	0	42.1937791843694	36.9456789415164	56.1769969399226	70.0137146807892	62.4391499348277	68.6818164050983	72.0569579687607	68.2568904526933	6.87205703233846	13.1393205107504	4.50269155556775	0	81.4241862337957	55.9674426168423	83.8359679601128	116.479967689842	164.421105783033	168.322356661405	2.35518552042021
"OG0004833"	0	5.24448458735764	19.6234651222099	9.01051550993464	25.8894428716044	57.3867211197903	56.881439148633	49.0405541348294	61.9591708883754	0	0	0	0	24.5502054312852	71.1482345356286	23.0386991349235	66.0353346308841	52.4329304869858	81.1162769843057	0
"OG0004834"	0	170.313912325957	222.55112873983	277.807612409228	221.899644686903	37.8104185226919	75.4474728716361	70.7769487053834	46.9890323008169	0	0	0	0	128.939571643563	147.928091985882	127.2402686711	114.144987927923	106.633080254144	61.8179721052336	0
"OG0004835"	0	63.3920936374204	72.9424690056986	39.5240208449755	127.541090277021	122.062071919373	120.482222557784	124.879291792762	128.597696869209	0	0	0	0	327.144059110177	316.320407962562	329.690850307487	225.955911479854	162.909646437901	25.9558687572886	5.62084608665546
"OG0004836"	0	8.12456692227232	2.95414823675745	9.53641368416582	37.9216062046781	159.483031000213	117.303656957518	113.526273249249	140.262445958897	0	0	0	0	6.22152249513107	13.166882104716	6.25047553958581	0.258022438256666	0.522762312404681	131.80110131878	0
"OG0004837"	0	220.802336931393	630.158227986263	123.661532301573	120.920696984114	65.6263022096094	90.9100455396195	101.254180814225	99.885764552954	0	0	0	0	113.204608342468	117.913817374472	109.965226328261	589.066000071389	556.776268415112	95.2887240419471	0
"OG0004839"	0	173.155467732639	136.753269695845	108.306066362665	34.2576879571446	2.59327934560329	10.9722308088177	5.78087045264276	0.660872923927064	0	0	0	0	22.7890244179	16.853468511954	22.1739888361725	28.7625170466364	37.8206311240559	30.6257801929053	0
"OG0004842"	0	62.027835923008	18.9234381819981	37.1826941973804	19.767346669702	49.9711203366984	66.0906416876365	67.6415490619353	50.1810564331811	0	0	0	0	19.1862776295314	26.2683577998672	19.0046295806209	41.6420097482629	84.656257585552	110.818236724192	0
"OG0004843"	0	8643.20263719259	12067.7421249905	8266.51560805625	505.981329266752	1349.65676775281	3006.53137338782	3259.67674840603	1614.58688386252	0	0	0	0	7935.32450250011	5194.84153257251	7807.30541059427	7579.39812703411	4542.46784690456	2504.64440879507	5.67998824500164
"OG0004845"	0	82.2879185598455	55.6017817855749	38.9860979341426	28.0718597135087	67.2996792414692	48.464093844818	48.0959785871775	54.4009139709416	0	0.674196370502891	19.9307541313503	26.1430768541145	21.0135950182253	16.1765300435619	20.9298802803084	36.0588933881038	50.3637150442158	31.5893566245376	0
"OG0004846"	0	24.747510491758	60.7270139017981	11.4635004259735	37.945996261929	65.3379534977456	46.3521350186799	45.9096462603608	56.7505887956594	0	0	0	0	41.8484955715931	62.92477839681	43.3120305993741	151.283589323785	209.919268992991	110.852861180779	0
"OG0004847"	0	35.3745958522623	21.0201395857614	27.3014356077582	26.8376954120514	55.1196653890238	51.9174768904839	49.8357421399702	48.5386104665962	0	0	0	2.34818737622782	28.3667057615838	25.3010220212487	29.100253200592	33.8918305659005	37.9672054796453	79.7701435435752	2.94549849644514
"OG0004848"	0	95.8387155384612	108.294397276714	135.758662725617	69.1907557827595	149.919687367515	127.902972648185	121.920012962042	138.245573618718	0	0	0	0	24.8911816628692	29.4401516830076	25.0807507840849	69.1032717861684	57.3016782714534	34.0084963816961	0
"OG0004850"	0	61.8204231196006	55.7484741346054	89.5511583059134	115.595991226966	39.1406184117175	65.1061338241803	68.1483944777485	44.1658385811312	0	0	0	0	81.817230813719	78.2523951956467	80.7774869807561	80.0203704770181	64.9724659640634	72.7988077792761	0
"OG0004851"	0	126.629664736302	209.027318915069	230.827641364263	277.739721603425	299.05618278535	207.949614272487	189.894909240563	269.104604581343	0	0	0	0	36.1868777750841	34.5422686098164	35.7130949720228	45.2686833546335	16.2626565842561	28.5263351458608	0
"OG0004852"	0	206.305219037231	62.0461316286591	106.544074346342	274.396420250051	104.978687111795	105.202046642542	97.9734507099248	105.400866976698	0	0	0	0	157.652775406685	185.208554064246	165.20092441739	272.867451902454	203.983433404791	216.623917502584	0
"OG0004853"	0	73.4962083554132	98.003664556298	50.7300937465587	102.904117952092	54.9196082092183	68.4660096738206	75.9304566825782	55.707350778755	0	0	0	0	137.682836531232	141.797283541063	134.369695310018	297.223992177709	254.341991378393	107.311844639895	0
"OG0004854"	0	348.668441242008	421.898701094108	384.709238617378	253.675504555512	191.143675167376	176.702116968813	188.117458297075	187.901678617284	0	0	0	0	493.934808839717	448.611126018699	497.688554088099	724.24485922064	523.218405622202	464.047702181843	0
"OG0004856"	0	550.224684879222	940.547547683538	1058.04184941159	1033.60403854596	1725.58057944449	2149.69444620451	2391.93942945796	1779.905402009	0	0	0	0	7967.51170424462	5670.27703044106	7755.230323146	996.775255112514	416.749026875592	2151.52822000955	0
"OG0004857"	0	66.4498768916544	39.3088175289255	16.3357273747304	48.3194438700263	133.715333275088	287.188644362779	305.659807701296	258.488123585787	0	0	0	0	92.087306715174	75.5467857945229	90.5738524315244	50.0061389508071	51.5003050197883	69.9098851707679	0
"OG0004858"	0	4.52378213403777	10.5837462803387	23.9819874366507	24.2372220270421	141.084429781709	73.8777471321097	68.9987877726049	89.1105846208818	0	0	0	0	24.1248642118828	29.9423156471528	23.8351888615571	0.773130105071518	0.645541281809384	4.07367341026447	0
"OG0004859"	0	84.1499670024356	60.9250439337626	84.7601596799146	159.353672254301	146.61200133558	124.421978835704	122.02963697472	125.054202378196	0	0	0	13.0235790299558	43.9021686359273	37.4021072777929	43.9900823633664	121.026386486351	108.549239518628	32.9032215810008	0
"OG0004860"	0	36.4381257430142	18.2586974043793	17.732191938642	38.4099554408715	7.67475945984408	5.40650866083529	6.60363936827534	8.2992250185676	0	0	0	0	45.2962720825969	51.5091558866259	43.821463821518	65.9661047812292	87.660927157334	7.82983256337335	0
"OG0004861"	0	33.2966514226053	45.3754415320961	39.2020523873967	50.3545063997527	37.6888303726354	46.0750087536251	43.8932259623757	36.0410063400278	0	0	0	0	91.0502406244833	69.9360119175557	93.7282140618909	82.7232638485284	51.5807231488014	19.0186369285785	0
"OG0004862"	0	46.6889331662169	41.132033631677	98.9721713291216	159.05907324818	79.7981197507035	66.0816780348585	68.6895077453733	70.0343939928264	0	0	0	0	199.727830031937	162.020850068618	195.841211537452	78.7242809974896	69.3844960050269	72.2314993752083	104.441971365959
"OG0004863"	0	559.926055786198	518.021251998132	887.237829899389	NA	147.286180157933	131.284578565166	122.28192638038	108.669939316988	288.806957755426	361.404796399164	212.586921348421	0	119.516698963887	88.9738043205227	121.810642319944	216.000768218333	267.686029871107	135.515240142595	355.278034340224
"OG0004864"	0	37.7099243714096	28.5842388375707	60.1681806687272	59.5311695244716	94.5757359596556	83.6240354480236	82.7847295151196	79.3891807175048	0	0	0	33.0899097062935	119.963227019123	115.590638892661	121.690453018113	112.396418940667	101.671760686544	400.835348510784	0
"OG0004865"	0	41.0971876927544	36.3836922945569	122.903237687306	14.784320950537	289.570531261314	205.614243191502	183.698064756478	246.558729557987	0	0	0	0	31.7596114178896	28.6364510656592	31.9868794480244	1.24474299734137	1.72013380609809	15.7389906445925	0
"OG0004866"	0	4.73533316787067	13.6686473817249	38.4922262562689	26.8047825370419	185.990468588531	197.06454819629	205.002887265568	221.400106670934	0	0	0	0	83.9531013777568	66.207012610855	90.0586562330362	60.139036822799	56.8043284890274	75.4995153930076	0
"OG0004868"	18.2714079930916	105.809567530265	94.0039552357199	398.608177660064	133.892918894581	149.609695853952	136.533951676543	128.714610470254	134.580722227005	0	0	0	0	203.394673747917	264.203175000492	204.680784048171	115.935507051747	117.18889411045	239.690908041693	0
"OG0004869"	0	115.191367160391	100.045852160449	42.8790450582287	86.3018881950383	31.0017595913427	36.6726802411309	32.0551470825996	32.1904193467032	0	0	0	0	17.7846776052903	38.5417097192715	18.7808455714932	0.96980349967604	1.14463311322589	72.3802069772135	0
"OG0004870"	0	20.5250524931904	30.3228209325247	65.1256053303346	74.8396574694345	42.9717827729465	57.7427646928514	59.6647469374794	45.7323303815867	0	0	0	0	69.0054065089866	50.7833115327577	70.4242652615409	78.6207393309305	49.7175672152022	42.4108310176252	0
"OG0004871"	0	38.0656940113523	46.7255492934771	98.8666481303724	101.086921664102	NA	NA	NA	NA	0	0	0	0	94.4250409798077	78.4144220025833	92.1208296959877	42.7502202424945	29.6380160012439	38.1144242488839	0
"OG0004872"	0	65.0550257887394	51.7154087738778	176.326811081937	137.035673687323	30.2692339953837	50.7013400904676	51.7231544859915	30.6623447610699	0	0	0	0	46.9553697207942	66.1676972827012	46.1432489537616	77.1952833897877	56.7857819598502	114.16038459135	0
"OG0004873"	0	0	0	0	53.7850090589385	9.35096670423366	19.3913688431883	14.9528091411299	14.4014254810674	0	0	0	0	36.2157144556126	47.831326075204	33.994540709435	118.7368304778	69.8106309004183	19.1774655255859	0
"OG0004874"	0	11689.4744808375	25030.4838696829	10345.690727596	6355.00754636972	5435.71173425031	10843.1134649375	11550.3665870633	6383.76532288429	0	6.82969206272842	8.79654488618604	31.5322278045258	19311.4886190763	15175.3592552596	19294.3753671831	13896.4070893955	11615.9372490816	3080.59117087791	58275.0480558491
"OG0004875"	0	319.653204907339	130.122515722968	33.3645949235699	32.3774447413886	55.0076777638234	52.142926339144	42.5766812297025	52.3375762923775	0	0	0	0	21.0286480845584	15.0234591237566	20.8117045485258	74.8653534058682	97.3122192156545	205.346998334399	0
"OG0004876"	0	149.630707570169	352.562674159547	185.187078735048	87.900122058944	84.1355591885942	98.6259850135519	91.2321748463719	79.9316996968357	0	0	0	0	175.087972144758	125.349775576636	177.51286375916	110.376144011071	112.427470169823	48.7618885524609	0
"OG0004877"	0	236.382149659342	213.529317313115	72.4387311078318	134.595845825465	557.238880169633	490.178031232441	469.4735356645	499.702961973648	0	0	0	0	294.549661516009	324.724416767492	298.057664853411	152.383749841768	158.351212366616	213.794477934877	0
"OG0004878"	0	25.4499658036981	37.8513580611382	110.171741056828	111.568617279099	2139.08698864907	1763.8686258435	1609.56080476996	1943.06716136762	0	0	0	0	141.54752054759	92.6351931765349	142.198108489391	297.125785210598	281.839113386603	65.0447051171031	0
"OG0004879"	0	58.8253822383974	85.0773871336607	100.621278063062	69.8676483828705	17.8772871693801	17.4996306682565	17.3038155145652	16.35969742155	0	0	0	0	104.538343010697	89.4638162741476	102.148408535026	39.2035153719389	31.5628629420145	109.024423531048	29.212345018874
"OG0004880"	0	8.11492222691387	15.5095844319405	8.78057309777663	31.2859814580405	15.3008503630475	21.0366065667237	22.4862301985795	20.0242344334366	0	0	0	0	38.1491178090217	45.9670646965697	37.0121948202323	459.959350467886	394.639359689047	23.1690882957099	0
"OG0004881"	0	1.83475291766176	6.22228861668648	0.129568377403647	35.5388346340526	51.092772408329	37.3029404724108	41.2155303331476	45.3325021179961	0	0	0	0	24.0923979816449	27.1864004965959	23.3467545222325	13.0723657651145	11.9340669995603	9.64069164283687	0
"OG0004882"	127.44170966309	41.0057186464517	21.4265469809768	22.0474772605124	55.571081989603	68.3679457355761	50.1081771647935	44.677742393796	68.1506300712704	0	0	0	0	20.6937347008892	36.7268903442244	20.1936774106897	144.644070888057	135.616763350998	32.1582630804479	0
"OG0004883"	0	25.1516543391973	50.4181881971567	21.7558773979224	84.5542994861688	124.140890769723	128.618910460601	131.115460989784	132.936138477598	0	0	0	0	92.6367089518475	108.56332182858	90.4801172741176	80.264554219934	59.06605879716	201.196502576939	0
"OG0004884"	0	22.7325988130565	20.2506885753702	6.57765362249442	11.7978269515535	167.598526693626	161.77233838944	167.115975089873	145.588480354866	0	0	0	0	15.1801502848173	18.3888512137146	15.0247736640245	52.2604131971002	72.2102489754745	28.1358778123568	0
"OG0004885"	0	70.0423444264723	44.4276753476292	149.914986347205	100.070486581587	NA	NA	NA	NA	0	0	0	0	96.3465614287797	94.5211971230118	96.1104757290244	68.9110286169691	52.4603717801562	58.9658934697595	0
"OG0004886"	0	20.9022110394017	38.5941092667693	29.3524804308908	41.2104272953387	160.55296232522	152.28431192387	164.96383816561	170.954090919815	0	0	0	0	408.093484118241	284.592342455724	421.726276860059	23.0540249077553	23.4108295796937	204.487157662506	0
"OG0004887"	0	31.1692182980553	33.4568969385674	11.496691153022	30.8753460694339	52.6958935762127	52.1990170754673	56.6386711551608	49.5765040264467	0	0	0	0	39.6610144944132	44.763956086387	39.7089205821034	126.10987008763	104.580093024404	58.0598868557513	0
"OG0004888"	0	25.7285180828154	12.7436346847543	84.7450361196102	51.2255328937578	112.790184682885	93.9330374825766	88.9703518215453	100.660333837986	35.5511181397569	37.716098962861	0	0	29.0127389724602	31.9557965667341	28.5978327568911	5.12460685943283	9.34838749429399	6.9846096268057	53.673664923686
"OG0004889"	0	42.7849056740806	35.1452971127032	4.88017186401151	90.1807294347025	62.8570224907043	75.8102970897659	85.2523987206138	72.8463957906817	0	0	0	0	107.200030361854	171.694803541592	106.014463027186	26.4668988796213	24.0709346181646	204.836065648106	0
"OG0004890"	0	1342.93049290198	1723.43561435968	688.508196489671	247.937264007446	198.748012280154	195.677402556948	178.422337194309	195.739048232454	0	0	0	0	101.33835245795	113.229336456278	98.7274224569247	217.2738214957	423.866730573095	12.3059313837318	59.9519746706232
"OG0004891"	0	35.1021280230661	17.9647559991113	16.5027853225175	264.082111679648	6.40382755085516	12.2746359761768	9.47589379741286	8.30069631615653	0	0	0	0	191.905785056266	201.56075214224	192.556315021216	38.8477663531041	32.5929701499496	21.9569215828867	28.7795907571003
"OG0004892"	0	155.063367423418	59.0554077284052	67.4998773021903	410.898472370193	62.4197269076621	74.2659004599836	55.6092591321063	79.3538695753704	0	0	0	0	169.194384514987	201.343326463814	166.362546034736	279.654061338712	359.868903642325	124.279426419025	0
"OG0004893"	0	202.523668805507	205.725952393339	329.910243947889	230.501387574467	383.862280366063	623.704541589027	654.450740309714	442.7134445097	0	0	0	97.497775800614	231.459971337993	273.221098611411	234.909837674327	845.325562646825	718.486862816676	253.809696069691	0
"OG0004894"	0	86.2071908930322	61.4129699652913	98.8257272155087	108.85967665072	83.6514263629013	63.7932506899754	55.0064930774733	80.4815500137251	0	0	0	0	30.4649783442735	37.1675794316201	30.6691020017835	17.2349347498632	42.3311280949267	55.0284712912917	0
"OG0004895"	0	1.48979431367469	3.89119780749068	2.27741149151547	45.5236307905397	59.185126952233	42.6517286418722	41.8065493261996	49.4176793380005	0	0	0	0	64.9643865727262	41.2617943093973	63.118963693948	22.3370655505762	29.6829440219242	56.7536177459884	0
"OG0004896"	0	311.677096519868	185.736035955238	233.155987507166	348.539399027987	94.7866478369285	117.575826050961	121.833647836228	114.982095202948	0	4.48485045371379	0	0	241.399157255996	334.055195080628	242.878902193225	465.290873321498	490.947217753477	299.827316778615	1812.39912123585
"OG0004897"	0	1577.88253128183	2041.86285827993	871.278057765	124.542757508676	2440.15929830252	2545.81999253402	2643.05104977672	2669.10359142944	0	0	0	0	1666.96407931323	1777.74382922453	1682.83769594328	954.024671140512	1116.23610605199	1191.76047860178	0
"OG0004898"	0	95.5132848499149	78.1681218236016	193.48120215673	135.278767428492	174.686266778163	126.206193921175	115.021887423641	140.900637007087	32.4408609397942	47.8996833039307	10.6227207377241	0	144.750771441893	111.62628373515	143.706341888793	154.196129109012	132.774223879142	110.534471546336	0
"OG0004899"	0	100.554245623929	151.397452774587	50.9672141902595	145.71716384073	277.755392847765	274.296602848284	271.468027542201	275.861381568601	0	0	0	0	253.617807504441	137.669769771713	255.217920580468	109.539808629426	86.0096236845191	249.847415307008	0
"OG0004901"	0	369.403239932644	323.666786582962	514.982658230342	150.995007802486	805.765688464853	780.250662970099	807.444014145019	752.542957864899	0	0	0	43.3195510006602	199.897090316973	110.099598060526	195.217699157072	630.563899618462	841.551600170946	218.518257034683	0
"OG0004903"	0	15.0737254876347	36.865615166704	38.0896415503505	113.346351002549	29.5846000349786	31.7498013915478	33.0126908019825	34.0329366349967	0	0	0	0	33.1173702535476	48.2544424022886	32.5381116070268	80.9125989596982	66.263058369411	17.9554441597343	0
"OG0004904"	0	846.415353465113	1212.55468899785	627.519468654484	NA	87.0712110087633	117.136607064836	152.375293361193	101.827625866483	907.735507172312	1593.31702694002	1200.62070719755	0	329.197380600775	310.143135948107	322.058031156569	116.558333212302	85.1368959365522	198.543292615191	171.075469721984
"OG0004905"	0	32.1973117113451	18.613783817877	18.3420792169938	15.5344385315182	72.9972411290932	66.2306783903555	75.7348908570427	86.8922576877571	0	0	0	0	42.5023034988912	28.299475445328	41.4742778182079	23.8216154124227	20.2608529991806	9.16669171023621	0
"OG0004906"	0	620.605034395447	131.571253444513	705.281477035029	446.368192707182	337.859117996203	404.541193971814	495.88694846099	425.013860266777	0	0	0	0	180.326023014862	255.661026428912	178.50923376567	1883.65812645936	889.694037158168	629.326132653387	0
"OG0004907"	0	695.762100774145	531.232099588054	453.469995443227	188.925383465951	137.070522482033	157.392914942756	152.028992462453	154.754727209879	0	0	0	0	81.5941402085242	86.5267229863491	78.9254885707459	88.5067861102825	120.310199270857	473.783618527657	0
"OG0004908"	0	53.1327874745981	31.7645512691145	184.064267727855	62.9213491164524	214.640932005572	172.290030514658	157.925975143215	193.831454320035	0	0	0	47.4451696439349	20.4689792404318	23.4444450022081	20.2124244421711	214.566866533791	319.630543773725	17.1451430949569	0
"OG0004909"	14.5837152298287	25.3165475179063	23.2739798472305	14.1607224665591	19.4727750681396	26.2078956633698	20.3972876136212	20.3071209260733	22.4609044437974	0	0	0	94.6063308176252	71.7073972312938	59.3306425794123	74.4264093155652	0.653011014441465	5.58683911416197	32.4297987226766	0
"OG0004910"	0	771.689705717502	802.846947890538	1194.608500816	858.371068793345	818.2654971915	651.379140476662	601.778228715544	707.617431598677	0	0	0	74.9631056835517	577.978089877534	632.356077639404	572.886369032398	2013.98240911092	2049.15491121095	468.664215060057	0
"OG0004911"	0	137.509295926235	166.179977594254	97.7749124781975	63.1248115216518	330.142071831501	305.801805169328	308.365011793129	343.990633811656	0	0	0	0	204.87570124198	140.431373731117	196.727182358572	1.80801451314992	17.108416164797	14.0745752603574	0
"OG0004912"	0	208.499127965273	289.59166629108	359.729198042791	229.433431921579	73.5239270325877	65.4674641001805	67.7467433935192	63.4971798765323	0	0	0	0	621.634757002301	752.77535365349	628.06929769958	78.0638694544595	154.22574512647	635.345905163218	0
"OG0004914"	0	1667.38115595213	1309.57947671527	585.774000423749	244.143924990954	1563.17965482037	1807.21500362244	1885.48233431784	1602.40340805879	0	0	0	0	3475.12869558973	3644.35817068016	3428.82511459882	2765.02322117258	1124.26978119049	3239.39757272085	0
"OG0004915"	0	698.514468675362	453.254306680054	1238.36381787873	334.905631070286	518.562638590263	506.177472376662	545.289162446554	517.249128861145	0	0	1.7096810149852	0	236.152088419887	386.167066861587	235.46549274409	685.701655708749	480.067445237523	685.03155646127	20176.3473198011
"OG0004916"	0	165.252002858799	217.249420439004	258.403000471806	131.0099593184	30.9403828254995	21.1074330049624	18.6955394193353	22.2682776363849	0	0	0	0	54.1450471725361	25.2904783650621	59.2901949644015	568.648650365814	370.561545463887	4.55010637679526	0
"OG0004917"	0	182.77734768271	100.24626675495	144.404816446383	480.415616447176	107.664059353345	127.236334926047	136.702642017159	117.715753547991	0	0	0	0	110.781550245624	106.638657809419	106.85599644035	1087.58517646631	872.576347728782	268.272953050394	0
"OG0004918"	0	174.759805766996	156.919060422156	31.9515656714826	206.204916891496	NA	NA	NA	NA	0	0	0	0	95.5128851560091	121.758796899226	96.342452885244	227.52868999598	216.810534709264	286.627022364161	0
"OG0004919"	0	37.7841311307267	53.2063634586164	12.3538830907679	82.0070457541723	120.264054547473	100.325547905439	101.386180863912	104.212133975999	0	0	0	0	74.1713136510424	64.859688228763	72.1130256307633	7.07800648172141	6.16655062615859	13.2182858147809	0
"OG0004920"	0	57.3289507150136	22.717365424818	52.0404587423746	107.257332103008	109.565851184672	103.501825057988	106.75420703382	110.303934753831	0	0	0	0	22.5760616822197	17.8763222994198	22.0165832051789	40.5085552858058	69.957508056484	107.669186787997	0
"OG0004921"	0	295.348054072048	698.929197105773	953.487991674214	250.640723724084	330.184802491266	314.472102038281	330.48407610158	338.863727597916	0	0	0	11.1004141467672	359.612205180262	362.976980118797	346.424311740864	22.1220286655536	50.913912972282	106.353457437718	0
"OG0004922"	0	110.838394655279	203.716424945329	53.6559639449995	63.5506235548714	14.8632773081887	10.6317749787568	9.08931187363082	10.5478833173718	0	0	0	0	3.0437300125532	3.19905251066032	3.4300540866626	5.90562140780218	4.66430068783333	7.56175936680326	0
"OG0004923"	0	262.237192668095	275.514396718079	1636.71389315673	80.5773499263265	116.646931945609	155.344177031288	172.134729997683	137.060801803836	0	0	0	0	53.6302600515318	79.3192702369089	53.7114949962433	7.54280429544643	24.9935298195826	248.358252941494	0
"OG0004924"	0	271.887904470714	300.532262481514	230.822365515065	119.625009448355	136.637111504424	111.094969279507	106.183100342446	124.104580386085	16.7474120127521	23.6144130083094	58.1290109062915	0	168.069219833314	150.596768806013	165.149543664441	76.130040904555	58.0518286015827	152.158062275077	65.8070483468956
"OG0004926"	0	23.6442318995863	18.2221408982913	46.2181800021652	5.97912315792205	156.161138411266	98.4617871922084	94.3732254249877	128.162595189063	0	0	0	0	16.8567289032723	16.9823372280174	16.0588460338472	1.60740732796462	1.91549688844142	128.305362913433	0
"OG0004927"	0	69.8597433796725	73.5600428672718	58.2215660000812	68.9852215924424	31.1680761982434	28.1706555811475	28.8810602676186	23.5535881198444	0	0	0	54.1798211329977	193.809963262919	152.292093410944	191.839067483428	76.4544876255296	64.0220509688796	147.054950058204	0
"OG0004928"	0	132.417519015386	69.9586113120002	34.5980813610414	78.1633371587729	79.3840041632243	81.368237157382	68.747857272003	77.3231519476242	0	0	0	0	105.423491058671	90.8565319896534	103.580126272604	3.42341000327582	8.44343042062416	91.7565855668548	0
"OG0004929"	0	153.031759014042	109.341934671119	72.793828941762	75.4672218638694	28.9914207853418	32.3035106699739	34.0222521040632	29.9965511640954	0	0	0	50.9175410433332	50.0078818448578	73.0103514418182	50.6748924969598	783.826419951121	459.355883191791	184.745313494563	0
"OG0004930"	0	707.967307190655	615.35018741961	951.917413832367	345.705767657482	38.0760700399537	46.5479093441279	49.1464729452809	37.7902156957583	0	0	0	0	39.4633129319739	77.4517921496075	39.5088133794022	37.8926126655713	24.5839921753019	18.4987373958365	0
"OG0004931"	0	229.46285853767	320.091798469017	76.9399090414521	82.0862449288411	61.7280451631141	61.5236605972184	61.2773644489981	74.3973572276984	0	0	0	0	241.568417541032	196.232929490622	235.799467638258	207.652933527548	127.411438192459	147.533033901069	0
"OG0004932"	0	18.5965987674613	9.12537399830113	4.22416113169475	47.2902382631532	10.840601899107	21.6634511030435	22.8625969703276	15.7873626594554	0	0	0	0	47.0778753205373	26.4445023837316	47.8897779533266	282.442024979943	213.57653099656	31.7172007719332	0
"OG0004934"	0	196.4665927076	104.428065724467	31.334439010891	293.796052550996	272.811400018675	314.013733430312	340.864409317377	351.271670597911	0	0	0	0	186.654554081999	179.920642427572	197.82631387098	115.09614059087	172.108952010161	376.23156478319	0
"OG0004935"	0	27.4334025894825	28.5744819491076	4.91836267286112	42.1604885366604	30.7074174882392	34.7287219981208	43.6420998524796	28.3764261652058	0	0	0	0	23.8002158830503	24.0095730600782	22.3462254520714	71.8358503352435	59.4464518955908	44.8930050419024	0
"OG0004936"	0	51.6474473508765	16.1330965037211	29.8183405879324	11.5980203140065	55.2613979929692	67.0892740948642	67.855994806762	70.7031427601718	0	0	0	0	162.532188705627	191.619930987253	162.738814282836	170.874788073934	113.924515724961	125.866513850217	0
"OG0004937"	0	19.2442784321496	16.0142395150379	16.7529734646681	107.524937618801	940.145603093513	568.699018410043	500.355461668815	727.367212443409	0	1.79040389110192	0	323.971572298365	29.570402359685	22.4561291348386	29.983204916442	10.6847779494585	15.7401753085436	268.334490762429	0
"OG0004938"	0	98.290334874737	118.039556934321	53.7360324941824	119.491549247443	138.411821243725	144.388148703931	183.111309321562	140.688116244242	0	0	0	0	226.160875774925	207.967959257715	220.449814862006	527.245320490773	256.96973176233	357.743880579264	0
"OG0004940"	0	283.663453792091	307.075056125251	133.491754473419	599.655591845671	350.911947195106	576.305153137444	661.865781520188	533.239115606501	0	0	0	0	326.641827772612	233.886291499656	310.927154798127	1151.2608765368	1140.09110608045	123.015811314941	0
"OG0004941"	0	34.7543254027194	21.0226039634101	62.7488786422462	44.0503617143467	40.728756101502	35.5816271412447	33.2877029801453	33.6700794390255	0	0	0	0	86.7035810095885	99.0865406831643	87.0653802065097	34.3199401966035	35.5755548421234	30.7656052900863	0
"OG0004942"	0	261.418119507439	142.644447422747	371.591406646224	30.584583701532	206.240361767731	172.930592155986	178.415961780274	192.863221042183	10.6031972098781	31.0526853598801	41.6691462459241	0	35.8310149626933	33.6084104288076	35.5359702412488	40.6590180588736	61.649514611428	203.95935665121	411.629422089448
"OG0004943"	149.030465768388	124.216053796251	105.997052202712	492.148542333573	155.486710890837	243.071970710005	187.081958979338	166.209941817981	200.625258963281	0	0	0	0	23.125394549924	31.2808238647497	23.0684999716339	183.978022349945	185.461752791659	66.8031392180686	91.603194444298
"OG0004944"	0	205.740019147946	174.731835353771	130.654898246582	178.274601723719	84.4119211179787	105.65566179828	106.4614451234	122.04287748262	0	0	0	0	31.7079315357782	44.1256776906793	31.7485838478611	30.0793391081106	42.1229527674273	56.9137285620868	0
"OG0004945"	0	104.513237508968	179.99828553149	225.315956101225	21.8456809976298	28.8457480816	32.563388694077	34.8627200384327	38.7645416546512	0	0	0	0	12.8077592831327	11.4804570604303	12.01940233052	219.38345264105	184.518094032105	53.3047948178993	0
"OG0004946"	0	177.916514557815	191.238843325193	234.018527922903	73.9665482289675	NA	NA	NA	NA	135.217716459656	131.171800805531	77.9307832496503	0	155.730283792143	203.150521047947	154.180586111238	87.7912089252332	125.948911891626	96.1938428493761	67.4369692670675
"OG0004947"	0	32.8146063233211	44.8310674124858	92.9325463247108	40.8914108274078	59.5050519568318	40.979647494525	49.7189561465038	52.6749687223865	62.0598373084314	53.5532087573717	151.060786575367	0	62.1714531316969	56.1357967737844	64.2223375901469	0.568363728918022	2.65182816183076	238.268069266674	61.0870765048099
"OG0004950"	0	28.774608984607	38.6685210248813	38.5356498278614	NA	124.954771102324	101.018737053609	107.301116131015	109.978488757237	0	0	0	0	31.3970198154788	36.1919219085425	30.8774023515766	0.770148735539094	1.06579143919292	4.08086064842587	0
"OG0004951"	0	628.870434611233	632.734854509083	501.499002055292	261.7439547306	253.452635325831	243.490565443928	218.110376282888	223.473756007814	0	0	0	0	599.454722765683	458.511440471952	591.609793140798	385.827530337071	224.741920061844	601.591055121181	0
"OG0004952"	0	14.8984616687555	5.71165820956777	11.4561996930368	91.7904732132659	30.0460911604328	41.8467450878807	42.6415945362446	33.2067464504425	0	0	0	0	54.0224722038237	66.1084860157546	53.0686801167819	73.1935313447627	54.6122422904584	57.4856091700372	0
"OG0004953"	0	7.28153758282283	11.9495346280488	4.13422100997019	106.59989673958	69.7545833921085	60.5827486813646	69.3341490404435	68.7233043635779	0	0	0	0	44.3905214507476	44.4858775789822	43.2467631564389	92.7937020894377	97.1376358160016	66.7310049335138	0
"OG0004954"	0	294.411585264663	371.897115456817	137.258073759006	136.714492259254	968.426585039501	855.723261232098	849.277597400165	903.411930144964	0	0	0	211.57520540671	523.078100212357	646.239153971987	524.143392846319	200.623497059437	169.385640225873	397.641464342342	0
"OG0004955"	0	111.747796091819	61.274813793434	143.653883915749	749.221451911485	146.342520707248	182.939325360208	187.055372277089	165.014827233894	0	0	0	0	609.566637417187	584.98348996134	601.955377180521	1350.61253275056	1455.9593155013	407.288814534523	0
"OG0004956"	0	29.3408744360189	21.0610686996161	110.182170675309	88.7521297892051	21.9822607192805	35.6206733559975	32.8241089527313	25.718847738223	0	0	0	0	80.5939090405196	72.5504812397778	80.3676213258133	41.392417989806	40.5913501079246	58.1468919005066	0
"OG0004957"	0	1.95559161692692	0	289.100435196295	68.7642695973957	261.468907097609	266.871710463796	278.255670053284	249.54841883389	0	0	0	0	236.609923617115	152.221802369699	237.960236600112	841.524589290116	678.732945276192	201.796659824435	0
"OG0004958"	0	118.427940251162	262.543118796214	78.9814148330663	142.355172578316	112.675200362065	111.990655492708	110.61198455621	91.8360062144654	0	0	0	0	132.255408375002	113.089350060579	127.678393740165	212.413182839545	123.00985476793	72.3726606212909	0
"OG0004959"	0	14.2562597762052	24.4151368369374	433.684395677763	54.7710250812864	20.8617185349165	25.7652050329885	29.2109154960631	19.8408252425428	0	0	0	0	52.1440298847727	66.0420073699674	51.4449094566949	63.6330224749086	43.5065616941076	252.749655014203	0
"OG0004960"	0	19.6961272243727	17.8504454526182	23.9437659524526	15.9008374814568	2.24267705695556	2.01413277922854	1.53874240138376	2.06982019059052	0	0	0	0	24.5351801125398	25.7844218515024	24.1472180497623	17.4287055829954	14.0933750465631	0.614349279566654	0
"OG0004961"	22.9059237877142	38.7818904215181	33.3403595632465	43.2983157211657	101.610074689855	126.942246230633	129.60531970495	129.135170452929	133.751010988392	0	0	0	0	115.798314103734	178.546988689352	115.369231736393	98.6944858947858	65.6866965876842	144.493184174107	0
"OG0004962"	0	258.645839977095	161.035910217529	279.856725687264	717.56370569091	128.37261344547	200.735096102442	217.723214776012	148.78132187478	0	0	0	625.344730384778	288.400796079298	321.10377288793	310.846611996207	506.978191071927	623.611903560295	418.868919649482	0
"OG0004963"	0	115.923015824411	94.7745771869363	165.873511231895	270.143177929305	277.975095032189	200.038579537711	185.008719475957	247.713886793195	0	0	0	0	33.1059521212046	20.1065736419578	33.3373531058379	120.273296664729	292.172094479851	159.90939054169	0
"OG0004964"	0	83.9715919915052	372.605989300329	221.303007013911	83.5800674240658	84.5706349971032	71.3201182061052	66.5622204448992	65.2934204543363	0	0	0	0	194.62435496223	153.523973693094	200.130810074191	31.4472045438487	101.770293854055	0.78381113597238	0
"OG0004965"	0	257.289256536409	205.41753660069	505.03779230256	180.630242781222	139.381918209101	157.040908223775	160.610719951826	152.504773666189	0	0	0	0	147.167839116882	163.338032699125	146.40471104287	182.551475220279	176.554346878614	176.898124312568	0
"OG0004966"	0	140.906406526844	77.4890039803004	42.2644951269088	129.840332752702	181.841987457779	149.280673365697	146.726604077955	198.384422434565	2.03793826878413	0	0	0	130.500373452295	140.778659129808	130.361996579999	384.065624601196	303.034200480512	74.3959718151416	0
"OG0004967"	0	97.5426117184532	113.548785464949	62.7083878706159	95.359368893932	69.2514159997934	60.1956818568578	65.6818337249218	58.504450972825	0	0	0	0	44.5058126776859	41.0454408671939	46.0442368541599	147.823309272733	165.57413929603	36.8202242081485	0
"OG0004968"	0	8899.77227500757	14845.4420125061	9949.91738163506	1428.13924891104	478.159412424056	811.366761272822	815.364741605118	546.590826846234	0	0	0	0	3973.1840212045	3005.34112335265	3920.67084387523	2013.0003394398	738.566319405485	1178.73635608586	0
"OG0004969"	25.4463909647283	59.4320646883641	67.7872674848347	24.3203978810113	15.2639829416197	3.80018185818178	1.98349338427811	2.61567299336794	2.21144830251658	0	0	0	7.38186042968621	56.2254919301217	41.0708171244567	57.239061419989	25.31969601196	29.7410627883561	6.44556454518464	0
"OG0004970"	0	356.28230598909	247.528725424853	87.5478126478003	102.684333391246	431.747256596452	375.650390377702	398.266318959615	444.111805978839	0	0	0	0	93.8749450534414	76.6327228130718	92.8970956662166	25.7052492902482	41.3886616122474	538.41473894987	0
"OG0004971"	0	987.435318501822	1386.52569116879	802.129687235839	386.87289575006	258.564887064538	256.940390624476	233.290164653255	228.25107185427	0	0	0	0	962.348773882438	1026.80736069241	940.230284902981	3615.41432343164	1741.65629620706	341.332775963936	0
"OG0004972"	0	16.3488475497828	8.42871412533994	1.54423385257856	57.5342541404681	63.7036444976703	72.8004790436928	66.9046816056409	73.0807345135001	0	0	0	0	6.02622109902869	6.27317758767827	6.17266147224811	51.17140705069	21.2284329963682	72.536904838431	0
"OG0004974"	0	30.9533015697082	44.3365330993985	41.5365077569337	80.679842975898	82.6450915782709	101.316167350335	100.900055543714	97.8155105182026	0	0	0	0	17.5526384030588	29.3936285446924	17.5792997204368	134.988507373492	99.8673821104124	78.8407754535856	0
"OG0004975"	0	52.3421765358897	38.400085798119	42.3796503850787	276.857294812997	124.37063743391	105.572815916543	112.418834852147	108.657213221604	0	0	0	0	67.1479829876265	62.0383964529808	66.4139974938747	61.1285629488207	82.990191959378	158.806401842936	0
"OG0004976"	0	222.746831963338	210.25903361044	510.762343787346	167.312230148966	451.642540793972	367.10368326675	384.342559602105	437.280961104412	0	45.1487967910605	0	0	1078.59035569985	1045.51966983321	1056.86042809012	297.653192996935	159.937319111864	1098.74054427281	994.07187057322
"OG0004977"	0	47.8247256776759	49.8616665592787	33.9748503061035	102.776138662921	50.056082206957	50.2613741332781	41.9570344541951	44.3314915994133	0	0	0	0	8.22849359874443	4.14438464978663	8.82964513823472	5.27485381965933	43.0618234944497	47.6817519950538	0
"OG0004978"	0	56.7144384317183	36.3804448358497	170.047567249393	45.3060385943906	69.1663431408081	42.2545233828217	38.9205913792803	55.8392645540362	0	7.01663567477101	0	17.7919646436448	33.7451594255042	47.7232684914603	33.3590927190113	85.5965447803127	81.9074342446424	185.308267207361	2.51137318390684
"OG0004979"	0	397.545527630972	269.349328323814	258.910984242529	587.189258088971	99.9114967961118	90.1981142083687	92.8115387778653	98.9114385940611	0	0	0	0	572.711597730027	574.251001062166	565.127875337105	135.811748492856	151.42767947458	93.4507424714909	0
"OG0004980"	0	3.94031078422156	0	1.25383813238776	46.258209986733	NA	NA	NA	NA	0	0	0	0	18.7221298560992	22.8899797378827	18.6147607592582	0.288161065274551	0.112505516992606	0	0
"OG0004981"	0	57.2200071400239	83.6701240990331	24.1486159295592	56.8619929107789	58.2467727626822	52.1840776541705	56.9225944233958	56.4501674332697	0	0	0	0	143.028409303715	122.289732535338	145.447802246513	26.2409016120964	44.8751252221187	90.9295937383897	0
"OG0004982"	0	118.8777481014	97.3977815460707	57.2040646912124	133.406762023084	78.4801286216105	69.1831018960648	74.2272068647154	79.9826292287603	0	0	0	0	160.255499133957	172.743807979148	161.730640589838	357.396977087904	320.550261786613	312.352993607782	0
"OG0004983"	0	119.809786208331	103.118529991948	205.658700154796	100.856421920801	103.525567207993	71.8210098396013	73.8966633813467	84.9147708522669	0	0	0	0	66.87249106304	39.31096772641	65.3802514612666	2.63498390832168	6.67838751887551	60.3529763680207	0
"OG0004984"	0	9.89374628213681	1.02087111919254	1.20786025135659	90.7529366205453	41.0537310931638	37.8336769952701	46.009769239871	30.5736896499419	0	0	0	0	23.6904048046849	62.2409299616515	23.5424527008631	10.956587591082	6.52169773487263	1.77418378967942	0
"OG0004985"	0	29.851835877213	16.2794177146137	83.4725312523873	16.0936833610917	80.5113666048416	61.8063891452595	60.5927246742731	73.964921488483	0	0	0	3.09684887589711	43.6076169974061	33.3294556411156	44.880937072489	36.0436543341579	56.1420470721326	6.02887692503484	0
"OG0004986"	0	53.5814680362491	36.713355745604	155.326467516919	67.1441833383754	155.464129207838	131.634636368733	134.140160262254	164.047166127327	0	0	0	0	40.3117647952005	40.0038229458365	40.2369619688288	82.2446491632331	80.8277518199477	71.5616493112502	16.6679852015734
"OG0004987"	0	429.346058649399	228.434596071915	901.898190611335	184.826209574266	310.149628102662	331.61400147294	348.260664790813	328.453857024463	1.50274798883954	0	0	0	76.3736396876475	117.735051773685	74.4030796763884	385.869916682314	348.929621942732	391.488520845641	2.97310578273669
"OG0004988"	0	150.008509991575	139.347525280218	159.988138873753	62.1987566737591	35.2513514520817	33.2040182418661	32.2084975245167	33.0623832340242	0	0	0	0	96.9382787367123	104.585921130363	96.5027747211347	52.7651485107837	41.3912164912668	35.4910445881952	0
"OG0004989"	0	110.433835982233	73.3017307232484	348.9412914916	82.5384201475387	268.088829699272	198.504165157614	214.216809504436	249.101999479983	0	0	0	0	10.1791331827329	15.2325451871196	10.0357025526806	0.71444841114338	3.35432905199845	71.3161707921192	0
"OG0004990"	0	50.7540685533999	43.6305355764552	37.2898125142502	47.7740931517183	47.6051181561141	48.6754866561671	44.4277247365674	52.9269755914651	0	0	0	0	95.5661605244138	60.9191009741804	92.3694014467408	138.794330456972	146.899866101467	113.4306075833	0
"OG0004991"	0	204.722659347232	159.635791592058	53.6403254069449	70.1359390126311	91.3779065693691	110.818589985517	114.828161774429	95.3976781470574	0	0	0	0	324.687010218387	275.858978424488	315.844431722242	323.827168379593	284.723287923959	136.17843165721	0
"OG0004992"	0	28.7323252708215	12.0166178464859	11.3106758398781	21.4519597026583	34.5375829509283	35.1781948597718	33.6143415224173	39.4599498313004	0	0	0	0	11.8355254311283	10.3860910738001	12.0161250716833	1.75461419930761	9.0540597537604	67.7201102433291	0
"OG0004993"	0	15.9679857895259	14.8255768436716	6.78268765169187	15.2178884738712	97.2236828025755	83.0452551044032	89.5044376427824	102.980142311147	0	0	0	0	79.5786941751512	75.0982336414965	83.5582966504937	96.1597761979643	66.1715937005197	27.3173645367225	0
"OG0004994"	0	114.686835516103	96.6118965389305	173.920636747668	266.242687088261	141.733713832673	161.042887191395	170.498856714513	150.185530808695	0	0	0	0	268.829728777188	225.827244914935	265.088579822662	185.420816064294	177.336991484863	113.917125588666	0
"OG0004995"	0	40.5566025179135	47.4438871595078	55.4465512757666	187.139630072441	16.924981696888	16.9025359522554	16.6545303085819	17.8164899136237	0	0	0	0	142.570643475456	218.934553065441	146.350645395966	0.362358247574556	0.283183736751952	504.26826854771	0
"OG0004997"	0	71.4689348736286	52.9487015997619	67.6124558310884	33.176232818637	61.1980739933105	50.3903285016533	48.8780535248138	57.3819892395935	0	0	0	0	119.189763011685	80.3599350594019	118.87562095791	46.4482581484906	74.0926270618138	92.0858286367274	0
"OG0004998"	0	34.7288886833344	15.9204343506674	17.2877061392597	58.3303291664043	42.4920284525204	41.8571958921424	37.2300199416016	51.0458147348742	0	0	0	0	67.7822234737258	92.5816409340952	69.0160854634898	74.3010895537874	49.8735445287039	22.1992927789908	0
"OG0004999"	0	40.2773367340857	30.0491065557757	67.6715365522485	84.7787428219951	28.661062840437	27.4321049174042	28.9622019007963	29.2392730375527	0	0	0	0	10.2319229683527	20.0167440739944	9.60632609830713	436.728565120282	360.979708264832	29.450852527044	0
"OG0005000"	183.587633510896	62.4136237373458	63.1912783533491	129.318680067072	65.6599354478725	138.993402171426	130.270395578497	127.787929550633	139.893364042357	0	0	0	0	137.082794946986	156.472623304622	136.748485304655	43.1037653240946	59.4995366041031	117.249738413164	0
"OG0005001"	0	30.5752166296783	44.4663331468513	28.144191862268	NA	NA	NA	NA	NA	0	5.88061538171097	0	0	49.5808594766705	44.407914094294	51.2042620067156	43.6447523453907	74.494131030956	44.0407995065898	0
"OG0005002"	0	426.001008662446	303.448108671991	730.238940553139	261.971960659059	282.196162790176	279.957692829308	289.413948677171	302.261490391272	0	0	0	0	527.223589816348	668.09251955755	545.677483007927	331.883776977784	285.353964541134	449.678471365235	0
"OG0005003"	0	0	0	0	327.543670418715	101.100186058645	84.7228163031079	83.4135989066123	105.161309548756	0	0	0	0	39.8294423518177	35.3155892008641	38.2803273497725	184.005908278878	128.120559058041	62.3191389191558	0
"OG0005004"	0	24.8999070490616	6.85904104153903	4.55170636762603	32.6637675707797	11.6161911210103	11.3618509162371	12.6621083886384	14.8588481289085	0	0	0	0	81.8789691963755	71.1869541769921	80.609458031923	80.1850187008909	92.590992038265	160.328102319575	0
"OG0005005"	0	63.4439469030638	35.476166776015	215.02130920231	72.4280563030473	55.0472452448778	46.5334452680542	41.5006852154576	56.1525754893203	0	0	0	0	20.6143696631394	25.3811716788712	20.0724813238351	25.5480696456027	26.334178928679	242.643308820609	0
"OG0005006"	0	39.7412264904783	33.8292412754805	13.9493693155761	79.7121880078851	71.5744100487968	78.00347204259	85.3827324689054	87.4504076320713	0	0	0	0	75.8168149712613	80.0787708944238	71.1533164858167	265.32491434198	101.866811505896	162.342091544345	0
"OG0005007"	0	27.9441566178732	10.4296311685489	20.8945749634811	503.619056306041	32.9133184306158	29.1250808826288	31.4728109687765	33.5929306295545	137.353256294145	157.308544868493	67.4582584097847	0	42.2531247693857	44.2192719991568	40.7994701201	1.34581130324735	1.0538213578617	12.691106271171	0
"OG0005008"	0	592.91023982047	702.787178049916	1502.93869846342	315.46483712216	605.09499933109	713.794684525296	689.366274857599	671.900110728214	0	0	0	0	831.565375035494	796.862132996769	815.223690316161	1126.44505501202	1030.21616822624	619.995285506669	11.6033834354468
"OG0005009"	0	13.2294626929368	25.0440304117186	19.5072516534146	29.1121367621003	33.2766400273388	37.72713175884	36.0083384718594	33.4078237875966	0	0	0	0	33.7482810291216	34.4651867391635	32.3886213893253	132.847110517793	95.3032326801361	39.6490423112492	0
"OG0005011"	0	5.87590102258635	9.21688163202863	5.83859858678997	92.4638032207448	9.89175927488674	12.9400513820263	14.3416387683741	12.7204365477297	0	0	0	0	30.5230412903619	50.7196923227434	30.7037451403456	67.4750972660011	65.9491867506312	4.26928871678167	0
"OG0005012"	0	129.066765176339	209.462014459161	120.020368437758	124.792687084101	191.397839351428	203.428741668708	207.125610347805	193.777437578212	0	0	0	0	265.090741333159	270.050436533172	261.383610934343	172.147113892285	149.422572570165	142.754858892159	0
"OG0005013"	0	219.657936793428	239.031888894289	81.7727054678261	82.8478176153627	111.543670293761	97.7472754154609	83.4824243990398	105.886898188768	0	0	0	0	272.736589126866	272.792978515288	276.509688001817	246.192742230698	207.02468568926	186.563674539621	0
"OG0005014"	0	75.0220763705353	90.1703713539867	54.1615251178062	42.1652572039213	3.46034492107649	4.67938665438408	2.76087304802386	4.41923093625389	0	0	0	0	30.2584738596329	27.973451668158	32.7143614763317	1.23398872822685	1.69245595005555	0.358166476510932	0
"OG0005016"	0	5.79708414883588	6.81132195545022	0.703091257154014	41.80015695602	31.0952675935541	29.6391327881581	25.150791025937	29.8743202874764	0	0	0	0	50.4052273008763	42.0986151122812	50.1621959026692	34.6037219586039	26.7854178760638	87.2096841718103	0
"OG0005017"	0	192.447658522376	194.909038577824	381.510535979946	88.6156550868346	96.8260656893144	78.8255476526742	75.1956902149999	93.86142968593	0	0	0	378.473907319663	199.909576731442	228.16293281934	199.259420277557	131.212510109654	117.898677591352	112.528104697956	0
"OG0005018"	0	209.490561165561	154.651406399192	38.2258400975732	170.269236842779	1534.88918333825	1346.94773101992	1389.21213653586	1404.42522723628	0	0	0	0	70.1785051484294	76.8102374765537	68.5526171852002	597.749435854722	976.351748487253	475.393788929907	0
"OG0005019"	0	69.4836002606931	65.3785809694439	58.5634734341679	63.7123104512542	34.6926342020729	27.4892142506341	32.7423877364595	29.0071978494865	0	14.2342920408047	616.645218196385	0	68.9825147491252	82.5443185190939	70.6283996043381	46.4392861539644	40.6706459826721	55.5441581818157	0
"OG0005020"	0	112.227956731708	79.4719022669112	94.2254679063187	143.137024638282	22.9046880265556	24.0427576639331	19.5825188970083	24.7797951958853	0	0	0	0	73.8287003117834	70.7485286993992	73.0023292574799	239.414036636644	178.824498824995	45.199564653678	0
"OG0005021"	0	765.731772939623	365.825295519715	830.823408198033	471.320043411677	255.747438238262	268.53202342155	303.997128700023	243.456366552196	0	0	0	0	394.729552187034	546.564670426888	409.131049042572	509.194637449407	439.733475534507	503.262037448983	0
"OG0005023"	0	163.994562738142	176.421441726855	23.0382910162092	117.879613104182	87.4879736773734	76.7376956199922	66.5281699381193	80.6818099633298	21.1993037503967	79.0168979949556	54.6871031730963	0	266.528760066271	195.648560749428	267.740937610028	47.580426863162	73.6694633960967	68.1387110453917	14.3422506278171
"OG0005024"	0	26.073033865134	27.4498406065401	1.51798188935487	NA	17.038378878917	14.8580693571484	14.7724139030832	15.6026707988687	0	0	0	0	41.232180027155	62.9281064989069	39.6068048072898	0.471997279472318	1.69883368508894	35.4682723494403	0
"OG0005025"	0	80.4005139020387	88.981426320725	55.7578447120766	65.4727793027168	535.050013935674	409.589360240908	371.680842432056	456.133690551653	0	0	0	0	250.92490411711	216.202733445548	249.463970584684	93.635857143208	180.024345712583	45.5572619244119	0
"OG0005026"	0	86.72810814879	48.1948851816793	102.947082984329	27.3519967653421	135.890157374	112.615259115834	115.621900821835	132.579002994473	18.7433355688666	55.2757349653486	42.979068574575	0	51.5772160368106	60.1202849885117	50.0779731279028	136.402202727216	180.833390735364	100.575612220701	3.62165631530957
"OG0005027"	0	39.8526071659081	70.2225831616244	50.4633409162323	32.1186908980588	24.3032014768407	22.3276441926051	22.2246208794684	23.4275846853051	0	0	0	0	51.3335228477407	62.9825600154602	50.8972878370889	18.1501024401698	14.0082124125861	12.2668678942499	0
"OG0005028"	0	29.7970788971135	69.8467130124007	47.4469111994306	178.175945312367	38.1205210249812	27.849118490965	39.8551763633472	37.8940867904983	0	0	0	0	60.5392012846099	62.1515769431203	58.4323446905036	317.740761282088	450.721347820523	10.3206183114681	0
"OG0005029"	0	22.1225977582353	34.3955052894801	0	84.4178247837982	46.2053283354723	75.1160893446899	79.7455623996625	61.3564418846359	0	0	0	0	32.4861126331272	35.2626862570258	32.261141575252	105.308179535459	92.4816053661789	22.6664566009321	0
"OG0005030"	0	34.565239981446	54.9843934930707	29.0235423089817	52.72428820955	63.0580230746864	71.8989528748941	77.6274759821791	68.6146546954721	0	0	0	0	43.9278304256702	36.0275540525205	42.7401767057422	55.6397028110776	43.0913465408951	35.1560751658872	0
"OG0005031"	0	155.698569133853	214.619906731525	355.046237994116	79.7756021567376	71.7805161142052	40.1127536205505	39.328842465994	51.2347947362971	0	0	0	0	26.7872437001165	16.8532302372379	28.231501875055	2.63290453961578	5.80632214695059	15.3471572108909	0
"OG0005032"	0	2.40643964237356	2.78775773105444	3.68877200464584	7.40095733861406	27.3362459046544	16.9200490284028	17.6181668952418	21.2829483835577	0	0	0	0	0	0.774392827270131	0	0.380705976380641	0.298855553906705	0	0
"OG0005033"	0	19.9631712087597	18.1589540298013	12.3992212558118	23.7294977678414	29.7959225705401	23.3753050642703	24.7115394884763	29.8270375615415	0	0	0	0	36.2506278578497	42.384723477618	36.2778666537618	8.97428602210209	8.63102477824581	58.0470136603538	0
"OG0005034"	0	25.7509736346431	19.6826616552153	11.0116525429576	29.6739302156337	23.8100230699249	27.1748752452583	32.9847983655777	28.3498296318674	0	0	0	0	26.8214426019701	19.9985768182667	26.5703760189051	2.28594538697059	9.00586338043832	17.926901178215	0
"OG0005035"	0	16.6475219866894	14.7606276695277	5.49902247918735	16.1940936642013	0.122091483931938	1.13834994958253	1.13126650705849	0	0	0	0	0	13.6885509598362	10.2566781186274	13.7946767783564	0	0.265556964021681	4.91467527045163	0
"OG0005037"	0	163.300422592527	218.166144629612	244.688601073951	28.65174017579	131.645948466504	235.25174622461	267.307345405244	240.851415308202	0	0	0	0	69.2513888740427	36.3917569560535	69.8887250622229	14.1060365290685	25.7874348185463	949.433672826632	0
"OG0005039"	0	49.0362757155796	34.1006360388672	138.704109686051	80.7404070506448	17.6797827302878	16.8229427899739	17.7278529958052	20.2979335105572	0	0	0	0	155.218618274756	109.444342591297	153.102145766909	125.04008416012	57.3861879919033	39.0938080766576	0
"OG0005040"	0	921.395081896897	1202.54323772625	232.850435193308	397.489421793906	763.111869252118	829.463832980028	873.741799803223	852.917499900533	0	0	0	0	1617.93409182827	1379.31276272615	1584.15193355631	1032.21584592271	685.176917913788	1937.44698054961	0
"OG0005041"	0	200.25032077376	538.386900611737	81.7430551054464	197.731016270309	201.113237551359	161.367480072298	158.286316442411	179.218507803971	0	0	0	0	89.4401868475649	133.944344585754	90.7377153733617	42.2976194915983	69.8392266204048	535.214196232085	0
"OG0005042"	0	69.0980198591587	84.1672636348368	99.9550094942153	86.6559550935578	26.3922312900439	32.5682779592287	30.8098403569832	30.7724405763784	0	0	0	0	80.5096257428481	87.2204598222251	79.9512289265769	144.894074303097	118.18870343334	58.1744139044598	0
"OG0005043"	0	164.155826192791	121.922589702777	141.948334540618	276.205066315724	243.443782944317	239.901980635527	223.177888618492	260.465572695698	0	0	0	0	120.196306755894	116.513953417484	120.835032914963	238.463490189544	202.325600796704	583.812728373985	0
"OG0005044"	0	493.535790371307	365.151160205915	1139.51526820395	56.3821390877853	109.479279977877	77.1722969668069	81.2466826134488	100.221773711726	0	0	0	0	776.544683363774	644.601015298916	786.990660905208	57.1450580007713	46.9164735585484	169.199065658301	0
"OG0005045"	0	400.652571426016	257.141203198138	89.5867417101428	132.082573746268	99.0837428726781	97.0951017693971	104.703134911595	119.250807365777	0	0	0	0	26.9037835685018	43.2428102989124	26.5546840592207	141.291939743996	97.9209427982927	35.584663791965	0
"OG0005046"	0	47.0872694551608	60.4565469837564	47.0861691013812	95.6210824296024	114.547580180827	110.154464802416	111.948648067038	109.343190003452	0	0	0	0	46.9043835283756	62.9545627363204	45.5532034962477	104.420437050042	89.7516698214704	333.101965559096	0
"OG0005047"	0	28.2086079422177	92.1977650950476	62.9298638865952	34.2995456801167	18.5693573744714	21.0765355654623	23.9397521507607	20.4822229649658	0	0	0	0	22.340207186678	31.7367923183142	22.5927905950949	53.3686976030137	47.9016159833651	28.5843444277415	0
"OG0005048"	0	60.2407153556488	69.427438257942	175.327776332849	149.823736963265	69.7883794593767	46.6649800819261	46.4678572278909	64.2004475488488	0	0	0	0	173.304495944647	169.619430764508	170.471617601654	91.954941844407	92.8923731373949	270.739279727234	0
"OG0005049"	0	232.176855070257	203.968242171938	400.686923324725	70.7165868025562	368.49367138539	319.985427561388	305.551135871148	329.920879047752	0	0	0	0	433.390959834166	523.625367822776	431.062992872284	225.395052703114	267.109497764113	619.671236105284	0
"OG0005050"	0	7.86216898468158	5.58522072441666	21.9196837587714	108.548086818199	448.901674189092	376.191604867408	395.677755965474	620.027439323553	0	0	0	11.1692230415376	5.19805272241869	9.88184816275708	5.39533317023531	48.5277967392274	39.9816897363127	4.06161851950809	0
"OG0005051"	0	6.26334813089577	12.1367738186519	5.0891139326045	24.1231916582541	18.5239074909039	17.2747244712799	17.2182545602949	19.7739880913875	0	0	0	0	57.440558795977	54.8709738558426	59.0209320455689	14.2046072256874	13.4533832260825	4.0551364527954	0
"OG0005052"	0	233.714821007523	114.407784685268	249.120640023699	197.539458404933	52.302383045838	76.7064586481899	83.2310302319627	61.6796243464783	0	0	0	0	146.582875289467	101.566384790799	149.864463996625	179.944262108232	134.306119876606	72.739324738474	0
"OG0005054"	0	428.086544400707	436.031641387803	1647.44290303886	933.785673904494	104.556707973032	98.8366308538361	110.758908870571	116.534188407341	0	0	0	376.345925966364	678.981390213877	523.255446326057	689.124213227428	448.267520026333	438.028330351989	239.574605379826	5.83351143104195
"OG0005055"	0	64.553605336502	69.7944753194822	122.502004129272	165.995989194175	158.468594038537	139.253062165473	151.69283426786	158.431084903249	0	0	0	431.098761256336	526.391855874717	397.322493381808	532.714257905805	338.360587080349	561.474407056179	231.380150654402	0
"OG0005056"	0	29.5228791710089	16.5821736506584	48.5450273240881	31.2228358738633	48.6260479583003	38.0797700079039	39.3581838601341	43.8280688953302	0	0	0	0	14.3390918729563	12.3977670624071	15.3303181010159	43.4236896748553	38.7947970316044	39.364722254281	0
"OG0005057"	0	336.357713561764	79.8296794319091	142.623192207037	86.3552722754033	60.6489017737945	59.4120413033825	63.5683839721914	62.148113164219	0	0	0	0	28.9249872263248	26.2676429757189	27.8896810010446	21.6909364528865	39.6715936609725	199.102610760047	0
"OG0005058"	0	74.7401666438492	104.561025962392	17.6789395336918	117.541440849714	45.7029378642438	46.0094790193007	49.2651425838032	46.7275311609721	0	0	0	212.366431350207	29.1638939565147	33.7032437658087	27.3804560792504	258.287960797374	201.276207895809	98.5052472781565	0
"OG0005059"	0	1.98710799240468	34.4631452151242	7.35367858817923	143.893664504236	121.017668001498	103.630555335044	84.9703590974348	118.156891320809	0	0	0	0	52.037895361779	51.156926287576	50.2323236870995	68.6733435079263	57.8278887242826	189.692793218114	0
"OG0005060"	0	72.038096347459	84.5890621286337	200.252969384365	63.0469277658009	75.0766593185676	78.6526578043945	75.8638046267537	75.4895127456365	0	0	0	54.5395513141506	70.9038270911894	85.8138050358284	72.7091812318711	74.5593356466232	72.4589238666875	101.807887752542	0
"OG0005061"	0	566.874747672753	790.757123046339	765.374484694786	482.81625579008	519.944448237186	477.641819570651	553.484467397496	523.292766649528	0	0	0	517.112655950725	1412.14410757122	1095.34886983409	1415.76193078359	172.875300366939	229.906939187403	920.708690958689	0
"OG0005062"	0	6.12775201066817	6.99833846317062	1.359881143322	114.606686657573	13.3790805609217	13.8527821167976	10.2950620530732	14.318806462612	0	0	0	0	78.1927021689974	42.5976815051173	76.5864839429194	107.702489642263	130.814537046181	15.8345630228365	0
"OG0005064"	0	153.814223814897	290.979722927068	128.017431784823	120.222702873797	213.831435727673	162.669246918929	135.942663684986	141.586613788936	0	0	0	0	287.558656792276	241.486063569127	284.823649296558	632.789924206315	664.544850455616	596.972685296516	0
"OG0005065"	0	60.2986353810003	64.3138792430297	14.4141560605782	37.8021223287071	135.767903291583	116.822010014911	112.332723293938	121.850389002331	0	0	0	0	48.7059442187769	45.6100100345191	50.7881662271773	67.421923649253	81.9544345424343	71.7520838224749	0
"OG0005066"	0	52.6641849131797	35.462620220663	5.86710212059162	53.2843277713261	49.3617922273325	46.2241992472114	52.277525715523	48.6466313750485	0	0	0	0	34.6287119871849	37.3860177775893	34.7419987412875	122.83345480726	119.856810519575	5.53911402788687	0
"OG0005067"	0	86.897149583567	83.4757404992741	92.9665516049626	49.2210538515506	113.773211834917	87.2212307956089	90.6016608878496	90.9229214458126	0	0	0	0	12.3884862959258	13.4174518121548	12.5916658815065	6.13970559471758	11.9504778391277	110.857877287951	0
"OG0005069"	0	2043.05759612384	3525.49684324718	1993.43752055608	950.727172098364	756.81547878867	747.98966174436	773.091399677304	794.827653043153	0	0	0	0	1550.07736608154	1350.84489102211	1495.89507534899	2999.96823458983	3299.71141607451	419.067344419919	0
"OG0005070"	0	31.6425343154311	25.8580291328096	2.60888317205136	22.5018831559155	49.6938704975006	47.2392650178654	45.3778787715002	46.5944856183148	0	0	0	0	32.4408632544679	39.3403767832426	33.357301336003	81.9862072236107	66.0343493846082	97.3634392367298	0
"OG0005071"	0	1888.73728506862	1939.02975870336	616.86285259476	357.404773770331	190.380072727952	236.473383447922	218.960697129857	207.164359358535	0	0	0	0	1061.52558925772	945.140488815293	1022.51864375424	1987.61201979404	1560.63365517397	780.23549497491	0
"OG0005072"	0	22.3263289843822	18.5746287443218	37.8121523480584	9.11192232117932	1.15565346804303	0.94844953296264	0.856363000725855	1.00529237182233	0	0	0	2.69996136408419	45.2611021046248	29.879590300399	45.3281007266968	14.0057684280797	13.1243188970532	8.41229473924936	0
"OG0005073"	0	20.3229805694708	19.0008345035069	279.735067255218	31.607869923724	105.621311839159	88.1704272996364	87.7872778306606	97.0081831232501	0	0	0	7.20236318976769	77.5696300869517	69.9226089647761	82.3295328870643	0.956124452721153	1.65954248218916	43.133416792384	0
"OG0005074"	0	426.634136244847	429.399124508771	197.02800864864	31.8821895564006	134.6887044079	94.6330851396918	94.6278072990826	102.079758487492	0	0	0	0	28.375515620682	28.5767632492804	27.7918492700917	2.35349965602613	3.24672133271101	9.14316483588911	0
"OG0005077"	0	1049.55026780226	1477.4081427029	2073.93577002047	928.225288942449	546.956329588175	490.00486975832	452.782991511407	558.355548720812	0	2.21705551468648	0	2416.69553573392	1335.33878478776	1541.53614630343	1328.31744394046	1239.60471182758	977.362345077113	1074.39555616304	1641.90644819924
"OG0005078"	0	153.577254687004	130.426292288892	225.058283174047	149.856305620575	93.0314166191566	122.163450705352	141.066468028607	110.268598461311	0	0	0	0	158.875750335038	370.617258890002	153.783982245232	106.008237594842	77.6881934683245	196.558601007533	0
"OG0005079"	0	104.167895191295	209.921297904892	127.84626334034	122.732960451537	80.4590576179665	86.9779898543136	106.096307774101	84.201606503006	0	0	0	0	433.972271796707	350.416328460476	429.5375399773	870.732068767985	656.635134262126	373.677789158306	0
"OG0005080"	0	116.541105978565	85.9810157150702	39.1600271599879	60.0195461652237	24.6048688359038	21.8429957844463	23.1669505426305	21.4069397872062	0	0	0	0	183.147258995356	172.624074934316	179.130663142553	94.1207085771308	58.9384094713433	201.224024580892	1390.89419083089
"OG0005081"	0	498.816856354802	506.986535766352	364.205774346935	202.229200536795	290.977479854825	324.952241890875	344.67842831616	295.063638507161	0	0	0	902.087803106119	951.074928995545	793.316009534662	943.297854720933	486.873769986246	491.245514072754	389.195760355022	0
"OG0005082"	0	89.2647667344628	77.9756588637066	21.6477774699015	203.463227815459	5935.03336718671	3788.59649698087	3391.45945443293	4855.16886673867	0	0	0	0	43.7523963023687	47.1135830616826	44.0995447884918	46.3904251567474	117.040143376437	1253.53477062332	0
"OG0005083"	0	3910.13579919664	2817.05630351072	3462.25909644718	1170.11436684283	761.691213550864	799.212862983308	812.5001521624	849.026735165357	0	0	0	0	2012.46226589749	1852.75652224295	2049.60781378363	1642.28722507065	1326.81491233256	3458.60949079194	0
"OG0005084"	0	105.459039892506	138.131120033039	333.403000475789	165.8044313288	158.158935491154	182.791968341053	215.473055860954	188.329863941243	0	0	0	0	314.586888291661	209.319572584697	306.871546987656	494.575136098467	285.862574716274	333.782868814965	0
"OG0005085"	0	62.2572863367775	63.5824579507639	57.8284307340437	143.128255179496	782.328340847947	542.43133952303	507.340727865923	652.619755553107	0	0	0	171.09011723995	10.892260060694	20.7039283551781	10.5125853734969	20.3389496409366	80.9721734570929	186.408663510904	0
"OG0005086"	0	179.308887077729	288.830833108252	203.951189396341	668.336896882031	229.288835689676	375.64699505468	341.049151428629	267.95032760965	0	0	0	0	478.833877917814	529.641208717085	494.983426878786	1556.13182898524	1142.03092163215	618.232989447084	0
"OG0005087"	0	20.7442390681532	6.92960368001956	18.8405536296896	61.8324399374966	170.111457970338	85.4933712816564	75.6543367762268	117.912883091909	0	6.03585741134995	0	2.94952774124607	2.47506748155987	2.63121407789475	2.32437847159848	3.61658553244681	3.95600306104626	11.7439498191388	9.69660328651683
"OG0005088"	0	0	2.65248715821976	0.779472874853247	118.365495930092	135.214236028637	121.907714975336	112.646755903913	144.641128185104	0	0	0	0	26.8427388755381	23.0620140828947	25.2012872531652	74.8231607829612	75.377258082783	51.6588014201813	0
"OG0005089"	0	108.380895891972	104.982067612741	103.050941493267	325.486684242021	58.1830652335791	83.0333035673658	93.5613744058908	64.7785920501407	0	0	0	0	7.8073387541841	33.4383418502033	7.32550670152288	450.962755679272	278.240518975329	110.178629791353	0
"OG0005090"	0	153.182651828521	195.244640239079	315.627249542314	131.69260687584	40.5571120357216	54.3585783303737	55.3320010694538	35.4832965274711	0	0	0	0	96.0808782764489	62.8455520537124	93.0422115765724	176.939856373647	125.436989836275	76.615932166271	0
"OG0005091"	0	8.62666146612084	8.33942756779909	1.22217336895437	74.9004955897684	8.28247823267342	8.64442450752568	6.75798959102977	5.26427762281329	0	0	0	0	78.4098270428343	61.7268522617021	77.7994863132144	1.29804149455379	1.69203013688566	4.72912369541222	0
"OG0005092"	0	222.843278916922	141.216948081146	92.3278908497425	461.70926467245	228.199481337503	272.308980751211	305.948874769492	297.158099788568	0	0	0	0	1043.30929792559	626.936519222094	1044.61236752229	5570.82052017168	3339.83247919258	1118.46716255792	0
"OG0005093"	0	97.3108279106454	120.398139801087	232.959639433874	76.2055006754884	81.4715280272105	60.0701512754545	59.2740305205269	62.2582479626261	0	0	0	0	10.6965910090544	13.7559051552921	10.7416393814743	66.3416457985988	142.937421906538	22.7225482206019	31.8991855938242
"OG0005094"	0	35.0447783829239	22.7794382783926	18.7392022783329	145.485869365226	60.7946299718997	58.320784484115	66.0017635928794	54.935736932115	0	0	0	0	84.850042150508	74.3047788369397	81.6072167074319	117.976393320119	115.472110034621	68.6256729540478	0
"OG0005095"	0	136.983193350392	170.414570963897	107.110341279164	69.244194672242	37.0256172364758	32.5963233273903	28.9895872019937	35.9299673852392	0	0	0	17.4187697402955	158.923614923839	96.9331329365631	157.488951133551	81.6937686993242	89.7797734906828	56.8684504265509	3.1977425740803
"OG0005096"	0	29.0505483644493	26.1191248128678	21.5866721757421	12.4690988766732	140.495912058592	111.662667288784	117.004568740759	132.574098669177	4.62411510821432	20.2371527784628	11.1468071627161	0	35.5144774189856	33.3078268744688	35.6852521586005	3.37989582982373	2.23897295983089	47.6822016690862	0
"OG0005097"	0	66.9238151474403	121.058765686664	119.604410712457	53.6095650740838	35.6652839081619	39.8117921878814	39.3934659809891	37.9223809749009	0	0	0	0	123.714700877622	131.323322708839	119.436643233352	89.0361337873285	61.8045106052662	38.8329705037075	0
"OG0005098"	0	11.0437984238301	22.5368995052327	14.4218310327663	96.5322840066749	86.183190206753	78.7429733967794	81.6599253595606	88.103814663874	0	0	0	0	40.4234488357364	30.7290987596592	44.2719480446705	17.3043100913213	26.1600686547703	56.7133062268469	0
"OG0005099"	0	30.4692519397561	74.062749475145	5.22070504248649	249.437389551174	383.936642812926	464.686625047946	461.299602840154	517.676056665796	0	0	0	0	140.483261820943	213.655576730619	137.283122869124	95.6367331657205	80.5667851218974	613.802834617196	0
"OG0005100"	0	31397.3205286026	76625.829455929	30771.7917691884	5313.7165291059	9725.49261291304	18370.4359543523	21147.6033500201	11538.21749704	0	0	0	0	30585.6109818462	21448.1198621847	30368.1079963325	75048.3093483012	29147.1953540896	6350.52485088814	0
"OG0005102"	0	23570.7020984251	59297.2042252892	29136.7343448493	6147.99350988234	5361.12730993448	12594.5433113086	13805.5968541943	7245.57474180306	0	0	0	50.0794661952873	40132.9315924044	25898.7341465432	39486.5946754242	69969.0692579469	32397.7584678444	8432.52005961977	0
"OG0005103"	0	84.3018968809316	64.7912548661148	47.0909544557431	49.5477161913613	46.1377916952995	35.1637986901586	30.9853815866166	42.145130807067	0	0	0	0	5.8909238613509	12.461767651147	6.08424491710595	10.8011902210247	36.4010835658373	7.93952106622559	0
"OG0005104"	0	125.047623578312	183.14739263212	167.548139855765	25.1115096635336	28.5429708352702	25.5176859846855	26.0491448218323	27.1212332691437	0	0	0	0	46.4120025844477	40.4165147540925	45.3232399100762	357.327262265572	644.221923358782	43.1383441188982	0
"OG0005107"	0	1022.2702988341	659.359376681324	1060.06552300963	62.4086755934696	1038.75903123697	964.006903049397	1108.37442379825	954.015764569084	0	0	0	0	253.218935931099	309.038732639062	249.678519944971	55.1815248743949	83.0493705274771	100.422021682511	0
"OG0005108"	0	219.694752561198	451.755836448022	354.800283050055	121.156650234598	116.68577799994	157.800353705395	159.829456430521	133.262464737708	0	0	0	0	259.821474426881	283.621372987686	248.086410938052	395.865979780199	343.034238033189	675.318952485523	0
"OG0005109"	0	53.7961402877758	54.8832583504753	153.689630922368	55.5290351751758	109.802257172459	111.74075971829	117.744479008298	116.848693985966	0	0	0	0	43.928038532578	38.8644528222061	44.472749581871	156.922609126673	145.726514255561	109.575307513402	0
"OG0005110"	0	153.690813196869	149.606711258907	159.867646104949	94.1623377695252	517.465293049771	384.686974694268	319.850682417311	519.08271776236	0	0	0	0	118.507866043692	80.5868917264711	115.465049897298	93.8209954626879	152.820561665849	464.464889940744	0
"OG0005111"	0	226.912199587768	210.490067101323	461.581784593582	189.290412187954	139.375203391138	148.279188887131	167.009766487874	171.228858888346	0	0	0	0	803.43854716967	641.101951093235	806.847100049583	136.263985514245	150.852358569491	66.3919516009418	0
"OG0005112"	0	291.338142343772	103.536963055213	328.595633483844	50.983441022123	324.929486283893	316.427808098947	330.558697424949	309.454752329913	0	0	0	0	193.800690712795	275.283556898883	205.735158758754	174.102766212659	190.58829733169	231.13555994185	0
"OG0005113"	383.5262252724	122.365361204647	88.8687487820389	142.17839965417	179.085502615916	8.13994096045972	7.06892671886195	6.02760622060087	8.58715921424094	0	0	0	0	86.7299412179138	77.1588374368534	87.4137278248137	0.34860199758884	0	85.0096994687115	0
"OG0005114"	0	79.8285212434419	86.5010730308932	53.8592860443493	50.3972575113386	20.2119350346829	23.4714606122531	20.8061637044818	18.5681528281165	0	0	0	0	79.4808839284707	75.5598909039075	78.6104690084088	3.53241973676918	11.0267632221987	46.4820012572398	0
"OG0005115"	0	4.10184226806604	8.93220940175627	3.91655487227131	19.4552087460071	102.192870072618	113.33112902179	116.783095550916	114.724115117162	0	0	0	0	57.4530452104469	39.6654728489985	57.2019145242759	57.7117728225872	51.8693683463452	58.2689653051378	0
"OG0005116"	0	1031.80610247076	434.980392612018	716.772462573235	690.20573473177	250.65860512088	300.770615515343	341.796813620052	286.403794676988	0	0	0	0	591.130446452447	626.942476089996	583.785337668071	675.098940555825	341.627067444442	800.082411051493	0
"OG0005117"	0	113.215760207935	129.942884864193	124.691610503316	126.06014792439	57.2735126185966	68.113575144138	74.632190551736	71.2302948535738	0	0	0	0	63.7717258839473	78.4918612853103	61.6529458321043	36.2270888961259	37.711729192005	131.175641583779	0
"OG0005118"	0	60.0444509904245	43.1009214535796	113.696338596444	110.208090557435	20.0768617543371	28.0440779388877	29.3918903172039	24.5550136197984	0	0	0	0	80.7392370311549	70.9087684459651	79.9706702925576	63.716680261707	53.2317559936905	50.3461793929289	0
"OG0005119"	0	5.15280294293147	10.6730050025193	0.938714743849335	10.1499634318258	42.4686153806313	31.7277996983653	31.7952040648841	37.5863718161294	0	0	0	0	8.77628451704478	8.25085773116814	8.78964986021841	1010.6354104943	1063.05421751175	505.548139390258	0
"OG0005121"	0	149.211215175277	296.230399733923	123.225328846279	184.251864832844	36.5477552738392	32.9277068543365	39.4206339385262	32.3958351254656	28.8664145682411	12.8709550724989	2.36376097782387	0	63.8028031821833	55.9886609803095	68.0024959613967	89.1749572161461	83.6431433365948	58.4505217505711	57.8166963286662
"OG0005122"	0	64.8709469257153	109.030178635229	70.2115781072554	99.531712957369	84.0446594214593	94.6688039378832	95.415388276113	100.891591370482	0	0	0	0	103.500583230313	116.236363373247	99.5814538910764	18.4730942431131	48.984979312702	38.8719452125316	0
"OG0005123"	0	246.754345425739	217.653033164041	189.08714253998	421.202586444757	493.732240661785	490.799375345466	516.414332697198	515.335813235879	0	0	0	0	104.305263273926	162.648108258706	107.679477156532	386.321959981366	175.951679305503	585.73926865071	0
"OG0005124"	0	118.850684915109	138.691543613174	88.35381985246	48.6022589159027	46.3851855670256	45.1412270161175	45.9900634146708	48.4095889857206	0	0	0	308.598939699071	53.1429430423611	76.573154134051	52.4154502198308	73.4801501969241	106.848825593553	131.757154893113	69.1214734708797
"OG0005125"	0	100.796877121355	57.1411978326782	181.741562243797	55.9207285328028	63.4277265231924	80.6276492998255	87.1188736273598	60.9402658700572	64.0507154043724	68.3295794510747	10.4893003052066	0	108.478500465629	128.733276545016	109.772201337453	51.3572728291855	96.529953110001	73.7993657939623	10.6329283840423
"OG0005126"	0	205.050371576616	494.131461195484	506.955533041774	230.909167408056	78.7675894236611	78.878786317659	99.2695434041641	102.218714370892	0	0	0	0	123.170154468797	158.27159741105	121.868896984436	384.56029673183	191.667024028733	173.286971051933	0
"OG0005127"	0	95.7443427129108	112.872386208508	175.874656445436	239.259884537846	44.8011544601276	55.9471820659023	54.6312126607687	54.9710732246355	0	0	0	0	85.0248519530859	88.1056503924738	84.3019288992549	25.9461606447509	77.4318556849698	64.7836899828371	0
"OG0005128"	0	80.0421564309516	31.6160517742626	215.348921875187	45.3076828679132	43.9798378828402	45.288448222351	38.1972789225998	38.4204843723163	0	0	0	0	15.1123074328644	12.3277381233503	14.1895586948042	71.5133435049773	108.855730375796	26.0351498848054	0
"OG0005129"	0	134.70279170524	68.1439312354188	165.661317576364	37.1139938595254	126.275203983404	121.775976442083	141.515355135007	96.7749132918425	0	0	0	0	9.06694049831527	9.83651639802227	8.51136059289486	54.74371579015	59.3162476907548	105.824768619843	0
"OG0005130"	0	41.6733286074193	30.508761139645	14.8750286311151	NA	41.6623932701698	43.2991963702275	59.2770058475091	55.296141965438	0	0	0	0	24.464839977693	20.8150835102309	22.965669032286	88.5974760008988	82.3868998602846	88.0952712344983	0
"OG0005131"	0	65.9686791877491	47.1372342730145	37.9385961344666	81.2904165439333	42.2966938430343	34.6244176748853	35.9057522641992	29.7871113235512	0	0	0	0	50.4932565228888	59.8492474989672	49.3551014806709	78.3393339350478	56.7708311863298	201.310141819068	0
"OG0005135"	0	272.618203478637	325.649592085038	599.504286400526	177.314894077731	2484.49596494157	898.825460960589	691.428141714952	1205.65166545223	74.599334433899	122.322498341256	234.391762582517	0	24.6294525417872	25.3261600037955	23.6758343581806	46.1832205804598	40.1670509404212	99.8351815337021	128.554722127675
"OG0005136"	0	303.350014008509	328.874334831199	160.062199482682	112.010652811075	641.288473039992	460.99725347096	440.683513411391	515.857673059279	472.100547478881	698.504630695978	1180.40940156535	563.562921435919	551.680313624636	511.992796183598	557.912351220273	376.352830107838	608.372909406455	1173.10694191308	3317.20561107002
"OG0005137"	0	35.6512015668864	63.8983892907063	683.258908157477	37.1931930341943	156.383448830767	136.278283852987	125.060991092771	140.259490788526	0	0	0	0	27.7766533089139	29.1540433176708	26.9233062449045	0	1.02873767792188	25.2768742855654	0
"OG0005138"	0	25.8091529259989	56.4076154676307	1.59818565547391	18.0372859165828	60.9461295837912	49.3803557155322	54.8531929858189	64.469619556465	0	0	0	0	18.5249763085172	15.1497566370165	18.2040410728812	3.24647984635571	4.32699988219492	18.0899912468023	0
"OG0005139"	0	32.7549928865068	24.7257794584139	19.009697501173	31.8991803828001	110.360963323595	92.076325416381	104.296699368924	89.7689186133285	0	0	0	0	15.0176187898014	12.8475939851646	14.4728471705228	18.0828124812233	19.8660768781225	16.1505378233838	0
"OG0005140"	0	152.144032215458	159.836206186558	355.819318126347	359.566993452467	23.2650684220221	58.70140019488	61.1591294977964	32.1614964026472	0	0	0	0	206.543331263399	217.21182686816	199.928758734892	294.158964858487	183.734597799516	129.27351598798	0
"OG0005141"	0	138.432801433407	83.7722798715079	131.645466599491	25.2851449475134	769.263974370907	669.083780748986	634.020508689659	722.315757388075	0	0	0	0	15.3172233681086	14.2625883866242	15.136978119113	71.9718851711678	85.8272810226594	51.2589333369385	0
"OG0005142"	0	98.2535191021321	61.5032493173513	53.4718563931279	101.594728136978	121.021552606931	139.890024764399	150.603218050903	129.341519539169	0	0	0	0	77.7931369059621	98.9233225026474	76.6441137063622	200.236731349456	137.113733206016	153.23408384899	0
"OG0005143"	0	13.6762817246772	35.5705286342763	3.50503893742844	39.437626392457	85.3453363091932	122.336204740711	137.953092542736	116.30230184717	0	0	0	0	2.75674364975746	6.79940729814783	2.58841652332368	55.2239599836404	52.1378892728298	89.7607963769573	0
"OG0005144"	0	47.9582476698695	64.468643039689	316.456130685608	174.912336415718	82.2863760137043	78.5835290276668	95.6623631220975	79.0218844783806	293.074841629763	350.439314769895	242.395030308044	82.7080971778322	96.2321026294727	66.7711280011817	96.8450816292946	1.21405635119837	3.04032495801021	358.946858493993	0
"OG0005145"	0	722.224863296882	1438.04708748105	564.095118150495	262.232578012381	121.279046452783	91.101270132218	102.817316419083	133.976106944305	0	0	0	358.376074297001	384.438665594796	485.156510597947	377.22151845777	1302.05464345672	1027.81836695405	1657.82342038497	0
"OG0005146"	0	216.426445311505	265.763669988402	2045.4506414279	95.9334943988844	441.881637227818	422.446090395975	480.38310069312	603.245844174579	0	0	0	1300.86567902386	2742.73805486044	2623.23187490596	2770.37382221293	721.757434359835	207.942871358741	260.861099824478	0
"OG0005147"	0	8.41437446183334	8.35539578618502	69.4054299493696	28.1280390588621	14.5813659424711	23.3614521463406	24.1000068762866	15.2582362607417	0	0	0	0	15.4879404014992	18.054790061766	15.6034320357496	15.1248428804696	13.1546935698384	8.6058199038671	0
"OG0005148"	0	266.869239100191	347.389936361664	184.417127488361	21.7674683870744	98.228685722486	101.084130975012	112.227355087426	85.1479526573231	0	0	0	0	102.078519360136	141.030634642066	97.9490734831979	5.77359972078079	48.8412720991231	811.446335264433	0
"OG0005149"	0	20.4523024523953	12.0284014823663	57.1405053691751	NA	185.095899451647	146.12655409119	145.728199750436	170.930826812639	0	3.00962885976682	0	0	21.2950249265819	27.2549878736204	22.2864779684057	2.09279046913837	1.7911878303796	70.2907541932172	0
"OG0005151"	0	353.86817651703	280.504720121152	500.890997016323	257.447824275475	205.922379065849	226.228064135528	216.665534384468	193.17248993316	0	1.34088121153395	0	0	354.417509915956	285.986011270094	356.228592604925	594.818382237547	468.619978603478	747.963725823319	0
"OG0005153"	0	55.3335876930333	86.8649739751676	79.8902640576418	65.792976907128	64.9077611932096	55.9311561412385	49.98426030784	63.5567862916736	2.56086015375932	4.80411861042509	20.9988094978434	0	79.5878508790958	72.4617239080368	81.225541033161	61.6026722379459	48.6837780013549	323.215751006799	0
"OG0005154"	0	59.3713964433674	17.7530216914025	57.3979328935654	42.8415466296951	95.7934265764655	82.261003392784	75.9343688684635	90.0529067134171	0	0	0	0	25.0956120153284	30.662441407835	24.5211866110908	3.66200443608818	4.49214915450618	222.404426139337	0
"OG0005155"	0	132.880049566985	109.516369595962	79.842410514023	40.37513634589	53.3856330180441	50.2487435316363	51.794153415022	58.0460851855038	0	0	0	0	50.3738031577938	35.3571085701416	48.1304342907875	40.7330976352994	56.5532690440631	252.959310537866	0
"OG0005156"	0	111.733173489179	89.9787301681568	118.349666258493	81.9668980756637	128.546033330877	110.429757593039	103.267217795898	116.346063519046	0	0	0	0	84.0280198645759	81.6120686924187	82.8528527991945	8.96179797566697	31.1092478157718	30.2920492607752	8.54280754423919
"OG0005157"	0	260.201960689064	196.991773023547	54.2022450907323	69.2669404559704	75.6710039498343	64.7453467998637	63.1502147697795	72.2878685905755	11.5639329737981	6.62788305502942	0	0	12.0596565708622	12.099512643418	11.9716321169674	0.842461798988597	6.2489691308186	140.917356737256	0
"OG0005158"	0	297.227214070919	150.128160342747	218.577195548548	405.754636700524	1626.57957866753	1314.37313775987	1355.7991711595	1525.18795006459	0	0	0	0	166.982901774437	211.007748948146	159.233119395819	1195.62496460549	1666.08297481584	859.445597965416	0
"OG0005160"	0	434.270246015095	281.689671411139	224.577232359284	462.81366838842	240.056961950273	307.058753752068	311.718624471516	282.921094956862	200.271461972649	430.028868347523	441.39317198841	0	231.585529172384	218.670068130589	232.426390640609	429.211731111694	371.603368352873	255.764912498922	0
"OG0005161"	0	4.09811402292479	3.2978314309662	0	17.9036722501414	25.7975536925971	23.902395010204	20.8267389043233	22.7995795434993	0	0	0	0	21.3808343415776	15.1072722551389	20.7428265661942	16.9882533976604	11.0129479504646	75.9370060556544	0
"OG0005162"	0	18.0371359163184	18.6323407247753	35.6905838969282	41.0662793165296	26.7183161689723	42.4377350130883	49.3202029777452	26.9703938282955	0	0	0	0	23.5735874604225	20.4135310449518	23.8619160039957	62.0842622306152	47.1187821268183	38.4437117090854	0
"OG0005164"	0	269.500789043423	164.224914667991	100.231087630478	91.6616717873339	230.88596346632	137.414155216764	164.858064250932	247.743878628661	0	0	0	0	95.9490772348227	128.054193604179	99.4252286287315	683.560501339388	338.920788186949	46.2507276433749	0
"OG0005165"	0	4366.24173920966	9427.00148883734	10930.5469215934	5541.96909859271	469.924603849483	967.843618064246	1005.41728295771	581.468124819768	152786.947038031	146048.007658771	170331.025460667	0	10676.6474303873	10873.1305503419	10654.0074243164	8631.72557163812	2731.50632217968	6133.81126492106	84.3746057468505
"OG0005166"	0	83.9685845058558	42.4361202639504	35.550495715519	121.709126138171	24.815469944742	30.9322755143131	37.4909844745205	23.4615377065882	0	0	0	0	35.4621107840784	48.5205356914744	36.1662176662727	37.8224128705622	35.6512549612141	98.5141253439478	0
"OG0005167"	0	108.149878060062	51.5364181283908	98.439416723701	53.0401183494398	144.332514867427	110.309970596823	105.020456655629	115.941393806125	5.42077497048875	22.5707709472826	15.9828021055571	0	21.9745633630963	31.7315085764851	22.3103561338545	17.7887977957362	19.7484578180854	31.2239577418022	2.47395523496154
"OG0005168"	0	187.445120970193	234.773635909865	563.348659189982	155.255594544965	130.785785834885	114.377567577167	111.914597560258	124.369916959815	0	0	0	0	204.940908073101	154.743940239439	205.344567829512	127.656447954876	136.999142150743	53.0012537484928	42.7075690476268
"OG0005169"	0	60.4271276127112	74.5700025252082	31.838434986312	58.014490613315	47.1856579065026	76.0745211273372	71.5785121245597	60.1711670620307	0	0	0	0	56.6002231021558	61.5546987793321	56.4934156011798	194.218220426744	219.600367973203	125.202035016063	0
"OG0005170"	0	247.948006109349	202.459565641112	36.0190555283834	142.278987905105	24.2110808337125	20.4083359947347	27.515200258424	21.9344062604349	107.32726761417	110.703840236175	248.101952233196	0	118.145760024067	68.6910265260215	123.837335289981	28.6023548200268	56.9572427295907	178.282214769441	0
"OG0005171"	0	63.185218085027	46.2822468240053	157.631687506325	120.521186750161	466.857778984775	284.590012731427	282.078972066724	361.975991286044	32.0517729422649	11.8187778632736	74.2526482438127	7.57838221448897	152.98384837122	175.629517324423	155.932766993627	54.6740373407688	100.052820907143	35.0942394376504	0
"OG0005172"	0	219.970611589729	82.9477037134849	94.2635053384259	151.036114640549	76.2564927906008	104.655904113096	109.373853972217	92.9976208113135	0	0	0	0	157.349633010945	147.564723043855	156.320386171212	114.610925427439	88.7558347548322	373.536184008933	0
"OG0005173"	0	49.8620897923463	48.0603476066671	45.7097048646744	79.5521453850249	50.2307229683572	51.6552221402654	49.8720385312399	60.1742479843324	0	0	0	0	146.412227625045	109.704657718618	145.274218621685	11.795784311522	12.2444942629215	142.640154282135	0
"OG0005174"	0	10.5898392063324	20.3686362756154	1.79786376882788	27.3686313324785	42.2137852642189	39.2568605931673	42.1287359458299	58.1026735543089	0	0	0	0	14.5182315799765	17.3030929012028	14.9515908077972	2.46146669826375	4.61499152276062	4.1343554338517	0
"OG0005175"	0	32.307240497151	14.1554498217625	9.15108222678001	58.8893821640668	15.8309880159412	22.6477552471183	20.8270286958704	20.147094069709	0	0	0	0	9.90450143336538	13.3099660717239	9.78935267232531	51.7016761758225	26.6363927291188	47.0153954499847	0
"OG0005176"	0	244.792220305505	414.136346938577	119.429561226157	145.718808114252	27.5504541471091	48.7541223373564	63.144491386725	32.4189734807104	0	0	0	0	177.118609982403	138.131963773299	176.488998106477	281.873394516053	249.356570785377	100.398494808164	0
"OG0005178"	0	53.8189556961506	52.694935104501	83.9197778331322	44.9771838898833	63.4211781883194	56.9104352072408	47.660059652508	64.5962517506577	0	0	0	0	50.6004315804217	69.664378741221	51.499136981091	53.295951105861	52.6693041088466	132.886000958484	0
"OG0005179"	0	88.7146042734246	47.8641083162183	335.877887590638	70.4217685599654	59.2369031932201	74.6957483545675	69.4173916623374	66.0964722836458	0	0	0	0	123.411558481881	118.542147800783	119.520241107069	64.7862875010335	61.7940072137424	80.4224028743162	0
"OG0005180"	12.784499521076	124.857322331186	126.552537973886	154.583510576888	180.263624594814	9.37327543829241	19.112612823083	19.1851422380982	8.13816194575526	0	0	0	0	111.895615892212	100.30769860309	109.428505760294	92.7975818708544	63.7026910914657	30.6330557678214	0
"OG0005181"	0	20.5722389059656	8.59229325964787	100.083109749441	93.8252616974052	76.1415961508746	51.4920096560591	53.5121101538981	65.3488770557653	0	0	0	0	99.5458582918335	125.857122015856	96.6471962969912	1.19296973919841	2.87473094749929	97.0883083418563	0
"OG0005182"	0	107.455906657311	107.090981864363	94.0892693590959	151.314819002619	118.84339884622	125.568688070566	124.535743913719	127.585393827251	0	0	0	0	40.9075748723203	50.2415939657428	41.539394622635	5.48312533583651	12.1373785944082	118.98872067198	0
"OG0005183"	3344.25699271396	15.9460518855655	22.8705526912629	20.3700878552797	62.9046981061015	29.4182279337146	34.9158722030929	34.4302061544411	27.588338815647	0	0	0	0	79.8249540160845	87.8167422992231	78.6694874408502	73.7295473961187	44.3675559236155	18.2288441957792	0
"OG0005185"	7.81744697960359	110.79559865302	68.3270923207007	132.449835587165	109.711136289807	106.712663988411	99.1911025773319	103.994159891706	112.678759964685	0	0	1.23705675682147	72.8379344474807	352.632299491613	293.446630905373	356.903902338954	375.951061768092	291.253085571575	158.092161450022	0
"OG0005186"	0	116.009092137825	145.084393047807	177.820087045631	106.749251584544	52.8064383479665	66.037606742033	61.5880209874497	57.5099418290583	0	0	0	23.3880836434865	87.0930184031094	140.070983223041	84.8232352413371	44.6241546667781	71.089981838081	236.088188943559	0
"OG0005187"	0	1298.80341897705	779.50050332187	783.215267367025	85.3556087828184	2213.24839608154	2213.90679519638	2197.89500954458	2433.33129660132	0	0	0	0	1233.64387582773	1363.31261554116	1219.29304085876	941.184049569146	717.594547662894	921.454448485164	0
"OG0005188"	0	32.4637853105228	95.0688897303423	66.3158395264583	669.729048464445	124.124797404358	106.727904808624	112.485486907972	116.211760457082	0	0	0	0	211.882660828647	125.772117510893	204.66203701669	36.5560279675056	24.17454915617	43.9371480884757	0
"OG0005189"	0	964.450350160219	821.316637326351	516.509698840106	428.493295243685	814.169530376768	376.193234622458	318.988443892968	426.807585805967	1481.20088176495	981.504640708814	1226.86092924846	6352.12150769596	53.3766470998552	42.0313025049878	53.4119590932409	777.754319547591	828.076032721312	478.470038726613	1356.73651406522
"OG0005190"	0	84.7478344082576	138.234110866324	168.29723186549	134.320155964853	140.698189012931	177.144188026276	185.603516626304	159.425153915259	0	0	0	0	75.9215621148695	89.9767026005165	79.0013793315205	88.062429894897	66.6274598176839	333.22266286353	0
"OG0005191"	0	81.493527522795	195.138865869759	11.796327956912	118.48059507667	25.5147544170663	21.3072138115763	20.1981085908569	24.7216978039121	0	0	0	0	53.4722375395188	81.2897425702373	50.8640986480219	17.4056693808335	15.0806938498036	20.2194397171888	0
"OG0005192"	0	253.81052899766	140.664137824648	278.771431858268	219.91226608933	893.348260890034	671.064544293554	698.843182925426	745.242683396733	0	0	0	0	679.181172845394	981.16762588706	678.060687315418	567.254353919174	754.311944176352	1258.15509362246	4.70244845587863
"OG0005193"	0	415.330138459142	763.445067473518	233.322835559801	261.332064213205	101.289976781235	116.356361834383	125.142132725948	118.574639234521	0	0	0	0	99.212887239304	90.5723893907243	95.5834758440479	263.043117896261	121.375678447059	247.205302927499	0
"OG0005194"	0	23.2582347100918	10.1912676994411	3.47279301111301	27.0634267621369	26.6377938477801	32.8086668291856	34.9211130351659	35.4863145738073	0	0	0	0	75.8168149712613	62.434409031111	73.9992547315896	192.859084499193	104.763287312604	25.141705733892	0
"OG0005195"	0	29.4185505308949	21.9339482264986	12.8095960676915	61.3146856098085	14.9527897162403	15.0896982937085	17.2850515118929	15.0838812088567	0	0	0	0	70.9485007074037	77.8598376008998	69.3022901441055	22.5798428727285	17.1669891319435	3.63271364340964	0
"OG0005197"	0	39.805731872338	18.2757697587257	25.2187561364088	71.7388316515173	63.6620237251726	58.5092249118354	66.9787957938023	49.0666428235129	0	0	0	0	11.4490015343171	13.4939737212191	10.7487840834722	71.8016597615085	71.9267520294798	43.3322854661104	0
"OG0005203"	0	49.614698171082	67.7434731845549	247.659266422417	81.2260158309673	179.118601577348	149.402361742805	150.496719657357	163.814525055573	0	0	0	0	181.927752515467	150.622979024782	179.50560377218	32.6996464824389	43.0287046923476	114.107560099891	0
"OG0005205"	0	30.8787366668832	17.9532507168344	31.5227856505188	83.7080467132365	39.9889052495834	41.2515449621259	46.1052555546283	36.6877485195046	1.37375726725213	26.2474462139491	22.947139457705	0	4.72551824060092	9.06939094959267	4.64902773365168	48.2428389184851	49.1691198523901	13.0857806828448	2.73225682404685
"OG0005207"	0	108.132590928428	128.708850555461	51.4677131759545	103.38917864124	93.0418495594627	128.364261233952	118.658046860414	106.420086374842	0	0	0	0	75.717547976226	98.1575075651562	75.0772090417687	294.834046824999	195.700326373886	152.490013155016	0
"OG0005210"	0	1.68048964512748	13.3321169765017	3.59759873391264	38.5299874080167	114.418278314267	101.011946407565	108.977415335001	117.43180568852	0	0	0	0	78.0088744004135	87.2943249842108	78.1813702878351	111.332995102974	95.7303706021054	213.59649706773	0
"OG0005211"	0	13.0352206025457	15.6395755647626	18.7607977236583	39.0731731661867	35.292583764036	31.0643535798685	32.3773228350469	28.078394089499	0	0	0	0	49.428859058303	50.5579632200221	49.7790621259498	3.03267479193291	5.16070421877062	572.387545507085	0
"OG0005212"	0	230.634222344914	300.09858697686	108.52079380198	87.0201616787997	52.6356044998907	47.9710250355647	54.7756157886702	48.3262468936637	0	0	0	0	166.506336955504	145.963516951776	165.34256865525	88.8946430087869	118.244343020872	153.96297305046	0
"OG0005213"	0	7.13634862043763	27.4644077784552	14.9272380742171	49.2939499777164	53.482415187692	70.9122720047038	60.9737208659855	68.0960537333562	0	0	0	0	58.2189480002339	54.7499303000724	63.0631392002034	107.421932948565	115.354680224882	86.9957227862385	0
"OG0005214"	0	57.085188817809	9.26805230280051	31.2992237108433	69.9695933412678	37.8239591473445	31.9406185453836	38.3591999495212	36.6609004823049	0	0	0	0	100.791724980048	90.3138613237741	98.327485785322	283.331949842407	242.917897156117	75.7019352930506	15.5836506921451
"OG0005215"	0	219.903720960631	199.114683172705	108.530609913491	170.769041184513	257.517153484863	270.853066239382	253.15320176782	283.519045387236	0	0	0	0	435.495128779244	514.450242467921	428.642473374239	128.826929511038	170.293095403472	1001.8675293904	0
"OG0005216"	0	26.2118967370153	13.622903707597	46.139895951668	65.4377014675694	52.4755809537916	55.6838408123168	52.5492052908946	57.5999173354584	0	0	0	11.2061885623715	33.4341089672663	25.9826664152835	33.0492112319691	50.2396532948269	60.5716395407252	41.5129478338161	3.17420892357171
"OG0005217"	0	260.894194766032	446.212888357519	200.619846552109	160.490961440722	303.635189186817	392.631758939882	400.799821559813	333.552594805732	0	0	0	0	389.472078005532	396.539165252685	386.723486080831	721.392007447646	719.150185110208	429.540354730695	0
"OG0005218"	0	100.824400800367	118.848638075084	72.4956645545988	67.0986917709186	49.3470307266866	62.6407897779135	61.6982866711071	42.9876687426094	0	0	0	0	85.8098312094241	123.117201055616	87.0740593877511	80.7240658314787	84.7667223541986	165.67624915229	0
"OG0005219"	0	272.501378217117	144.216857650315	205.143969646388	97.7841242484995	59.6187044129321	68.0646824926214	63.1728909583372	64.1448023195238	0	0	0	0	17.4216004200946	22.807655823476	18.7776516327964	65.6865180328856	99.5905041935807	186.244508074421	0
"OG0005221"	0	54.0274055635751	37.7518930401637	146.606692959817	197.030966818089	57.2418808314984	91.307705771955	89.5093640990824	68.2908434739764	0	0	0	0	54.2781662245786	74.0192065897141	55.1366859895275	77.5603465724687	61.1058931312079	122.869545181028	0
"OG0005223"	0	26.277802155298	45.0134890630461	37.02293698253	30.5338852679204	58.5709708332574	82.9117510031785	68.4573122669177	63.1375293547933	0	0	0	0	185.673399380546	147.5668675163	186.653777442579	265.095764752054	264.658971358968	51.8319237031128	0
"OG0005224"	0	18.2503562782212	15.5879873635855	70.9207921639648	46.6275604076445	54.9640591942458	60.6173130697285	66.8914236423628	58.538215366212	0	0	0	0	59.974191029849	186.094340321285	57.0758928126511	171.616068810869	107.41846898971	20.7507031741437	0
"OG0005225"	0	19.1006969189908	30.1370662944734	24.9201622943669	239.995970984768	320.467184528509	219.535475020423	207.210374375321	269.908285170306	0	0	0	0	15.1250713232114	20.8242570868001	14.1995571115942	15.9794859806751	17.43950956067	8.58926231116621	0
"OG0005226"	0	18.8932322623825	17.6879797327241	7.10618987669433	74.0734260079324	52.7864603771676	60.7627008015301	61.4591361968934	46.8028565674482	0	0	0	0	23.2255633415599	31.5634176780243	24.1406218720188	97.9159835048839	82.47802387864	70.7284428367312	0
"OG0005227"	0	12.4212527778593	6.87816393409766	32.4544941447768	34.111495731815	74.2619465705164	58.9828045669425	59.208687490289	58.9709277596749	1.82046444347103	5.56969774839302	7.15705320147781	0	54.5301143209926	47.3111247150513	55.971706545088	193.683404682764	236.802084534779	66.4216931213429	26.3350790153321
"OG0005228"	0	54.6138652652095	46.9854387745869	21.9756355943872	143.605642592205	292.598803173881	229.561456465596	222.647352743706	279.901099465665	0	0	0	0	7.29213541936407	13.8373871557739	6.84683944104339	25.3537653425257	66.5662184213395	202.688905436466	0
"OG0005229"	0	155.060774763375	164.149759195053	425.898378728197	235.642756833852	96.1911546784533	145.221360973527	142.328220424519	107.519158248968	0	0	0	0	203.534105376164	182.200335773697	202.207564561628	96.0841204603379	65.7127185036216	102.312605792781	0
"OG0005230"	0	150.69421671964	126.884706607364	283.548810629545	106.751443949241	51.8050425616725	66.4691522981279	62.7674725839961	50.0482623943851	0	0	0	0	75.9826068078332	147.629652903988	77.3676102546435	149.449180172685	127.013444816339	288.576201708654	0
"OG0005231"	0	405.70877704108	216.403225484445	530.592729561582	151.831394934283	178.199004482603	173.148639800458	171.762782547028	157.175829131222	0	0	0	0	178.816554243395	212.305154777218	170.832671541296	279.159972387723	288.446787531733	763.979756510931	0
"OG0005232"	0	1751.23815236976	1925.12135698314	4342.52503131494	1389.11241685363	394.46558836757	389.895807648763	458.022060442872	402.347703521727	12441.6280113459	12662.7269166755	9675.20067978628	940.649656983906	1953.40936414861	1307.16317869618	1937.20713976559	402.79526939049	357.307400862593	1212.4952012575	52.2111286329168
"OG0005233"	0	574.431314632894	672.528285661656	1115.90169170247	745.285609189706	250.357492705451	235.882461429174	233.54967298365	269.035818275262	0	0	0	0	339.469537571309	425.030268741533	333.556210465147	307.890966210348	534.550713450081	222.242845341935	0
"OG0005234"	0	184.067455319904	261.22186702506	97.889331528004	96.6213488224789	266.432322953865	264.388371205513	319.577046748997	276.109112872037	0	0	0	0	270.071433327245	207.845843465723	268.334593606938	122.786594817857	167.128830425481	125.978865772807	0
"OG0005235"	0	104.337973690089	73.9394388288062	46.9762900031488	92.3245880625033	239.794473611721	272.368738436398	282.080193995648	338.28023863957	0	0	0	0	320.856455734913	310.427874233826	312.971275564096	158.988592731085	110.876071929178	111.512057565787	0
"OG0005236"	0	67.9435606186711	71.2115739920968	199.38245102044	140.625396832608	223.793228889083	191.138351393709	202.582258472951	212.799932131868	0	0	0	0	20.6581831041347	20.9358887912851	20.6593189559621	0.986088882172791	2.19636325529771	92.6399531130951	0
"OG0005237"	0	57.9288403956688	67.100847498669	250.031697873364	111.292379327313	51.1225728814373	46.1143945006802	48.1493726797239	51.7314519865097	0	0	0	1891.43255850733	41.7642122739216	39.8719974591635	41.1647317268072	8.44124042839329	5.50971961783832	54.0832236264857	0
"OG0005238"	0	42.2371284602816	34.9097171796302	12.7329690472045	40.7346841561514	13.3852959296147	6.54724212717926	6.13897311213718	10.0477678890655	0	0	0	0	14.7232168841899	15.9941486190039	14.097142772946	19.4834046006706	38.8484597199886	8.0577769025665	0
"OG0005239"	0	5.56753002866471	30.755289647788	16.70892366426	234.836240671048	105.749503818452	127.157563431937	125.720266862339	109.933595317985	0	0	0	0	56.581979063236	73.4952404890473	54.1342752728733	100.558478379189	66.825510254255	144.135176171071	0
"OG0005241"	0	49.4207671998961	71.7362700573134	60.1932546985696	396.881040590567	56.1380979448601	57.6328920398598	62.7525483193223	60.6541802277648	0	0	0	0	229.657765516177	187.407829693693	223.533354373443	149.395833178204	149.975183439527	96.2866186368958	0
"OG0005242"	0	94.4412717755036	153.980574214821	116.003738308627	63.8594729315212	146.940195000315	128.586043733748	145.773841919098	143.069229051629	0	0	0	0	42.882370689697	37.8687623523737	42.9011234426823	44.8691871118789	61.6655062615859	12.7849474235046	0
"OG0005243"	0	14.754413476789	12.3007240910978	3.76311064413673	30.3534544755175	11.4883321078974	10.384921413766	10.8082828829217	11.6700558211628	0	0	0	0	23.3200438777152	15.6184310898162	21.8965327702481	344.377885571368	312.309357572101	14.3677734628652	0
"OG0005244"	0	142.078288866096	123.820961278466	365.313338478923	271.419134182794	44.7151381969657	53.7182204084264	55.3774258944559	45.4004710365275	129.205477988593	143.308044959375	119.168467137971	567.580378104602	101.434775325245	91.3783536178755	102.614306984064	114.474405618838	89.2930217249296	160.462161113025	0
"OG0005245"	0	170.884297535328	91.903916474314	94.8089130342863	115.089933164935	NA	NA	NA	NA	0	0	0	0	4.3727423473429	12.8771400499589	4.78960963972703	74.0790914531327	54.8398441610194	169.361090358994	0
"OG0005246"	0	81.4048585493384	72.492000090744	19.5208715081369	62.7032745995908	40.5613296073347	51.0249822809237	44.3243416021527	40.6674827456356	326.632682730842	137.645117530724	291.890485966113	0	196.808783804762	117.652906560361	194.081073581701	282.559994583646	166.038748710575	107.870274978172	362.981916528964
"OG0005247"	0	79.6527388925541	31.6917639544074	41.8917282922578	40.1479525541928	67.9855895722308	63.8745143511837	60.6893049521206	65.7519119935882	0	0	0	238.923860737889	36.7787338209552	52.6663966139626	36.6909956808514	396.753722265616	286.958333940112	383.61944723147	0
"OG0005248"	0	26.0904046874194	6.6654646672301	15.7768225255416	41.784278754704	82.6915958547416	85.8996352625296	88.7501102457774	88.604810355695	0	0	0	0	27.9574912749221	27.2064453570864	27.5321425602934	67.831673426833	43.2822849512776	45.7051705004959	0
"OG0005249"	0	913.731697343001	1722.12735242336	197.072549254624	753.441753952662	2625.11757173311	2766.61377426639	2814.21497809174	2653.64364907189	0	2.7940017911054	0	0	374.717298240321	541.684208554715	375.525259275955	4465.96789153751	5120.81971852471	2879.91137173003	6.66162486071843
"OG0005250"	0	21.3325105368556	4.99010999864374	0.877229075368876	65.9353682537239	113.2340286008	90.2532542542458	80.2845746771997	103.801302418474	0	0	0	0	290.567882679511	508.576532441757	294.102041210841	4.00977834283088	3.13433504340598	595.326469947154	0
"OG0005251"	0	58.8933099315133	14.4362343800397	2.00179962054998	65.8232836086043	5.22879545113721	7.76096145720392	8.00831695519909	8.31509491221916	0	0	0	0	129.025589165466	98.1894363771114	127.597850938245	97.6733759231685	48.9582950207225	5.44938608035334	0
"OG0005252"	0	97.6204174463314	146.018093096845	193.553982488519	100.811779894664	220.812071690983	199.1968110541	187.232145120798	205.724499752272	0	0	0	0	89.5171864034623	92.1551291923064	91.680621623425	15.0858025799637	32.4384472818557	113.176250998377	0
"OG0005254"	0	1.13381171918653	15.2237709518939	4.29055485593099	38.5071676319797	3.29629858857963	6.35892393108761	4.31792303039332	1.95678806770063	0	0	0	0	72.4690685139549	35.8137024948359	72.7343161407461	3.54721140342049	1.49576811562812	1.20604084742718	0
"OG0005255"	0	45.928905245371	25.1175528768494	70.435661527855	84.1939569437048	54.2703796526179	52.0483326397514	57.3826385043583	64.4327742407763	0	0	0	0	35.2807109294191	48.0572105060508	35.8837623919533	31.647619502657	21.3709006204969	16.2516989440435	0
"OG0005256"	0	510.671581801434	436.747937994075	811.908988329219	169.348662906628	101.691755971746	87.8057696070747	100.985833841645	89.7969386585221	388.892255107574	814.054967970179	593.295337022128	2638.24574049145	209.871654409308	218.791588235791	212.643412086261	199.286184902356	184.371425051366	379.172867979867	402.120471942851
"OG0005257"	0	1076.41696675963	825.286887557228	2269.94204416215	326.00188994575	328.568806631089	333.263177771181	334.545504633668	371.383176871238	0	0	0	0	2462.15444792896	2462.7955516993	2447.02224588414	1338.17298358315	929.247349383061	609.461460445221	0
"OG0005258"	0	24.36597463989	17.5188335263467	22.7406174346216	131.145337838422	58.0282359598877	46.5485884087323	39.0439049273443	56.8657146881951	0	0	0	0	32.3247534736921	26.875964282747	31.6951062047243	9.19755531831834	9.8814204203563	436.469685080851	0
"OG0005259"	0	1056.69045355956	1014.07929126779	3050.39346263171	585.035259774448	456.780208951085	417.865120574706	439.371800952765	439.983370094682	3570.80116829085	2656.99802530394	1119.56975266865	0	193.085057533974	173.601596957047	188.380587342364	621.70344880799	679.557130322792	346.445210149891	110.098364306694
"OG0005260"	2.63090511994557	64.9627270912231	38.9114213676998	31.8655519943627	70.9254643490358	61.2679968911065	56.9687668567586	60.9003456462692	63.8423689262433	246.061207061765	338.06049438693	302.623520075146	0	52.5330455149604	62.3509723737801	52.9970490981605	4.0366761399341	8.42470871110453	211.765839901552	477.77622981476
"OG0005261"	0	14.6600406512386	8.0991805726411	18.9863228856361	4.8376719397728	165.757223718329	169.664970473436	180.717631142822	193.913249663344	0	0	0	0	11.4678005249911	22.2319841094192	11.3058486522688	90.7703960806097	110.75684424161	41.6252553660768	0
"OG0005262"	0	99.216121922746	122.414069381976	147.338545423699	125.183558304967	41.629318629625	43.4193228987455	43.7488880375723	36.7511274925663	122.748474785241	342.967201119879	81.2219728915133	0	245.697258592397	198.26183869807	241.849204130748	16.3513387808354	30.9000316116348	41.992896070497	4.99082808423122
"OG0005263"	0	65.0031725878876	71.6921974034301	77.9663062013783	37.8248681124355	72.8274727727933	78.4077871080486	82.2532735521721	72.4539868910011	0	0	0	0	38.7314009371326	57.9982699357545	37.3120084570345	3.69192725026475	3.94807347357151	51.5978091081947	0
"OG0005265"	0	48.7497867808731	34.9699343425149	25.6906043466295	14.4430519809345	51.8520462874132	62.2878799030079	56.7572683457963	49.3234282659573	0	0	0	0	41.5267622920865	46.5605474456537	40.9831632552376	73.2307529977295	54.6525980239456	17.2904770319615	0
"OG0005266"	0	28.9366268821778	51.066380955112	8.30124010252835	62.3602243336722	70.6501847241498	101.203442626005	93.3922810381795	79.7345206695326	0	0	0	11.8191804512279	37.9111128754325	42.0986746809603	38.5000842188042	68.6739497237726	71.6597198593874	23.4308580655681	0
"OG0005267"	0	393.361492854236	330.087476369751	510.568475584993	205.350853819331	215.661639830304	228.476718666531	221.642717897925	230.875514647519	0	0	0	0	92.4882593575948	45.4984378987132	86.7675107063056	102.962851669042	195.64506528695	375.997712091213	0
"OG0005268"	0	71.578158455903	53.3851592565808	38.5457839821528	150.310167880349	293.75774745767	311.977897746327	304.415877485529	307.554011897716	0	0	0	0	50.5567984987465	66.467923424966	49.8255825374035	22.3133503866664	31.6952613626827	327.249500199103	0
"OG0005269"	0	89.0013524741354	82.5613489118637	87.3910002664034	57.7329097865492	53.2889063427595	56.5290725254109	57.0424232281063	70.4430877675297	0	0	0	0	23.6529455612753	16.5469876583921	23.0550298823473	29.11048494245	38.0813234091746	114.775634550691	0
"OG0005270"	0	455.734152562909	416.358443755106	295.824465446635	232.018503944594	209.36413947959	166.456390217656	167.938548396211	176.370226574115	0	0	0	0	382.592750385439	254.917150635904	390.854297260923	82.6007285708426	99.8295061046512	280.952917345916	0
"OG0005271"	0	23.5027744053092	12.3000838778099	6.48540671456464	31.2274398397264	61.6503530544518	91.3695006509552	95.618894390038	78.6421136477331	0	0	0	0	42.287531778147	39.2010099018056	41.6639582318113	26.8708811196389	41.3885669870986	37.6722521821452	0
"OG0005272"	0	53.1396787649913	68.6333696548597	55.0502257734879	77.2057670683649	74.7575667294187	53.0927340013155	51.8307395978387	68.2776395212552	0	0	0	144.296708184909	2.72111574713681	6.38165215217511	2.55509541070178	12.0289834233018	37.7251543488528	34.0181734734087	0
"OG0005276"	0	498.42592988826	406.258012114932	111.095682552853	295.171761398185	207.504523364394	180.282824627803	174.528408176424	212.63708338164	0	0	0	0	400.215250277456	345.076592073053	393.218985321879	705.244842163866	519.588584911803	474.372811363901	0
"OG0005277"	0	107.714135597553	202.828337773447	675.210169118374	68.5615471148021	170.681960003344	158.580191497086	160.690064877411	142.401486299729	9.16169408966807	28.0089392909155	16.7185462523768	29.3524697359769	51.1876399053512	54.803244267796	51.8638708935787	11.9887816132342	70.3940422557354	91.7916539267307	2.61002045583583
"OG0005279"	0	79.859633163953	52.7634100909555	19.0452195547054	108.999713945723	47.952457376198	70.9614362820622	67.7470331850663	54.6864966055112	0	0	0	0	22.0573898989358	34.2154748367084	21.336968597254	252.73829721024	248.49302167685	166.642626613679	0
"OG0005280"	0	310.9890284282	301.93293722375	124.247002609912	439.158053310858	185.542817757291	319.484685322105	324.004822510093	235.831435961117	0	0	0	0	310.94501740462	624.557941868794	307.555466469476	1329.07974588768	905.49170576091	379.753049579333	0
"OG0005281"	0	53.0152310829468	34.9811612711884	117.435663575374	50.2295416120399	50.6739564482757	50.7889394244349	40.0489020125588	49.63460141842	0	0	0	0	76.0953313829083	92.9318451980584	73.2628435616211	1.45643357089205	10.1072528006336	144.536686696485	0
"OG0005282"	0	179.697267552109	122.19185042187	590.672240068011	95.0422981496695	44.7398331886476	58.302721365638	70.5579387436905	54.1716053253503	0	0	0	0	62.9156434341002	65.2950161350468	62.4388630518736	83.7071327682718	36.2799444502624	54.2915918306089	0
"OG0005283"	0	67.920433667813	100.532970966527	103.083281531552	233.230059485116	70.1415455876102	77.3169377275437	78.5987123521607	88.9254777789238	0	0	0	0	238.297670639623	252.12979513656	237.706804507863	170.854419221496	160.151361198593	119.953766423501	0
"OG0005284"	0	246.754360691321	327.155869950079	354.840412604119	320.962191599174	241.726898331607	213.323935271074	203.92942692736	253.112857308957	0	0	0	0	339.183043728195	300.859357322719	342.37148126839	376.954712723334	176.185403423195	153.651352941184	0
"OG0005285"	0	22.1558356599813	37.096379582437	20.7852480215212	124.741876291799	127.851354890709	87.4142209561788	103.223676615952	88.337335999143	0	0	0	0	10.3580357544982	10.1845166208617	10.3228098681454	5.35494705728109	14.651001048815	203.307262718834	0
"OG0005286"	0	9.4058232180811	8.07485246769752	10.7552311699972	64.7780737394451	3.05614118183173	2.79189263322971	3.17768023016456	2.43014348515863	0	0	0	0	22.9586968239823	28.650092293155	21.9900588635373	0	1.87551776304665	0.907552285262474	0
"OG0005288"	0	18.8602017734399	42.6832054793004	10.2695545126846	46.9834716329652	71.9187525732608	55.8596587871707	59.2291945891169	67.5823948221159	0	0	0	0	11.5845485002842	9.68503324727243	11.6377405429391	15.9814258713834	7.68490576482041	21.4430191835868	0
"OG0005289"	0	39.7432487653115	26.1452900515943	12.0600132523909	57.0357378143724	22.5489136632455	22.3064573769479	20.1999922359128	23.9495809495493	0	0	0	0	46.0002283828196	50.563324401134	46.9339570815761	23.4128319429018	20.8397128848374	8.6087940559072	0
"OG0005290"	0	349.090785562946	652.756829206932	111.872382376204	25.8594896889355	86.2321362352103	75.2933252064377	84.7111405585869	75.3581019780781	0	0	0	0	156.871680812626	183.903404306901	152.354347511152	361.201224010183	296.676970716879	498.645443237477	0
"OG0005292"	0	85.5645223216743	123.553741819131	266.570005249414	182.199208576427	46.0744171323763	78.6768325043111	78.2644378026235	50.8970879264614	0	0	0	0	135.183472568183	158.633179292706	134.356502954531	107.514671848742	91.5645741235141	116.925014278779	0
"OG0005293"	0	128.556529679957	106.253137517908	17.913360546727	257.022697356223	253.939986824597	182.482993946052	167.478504315249	194.258438713055	0	0	0	0	8.24276777433563	22.3402203991999	7.73446972161662	18.2158162379157	4.8476558387859	0.597190197908405	0
"OG0005294"	0	101.466343538559	64.8336574214849	233.058414111442	249.942181522593	275.215970781774	279.471075133796	287.496398010256	350.632222030413	0	0	0	0	13.2742378539326	17.1501801021565	14.6644140588825	6.22983776675513	42.4407040173105	34.2565051495777	0
"OG0005295"	0	105.381778623237	129.075349466701	72.5889176139585	94.7838731610441	58.8778546624736	42.9248280538229	43.3898363107613	56.3432154162281	0	0	0	0	89.0010812720417	85.7127765562091	90.4419288766555	124.871783340282	96.2096546962653	53.8330397324852	0
"OG0005297"	0	11.5939608848683	17.2977279806543	15.1990216616931	25.7050375960519	37.0980928749851	29.3264914442932	31.7043544148799	36.431843340575	0	0	0	0	30.3164593810515	25.963902281392	29.1795462004132	1.96656178074486	5.19446647188508	310.259989597469	0
"OG0005299"	0	39.2311465536986	422.943826090617	18.9993046931102	8.34882621523908	16.0341695284022	8.27047042052976	7.98158368837476	11.9190823694843	0	0	0	0	390.597103949266	275.494656383597	389.155392664665	0.478830498136674	0.756674748693979	0.772720212282524	0
"OG0005300"	0	7.73540864987913	8.52957091433184	33.3783374796861	70.1737573036494	60.9600031746238	71.9979876567995	87.798289909449	64.2812431643094	0	0	0	0	37.983395341419	44.2603624739453	37.0010854682433	19.3594303077665	21.1509917745384	15.2312540619847	0
"OG0005301"	0	2985.59322800803	5698.73332391315	1879.22092804953	652.247680464009	4756.39968328864	5095.94525465993	5626.50574031098	5471.36590225377	0	0	0	0	3076.27793293795	3725.34178980891	3020.13288495982	7909.84374178661	4611.45254219313	4092.39769492174	0
"OG0005302"	0	180.132315907256	216.580443945323	49.2173082612352	124.621682637757	108.789984490952	151.929500668072	162.554989399381	109.639147172302	0	0	0	0	18.6338231582097	23.6431661154214	17.4873003992782	387.459827124994	365.327355354509	101.198053413334	0
"OG0005303"	0	38.5781747513314	28.5303925940081	18.7058182965891	129.176868386358	150.645553639874	148.321834144287	156.377314626133	148.952281624536	0	0	0	0	51.3615479113286	59.8248243405687	50.9734563316633	16.2726519639772	15.1520412120466	22.7379250305526	0
"OG0005304"	0	32.9952287660535	45.6350062673352	10.4865347495916	48.9949662422018	245.666332195693	180.175600326769	196.283276958103	216.327399539316	0	0	0	0	2.7967279236487	5.5565723359262	2.62577171938657	15.371936459448	11.1057752214996	20.5828189500291	0
"OG0005306"	0	11.51006240589	42.2341283323631	3.30691913177693	63.7947981729681	304.800015873119	261.825581388515	276.285087533256	364.516492696567	0	0	0	0	36.1449789176409	14.3328794278687	33.9128939156611	91.4579660935569	132.838095854625	16.682684647885	0
"OG0005307"	0	10573.9047177106	20841.6332755445	9371.8711149535	4278.97520137352	5234.21170099824	9403.8496172081	10100.7857999221	5930.02720661205	0	0	0	77.5422246362129	28102.2712507	22033.679976959	27661.8698518209	21535.9391852879	15274.1076540804	5847.58242380764	0
"OG0005308"	0	110.99488761545	59.5468874076049	245.139838701584	249.329141544274	176.122460901149	227.961308631793	252.263541718337	213.524892012227	147.653202553176	115.557054068088	87.7454748610853	0	158.878525093809	227.616688032719	158.777635964271	331.614617141998	257.312274801215	218.100783746976	84.0918323022578
"OG0005309"	0	65.0784324361254	30.5130455617427	25.9714167953757	23.3647735104855	300.744726426708	272.807529611822	289.971927811464	347.820063042644	0	0	0	0	25.1232902340699	52.0751774746814	25.0639478892016	2.61316615165814	4.25805599873306	72.7943687463805	0
"OG0005310"	13.9320091455078	708.475468559003	559.070429040508	675.876087988248	398.517092745491	998.426837855823	763.716797982217	759.96384259535	883.545640136459	23.5820682609338	47.9519374219956	0	0	327.678893863303	349.59785481073	325.62135580703	670.760859959236	766.264992980774	383.13648045242	0
"OG0005311"	0	106.404323744036	74.3325669014453	118.307456978993	50.6692203519662	60.8385815076572	45.1366412030716	45.7878758522849	53.2787917679229	40.7752436917998	112.186663452901	72.117399130058	0	18.3883263759385	19.2514056859355	18.4792960984428	3.7208558704533	9.02538454864884	99.0818776513052	0
"OG0005312"	0	128.990022439079	115.169731282509	117.174923113348	227.568825747022	89.0845465103841	71.0783712069396	80.6084167310426	80.2083539443272	0	0	0	84.0948247524869	117.768822918809	111.77347794101	118.879745304836	74.9865965751412	60.6565182992557	91.7468196944843	54.9211948263009
"OG0005313"	0	26.174202571188	19.3308713195209	45.8720964784517	43.4011477185318	50.4288933398095	40.2823160522687	39.6748535731872	42.9346014278633	0	0	0	1.755973288865	12.8166107636125	13.8239468444972	13.0161333931179	60.331328489266	74.2617505903773	66.119483761805	0
"OG0005314"	0	80.4683897419538	132.093630373699	50.1258507323259	93.7730834176234	62.7468106851305	87.6072111167487	97.3918390749694	73.1790725232902	0	0	0	0	189.830959185192	200.398567214545	186.734320244499	228.813140131259	127.781422524514	280.835416145168	0
"OG0005315"	0	26.7660000413182	21.7485093156612	5.41792912796258	35.6031805379013	23.2503624157396	24.51939310976	21.0275644464379	22.8225292708481	0	0	0	0	18.7616007996178	26.9078871378343	18.3366797922844	70.8537564154983	61.9095464521351	62.0292700710679	0
"OG0005316"	0	103.904480930967	160.396624774885	130.924841313149	133.704375530663	51.8729676623887	59.7113729810011	65.3712496343571	58.2788520091887	0	0	0	0	40.6196242808516	58.0061330013853	40.3352103004812	117.094712993166	89.0742483807574	67.9518277604836	0
"OG0005317"	0	12.9523073343836	21.2499780118401	45.9014871433313	55.1494820370569	71.7568533176812	54.915528105092	47.8174092177746	63.1383530299392	0	0	0	0	37.1040049178949	20.8863872190188	36.0152693461226	4.85896550041905	11.8059066979397	118.357490194215	0
"OG0005318"	0	314.929378309735	236.057773425709	178.547092804455	314.782463610307	156.668356892104	185.128629644787	224.140721033608	162.52116644855	0	0	0	857.466824239976	537.151676699268	629.5337136274	548.470790698652	2088.92281203856	1543.26994035754	281.26382720993	0
"OG0005320"	0	78.6994107364535	35.3580520502915	19.5618855687871	41.1764456425396	85.9228550494982	70.7413242811927	56.907916481537	81.4953935168335	0	0	0	0	47.9923801082025	27.55273000197	47.1458665820966	5.83887704311738	18.6817485149485	2.43126275599659	0
"OG0005322"	0	43.8848157705502	46.7259204316151	36.4343199908097	56.9283119428546	65.4295191972405	62.7973820756877	62.1438411747165	60.3565254078501	0	0	0	0	77.4082778644135	60.5662109842455	78.4273616853714	66.1737943301939	101.303791870159	67.9358472420592	0
"OG0005323"	0	83.1632005902248	118.354096506246	309.330827514626	643.828451937446	51.8977736427973	116.566192797142	105.753629269699	78.7842133293992	0	0	0	0	316.741488477403	372.684887738813	314.400910298176	318.925307045885	227.437033551771	103.730432899661	0
"OG0005324"	0	26.8488096030786	13.6058313532506	6.66397405309909	22.8904523938496	57.8663589020535	68.732270905205	79.288923369378	64.9551477608126	0	0	0	0	20.1260884252958	14.7986469291322	19.1775883043991	51.5526440721521	62.0383293481076	67.5252366992088	0
"OG0005325"	0	141.399011934937	104.250847263588	130.142619927073	118.702572002212	14.5387462714335	12.9581824069638	13.2721630639381	14.9166940170204	0	0	0	0	54.4306392190494	71.8642500574584	53.9477075929087	69.9168134519903	73.9701821191846	30.147469959363	0
"OG0005326"	0	861.079438666017	222.681027088118	541.839539325938	373.329562836099	207.395754412267	177.276605624133	176.813414525015	193.972353070763	46.847253509506	54.3967058305303	7.3639070912274	297.872969759775	163.100320564005	170.613036330575	159.974668641082	101.963080495217	122.537675275101	118.529280767277	18.2610654856088
"OG0005327"	0	170.747923617087	190.670362688664	48.7342942241701	29.3804273918609	68.4729410709969	72.3040828178779	81.7474424067737	69.4934091870497	0	0	0	0	86.2970788496255	56.3367803405069	88.1339610009482	125.573732793105	85.9137684087205	109.869171491096	0
"OG0005328"	0	132.532638306598	155.163968580319	106.891969608451	1077.52779119907	464.699365587036	285.596509491308	275.057168300463	388.300961361137	26.627360947962	28.8076164575457	124.244840443691	0	312.820046770382	344.480190458697	327.658012477131	6.53523718583692	14.6386051543139	53.4397769301912	282.705369504185
"OG0005329"	0	69.259283313808	71.8315597742358	476.510249681738	18.8403874713719	103.325121567644	82.2467430360916	69.6096683538137	92.2543200118656	0	0	0	0	7.21374848408109	10.7542910356954	6.77327470084147	14.8027725256128	19.2051214298127	19.1607747618981	0
"OG0005330"	0	38.0214113778248	31.8704669678374	10.6075355021666	74.9701031688891	67.9712553781826	50.7472380670788	49.0146612600993	56.2320507095088	0	0	0	0	8.73868653569667	16.9307290886439	8.20140967240277	1.34413814751138	0.530761922489591	138.063351561505	0
"OG0005331"	0	97.0128794185506	107.670236616957	720.864554059611	75.5294082884918	97.8077054822628	81.7233879454821	78.3741239031869	86.3073225822086	0	0	0	0	9.23478565637782	13.6956244065788	10.0064939832981	3.00383589168963	2.79590819849609	32.3012887203467	0
"OG0005332"	0	72.5229237754238	124.735816788549	152.521513652494	226.401665591608	234.566294148017	200.81196621566	220.087841352159	234.208695322069	0	0	0	0	44.7019881228012	44.2819859044299	51.9305964389624	163.714651469347	163.851961520342	158.120571260554	0
"OG0005333"	0	48.7481793316467	6.94439353481745	12.3179929330538	80.3592096390033	54.0113874589557	58.4463435294682	54.8136364396448	59.8288703067253	0	0	0	0	79.0105623167729	64.3776584781268	76.2261243377774	112.253230757756	77.8567208584502	215.150527020948	0
"OG0005334"	0	21.3325105368556	16.4673991814928	73.9797379137509	58.6476739562539	41.4527355655082	51.9667769807632	54.1153112591098	51.1306092617304	0	0	0	1166.81534641183	130.784092536637	96.5786992963895	128.827517336523	235.291890124531	223.808537593455	144.341369321252	0
"OG0005335"	0	43.1514040977015	71.1457892798116	51.9767399085253	18.3375960327389	29.3608467620311	25.469132865471	29.6823338952478	33.1453166323063	0	0	0	0	55.4371135942889	67.1654726562993	56.7190048800057	51.2568834850275	2.9492236496905	58.3306678623877	0
"OG0005336"	0	42.4960833453358	41.9282177221457	32.2689941774873	26.5491637752284	26.7096590482928	24.9026096379599	25.9684596103413	24.2002674233559	0	0	0	0	30.9998130973989	43.1603672471476	29.4872058170576	0.674002902305597	3.33923634075474	102.800011604726	0
"OG0005337"	0	6.81465136235271	5.42100137682074	18.2987042742522	91.9376165103419	86.7568465393703	53.2660788228801	48.8101770272551	77.0203667800175	0	0	0	0	5.17936810660749	5.10452945830911	5.06660427663354	3.2284873600356	3.09838004171691	2.10941955396114	3.66448857358482
"OG0005338"	0	45.5052801503715	32.0296852290242	5.20918338159982	93.3426674185406	12.5612046341608	16.7618948820385	16.0552486340443	15.6759212984886	0	0	0	0	34.789786733846	77.9354898232562	34.1327896515927	75.6539189788199	39.7405753944939	0.899197137546226	0
"OG0005339"	0	74.134002725891	47.1447498203082	31.102103921552	20.987425027983	52.2776325597927	52.4089159446867	56.3669191319025	61.0579068012064	0	0	0	0	28.2799945499876	31.8602484055848	28.214421246372	66.1489394804929	59.214497268182	28.630918760883	0
"OG0005340"	0	283.193145260364	327.72610996695	208.852496575451	216.845695969799	3177.36806358299	2150.00749498714	2027.52728350511	2707.33846595207	0	0	0	0	98.5795485498053	85.0765830642672	97.6088495785359	1.91661201986776	7.18826567101095	530.877261093006	141.176336389315
"OG0005341"	0	160.011199848702	64.3882174051921	28.2233451686997	126.56768035168	40.2579419230083	41.2714143924506	44.9945570026226	37.9513227817464	0	0	0	0	43.5860495140426	56.2175000176357	45.2536398198653	3.37068134895898	18.1446561699999	167.80769518748	81.3116037768485
"OG0005342"	0	92.8509341053772	86.6322703626637	123.303244231402	NA	157.808211114907	175.280155687203	188.137019226502	145.420790155307	0	0	0	0	159.411486884764	122.462302998461	159.036067264914	159.295022717106	244.378407941279	3484.48271807381	0
"OG0005343"	0	42.236034979982	49.417780150339	7.28707765196406	24.1541040004778	38.6409471642921	25.5632512196406	25.7602950972972	33.5169135874597	0	0	0	0	57.3057055197026	53.0442407449914	59.2283991939628	55.3326423605767	60.8975493709435	7.73599140795869	0
"OG0005345"	0	448.248105955926	367.164176352422	1175.38119239276	173.98003332844	196.529958072208	237.426111087892	248.881674364112	235.63522522368	0	0	0	0	608.20006872243	776.995978543339	610.010351707019	614.769551957267	402.056580011575	385.526011860164	8.08362413045451
"OG0005346"	0	73.671990706301	43.2679336156637	144.298679740664	23.255837375116	NA	NA	NA	NA	0	0	0	0	28.5052355932299	50.9735738935501	29.4665146489781	31.9784921116031	43.9054066965668	105.239260180902	0
"OG0005349"	0	173.807780999355	57.0231480694451	423.268274350072	143.881332452817	159.887029965257	184.626121837532	200.049625247394	187.152197110443	0	0	0	0	82.6850366193738	76.4951191645338	82.0397871005021	293.96497578765	203.068408215282	669.659185543532	0
"OG0005351"	0	0.598940767079541	1.18839359621635	0.783258212854888	21.0018124213052	9.35512878148342	14.1220991389019	10.4790072375714	8.47706339893238	0	0	0	0	21.4752027081095	19.7332567305345	21.5021518855751	31.7318835053018	31.8613284989379	7.25715292950173	0
"OG0005352"	0	18.0361507055022	21.882026260794	30.9903843024112	8.60059189609816	47.4576696327456	48.3836246891969	39.9406648697308	44.5155547003467	0	0	0	0	18.6602527355042	20.0932898265361	18.1838567689863	42.9010467450701	43.3599873385183	42.7883707654028	0
"OG0005353"	0	32.9619390111066	48.4586716132377	81.1816962283798	82.5063568138493	34.7899158209908	53.15982558423	51.3559885958627	30.38229521145	0	0	0	0	128.930900522403	119.805718786636	130.923088288892	37.1687909450114	21.3110029012664	48.54703936031	0
"OG0005355"	0	74.3766757058777	38.2184136795853	13.8832332642671	31.4659143096117	22.1714964982366	19.7164370693136	24.4408741835194	27.7155368935277	0	0	0	0	28.4409999276794	40.8062130522464	29.4554052969892	88.1215965615022	81.7541414898351	20.6212609749057	0
"OG0005356"	0	24.4414003058491	16.9384105966806	16.1269632231585	30.4215265772138	NA	NA	NA	NA	3.05768637811992	1.29611609961411	2.66462927508571	0	16.2787605250505	13.8043861146159	16.8633714221105	15.5084562680494	22.8139341406635	52.2744952828121	0
"OG0005357"	0	61.1307755482709	19.1545320848916	165.504548140455	77.3400494060388	7.11615319856199	8.46162031602174	12.7389466173422	9.55890725855493	0	0	0	0	108.540238848285	105.564634526674	108.3154875579	167.909665126193	158.294626527596	136.245904957224	0
"OG0005358"	0	25474.5442209019	55303.8506453237	21533.2357187012	4153.68155895622	8299.69258417846	16291.1129731015	17743.3858227277	10343.9514113913	0	0	0	0	20716.973305597	15570.8952839576	20607.0147381291	19766.8801024254	11201.9143727448	5864.09562617957	0
"OG0005360"	0	174.080010303828	139.01164526536	255.989218651117	83.1161082451233	236.803382922585	257.045781451079	240.069330761586	241.301292840202	0	0	0	16.0384274978163	85.0019601932245	66.7782762426642	86.9397056621346	2.37826963550861	5.10642723338259	79.3912155326498	44.7980287227122
"OG0005361"	0	203.371364933033	216.299306805815	240.014969582799	95.6619152220787	340.00619491345	272.647833988806	318.5801638271	311.676788944993	0	0	0	0	257.558658649066	262.475683308889	264.002640665741	1030.35233841098	981.745381972465	303.166415030173	0
"OG0005362"	0	72.4544775502994	22.1729057764238	86.9738155271626	361.723568612164	333.751980166133	370.951263315268	377.746179512084	350.049361831721	0	0	0	0	54.2509042196528	91.3358811497337	52.9975455473275	88.0916494986918	95.0000537031778	197.153431415554	0
"OG0005363"	0	50.8935832200159	66.1642115613906	5.18528575137147	17.935817797507	6.38406045863693	6.19387048834265	5.57971889503766	4.75847820724038	0	0	0	0	41.7923067064788	43.6625907799718	41.618965356256	3.58354798125161	8.81646168247338	3.57159703850192	0
"OG0005365"	0	23.7463288897103	16.8793625146336	44.7361492379458	55.5484924118592	17.0704102254312	31.4171276418532	32.1262257043055	16.2299465794765	0	0	0	0	122.544446365919	104.29284322958	121.166230471134	10.888533800169	20.3879345741041	25.0350357734088	0
"OG0005367"	0	30.6833019528726	25.1212364228687	25.7560041895752	38.2057640739311	36.836936401153	36.5923468984306	33.63726403379	38.2305989569926	0	0	0	0	67.7476361056443	69.9027725946622	67.3140494186406	47.232701453687	63.6901059466668	123.627953951255	0
"OG0005371"	0	38938.9019136975	96855.9198646423	31344.2551224025	6628.99832434176	9362.17656562636	19910.1470383642	21738.4955592702	12232.5945078576	0	0	0	0	28394.5920872331	21533.6009165796	28320.3766909667	62573.9633913089	35234.6204307686	3932.02431446663	0
"OG0005372"	0	15.1859358142782	1.9680713179991	13.3521202807954	26.7959582691376	182.189992610223	121.380353403561	119.569513723814	149.86750417601	0	0	0	0	7.28832267011916	10.8790278495649	7.01153384056284	0.887744910280373	1.87796534509566	70.116300200417	0
"OG0005373"	0	3.75879186187033	5.17300687303274	14.0918256338875	26.7898744571042	60.3384663053252	47.6172323766733	41.6095743892665	50.7314097577932	0	0	0	0	9.91483740978764	15.2872292344606	9.31060903505089	2.31917571480494	4.52449203038768	7.11914339677506	0
"OG0005374"	0	600.097093458538	299.83043967218	1173.79220934182	358.492597728282	250.160820681808	342.617292696763	397.533146345545	302.471118859712	0	0	0	0	185.242895557213	282.562837561486	190.7600716715	792.652680187858	698.007141848174	530.628675250848	0
"OG0005375"	0	154.97158725791	91.1004024056205	73.3091747961183	92.4827123662539	72.2103754525612	59.2953780043469	51.2697031627247	68.620942292006	0	0	0	0	144.000268563285	108.804574978614	145.139517728819	58.9193184155956	63.9529935352391	165.567048943056	9.91638417182934
"OG0005376"	0	25.0374217377207	22.2748759798296	55.3015795788805	59.159591112937	49.7890988249752	45.2300486663727	54.5371753037467	46.2765847375609	0	0	0	0	67.3053118099467	63.518082439857	66.4513526899376	33.9793681341156	24.666978430855	44.2112583697839	0
"OG0005378"	0	72.4326992059416	48.4115370697162	28.8612697155565	40.0761526103754	63.5643536457114	51.2926695479773	54.4240117046186	57.7669158993987	0	0	0	0	62.7789171956553	62.8842716950759	64.7181549127593	84.9662430811721	74.0019761692026	200.124032229343	0
"OG0005380"	0	187.219611399688	472.199052932461	181.961872596535	301.274756622668	397.053845473292	339.556069460137	330.7423528179	297.843447810763	0	0	0	2985.84379051076	296.699405873902	337.532814561861	303.010352836991	14.367946023332	138.790869344471	385.703129272702	0
"OG0005381"	0	2484.76661942505	2483.2032165226	2027.43875474168	533.19076751769	239.1029028559	274.17090799001	258.908389444604	211.614657309263	0	0	0	0	1394.92603570699	1428.93942921836	1453.32681586527	509.91967160166	412.865610766239	447.405242619358	0
"OG0005382"	0	57.8199486738798	49.2020621516771	74.7302417547514	240.993222876186	144.901332091562	114.216493453004	111.084634569469	131.583047703504	0	0	0	0	24.8400397024301	28.5944551469496	25.0512455855128	19.9466837224573	26.4535958665445	727.414998645929	0
"OG0005383"	0	6.27769072625139	4.12790971188455	2.43329134231885	18.7633532568411	9.4169495022333	11.2582120763139	13.4721192314116	10.2006822367699	0	0	0	0	1.81019712707631	8.82143036630078	3.39872571405373	106.030788824326	66.6095756645487	46.616415173321	0
"OG0005384"	0	88.6020828275761	159.466329918263	53.914759344529	102.578003703455	110.88509093694	84.7221372385035	81.6842678495139	113.255458318774	0	0	0	0	241.06687989316	228.119447683655	240.578571997011	10.4732516967751	9.43795019769318	156.938900703724	0
"OG0005385"	0	32.5064604948239	13.8217409650116	10.8824479751868	18.6307425972485	57.8340056882319	55.1344775473588	57.0741554025097	59.1685469187353	0	0	0	0	29.0907790628968	30.103568061262	28.2191427209673	9.9819016289793	31.7219456546622	69.6826066865091	0
"OG0005386"	0	33.3639050241102	18.3084670286804	10.2303023367778	NA	67.3557285484327	63.3979468118172	64.3689331209529	65.9568876405933	0	0	0	0	15.0885832453717	13.6930522465065	14.4179253116273	21.6723862479877	25.6043256929808	110.350806560277	0
"OG0005387"	0	1.60896333987243	0.466814766395938	1.64030290892814	28.6816111447828	5.7605812866218	7.73445077504822	7.47239095763814	5.42824556522429	0	0	0	0	9.19860280200296	14.0579104055088	9.09189366776816	42.4043167141866	44.6613688944635	0	0
"OG0005388"	0	18.5725720683146	6.73299325143277	3.64315162639592	59.2429009714122	56.6186791312999	54.1171708635102	62.666987365052	63.1557633847416	0	0	0	0	43.837373289733	52.7938735870671	44.2868068029557	32.4662533815884	24.6579417291386	77.2423684885093	0
"OG0005389"	0	23.417061064301	13.1369911004668	22.9347310397624	4.41079112876355	27.367600219936	24.2528602525338	26.6632131100588	24.9003284214401	0	0	0	1.9391698570983	9.79018137199693	10.6517137704216	9.64291752642078	53.3891871030319	84.5568437740196	31.4769381164545	0
"OG0005390"	0	124.1094954685	64.3390230450049	130.769930803358	140.495499224327	196.541278922327	180.549289578569	171.917603681047	177.334492378553	0	0	0	0	61.5064821922079	50.3620418347228	60.070835241976	2.46654678705629	4.07900629205377	99.403707536242	9.63619819666429
"OG0005391"	0	81.7310151826965	115.071379675949	86.8020335757105	49.7601015213556	225.795243540584	157.47216178209	133.472697881481	171.832153775773	0	0	0	0	45.1083515448256	40.2980922201992	42.9177874706657	9.06702492227901	19.4270161873965	44.7117149384428	0
"OG0005392"	0	165.055997759579	85.4142877783981	80.2411900441796	42.9695259188659	81.6227744170014	71.4559311269848	68.5986580939976	80.5893822942814	0	0	0	0	63.1252070902859	41.4181025231479	62.0657276919443	29.0336167731309	29.2607455327256	118.747725576074	41.632075058743
"OG0005393"	0	182.048810210741	242.228872814717	355.815023577561	654.656541174525	375.379411987405	533.581803551746	534.419081516221	401.71202751215	1061.71288771408	1356.61262910397	621.84039051736	651.344137264941	669.719939125709	562.952014025504	663.047092436833	774.40558321227	527.732971474474	596.953597455065	0
"OG0005394"	0	641.144605784876	1090.11900081934	1474.16522159519	28.406085711523	49.8579673298681	48.7865137189862	50.0529409044939	46.1788754874241	67.1581263497331	63.726937629279	69.406040066499	0	677.305435916145	405.411324306039	668.407354771508	499.79465453567	422.816391420712	143.022532575769	134.760644337053
"OG0005395"	460.337705132981	105.859865135091	79.7783695843355	139.307187037042	65.4949769952711	33.8086089942224	40.5595781302444	35.0907135380845	34.5663134489673	0	0	0	0	68.7760033275877	76.7256499523442	66.7001327410405	59.1998872336103	38.311641021508	49.961759144163	0
"OG0005396"	0	115.764137617001	32.7774357924886	23.0637147450242	46.5530282293238	70.9728511502971	62.3074369636145	63.9121491948949	70.8530390615399	0	0	0	0	50.5358490700248	54.6052379787309	49.2122074407129	82.2171754610758	98.1802157061783	177.959940981215	0
"OG0005397"	0	671.215832554893	930.361661487098	1465.36139658327	361.186602872165	160.095466793926	132.436340040685	125.025056940935	132.149685903138	0	0	0	0	387.270466469311	422.484958655654	390.053951770258	282.627781639586	265.340338668388	1441.38949349032	0
"OG0005398"	0	17629.6216108236	35309.0618160801	14315.387573563	3928.85455930803	5855.65422987915	13286.170610888	14122.1216714738	7473.75162001823	0	0	0	33.8273382869424	25190.9943480843	18766.9931881385	25435.6251466824	30528.4238070979	19702.4699957378	4967.98805552874	16.3491720042385
"OG0005399"	0	143.172909936079	184.998444095219	58.0339555688168	88.0946944257775	15.9315992966589	17.7726825456849	14.9928003746246	16.838435021641	0	0	0	0	18.1586318448686	28.8637055761235	19.6818140177982	123.519946251521	77.7080174370114	50.4349600508425	0
"OG0005400"	0	26.4764517677614	9.41447557668103	42.3169499727987	67.6873416919868	224.597342213738	144.409878771272	144.630614265935	210.609962259111	0	0	0	0	125.21445799339	153.236852660214	120.5961818472	10.5063995792543	26.2820120841106	29.7769882738896	0
"OG0005401"	0	3815.93927452916	4730.72155402023	5235.99977123543	4934.24560466313	798.54502023847	729.915678233704	781.289602543716	898.932646374215	0	0	0	0	9740.86003484101	11490.0833589601	9468.08409949446	4250.60364995786	1789.46565267029	1474.17619045781	0
"OG0005402"	0	63.3292994111888	43.9871993270392	39.4761673013567	NA	74.9153926987299	66.5711478017085	59.0598070829853	66.053465123354	0	0	0	0	31.362751544656	25.7598199870668	31.6483219461607	68.7401484941957	92.2088956871547	37.8416953502225	0
"OG0005404"	0	3.5491390001861	3.60270285439728	2.11170939413085	6.74966059633725	50.0649613050898	49.237344709846	45.7604036136233	48.4766147647719	0	0	0	0	20.7735936457002	27.2047536066022	21.67313758844	17.8563302410213	18.3776232865016	35.4110265812176	4.42302023961739
"OG0005405"	0	26.5919288460585	79.9264537013834	10.9749648261832	48.9206998881006	63.4283924555524	58.2185173546926	64.5228124324434	58.9443312263365	0	0	0	0	65.9905617352403	55.4526620064805	64.3655718540096	122.267224631249	95.5441644816211	28.2956164111078	0
"OG0005406"	0	632.671274233674	323.767921725557	989.832144545721	383.036257530808	166.533034917686	197.419019919786	225.172378941153	176.790866782232	0	0	0	0	182.93290888029	214.700411360644	181.108127796588	415.410621153347	526.630588490216	316.610026154739	0
"OG0005407"	0	215.993915369876	252.768639225707	58.653904361468	134.392229954258	1092.02196621769	888.273204447008	892.420313969168	1080.00788143465	0	0	3.31290876308019	0	278.837104391991	235.163920527294	274.870641982745	181.79916135494	217.62175611047	227.262725692014	0
"OG0005408"	0	515.064584977603	406.033473541463	658.078250803872	303.713762347764	113.710725181807	105.204083836355	108.823246231963	95.2501711323721	0	0	0	0	346.919764871655	385.589846361875	340.908518478343	38.8909289213653	67.1303924838928	286.777061676035	304.910785706579
"OG0005409"	0	201.362571932032	118.798534426459	1081.53977984933	189.272325179206	286.019058491269	254.825783446381	253.365474076044	263.638293906703	0	0	0	0	118.599363714169	77.2386699508288	121.170931115694	18.5051873100196	37.4500506535623	49.2967920163902	0
"OG0005410"	0	19.0351026662368	14.1089091105455	24.5548189083043	17.4377947520894	42.0110088606103	36.7809910455323	36.5787206843662	37.9762028012311	0	0	0	15.4539613863965	56.6433012320768	46.97139262486	57.3439059293849	7.92741187701427	17.3536845506509	33.0054968989173	11.150869532144
"OG0005411"	0	42.5487143442004	64.3027442920188	62.1967230580765	107.326391590954	123.124234033514	122.055751059095	122.941165926005	109.796525713546	0	0	0	0	115.263895564424	92.0313454773013	113.768374114783	173.304986158842	175.940324287639	134.701565412817	0
"OG0005412"	0	658.364535255769	628.200474308499	824.013480836896	634.231923568748	703.91048245143	827.793334053209	827.509905342528	788.655748285479	0	0	0	0	247.017350077738	293.985131763721	251.588634152573	750.651621488302	614.478684192001	593.130258422016	0
"OG0005413"	0	42.5189506069114	98.076964338546	84.7694849858506	68.2080283074567	125.134683828241	108.900164571633	106.798400244747	123.714497897122	0	0	0	0	83.2975646180894	51.5760515131662	79.0388733944832	19.2740266193306	54.277269263482	10.9190887264636	21.5118511829558
"OG0005414"	0	102.330736285114	115.021276027323	75.8300749336777	128.163173759714	32.7949489536324	30.573118245047	35.4320879805247	31.0172795854084	0	0	0	0	132.449641488977	121.202008456419	132.125606208247	235.278432132742	195.877843153153	117.679854066558	0
"OG0005415"	0	78.1505516638758	93.8895982969596	32.8234204257989	37.9169474296976	54.5842557716137	57.2287127873222	60.4368965146287	49.9069172243031	0	0	0	0	106.166432719627	88.5851782585911	105.433999385762	11.5821174743122	43.5908727017449	360.476682400831	0
"OG0005416"	0	28.4608219111611	30.0150546316175	13.829858157923	22.5226284068582	41.3719357724994	36.5528253384546	36.6899281905516	40.401203032425	0	0	0	0	42.2275276197225	50.0161265156491	41.2744365776982	25.7976123366004	44.5925556025829	42.6090782267463	0
"OG0005418"	0	60.0662293347823	59.2372654160079	66.3630488877591	52.9816060540036	56.407800550645	54.0953049832486	52.5434819078401	50.3089461466806	0	0	0	0	15.0519564295934	16.5699811684941	15.647313976106	17.4450734108472	11.0220319647555	131.808203771413	0
"OG0005419"	0	21.7223947540607	130.038601389974	37.3852741987	12.9351709470921	4.69511725786306	4.71111255270155	4.95480515816234	5.81609595741781	0	0	0	0	6.91716839283435	5.53869577535206	6.86716955518319	7.06048684376146	4.63817468423215	18.1310523010873	0
"OG0005420"	1147.34042992045	529.358956856435	616.324981738974	1122.38646036979	193.103756532303	281.597267621117	303.874619822046	313.784113723207	333.103031653558	269.697603831594	502.128289613734	227.032751055105	0	598.809591351407	702.630439653798	594.33644471959	771.47028608417	642.148023971143	511.944785792933	0
"OG0005421"	0	115.921978760394	79.2357656266312	156.192125850843	102.548954871224	NA	NA	NA	NA	0	0	0	0	104.280290444986	74.8802122762804	102.873293752306	7.44599162478193	6.59261928394574	34.9837741040414	0
"OG0005422"	0	33.2649695451544	25.0951548102947	11.3387131461377	55.1597094183671	97.9030447984642	78.1405072797575	77.3575351560899	89.8852165138581	0	0	0	6.43436042177045	9.56408015353559	11.6023107502352	9.45332254803912	9.31221377106813	13.8686781680721	294.943372932901	57.5585654500511
"OG0005424"	0	676.461820885075	513.572326353815	968.179029565185	1455.22317428309	1808.40813648939	1691.75636519507	1838.42598290575	2049.05225923905	0	0	0	0	1992.74850662558	1922.50763298083	1964.93885966804	1609.96379614246	2020.58757876909	969.302784067694	0
"OG0005425"	0	53.4041300893357	33.4091129033045	13.646419574051	50.344120072002	108.61471109381	86.427858713966	85.8328133715841	99.6422962399684	0	0	0	0	101.899498861122	92.9909075433075	99.9329607313522	381.12849670124	497.571754100135	418.943939305419	0
"OG0005426"	0	329.239150589219	449.288138968694	278.052708443532	79.7291788342847	70.7108067666517	55.602353059789	60.939684848783	71.4624329176053	0	0	0	0	86.4545464098842	99.1461093621851	91.8521222447546	13.2605642621868	60.025050614512	93.0565563503546	0
"OG0005427"	0	269.568758375383	150.469721582377	456.19414434471	113.361889387337	37.9899427880652	26.126127870226	24.8504220874062	30.4468059518878	0	0	0	0	12.3103149593993	13.6088995736539	12.0610778147045	1.49481915828388	3.17314081695485	4.27345696867071	0
"OG0005428"	4.14857988701122	238.808887776462	479.767530091792	743.289122034715	83.7630202580067	192.854011445213	179.742968267307	167.766122425709	180.816186083234	0	0	0	7.99082678304061	77.8347582875283	100.009855207986	79.2832791382404	13.6974263498512	38.2770082565536	46.6076258881876	4.19943207786133
"OG0005430"	0	86.4356560959855	60.3135660161055	127.545644925299	50.4175368847832	102.773785067958	87.8907884955453	81.2185728333837	102.398036624038	0	0	0	98.4840319986042	190.106353993221	212.250354547209	186.130943564599	83.7767263474345	84.0455840947108	54.6258510076536	0
"OG0005431"	0	86.2142429283481	38.0758038500723	34.0401887983522	366.207118027644	122.514129003061	134.89341308007	133.24021261285	114.126290438719	56.5600723718552	85.4247844559337	13.2322520739213	0	62.1430812232626	57.9036153047905	61.4275648536282	404.392769388832	441.860648880956	340.368551174706	56.3082632587637
"OG0005432"	0	72.5685545921735	41.8193257924669	37.1313436640356	85.3909606635529	161.80824482375	157.29309244591	150.845193992701	169.043290333163	0	0	0	0	120.002767331611	94.1411489508592	118.928390379857	29.1800785216127	61.6593556269098	165.312248454844	0
"OG0005433"	0	484.909356022206	537.323589846468	704.483917974715	386.522117398586	83.6835021049062	96.8917898268404	99.6790188601641	81.5261084259016	135.211705269805	65.0465850533491	36.0813338844863	0	279.867719168539	347.260379845955	275.828545857994	170.962568128488	108.297536622651	63.4164678509678	0
"OG0005434"	0	21.2268855667203	20.6766623732192	40.2482658224369	51.2122690873427	147.402463046856	134.486707707204	141.305980742254	146.626751170509	0	0	0	0	2.75010503939765	3.62822101553343	2.58230637972975	5.402159147396	5.8238372620052	119.920473676783	0
"OG0005435"	0	127.242569570371	259.201019863842	164.515574905666	87.9680853645422	152.436800699447	117.565558594142	113.644914060646	147.195338525069	0	0	0	0	22.2595310754089	27.3996087125471	21.8116156609825	2.49998565314178	6.21763874402993	2.15017431497637	0
"OG0005436"	0	53.3024978156661	92.1784659118734	19.3866361832164	41.2550967260343	50.2735646168481	54.4961568192247	62.1620255942947	58.0821759896084	0	0	0	0	42.6730151404191	123.392348784013	41.2981133841247	36.3872574758776	31.0167990453322	46.0474199367528	0
"OG0005437"	0	1039.58408259853	1278.68222672971	381.101940338278	299.244078822335	32.2162537328248	32.3706022528884	44.4151188042702	35.2641109122994	93.1654032687783	16.7534698297124	90.1971732198718	0	157.052733822439	171.612598764544	153.549297184465	217.751519582635	176.743691801489	80.6403593894941	948.292143628376
"OG0005438"	0	457.039245775149	417.004316899699	265.201884707492	256.030378285372	842.979911900618	663.755092891814	610.23507053771	743.778549895292	0	0	0	0	102.592543422478	122.426144810296	98.6322986305192	477.005788439115	529.681303289571	669.671969958271	0
"OG0005439"	0	34.1898228072785	7.39862022341898	33.4571117745663	189.152567257648	301.103536331692	279.708883558257	265.971985956378	299.718409097172	0	0	0	0	9.84005766090707	26.1352218022557	9.50453666070825	51.3645474193419	86.9422491517166	178.270229380623	0
"OG0005440"	0	151.888395935259	139.56965145579	42.8885544162555	99.7465646976471	163.935343770198	153.707631334689	158.31746903372	181.147542420571	0	6.09852856803773	0	0	275.367060441849	160.726422673496	265.929418901327	137.771038108308	153.03611775496	348.479618925981	0
"OG0005441"	0	62.612740028617	52.5136341241053	32.4866050995589	127.445448367127	107.794360118444	102.687809944758	107.466369760728	108.906579300138	0	0	0	0	115.101849652193	81.5828800396985	114.140259672614	32.398611817451	50.277785946533	168.960245688514	0
"OG0005442"	0	61.3536783450177	27.0357599024869	39.2134709545722	18.8863449163268	46.0610429908137	39.8578327680595	37.9392919978269	35.1207537113265	0	0	0	0	8.19379328202609	9.63380418331456	8.09982853515368	7.63319908018863	8.16078339771656	233.431871658785	0
"OG0005443"	0	228.394682600122	374.071057099945	165.242580664491	81.6126941543505	121.210233442254	122.010932795205	126.487489983188	132.409866647711	0	0	0	387.183639218733	261.94763333522	243.302312592471	254.441654610239	272.777731957192	253.228253376271	364.009575511515	0
"OG0005444"	0	72.9605647906135	57.0965406362276	73.8067289483599	101.624325060384	43.0281095517267	52.9553592318458	51.513924989012	47.0996311238482	0	0	0	0	333.276969683954	289.549052237043	317.716357532382	941.635074158841	758.079917604091	181.176908120714	0
"OG0005446"	0	191.252234829937	180.329526319623	83.1416055930542	204.211701122918	96.8126915477518	101.591460140958	90.0751820947229	90.7652285247425	0	0	0	0	221.236372645953	173.779707307319	223.448645564527	155.022304313072	119.310673823413	207.993017062856	247.062054042142
"OG0005447"	0	180.814704030467	97.8876838881841	362.759922471981	389.555802047666	168.277777700788	212.42770580619	209.228772500614	180.649564775086	0	0	0	0	893.04223667782	712.846468105862	876.909755903883	268.848240841053	240.944016550827	231.801414876202	0
"OG0005448"	0	36.0599084960007	11.1818353896688	7.47625728067969	21.5508627550389	24.124287649464	23.5802467618776	21.1478279384691	21.1731040721105	0	0	0	100.57800451749	21.4531723027396	34.8209189765398	22.7133617619267	39.0221140305187	33.8386156095871	27.3783657267749	15.641406706155
"OG0005449"	0	170.618809146966	78.2203316811598	56.6636877525016	295.922646306811	103.725735376525	92.1398315381843	90.1203895760648	97.4751000418574	0	0	0	0	47.9565720543686	181.969209299096	48.0325331263848	4.82855771356538	14.0309224483133	137.428463320633	0
"OG0005450"	0	60.964845305545	65.7268013273893	165.503934633485	127.362138508652	94.211670738464	65.9777132439251	68.0930442922595	77.1029100162348	0	0	0	0	14.725506060176	11.5961156076171	13.8174648366238	258.679576234126	535.33080317731	100.274645790374	0
"OG0005451"	0	226.343369974423	200.847898277	260.289534402932	335.059096599056	114.160229524782	171.807419300312	196.511270457755	131.379958335459	0	0	0	0	604.763529984449	1136.35594847199	631.958265230216	99.4631675879767	126.178851003364	697.77158087187	0
"OG0005452"	0	1389.97690203487	903.507497591991	915.096320642793	484.923666354798	679.304281750806	680.542928041741	667.012479396027	691.713584925835	0	0	0	0	342.508592115333	448.993556938012	342.776972615987	2235.59067390813	2727.88217897821	702.392614116273	0
"OG0005455"	0	19.1289050602542	12.0003898314034	6.06357772756495	5.15241716058782	8.95889902730559	5.19617519026906	4.96263677472172	6.38417401665899	0	0	0	0	24.1275611121714	29.8319408417952	24.5267690604652	2.85744214795589	3.04118607743588	0.830361054432923	0
"OG0005456"	0	174.81119228904	140.053773321405	88.2079829573701	242.349131929708	267.888324715471	192.983268067433	161.129243966985	192.501055481831	0	0	0	0	121.507109736248	107.47574071449	121.342403963644	57.951131087366	68.8111622280637	70.1451539142389	0
"OG0005457"	0	265.625799343764	320.930570660817	380.615429311487	333.042121078078	156.097874837069	206.030917232761	226.764059013396	162.850007747273	0	0	2.24285360641864	0	269.512319434873	384.253720891439	274.615543487698	544.689787685774	401.837049666211	440.802625090324	0
"OG0005458"	0	45.405722004736	32.5689489434869	41.3673638854503	119.210926566263	29.0193899444602	54.3602759918847	60.8269559369755	40.023381356703	0	0	0	0	99.3925528697314	101.695053137484	98.4830167131675	106.502424752798	66.6232963111339	218.803482654362	0
"OG0005460"	0	151.73024367266	130.337219135781	91.7254270057213	65.289442804954	90.2911049579099	83.7533836738694	79.3791209884013	90.5916908604069	0	0	0	39.380633917737	108.810084138772	129.211017350763	107.417018715793	26.5107889068981	35.5518985549075	49.7877490546524	0
"OG0005461"	0	273.92594120412	242.259491711099	301.616590880488	461.117326204336	950.430872898775	1304.46137498115	1379.23968492256	1120.96277021785	0	2.69783281670554	0	0	937.244143901104	597.211748390725	944.350465821888	704.701600019621	626.508379367003	595.771482994945	6.46220489554488
"OG0005462"	0	112.186992703035	105.916329657705	265.129490885094	175.497971835328	432.26279923179	314.034784433048	336.207459156074	411.349655479309	0	0	0	0	60.3127115999206	65.779905182276	56.5939552366799	639.892349062328	714.121710074459	384.644863830371	0
"OG0005463"	0	46.6695400690983	12.0716390754391	65.6532213240803	60.9217042379222	275.899661338002	209.811269885444	192.09629623825	259.71106111163	0	0	0	0	29.2670408134969	33.0112874377486	28.313086039857	199.452045557921	162.052011401178	38.9673400294597	0
"OG0005464"	0	58.4172975476932	66.938938485982	60.4260805934841	21.8066295014695	152.742685630124	140.662800284204	149.688925719919	150.318827855214	0	0	0	0	66.8243073769802	55.6556720645833	65.646688438687	46.724207601756	50.6581411949043	441.897734505688	0
"OG0005465"	0	14.2709342320463	43.6117003159535	55.7587649725308	232.82409657377	24.2048099706562	38.7430124070194	39.7246977192821	27.0826903023909	0	0	0	0	103.834941662228	146.533589210005	101.036084667131	118.505740997165	80.391160845607	115.394435736348	4.4967446363808
"OG0005466"	0	165.158667097266	64.6541193241369	117.936285262463	130.391712473926	78.811429970692	81.876856546076	76.0956378644041	87.2485757833332	0	54.6563434796654	0	0	148.881762931305	135.942873766901	146.471251298496	54.1941205038355	52.0878325690811	277.454204788528	0
"OG0005467"	0	15.1274972569181	4.5560546678406	6.99367269849321	96.3190765399193	294.911475271305	225.107879164113	187.27286083316	242.373642429059	0	0	0	0	19.2613348542891	13.310144777761	20.0895272357932	1.8190597658707	5.25151597413481	15.0566668981976	0
"OG0005472"	0	1543.19273991194	1065.36130348106	1987.4987730916	161.818986355758	329.350722210412	371.645267340963	418.560421000436	381.891008198689	0	0	0	0	2745.3324543114	2656.82860987368	2691.53908316124	1057.21255013172	704.462469503634	399.653677953954	0
"OG0005474"	0	12.0670694894407	19.0428195053642	21.1170939413085	44.136960119867	3.46530112266552	3.52489533915501	4.28081522279191	3.42526881338565	0	0	0	0	23.7943195206618	18.1584991319412	22.3416706177559	8.83820268891006	8.67191230506968	17.281732137157	0
"OG0005477"	0	13.1295415748952	13.670712052408	29.3342713188798	12.841968042923	149.848654974844	100.395631007238	98.4421885397472	120.647659862296	0	0.361263462523795	0	5.33737062606064	13.9168719853144	15.3339619733935	14.0382076606445	8.54178011408125	7.89961764894722	82.4154842597162	0
"OG0005478"	0	132.530040461235	125.521701795689	235.65845659258	87.0681196565404	35.1462451279342	36.8544658357282	29.9486523269987	35.2729135474468	12.9327317659277	55.5847550083877	22.2364341400674	0	52.6120623204844	48.2418734110152	52.6493020791985	0.702895149543355	2.19698683502872	40.6547939944234	0
"OG0005479"	0	236.455262672543	1489.20105703672	174.602856497721	19.0454009750736	11.6886667595196	11.7655412422596	9.7518477981036	14.6131917323291	0	0	0	0	1060.38793816158	868.225410463663	1047.37581882954	0	0	0	0
"OG0005480"	0	1180.88405491984	1051.786926085	1488.33723258999	208.353571317071	366.119067578489	330.788666352755	369.074167466224	402.095570900717	0	0	0	0	1137.17245025425	1435.06904628959	1154.64355562798	1511.13848886803	976.985736984637	545.068849260493	0
"OG0005482"	0	16.478273139109	10.9125746705755	26.3957079066434	71.3299556355799	34.5584488315404	44.0022998616212	43.0918581524938	39.4652314123889	0	0	0	0	73.0871460302126	48.2172715465796	71.5483928159242	52.919369822099	37.0345800124478	40.4524628750383	0
"OG0005483"	0	6.75807983430025	14.1470437984486	6.29795588128359	10.8622079126713	22.4160601574329	22.0201637397337	21.5815009886489	23.1073573938337	0	0	0	0	37.7896061888469	26.5350306922999	37.9260751108865	27.5811236052402	27.4851046143043	21.1238482793545	0
"OG0005485"	0	92.4324787745027	59.5932796748505	57.7850557913021	54.1338690913034	114.303959925807	125.032770284776	119.889660935431	123.008023550573	0	0	0	0	234.919401835835	299.731126542065	230.10037006792	102.77553288549	100.580855732842	172.391618116874	0
"OG0005486"	0	32.1492956473563	29.2652628083943	31.0587289788104	44.1816295505626	81.3552915857497	70.4298645097395	76.0130472734911	73.5070335584984	0	0	0	0	37.075216795645	36.9786871504453	38.9899372080676	201.226075610724	197.594343353535	152.870527054834	0
"OG0005487"	0	239.742237074542	303.08903252351	223.583412419437	78.2759698950667	46.4835770732101	51.7140970414667	53.9212233704643	53.5756669258674	0	0	0	0	217.077009248106	290.066108370944	209.384205946499	338.486922462731	194.281516891828	50.1695058836808	0
"OG0005488"	0	322.258309718136	221.416373883003	163.746237165949	1381.66111734067	648.609239505589	1572.29226419866	1613.20303533964	1177.03681362646	0	2.24242804227274	0	0	126.918853568525	134.107562766271	124.370584185451	501.978244014277	307.042521786365	6.71785482300562	0
"OG0005490"	0	6.90285365700172	10.0091316582349	6.48581162916449	45.0802250306289	20.1624340625923	27.3649454280293	30.7429709574984	23.9336104543532	0	0	0	0	15.5372894862428	23.9528041089714	15.1096074531502	37.0058401255085	18.8753515695229	109.69069129546	0
"OG0005491"	0	211.406443601275	188.325921845798	210.340097599678	346.021742219396	103.242157494466	73.6279871706122	68.6043814770521	83.0376466326508	0	0	0	0	54.1899982646276	39.1906509085239	56.5218833156515	0	4.70625747883935	60.6860187168353	0
"OG0005492"	0	220.309212991292	381.103196969031	237.195905058076	209.700779423202	235.389331050568	205.934490058936	184.469424651661	222.035153920858	0	0	0	0	154.744134524902	121.475786105198	152.713110146946	2.36667878852611	30.5323182831517	188.341729165985	0
"OG0005493"	0	560.916814894875	736.970856247153	491.17674729393	306.615905115041	251.956618279174	245.52124023692	259.622073577134	325.710704408654	0	0	0	0	1517.77917398619	1284.13392738674	1464.7750030899	768.642895376724	867.008603969661	762.443851129026	0
"OG0005494"	0	20.2968465562414	37.6900057556581	14.2518896022226	23.9884160385235	72.3291333900879	85.6191815809132	74.5756812000587	81.8481591203679	0	0	0	0	42.8230602209652	47.4868404044268	40.1998845065657	2.89851195054217	7.15642430841842	243.810774472173	0
"OG0005495"	0	99.3912820352236	170.581119203308	65.1730907697717	20.2322376036406	99.6490084575598	85.8860539704416	90.3997486274335	99.2849218281747	0	0	0	0	151.252794301192	99.1967427393528	150.684473040311	252.16639318078	267.158967791938	13.2410580535357	0
"OG0005496"	0	34.0521525590168	15.3760674868077	7.52773051541837	90.6934687281468	24.7035933082683	22.8050945159574	19.1352980920034	25.2287295884056	0	0	0	9.52580511342422	18.0685354275716	9.31785190978834	17.7043493637626	0.255575751100737	0.265739590558988	7.17054739770702	0
"OG0005497"	0	23.0751929110847	1.99358706498417	5.36396505492784	21.4656619820128	3.18678601198376	5.03813648488753	4.24764858023055	2.95812554130314	0	0	0	0	10.6932266140445	5.97289187673452	10.7346890931362	1.11127609174225	1.08254009054174	0.0563832641310531	0
"OG0005498"	0	19861.3833754875	38680.6662304203	21187.340489313	5715.87842815968	10988.3167954194	21224.4358363002	23533.5368496652	13744.183015379	187.457324148473	70.518283728212	311.440756877725	22316.5277363246	31081.4603742379	20714.3528740068	30844.2825959595	79246.717813887	31384.2284983687	6608.12192982442	65.3918211101734
"OG0005499"	0	11.895435394621	3.09433638992016	0.982635707793817	35.6645667494093	30.6078606004247	27.4665334928472	25.1504287865032	28.7098574093984	6.86766281470723	0	0	241.18246377765	34.531324891217	39.71282994882	34.6996165634496	2.70160091932587	5.00664501596063	2.03707219582735	0
"OG0005500"	0	124.396886648902	88.5930766516122	110.70346754727	135.808908616717	274.438661234607	131.827667273179	132.010148922609	186.272625231316	32.8991079307242	43.9475151587362	2.69271675654965	0	75.9903761323923	86.3410355001055	73.694830713712	16.2534955432321	11.3206689345683	53.2794923303939	5.16366488135646
"OG0005501"	0	80.5998894593141	110.23529200456	64.2681679898009	NA	110.67296373311	88.1262881003505	81.8096026936187	87.4202271687086	0	0	0	0	33.160795228315	41.8566471380988	34.3316470521951	4.946030220274	9.16266671461983	33.357201475242	0
"OG0005502"	0	28.5203493857391	29.3639855530929	25.2474682625801	111.288542689094	88.1847609033477	100.349926324737	114.46077854064	99.4353840132309	0	0	0	0	38.8237310352402	43.5418450675967	42.1171503595111	117.185402883782	115.961227429096	28.3381645414129	0
"OG0005503"	0	266.641085016443	257.206152372282	166.60149860187	84.4175507382111	1041.7557268568	1001.46139036957	1054.17615970879	1019.62557688101	0	0	0	0	197.068917439551	328.664229629248	203.271285014571	358.329337059614	236.733197426407	564.28542266589	0
"OG0005504"	0	17480.1288327677	38248.3830842259	16082.0422428538	4796.26365156358	7067.40694981271	13287.4336710522	15966.4565040242	8698.68860155923	0	0	0	121.158901800391	31214.718164219	20849.9311874581	31139.0970243666	21063.8182841388	11716.2020568173	9594.96960401137	0
"OG0005505"	0	331.836632979491	392.92673019924	1091.71724696589	274.371701338095	NA	NA	NA	NA	0	0	0	0	972.511327881514	697.400309635774	952.890780163404	473.255737213501	280.531393829311	151.930783790818	0
"OG0005506"	0	19.9763419217761	13.2530645531152	3.63471590556569	28.1464001131971	69.5804975743416	88.7259021460339	87.6815039159826	77.0236862999077	67.026299820796	53.0702508097811	9.75359497501798	0	39.4619949215576	42.1074312767763	38.3035181220495	48.0127800047895	58.3984783719288	136.345561245732	0
"OG0005507"	0	107.363089427786	239.432346945153	249.3396620118	87.8502457620937	105.034181475125	133.834805686982	130.67135544391	118.070373992503	0	0	0	0	303.471898344412	351.418869328395	294.840813118107	544.572181811579	431.295751010359	211.063140994166	0
"OG0005508"	0	78.4735971051829	102.515776468604	152.216600688666	47.3468560814458	84.0937719330065	75.4905255675549	64.0916750583004	70.8808302382197	0	0	0	0	49.4779722885511	30.5169746936662	49.125485061749	191.665239384313	135.1162530886	60.7059943648659	0
"OG0005510"	0	40.7881944688781	45.945305586034	154.251603306404	69.1608848137668	59.919483862182	83.9751661736658	79.467362514482	59.7544880397293	0	0	0	0	26.3014528082699	22.6216824075731	25.3918126397759	112.135139910884	205.361175572241	71.6943763948311	0
"OG0005511"	0	62.7355284627625	38.3074868326968	133.51384072432	44.4581415479359	170.211401098921	121.022893797403	112.577495732266	135.665206892942	0	0	0	2.65350113192834	4.42497024431153	5.98169374474663	4.2815859166167	1.14070665865158	2.28343447852733	33.9708977730697	0
"OG0005512"	0	879.85029737439	927.613383575469	424.490380233259	203.448155308169	2945.59086064158	2041.03460259637	2052.09436190737	2348.99890809041	427.862474038761	1147.21438645585	643.190270687538	0	971.743066546771	1124.00342977817	965.769088156261	1869.93339969765	4182.42211724656	319.584773025252	424.770070396991
"OG0005513"	0	129.490405827299	105.732616279412	97.4249067521138	97.5695465538085	29.3247199315032	43.2725091312747	40.0980941276727	34.9787169056257	0	0	0	0	87.4354236354605	80.6827972996945	86.2294014693402	128.722660385463	53.5429781083022	377.253874069998	0
"OG0005514"	8.90616730566394	100.346445996948	91.0251691792428	155.525906930091	85.2057058466804	264.812712281872	209.828524947177	210.389025407168	212.310316989773	18.6514564729408	20.529167709804	14.3077095329034	19.9502277407287	237.101649350317	203.96607583242	236.856325157087	33.8213882845528	48.5750631678258	112.596513302202	0
"OG0005515"	0	0	0	0	NA	26.1422846776045	26.2243885184824	29.1612162457418	23.4829784107688	0	0	0	0	200.256421577827	189.314027422358	196.087005950208	408.108387554372	248.29487661513	94.657937467471	0
"OG0005518"	0	338.983041120894	193.602353978585	204.775742763311	230.919334499337	593.655169296743	788.813056473413	813.315661799779	780.832406298176	0	0	0	0	514.967480324494	519.225625190301	524.676641741789	275.460843293203	253.466708751407	408.353294622907	0
"OG0005519"	0	34.157466409947	76.322052890005	33.3894419558336	47.1670821763152	50.2798909742678	44.1116971693897	45.8024958358342	56.1833847123364	0	0	0	0	65.0380564180983	42.6280615314179	64.2619771467125	147.266560639432	201.757849903524	73.552111661673	0
"OG0005521"	0	23.3868825014053	20.6588477425969	7.21091551638316	37.8703596798923	9.92921797013465	10.7975346486903	7.47770863252674	13.8681744190275	0	0	0	0	238.068059351316	209.5018527425	231.863285361668	12.7318664485282	13.508875502034	113.01742240137	0
"OG0005522"	0	504.723864104123	869.367892053239	1384.51366877934	436.790354247523	108.143197686338	117.669401153447	120.97297418624	104.791976128355	3336.65927655381	3729.49690609132	5125.01562779007	0	719.862604877872	469.164107341238	734.855860909561	648.835608957413	796.273608377541	2307.6490069506	4775.14402551248
"OG0005525"	0	280.567299169226	586.906717233204	300.504302744836	388.410291493632	153.027371714008	205.006208744724	200.453159976679	185.394813879219	15.8457485153975	0	0	0	126.026768623623	173.800556344977	118.222252194059	130.141690438635	287.309203992098	1520.27554707944	0
"OG0005526"	0	177.86389392959	144.142880540965	223.448808990335	125.327870711128	101.492309229937	89.4576621637332	85.2924624019953	90.2830956225231	0	0	0	0	38.041734644581	46.5880086066823	37.6216816437268	39.7947967482956	51.49018012886	412.170419009901	38.9990168840388
"OG0005527"	0	8.23128080962544	6.81796532811979	2.66680436503919	86.414520931332	62.5713375082803	73.4051863314757	66.7229823056324	80.0023722818767	0	0	0	0	25.1435459730988	19.5269108264066	24.7319171316315	296.119466905632	247.840297399991	21.4518928103452	0
"OG0005528"	0	606.98658454568	361.814006689232	994.375985753998	166.515031536123	400.152983687832	321.867353252786	298.990110349868	382.051970669956	26.6851349229544	52.6454047428921	3.60934907052109	313.497599970299	322.743562238227	292.999895597057	318.562799890457	91.6108391808299	125.035542642222	601.334169130925	20.9732879035159
"OG0005529"	0	25.6549415066655	20.6014141157469	7.07600533379632	16.3350079050827	15.8740516418855	15.1081009444877	13.1920501907525	14.7388807870417	0	0	0	0	11.6879776334762	15.245352453109	11.2722428625022	106.781162798957	100.962668208506	14.2376209386158	0
"OG0005530"	0	2009.41549867716	2248.64339969229	973.534884057976	250.276243093255	1642.50052304643	1770.7533087539	1822.04189331368	1674.73466106544	0	0	0	17.4147442047935	2870.97353146584	2715.6586372746	2848.68781039013	2376.11150709555	1712.21368113822	1757.26663531398	0
"OG0005531"	0	20.0481067517551	40.34373622664	55.0842754102936	110.005187204754	NA	NA	NA	NA	0	0	0	0	28.4549430905041	59.8236329669882	29.2061392117368	33.0443408126821	27.0610893222475	26.9716526548069	0
"OG0005532"	0	20.6016396708486	50.3973116768962	56.9014830538689	32.6563683399283	43.8411019745146	58.3179324127765	51.099523076712	51.1782692434573	0	0	0	0	24.0305902300191	36.8146945771011	24.9374401434273	70.7963114018967	43.671871829172	50.1304423941989	0
"OG0005533"	0	338.704180312194	216.540041471018	195.130943249045	79.159410654167	66.7019217068576	47.9353266093115	44.0698321759446	45.8625527934002	0	0	0	0	199.472552224997	187.993985495258	201.336174764994	573.88555276987	452.445262847569	356.098774988125	0
"OG0005534"	0	10.1227300170986	32.9255199095365	8.64014135246454	32.2894706270212	309.607758941361	338.135466307737	357.600595639132	310.008689584549	0	0	0	0	51.383954088405	52.610104212288	51.9464272655467	122.049436348677	96.7125796473073	128.18506512196	0
"OG0005535"	0	68.4031869677438	18.4536377113453	70.7195618779781	127.590418482697	140.186530983026	131.705394900511	159.286821758646	145.066169710795	0	0	0	0	75.1654403497506	57.933637919017	72.2114822627655	379.123025562612	364.458412612496	43.2205106177972	0
"OG0005536"	0	27.5261161126056	16.864888127253	73.0840177383222	284.889570970589	27.3227607743651	57.8241845389187	59.2120925409669	30.7865247926144	0	0	0	0	111.304592273972	130.807279242482	111.483735878253	108.633879668618	80.8082685017968	71.5398980500614	0
"OG0005537"	0	26.4567994046386	25.895885222882	9.47776241788432	81.8357480790502	NA	NA	NA	NA	0	0	0	0	23.2825152653363	18.7841310970928	22.3590984136886	4.82135499635974	6.17804758174549	42.2833863831903	0
"OG0005538"	0	182.095166972303	149.037569068647	284.552446680904	55.9875134423765	116.315131147258	127.426812547581	128.500744308522	138.497454735866	0	0	0	0	98.3110906387034	91.5666561691281	99.9126514472473	340.52017041144	240.588982992292	323.302312148265	0
"OG0005539"	0	1.27992366854689	4.18530622492079	3.11867065326422	14.8248248883088	1.64566869624896	4.60388825166711	2.70256698875478	0.677796618757704	0	0	0	0	7.37406017208017	4.55020120194544	7.43771115661142	5.27295030190175	10.0986702996317	0	0
"OG0005540"	0	26.9522048855772	23.3914450678963	6.28746482593428	46.2460149581075	163.906431206903	138.822738925666	131.92890586239	176.389529495474	0	0	0	0	99.7733885110619	81.2242765919934	98.5989705745523	42.523980488631	36.5235095834367	79.6176062103295	0
"OG0005541"	0	458.463186523742	496.207979077396	847.885037019042	174.033472217922	215.143100499347	157.438914779058	142.288808774119	205.230168912777	0	0	0	0	201.413495985367	207.697517454961	203.206017571636	85.6699384356326	123.359542005554	363.08004202316	0
"OG0005542"	0	654.071090225235	350.16419394295	1002.05933844729	715.612501110834	383.235194060432	585.467092779982	596.856119288679	448.314435502097	0	0	0	0	275.443366308054	357.56754837692	277.060989594269	136.601041524824	286.754889870056	460.8115658676	0
"OG0005543"	0	20.267601350961	82.3723468151051	23.1697042090701	209.404453929883	0	3.65970324442009	1.36729447735262	0	0	0	0	0	11.8790405855558	27.7324013949184	13.2449096651476	5.75939487106877	11.9931509425106	453.580381280538	0
"OG0005544"	0	54.3851926494529	26.116341276833	85.9376022557248	186.396490788289	166.081310800178	250.331054829871	266.335094764848	212.809363526669	0	0	0	360.388842048002	257.817404904469	266.279143464366	249.581313115067	693.590948733344	241.059459232441	111.796821526045	0
"OG0005546"	0	426.919847381541	274.059535217258	459.510585064646	124.016589981464	139.934719759979	176.520032585789	189.369850426017	222.79783938042	0	0	0	0	131.275502314995	114.745716749431	130.923018855442	1192.03325695894	911.88041731157	224.77531360892	0
"OG0005547"	0	113.050867029226	82.6580303968035	30.4628910100594	200.755109323841	9.5807799616568	10.7590113136828	11.1842294569266	10.8744925193251	0	0	0	0	358.097880580946	306.605947787853	356.567150106788	807.803226620214	760.632904120425	240.445543633958	0
"OG0005548"	0	18.0624921315349	11.7161815238035	37.1570496060565	307.484629626115	134.442864378347	170.546396329945	204.225521440572	168.784241355966	0	0	0	0	185.160346483774	263.498477527676	176.451920644214	473.423052787098	229.094109158666	450.326570168005	0
"OG0005549"	0	403.916211887631	1004.83795163247	1913.06197248559	232.217186995234	450.79181220412	529.918250011019	535.701409111975	458.585853199873	0	0	0	0	180.158843798904	265.433863909061	179.947200513741	270.493401529236	203.018162261235	256.680862546617	0
"OG0005550"	0	242.712388419337	248.065947879557	21.675078530043	240.984179371813	82.7681780761373	78.7816800792301	92.0356219106041	78.628909695012	0	0	0	0	40.1612341318694	57.9150524911625	37.6793808406195	57.7359972078079	162.082660486895	172.63221369982	0
"OG0005551"	0	24.6741900657535	21.950408462714	21.0602831959354	64.5629589154033	114.610843755023	146.215511554366	141.136452687223	137.258232335	0	0	0	0	129.453595705905	134.495354866696	129.058036390294	230.88094238321	208.486511763991	67.9101008512642	0
"OG0005552"	0	379.911291085273	202.912354169429	268.434452929639	651.351551394226	348.46908532131	444.727558195481	488.542906179546	387.628440035871	0	0	0	0	516.993831159837	571.97071202925	503.419771572376	790.707939752719	917.755125053604	949.020842767334	0
"OG0005553"	0	46.4810018308009	54.2692103012127	34.0594529171937	64.073228489451	90.2549226330186	110.678023612407	110.874970385169	94.7710562764891	0	0	0	0	318.816314348477	310.751332160909	308.449769304588	152.363865962008	81.2163867688445	191.029297242345	0
"OG0005554"	0	84.4476043753253	107.501089506814	70.9214056709342	76.5302446961894	163.64843791178	173.663981928736	178.999891747606	180.851396623824	0	0	0	0	264.739734348618	263.688501613752	256.276780691916	84.5070951991352	94.9288009660837	348.661619274703	0
"OG0005555"	0	44.9978447268353	40.53338781514	1.67054266745341	81.7286154376894	39.1407848948075	37.8691920740801	36.1041870260505	37.8141085625872	0	0	0	0	20.0703851429664	12.4697498541358	19.782631387098	3.41098257842533	8.05139842888317	26.6345081063801	0
"OG0005556"	0	63.6628710522688	50.9282340617081	272.97440450373	84.7245366048687	263.466093739501	183.507159182405	163.646445792661	212.269321860372	0	0	0	0	44.9498434500278	47.848541423441	43.8488900342408	93.7786867825942	113.46501600208	83.1768227860854	0
"OG0005558"	0	23.358622506941	46.968459204775	84.0688600267138	94.6368477035706	60.4401042317645	63.4841880165758	64.652204358207	53.0071298720793	0	0	0	0	22.4333003434477	97.6747629903718	23.0626675618397	19.5537103622096	58.8757676227957	41.8815207351444	0
"OG0005559"	0	1433.37284582779	1965.42046384869	2213.05951847364	776.055995799285	173.826659090178	163.659323112141	164.678393491753	169.941159118204	2001.2615318507	2634.48032938351	1687.15489401562	0	786.914650580988	644.479495193713	776.064613224062	548.688387408398	407.682991362991	860.950430117051	3892.01606729106
"OG0005560"	0	502.644838484451	453.952093741837	1269.77202642568	45.8163114775512	269.650885038291	189.490444946278	178.379737836891	234.123793906072	27.401642068302	89.0026149105079	55.1951321487735	0	553.315340230494	524.92813483296	547.757709167861	54.3800105309648	199.04002637787	115.044196040879	1395.38221815956
"OG0005562"	0	86.2743926413362	162.264377454192	21.7867981491838	41.0136625638084	4.4262470675281	1.56154980168939	1.99517133279666	1.73425116357637	0	0	0	0	44.20358595234	34.4715605878187	44.7713134165744	6.7035833263725	7.57862279761706	7.59096820325684	0
"OG0005563"	0	168.925802139153	153.120461580088	511.460514718605	400.347717267249	204.143229777482	191.880569006316	189.624374341803	198.393162193747	0	0	0	455.727403892284	31.7612762731522	36.7041946775175	32.5263773539885	8.67990760710722	12.279505568001	141.210075444463	0
"OG0005564"	0	501.569270923899	748.329538959562	648.544352498281	738.396651221451	1351.78719636106	1753.43308695412	1853.77479219595	1453.66088065462	0	0	0	0	792.706959515615	654.105793723471	792.589774307646	2205.86184880238	1913.58546043438	772.595919361445	0
"OG0005565"	0	1086.67715961219	1065.02727915689	894.210948283854	335.190638480859	243.564760656377	241.752431682511	255.966353210934	280.108653027249	0	0	0	0	642.219998635241	650.990351810685	638.133676267082	3220.20645157425	1581.29978768573	806.128373855409	0
"OG0005566"	0	102.248289695759	192.422134699857	208.355555930179	60.3141451713449	47.8311466979581	31.3510546558453	34.5189548157292	33.9857167850272	0	0	0	3.65197968857202	43.3338170048546	31.1731832617591	43.8196863251998	53.121506433911	51.0936439800331	6.20033905092861	0
"OG0005568"	233.793207596192	0.252156930422494	0.3660832365256	6.42003141189773	31.3656136247369	5.33269199816407	3.97313230322602	4.78018401669086	5.24983501357493	0	0	0	0	13.4610484881955	7.77079374693968	13.0013440661345	0.818871515543147	0.702384501234594	2.54071599010536	0
"OG0005569"	22.6763620654199	4.29306764539816	4.51118475886237	2.94366195647083	44.4427949950588	25.5632176445626	20.7501771165887	19.8691952417023	21.8171488726743	0	0	0	0	13.3852145480312	21.3673745177721	12.5701003091001	11.2966625565758	14.1854462626587	67.4236716265557	0
"OG0005570"	0	1024.76962311516	860.538515746458	1274.60367456542	290.480100947214	327.083777468372	362.945091629416	374.167253905856	383.064273711914	0	0	0	0	1280.35000284191	1634.66581908452	1261.06420433727	1234.38883068545	706.553685293514	639.660201234529	2039.47112575699
"OG0005571"	0	158.582644165233	201.989148051242	35.273828612566	152.917437595918	286.13004721793	330.345916230688	294.548475308034	288.261150693102	0	0	0	0	66.6060725996349	62.3416010291966	62.4939932111188	288.385365137706	301.258086436346	165.65667301722	0
"OG0005572"	0	83.2056182402993	94.1070305922181	172.560063454857	60.4385618678835	2293.17391424214	1300.06580066192	1197.21362321038	1608.20632521387	0	0	0	0	85.0282163480959	77.1174927229429	83.6829158064299	125.332771814871	132.982966957534	182.383881165049	0
"OG0005574"	0	75.3614721034913	109.779042702712	64.1444236340585	108.804045396541	41.7709402448437	41.9773292113065	44.5519728623707	47.1876574753228	0	0	0	0	206.163536156607	161.719432552773	209.398648104085	70.6582154320947	90.3519717658597	464.247377328856	0
"OG0005575"	0	112.629300506301	105.377251512311	63.2096230646744	52.1333363055503	86.9480690165336	68.2882305603892	58.1285619464984	73.9328924717393	0	0	0	754.544986379338	119.552562721004	117.833995344584	117.341836048933	58.5785159910861	75.8350545529841	21.678150317038	0
"OG0005576"	0	153.526957082177	154.813779334551	99.6040835076775	65.8893285950928	27.1894633136459	45.5838413252641	43.2250173683692	42.1908416338684	0	0	0	0	145.28636925368	117.550448432445	140.744380348185	139.119262150624	115.174892442042	210.670286582898	0
"OG0005577"	0	17.5303745843932	26.9086284168531	14.9399990191822	115.505282137639	113.450012662881	109.44484229082	102.911643567652	109.379280807556	0	0	0	0	15.686751867447	37.175680771967	17.9991637921697	16.3653100313332	31.7842153065417	42.5043170504082	0
"OG0005578"	0	394.324925326064	349.185317104068	948.867057180153	222.695747117397	486.348493643245	413.376707259017	375.862027320967	378.071041800484	0	0	0	0	35.9998590339134	71.9990539780824	33.7790262241941	26.4101570764015	8.07955887318491	49.4396844853022	0
"OG0005579"	0	15.4025266342364	8.63229267246702	18.6217156936791	119.452360728489	113.635807791311	106.088225951281	111.673346097328	110.06626360485	0	0	0	0	62.5878056852973	101.879120355658	61.6264222542307	116.965467774721	74.8628757735617	212.461880259594	0
"OG0005580"	0	74.302007096651	54.9531251049471	227.321817137913	85.1632287806816	286.473002383311	242.045787591611	223.094573548711	267.520884766385	0	0	0	0	46.6892009856784	35.6918845462384	47.5478876458662	58.3898616196973	58.2358177410327	69.2382594936515	0
"OG0005581"	0	15.5062330359401	13.6018416182675	7.98375024582672	18.499063692652	120.547075800458	124.598168937961	120.70977101362	121.090306607734	0	0	0	0	20.9199469097014	16.2163219211477	21.4274403825141	24.1460015118126	17.246114681423	19.5414218327027	0
"OG0005582"	0	195.024036659901	188.39528590294	32.12886918566	200.234148662784	131.883464341557	157.014675958107	185.036249672928	145.764092926058	0	0	0	0	1105.93560338883	200.691049428537	1081.25934239588	781.484971866121	546.202854281118	205.714994161451	0
"OG0005583"	0	3.38984596716919	11.442931069727	3.37214719277117	69.3477839041618	284.638913675246	294.672615367849	322.447432022656	317.097325916866	0	0	0	0	36.2501422750647	58.2025309361168	35.6147077734705	115.134938405037	119.868867576558	28.3759851016841	0
"OG0005584"	0	1198.54956413098	916.057010422492	1097.01889811793	861.656875382548	1875.09904256512	1240.01339057156	1196.77461075095	1692.07333726732	0	0	0	1659.8185149948	1281.24486254558	1194.81069319509	1248.23984613501	1132.40150155638	1374.77093777652	1141.38189426871	0
"OG0005585"	0	287.364216736888	509.04286373356	232.405029133471	105.50864721179	93.1242031946448	125.43178864632	125.924135215698	119.198117306823	0	0	0	997.98577557361	457.474478587743	488.37619769902	454.195441051305	1053.04299754043	1281.80172901825	511.232809306795	0
"OG0005586"	0	38.3099744405654	24.0670092635266	18.4687684061898	35.1255190796043	83.5806155552919	73.5209665889591	81.675574103102	82.6491989187865	0	0	0	0	46.4976732615047	54.3489735215835	44.3583232563847	35.659555973901	16.9587191792952	65.9761029992745	0
"OG0005587"	0	296.870982581067	163.220986004796	529.571853964381	179.472729030474	161.234433106915	283.293529791953	287.644191699258	164.013213106044	0	0.976633971298668	0	0	306.705879692104	277.132556781952	312.996271606071	334.688131483069	459.289655050102	539.009569357891	0
"OG0005588"	0	47.074254301747	36.0659980484591	78.3595641688097	56.7792311434779	10.3090768871301	14.0094423210323	16.1563858839693	10.0363244633738	0	0	0	0	42.1406083012184	50.035962885763	41.6095224070653	48.3168578733262	32.3368198719764	29.1589417238241	0
"OG0005589"	0	26.3011879488822	39.2757862346466	173.89548296192	20.030896310806	228.998489180732	178.601936012537	157.686810179424	217.614470549805	0	0	0	237.549774732826	40.2366382014735	45.37342725954	39.9440222435698	1.0356361157279	6.23892940252419	32.42837823215	0
"OG0005590"	0	241.937805305012	124.422390631038	153.066491893476	45.4424420449085	NA	NA	NA	NA	0	0.821971917323549	0	0	117.338305221683	90.5592842813398	115.765696735499	28.8791529754771	39.7146481037054	139.006539515047	0
"OG0005591"	0	4370.03220819193	6472.29654487293	6534.89218672224	4252.17354295617	2980.83533079261	3488.32771020818	4057.02370057251	3158.07111108111	0	0	0	0	14579.6023070958	12134.7207111532	14506.4772619968	3657.82154674826	2786.99450947316	1297.63141316374	0
"OG0005592"	0	92.9359846102157	90.1445196342023	72.7840177383062	24.8303937002972	52.1204170284782	53.1242425989595	54.429155504579	48.2686210714306	0	0	0	0	149.502684575303	116.034306414008	146.52770069329	59.313007110542	56.6336247204779	41.3643734027977	0
"OG0005593"	0	16.0898459968478	16.1053539279083	32.4093032214055	69.9125918591532	NA	NA	NA	NA	30.0960964249091	20.4399753358656	73.9230136135711	7.38109465414984	32.7171806697888	29.1823384402057	32.0189577018925	35.6960501678521	37.3938717026821	19.0976694702532	0
"OG0005594"	0	38.1815021049276	32.3404670273024	570.867271887521	49.0336066699815	264.964552538144	174.407557670552	159.161342018767	218.619102723991	4.01632490180679	4.60846410176111	2.30328824755556	0	16.2517898697956	16.2604325279626	16.619736385735	40.2179354090584	55.19570095835	51.0261704275371	15.2947343111256
"OG0005595"	0	20.0711295729333	30.2906246990563	202.580614826541	19.3397697829016	31.4754594767295	31.7184286068246	30.5551860350016	36.535903063211	0	0	0	0	57.0191423076194	43.1753785542608	58.3351378606002	15.3397827709568	28.300991035349	33.7984857354015	0
"OG0005596"	0	2.67041391727019	8.68337055870441	5.13164837079798	16.2400237045975	48.2050677180772	48.1492115877587	31.8489603968643	45.1078462938399	0	0	0	0	53.7709403212255	60.4759100022658	53.5641572154897	133.051284014848	66.38885304231	766.5289554929	0
"OG0005597"	0	3.60210704485627	37.0847722371722	12.5541317656035	38.4527065524574	1.38287513869865	3.1647466355665	1.16486059215177	3.30326429024188	0	0	0	0	18.7058975172884	28.10837472614	18.0803314951391	28.407032074328	36.0036390155813	0.469840558777412	0
"OG0005598"	0	93.5333222285876	55.9762601667813	319.403384939413	223.452661028939	62.2291592639861	120.593724965826	122.863646687165	82.5781490779535	0	0	0	0	30.9195531999455	60.2489533351966	30.6854882959672	102.702785070952	100.543951924786	129.956239247336	0
"OG0005599"	0	79.6942214532356	53.2120233152203	15.8482960874851	62.6873799555396	12.1576496240233	15.1665684069264	15.0785786725553	13.120579191147	106.841406960171	277.086470369929	185.341476860735	0	219.519490656348	184.247115584851	218.124488623816	175.643766894119	204.891834833879	131.451305526601	0
"OG0005600"	0	45.369891459809	31.553978920688	66.4814557328672	58.2820971430765	1260.36339595322	912.53971389809	841.815392615406	1133.50022513125	0	0	0	0	81.1270095694131	67.5062055002982	78.8180750237026	85.8619269941764	348.862681647441	109.482087822593	0
"OG0005601"	0	105.630673987326	83.6595466621011	72.5361560145839	55.08234086822	56.8423214155207	55.0057948048254	56.4430618608933	57.4534163362185	0	0	0	0	372.329618317808	277.202252136406	368.188226621744	88.2765453318331	125.892136802308	156.609524462865	0
"OG0005602"	0	5966.48855601889	4988.33781403496	877.327236483991	191.169268733039	681.431935640887	528.027734152375	524.096706609837	583.158859527734	306.868190905626	1513.74774435647	577.686321352889	0	1023.41427753695	1036.47118748995	1000.61933364599	650.126484980662	503.911090248118	816.458003403655	0
"OG0005603"	0	388.383585572458	455.909800057191	319.889895966204	200.123160200013	122.35563710139	133.265070483892	131.532760817555	117.933304388064	0	0	0	0	303.122278739256	329.938403673502	297.738270983729	975.904383207956	856.056405364767	28.9242056643005	0
"OG0005604"	0	437.683016282361	262.904050635385	502.997799581712	76.2803151207638	230.082960028931	209.987147617983	205.450615205781	209.931530593104	421.874853173292	525.091384320689	371.684259707194	0	94.3688590515903	100.05768885724	93.3114636637867	195.949803245984	222.930189111646	187.555798391805	470.488190926891
"OG0005605"	0	27.1776626028811	12.9631128828303	1.72001586947161	18.3529864329098	9.66667413721933	5.80478684196074	7.19115550600218	8.75906210347772	0	0	0	0	12.5588086770413	16.5297127474554	12.3830563258139	0.960010688893859	0.749231519933877	5.90799766151784	0
"OG0005606"	0	283.999462533611	253.266521037787	576.27200448057	237.804702470401	210.378576441267	390.630073414852	405.253642336201	279.237192147651	0	0	0	0	281.251630105614	322.931339960288	278.996099843847	579.850306774947	405.46024661619	344.447201443545	0
"OG0005607"	0	261.880961178243	178.056598248634	114.998120629757	139.479064141812	45.3443887827672	42.9191918176064	45.9563751473247	43.7122513671758	187.796877329069	307.083600021571	30.3847411029013	128.742177816747	219.162032357664	203.506735791623	224.141591394839	158.011984996126	171.639328996652	186.473118268549	628.838239578055
"OG0005608"	0	116.293247678493	53.0699701929143	82.707488061456	166.2883958356	89.7482590958136	112.352596926852	137.366989138801	109.722960834099	0	0	0	494.22471039047	118.507866043692	161.173783452942	115.465049897298	89.864588362971	63.9891214170751	148.144732634093	0
"OG0005609"	0	266.873905888268	205.906511097459	304.409274605523	354.21762359248	120.478817733561	187.641168681059	170.179361533876	125.497911777997	0	0	0	0	287.051569626861	330.613316806808	281.34850512751	327.98702151735	186.608363570497	316.096873951998	0
"OG0005610"	0	156.437477245992	147.698133384424	340.873061336077	63.1346223536696	111.935127532693	90.2915534979339	85.6911431228672	104.345745402344	0	0	0	0	104.775376778716	138.156862860066	103.397655166185	12.4997342766381	30.4733668154098	53.5862295034854	4.38129421477585
"OG0005611"	0	8.85569705428349	11.3620229556507	1.73668485383216	29.3483640581714	11.1521472548429	13.0787163742444	10.1690027301008	12.5482821546315	0	0	0	0	10.4532793493155	16.9619430764508	10.3316279162866	17.4181574272686	25.812103594855	35.0169114846076	0
"OG0005612"	0	38.9340795660183	37.3192387558313	41.7163266496858	91.9737274973527	48.3150519967613	49.681262823033	43.9779030524275	54.4403875019814	0	0	0	0	83.253862167445	70.9081727591749	81.7939926877463	73.9126245817209	86.8454476244294	164.464837075059	0
"OG0005613"	0	395.416953736004	382.337231277763	142.483312617997	552.492346307575	12.9114295611378	20.8543456269033	22.8786079533028	16.6293095609236	0	0	0	0	1655.73324318729	1874.62632878393	1603.90575006169	265.401297538622	275.070576488406	327.004021679972	0
"OG0005614"	0	300.807159057731	417.135143093331	400.740911938038	88.7954289919653	141.753691803472	135.943301283638	144.466882041844	134.47785714771	0	0.720695778582642	0	40.8525917957789	202.695434537605	173.365704988125	200.539078759786	122.319808616156	117.230150675354	254.588746342883	53.4377123544507
"OG0005615"	0	117.999065911006	85.3769525727108	64.9955421247	50.0374356554901	173.440973265033	107.171333995296	105.769712700561	145.237192336517	6.09169197038179	15.2950780979625	7.48398443349529	0	32.9853611050136	32.2657919723583	33.0067179606113	215.192755398646	320.919861940564	207.526696657165	25.2096311928986
"OG0005616"	0	41.0665424510509	36.4972605647741	41.7190260803515	191.214486254909	91.1639203043678	84.9897074046689	106.604048645794	97.5859132719305	0	171.253862627068	0	0	106.564610603277	94.1024293094957	106.632420731572	3.794620214639	15.1526089629398	49.4579289105034	0
"OG0005618"	0	138.107370744861	127.219658776878	135.345159028193	111.875548336639	106.50034255431	95.6951421809703	89.2536230587993	89.0260793234662	0	0	0	0	49.8674790510412	70.4113699761416	50.2319765198498	72.1233178895898	56.9958497903269	42.4718233296119	0
"OG0005619"	0	368.991006985872	401.96208816799	491.994552084236	144.912840042622	180.006511390632	199.830378330003	227.163246869475	191.137904553282	0	0	0	0	567.130170462002	686.612421865111	554.656616753007	1483.42230037222	1025.97317655121	1258.33709397118	30.3961122820218
"OG0005620"	0.880682926788744	43.5225174561983	36.5101873061194	59.4469909559738	26.1168241769822	258.167547423094	203.23452919185	208.292021324733	234.505972886192	0	0	0	1.6010949747726	32.0763412910186	32.0782311583831	33.2396955563319	53.4606987495614	70.4688349196485	137.520795204863	6.84096113462024
"OG0005621"	31941.4901285872	3606.77383293294	4626.4966864263	2793.8555233471	345.300180188589	6004.4962167108	6765.63269927667	6875.89149929601	6398.03137641198	9549.73346708085	13423.3959694115	9623.69934844756	4225.0910136448	3910.87681299993	4201.68273159857	3935.66846906033	1212.24134095435	958.902871036845	3671.84371838506	9742.22283678282
"OG0005622"	0	37.2514535690157	36.282566430415	55.2724870783881	19.8029725960237	114.396280349244	93.614196279169	88.8432420078212	96.2923276833222	0	0	0	0	8.49658883292005	9.6141465192377	8.11697859728664	0.323680464144773	2.87621656233645	129.358301516288	0
"OG0005623"	0	9532.17391259682	9193.69477685929	7201.65156114413	1519.76091004266	467.238121720667	825.938129553994	894.654606797024	458.99706201319	0	0	0	0	2584.3617611042	2268.69101111009	2547.70769162912	1284.47438391214	452.34416912353	1248.82868550864	0
"OG0005624"	0	132.928273043777	75.4483937132361	63.7120852726717	37.9569580854126	89.8498137807079	65.8568397443423	64.4552910019777	81.8267812921526	0	0	0	0	40.9168495035127	43.2761270610887	40.4577811696445	9.93778123968085	22.2621748976411	68.3473455914887	0
"OG0005625"	0	178.137004738477	99.390793346941	166.572663774305	63.2595871413824	NA	NA	NA	NA	0	0	0	0	7.17351448190046	14.0991319313912	8.73308242855961	95.2355395185961	182.369156901417	220.173368205969	0
"OG0005626"	0	80.735744845546	70.9347044638442	82.678530532497	82.7713588965648	856.93840910907	1034.96236356294	1196.8898028909	1294.94936894596	0	0	0	2093.90311310107	52.0402539067344	59.2025699195176	52.4259346707704	408.659801488226	454.860251831807	32.9767763560822	0
"OG0005627"	0	293.711567053163	450.340872297031	789.184690179985	211.385337647041	191.853947523639	211.26514720346	215.534709012592	198.926224627891	0	0	0	0	7.98712924875615	10.1495378925407	8.56826130511334	15.7920197923451	23.7445157046455	8.1342170490301	0
"OG0005628"	0	4.09551099224203	2.9699679998882	24.0729091695264	115.130113728914	89.0684531450183	96.9622767327769	98.6653280285377	99.1855778029391	0	0	0	0	49.5596195653901	64.9962792097576	49.5688870730085	51.186926176357	44.6660036431306	66.324922204217	0
"OG0005629"	10.8666217912742	404.789938321985	711.328922295173	432.446952120338	70.2148093325954	339.313625259088	216.370354899324	198.860755425568	272.041666674258	0	0	0	0	380.558859143135	324.339543532339	373.213125393252	652.017878421321	2172.21491730778	8.32336424071501	0
"OG0005630"	0	28.2221290063635	13.7924007415778	15.0740006402107	36.5604217736047	187.877276941758	140.32870049884	141.646485810053	167.470133680382	20.2119104652169	61.2260110551217	29.031307525252	0	10.3474223021988	8.72562010296375	10.0772931891893	0.810135060117041	0.736769571531941	51.456781033099	72.9013288991238
"OG0005631"	0	68.451410444536	111.543711674594	62.8120705484567	50.0289402422904	77.0235125729186	76.8375181168387	65.990751514091	81.044478531405	0	0	0	0	238.784640803948	230.97278740875	238.929527561149	512.358878054045	506.721230069003	140.639659717368	0
"OG0005632"	0	310.806530310003	319.038694002542	11.8285370728092	289.050131073781	337.894079445101	616.32446746843	669.250394618221	562.197898962677	0	0	0	0	432.686171106312	333.667998666993	423.378792968418	2053.70167136475	955.628840886172	573.598513681026	0
"OG0005633"	0	50.0692433297494	42.3079848218181	65.2200854036333	114.348535714535	141.200967944702	150.681719457491	160.559006650252	134.990925024876	0	0	0	0	107.695602278369	146.381689078502	107.792931413719	29.3723701880797	41.7674460831476	172.850614118287	0
"OG0005634"	0	25.991468780194	13.2059671234075	15.2221508744422	85.9491915244541	224.750383459043	252.055263292745	277.738406167963	250.822914666001	0	0	0	0	14.1349680247212	15.615035675112	13.2728288553648	25.6099521591996	61.1920020166736	625.859247961862	0
"OG0005635"	0	109.939674978115	116.119844915699	68.1747349686092	381.216594832534	52.3210846462803	54.4867857276841	57.933532235325	43.473196946957	0	0	0	0	21.7108918973974	37.5520952546993	22.9241478292273	135.720816115901	130.301668739342	61.9884309684277	0
"OG0005636"	0	15.7854106693265	7.93542514771764	12.0559641063924	16.023418072562	55.3286016669621	52.654465705637	52.5918046483128	56.880364788119	0	0	0	0	19.4477986437056	26.4020299155898	19.5687763613105	19.986087752471	25.1808876143321	36.9940567363433	0
"OG0005637"	0	199.001177165239	160.698174511981	267.535051712393	133.156284356484	62.8917619621491	56.6039054448156	52.2493434875711	61.2511875186585	0	0	0	511.257583968849	111.783931851676	124.670692635799	124.207415578113	82.3994039444931	61.0695570740444	209.540996614237	0
"OG0005638"	0	347.834382506306	368.445530773745	357.185598147361	263.006208704734	1547.87097975209	1613.55256909418	1629.99051476523	1694.50726588559	0	0	0	9.88775627968171	530.987550089316	476.534539996479	521.954156169994	445.177031641564	347.774863366096	941.718633653941	0
"OG0005639"	0	52.3643697819458	58.8762408174916	37.0809747578786	372.907532631981	84.5889481370022	95.8169663709993	110.34899872725	112.276982546169	0	0	0	0	682.97704284423	711.696792600761	662.753388943625	394.063336339448	494.070074766326	112.384624944992	0
"OG0005640"	0	40.3320418609844	22.1431219408521	72.3300176728414	27.4429250911384	89.0545795541857	64.1587707945847	56.4284998356534	78.1497948391289	0	0	0	0	17.4847261821367	17.845346586329	17.3997448189152	46.3549009081504	44.1333586801787	87.9339123887404	0
"OG0005641"	0	121.271155449912	36.8204291504717	98.7010013426737	245.291353864098	108.968731835239	98.1628629533525	93.3404083512552	111.087369281955	0	16.5519986719147	0	0	23.0169014819748	33.0828955424863	22.0283174582172	15.8874624151968	20.7609469109235	306.600006974981	171.172499825521
"OG0005642"	0	58.8388640706188	106.012825573576	32.5285689762708	131.526535250063	77.2281757848805	74.3473882125114	77.496055515586	75.041835872423	0	0	0	0	184.979293473961	296.741970228802	180.788039592406	140.924572941099	106.865858120348	142.274111629557	0
"OG0005643"	0	353.263931167504	17.6827837987926	29.4272912455911	47.9837380258417	62.3401479906466	61.4450928224896	64.9055546182268	58.4211403187508	0	0	0	0	8.7584566919406	9.85903335869212	8.97017683003908	3.18396686827855	14.2267965064605	48.1377605273283	0
"OG0005645"	0	334.163286101714	283.788921504002	724.355408715905	984.127848252827	48.3569002961487	142.998103458728	162.103595596098	61.0477837707868	0	0	0	0	573.766699752729	521.74359325251	566.828300525916	417.940966096075	316.248602519283	152.047530355975	0
"OG0005646"	0	31.4190988729604	32.5231319403552	40.4445880526678	137.719691472698	251.699124433322	228.323250065937	240.47916845702	265.610712939387	0	3.32784968178415	0	0	44.8967068195616	59.5645092132479	44.8549112902914	37.0206317921598	80.5667851218974	1829.1656511253	0
"OG0005647"	0	167.937480130917	213.418347009864	136.751930509192	228.833272085853	28.5071769709222	30.9940024868529	28.6287967259003	21.9989798768381	0	0	0	0	90.3694535599991	98.7105431811851	87.0857936407895	259.979303008732	210.658291405614	156.275709189109	0
"OG0005648"	0	14.8712905915091	14.0382072839795	38.7167070238476	67.4489220312189	15.9861502558125	19.862096426957	23.4419627207933	17.6468941839697	0	0	0	0	50.1600773634515	48.4967677885451	49.3163576156094	16.0700788767559	13.3881527371141	37.0234875244416	0
"OG0005649"	0	9.53009978456274	4.61006454536791	25.0130472495449	31.7939468773578	50.853480713649	53.5024136771488	66.1879546618674	51.3978949903864	0	0	0	0	34.7220826198317	34.2928545507564	35.0191076399622	83.1221344765296	45.2463396811098	23.696435193941	0
"OG0005650"	0	6.19402040135684	4.88788927699482	0.960230433268709	15.1439783790332	20.4865766388042	20.0696864765215	15.8888358381434	21.022201755297	0	0	0	0	24.0996123544497	52.9764515882658	22.6242647589752	81.4982034672869	55.7861618872575	401.834574815601	0
"OG0005651"	0	892.040984894661	1829.81308315381	862.388341777354	480.541677417237	636.428226754604	996.773128340808	1201.15698342141	1037.82942636595	0	0	0	0	645.225756074012	615.237230662413	644.907603642352	419.138848608492	372.11055915078	421.838188753402	0
"OG0005652"	0	77.1587036379815	20.7289000661377	43.7523109535539	228.421792636838	128.657577001171	103.233438354392	103.026690811836	114.086552828625	0	0	0	0	16.4988543907724	15.9903779216219	17.0814618844314	21.610976582751	20.8715447849151	27.3781348970643	0
"OG0005653"	0	192.92450055741	274.379641861252	316.118668624861	207.657495525863	192.611778549277	146.357775588987	146.967638197224	177.867932068489	68.1653010045286	88.2114830583397	5.82134757006544	658.549845813523	115.826131060414	102.48552950809	112.268889330073	370.193269731721	346.602753948395	45.6612240748287	0
"OG0005654"	0	22.822045584526	28.9459912252102	21.1297935355765	179.321729911988	108.606353642692	105.306622591619	120.625731464971	99.1000664900781	0	0	0	0	247.763760187158	214.857672673259	243.428815116679	195.286372748039	102.150686952486	211.574162461116	0
"OG0005655"	0	268.632247929154	146.926166057457	114.649114920033	609.175935541159	66.6592742886383	72.3584079862297	84.2713818859188	82.6121020992365	0	0	0	675.655841856181	236.874982448722	258.55677905347	228.981172288481	116.573124878953	197.157459041233	1549.95936005285	0
"OG0005656"	0	72.8073904352971	59.2651935608897	64.0237468131634	51.1127905392292	11.3371654621859	11.8122608870422	13.4422707020641	9.81845924347425	0	0	0	0	8.34363025566434	16.420034889663	7.83382204512293	63.5708247290716	52.31852868201	69.2240545883854	0
"OG0005657"	0	181.138268003782	250.431953509081	233.046143916569	113.683701120256	168.431497087213	1197.7748931134	1348.79853186133	491.791279255044	0	0	0	0	97.5757795643676	132.770245922254	98.3892815557606	374.991785812804	403.146661726481	67.6548564597626	0
"OG0005658"	0	24.1174941014079	88.3722587379766	8.30812978579552	54.0543958710474	4.54203050718029	1.76275664397251	6.31796286118064	4.79718465150306	0	0	0	0	125.976822965743	101.467977333057	121.786410045918	21.0001656202705	0.957511881348553	17.9621914897357	0
"OG0005659"	0	63.3516481407559	31.1545414997035	68.9796561125562	98.4212802384825	82.350860463894	130.704317860707	133.741696885043	94.4214659092043	0	0	0	0	20.5699735228022	9.22482946062949	20.9716445004419	47.6348408010073	51.2583106640851	5.19018384712198	0
"OG0005662"	0	292.063153798083	412.881900032256	563.695725113369	178.345278080629	215.345321959322	215.158496206316	217.337719570531	156.120896184764	0	0	0	0	122.057892415411	213.125594193372	117.92868756775	332.137223698833	167.238311722716	176.253576736115	0
"OG0005663"	0	156.696454946455	163.750136204999	164.761591200425	39.5836324003465	212.986633937989	190.529469882803	181.224541770882	196.348448378145	9.21297660679623	53.2154136506985	24.1425708672582	0	94.9423739419846	68.0419087752045	95.1304920166979	138.985409691747	119.387225568844	219.657251135958	59.9010261654646
"OG0005664"	0	85.8253439219591	64.1862997012324	73.8563003114932	124.282140155353	107.247185696008	96.4607196159685	76.7836029971316	79.3124971901774	0	0	0	0	171.602875128283	187.522201557413	166.874617727978	1303.42469126951	1472.03612829319	44.6309245397415	0
"OG0005665"	0	106.093723070933	89.6703143755081	37.1647797938719	63.5706288827289	49.6215058477179	58.645037832715	56.5260871391268	56.8073029163951	0	0	0	0	23.2477614117286	28.6291836868187	22.7023773901476	38.7498018723315	40.7471031029537	95.4432023867167	0
"OG0005666"	0	56.7351805029707	84.0505406904469	71.6901299036823	42.9719923291497	105.016978222493	110.659688868088	106.167306703131	121.673166806426	0	0	0	0	25.6652699910309	33.3852065885167	24.0966704982125	9.55002133571191	24.0315705562374	86.7078648200524	0
"OG0005668"	0	82.465816521328	109.040691122986	406.700641340881	39.7039987031079	141.858021206532	90.4099144584804	76.3522482793284	107.268452912372	21.6498109555259	5.51613727737648	17.7282073612556	0	64.7707777794741	64.4829187762724	64.6980192122794	122.288285392145	121.971816884898	17.8366787224169	0
"OG0005669"	0	23.049888549069	20.5293205324472	118.87985898151	45.1885278466467	54.6110595491022	51.871640029687	45.579573688256	51.3833706423931	0	21.7426682468914	0	0	71.7753788718134	93.3605609809709	70.970012213162	41.1270894419379	52.0304708038401	31.1780802267529	0
"OG0005670"	0	17.4836548504256	31.1069430335096	2.87359915923903	19.0652418755788	5.1605651314227	3.38661066976613	3.84771958226966	3.81015146001517	0	0	0	8.8016945635557	39.0605566963518	26.9004410529567	38.8540559465526	14.6466598208568	16.8795652422709	2.04004634786746	0
"OG0005671"	0	31.840665395886	50.3744866814114	111.696305875966	117.048706884127	37.1488147230689	58.7223832911559	58.5173897547702	31.9644431272749	0	0	0	0	77.1778341484754	73.8228682236616	75.4908241030078	21.7058008654394	24.3399539163832	83.0691762383651	0
"OG0005672"	0	1641.83826921251	1358.70888772834	334.710997334702	327.257018734619	623.076282937351	1137.53643018646	1338.66162354506	1023.52640177064	0	0	0	0	440.737827370289	480.302258944544	434.654090902717	641.47457242134	408.437153799432	288.966392700184	1585.72755841186
"OG0005673"	200.529103112562	102.846157101581	70.0583545355751	36.5937888573845	56.4054329626879	32.6566570002135	27.0515571130996	27.3291540852095	32.393131458956	0	0	0	0	25.481719698324	29.4133457774482	27.0094731562689	4.36372352688958	17.2349299888274	173.849840423105	0
"OG0005674"	0	184.027082449267	125.338842035114	160.360408767759	70.429715881991	72.9699656495164	58.1044548730919	61.0646212295105	61.8138959704597	0	16.5998551104313	0.790185122552631	0	107.434636215949	95.310243845321	107.303425591705	0.717444350473396	12.3862427359189	155.353633276019	13.098879158211
"OG0005675"	0	257.151430728545	476.631370145104	163.485496703923	97.3102994284218	510.726834488034	566.759541993422	573.797405888876	593.589353417818	0	0	0	0	147.930714362518	201.471994810499	138.735670641681	1188.66924398429	947.405915449944	230.432417131174	0
"OG0005676"	0	81.8673891009369	66.8969146891572	17.6791235857827	32.8186471747792	63.8434902932625	62.2596308154649	64.9150452913932	53.3962817967553	0.752814368525656	5.75656815962367	2.21953114040175	0	22.3003200293438	27.7716925523146	22.2879291275093	4.87151416843881	10.3306914530717	74.4221621092261	3.0726230256499
"OG0005677"	0	86.7047742084066	152.552620229002	24.5359842300837	121.229820406351	215.21047065643	209.42624025475	216.706118893707	233.547743174426	0	0	0	0	602.467417101382	529.121769836023	599.823770267638	722.880873566318	555.93221208725	254.489755909309	0
"OG0005678"	0	11.2039729612615	4.65133510630958	10.8549628629545	55.7645033649707	44.9724100653646	41.7377552188749	33.9535715074093	39.645182425189	2.48128986063009	7.58619430001524	9.7526811364391	5.6182108610536	34.4330914938239	36.5115495695643	34.5750112942034	55.7626433847204	39.9973880485092	36.2568221530288	0
"OG0005679"	0	93.8501717568515	83.6147410103954	85.1127442390811	131.144789747248	169.931898188572	107.80809287484	99.3775632033318	141.557062085226	0	0	0	40.2222484607932	55.5776551260441	26.2912321726112	56.5678482595058	59.8955518825908	55.676311551942	19.709572398791	0
"OG0005680"	0	39.5150428283625	30.8517855636588	101.621294423301	37.1449226444844	116.324121234117	65.4801761895748	60.2718384942103	82.535582049419	0	0	0	0	18.3213853205862	27.9687457425153	17.7923909782751	1.10653427139199	1.07824410878334	5.27352668973836	0
"OG0005681"	0	80.6229122804924	60.8438296307225	104.709075000652	61.3673023625296	71.6715251846247	63.2093705711759	57.758787932446	67.8362502445755	0	0	0	0	58.057942622542	62.1664691128755	57.5102684754196	83.1318339300714	65.2582339136308	130.101839526314	0
"OG0005682"	0	54.3411174287288	90.0442360495075	80.7706465588337	75.2274867842836	50.5962088452501	47.2765456646469	47.2726083540848	47.0986879843681	0	0	0	0	127.283110026198	198.407960667708	128.21664184403	99.3401057711646	102.390561704854	31.1589923853015	0
"OG0005687"	0	102.609825768059	125.525904851595	86.1370533882329	52.3150285297906	26.771202297226	24.963297641655	23.506079100581	26.623632879451	0	0	0	0	52.3177297838423	61.316483631928	51.3550625724842	19.3273736138107	16.5185229867827	17.2555862334014	0
"OG0005688"	0	114.425895586813	78.8193383107718	76.3493334164616	35.5138416765101	59.6778836019875	54.5388703936225	55.3621393903483	60.9190955325275	0	0	0	0	65.3045650611635	52.5064368401881	66.7280311012228	0.897633866895788	5.79050933832403	100.876436601976	0
"OG0005689"	0	154.825361231508	147.415140554226	178.010887713137	184.599573873743	106.525869961442	142.924764481453	156.593209328695	137.197242648621	0	0	0	0	237.206496752897	160.9390828576	240.7910383538	168.274607065705	112.243405330254	121.586886625821	0
"OG0005691"	0	88.4885243177105	85.6611874246792	40.2927450777236	120.251203614855	162.81158291276	152.536244892102	157.493736561193	173.662158746965	0	0	0	0	31.6844154551933	50.2118691949114	35.143185214989	14.4993493701901	21.2765593470801	65.8694774291203	0
"OG0005692"	0	221.059471769098	141.549868269354	702.873835192089	238.947427677704	57.0476505598426	55.3737799139487	52.6493282704048	44.5700052863302	0	0	0	16.6916053359082	109.448625500967	97.0715705466074	108.47685089554	10.9398681580392	14.8813659737229	95.0192747451793	0
"OG0005693"	629.859016869132	30.069930439996	23.3804037082919	65.0556655358149	101.400155770145	52.8060498874232	46.172726150198	48.2678249745859	50.7113523248501	0	0	0	0	58.5825107682145	56.9445000038769	58.3779088657577	30.103951471473	35.7531662465399	138.55198254653	0
"OG0005694"	0	29.9005260328129	34.1384921289396	46.7134022667302	102.138160536177	63.8917703893598	96.645153562523	95.701484980951	66.7013390702069	0	0	0	0	45.5020898144417	35.1959157247114	45.3287945860706	35.4974538565829	26.5380961244795	58.3981411624021	0
"OG0005695"	0	19.8176192739686	26.9745054363418	15.5563894714104	255.198923974143	143.000816630592	154.82661772163	167.219648015835	186.62749717969	0	0	0	0	66.3495461512486	84.5625053643179	66.506274548833	96.5689719076415	136.623716872627	40.0310210919225	2.48387824091736
"OG0005696"	0	53.6405806852202	65.6960896464727	55.4457537167063	121.249003597447	22.1109521478433	35.6832152060626	32.1956959829252	20.2751095351392	0	0	0	0	80.8023627931969	126.166462166011	79.8422184101852	25.7080378831415	22.013594631577	51.5074303984387	0
"OG0005697"	0	164.978632783908	177.795766251738	337.002139112195	84.9650938212159	285.661674791423	264.199591245491	272.762671278705	276.710835860331	81.6510550462054	107.385028039251	151.502034284534	201.145598167302	58.4734627485111	71.3376629349147	56.9183483147576	6.62030139339887	11.7872655436137	230.027133427798	378.596062396506
"OG0005698"	0	15.6248213062883	27.9338975229805	11.8201933780244	104.474125120527	11.8245724553153	15.5272875247826	19.6813378145568	16.5514691158339	0	0	0	0	46.3718379512363	44.259290237723	45.6511046606505	70.6593066206182	29.2645305386801	39.1262574071251	0
"OG0005699"	0	18.9171365879752	15.2964583562142	4.4929692103688	54.1122194899233	54.0824202440184	48.6727024912891	58.9473679627249	59.3228445376772	0	0	0	0	38.2765486055835	20.3017206344298	37.3729710260739	42.232633152868	49.419214120836	107.445148797752	0
"OG0005702"	0	140.753602491532	127.760759625123	265.200044186584	60.5599640629641	16.9702872951108	20.7604309921151	18.8465208153551	17.0119098100113	0	0	0	0	265.764383393808	241.435251485923	264.272389618723	189.373294885327	160.994641600234	87.08459222481	0
"OG0005703"	0	513.387133930046	399.435565293796	578.16528698836	39.8259489893627	154.150466639085	148.759966627045	150.165343023291	151.485302764183	0	0	0	0	312.407315276978	350.088700725861	311.956852860604	156.144494714913	166.691264812107	59.3787235290577	0
"OG0005705"	0	729.1348208424	409.328252361244	671.439205585028	556.353648629665	157.602327026952	154.212176335756	171.038593470918	197.025609947624	0	0	0	0	432.906764428613	364.18979842366	428.747387317085	392.561254715325	222.280814565056	370.818164166909	792.708223008196
"OG0005706"	0	7.0573243423394	52.3984885168018	14.640546267383	26.0546923606194	55.6065729328832	42.765954098978	50.2425008002165	49.9885868156819	0	0	0	0	26.7986895800472	18.6876477076828	26.3318026849421	150.288667876731	71.7646591494769	1.76087556905817	0
"OG0005707"	0	463.007601046399	338.746129128467	840.731545755001	339.925269279886	76.4423756001245	68.6656546675136	72.6505959529192	63.2574966966601	43.2944786203615	75.3089953283879	60.6827980891766	20.8091729081789	222.06949396697	201.136027460822	231.598743917431	20.6404371370374	22.6989645847944	91.0467842068357	1428.56651356911
"OG0005708"	0	54.0787402324184	28.1386729906026	33.6590169182194	54.6548297523604	107.63131767898	90.3733128763034	91.7349631805262	106.02648283182	32.5318017703872	33.4724282920089	78.6861746210536	0	122.362699666414	120.135729101947	120.037936909755	98.9792618507743	64.7028789149516	40.5054205374837	42.5185895215939
"OG0005709"	0	48.8394928183468	35.3937740960706	113.046512014379	167.453418435435	68.5895502667754	64.282021020283	82.6155129860009	58.9235192818093	158.352123799407	425.486476424789	215.563424148226	0	67.0136846631063	35.8030992699702	64.8136259064145	86.8793390491309	32.6132199318063	59.6685923771455	39.3624947322081
"OG0005710"	0	70.6219854321947	61.3015357393675	71.296871936251	57.8225226935275	86.7543381941477	104.440136156407	101.92113605979	107.194089508165	0	0	0	0	92.5756642588838	97.9428220459653	91.9708534441367	129.353124865683	71.9341327910912	52.727720541461	0
"OG0005711"	0	11.7466685613771	11.2645064099005	8.78591060841103	13.2999804326256	149.741550461225	120.274428788838	111.359719195519	133.051610187943	0	0	7.70640073575756	0	19.4176925110394	18.9724515189491	18.7023857730712	2.47440334442518	2.95007149102431	47.7546719884312	2.60686928771145
"OG0005712"	0	1509.2185227138	579.207456561127	1275.76933780742	1248.60376344112	253.042088025914	240.331828530111	238.569442161875	266.185399262585	3622.37330430834	7049.63234846287	5734.42193895799	0	197.686093159208	235.551236078287	195.111813145927	1134.7993277151	1131.16795454263	561.400051283699	1500.19937254518
"OG0005713"	0	90.2982010274403	83.8821367603455	50.0527207015649	89.5770070063444	46.3569944304539	49.7254835100714	47.2237784784047	43.973909696934	0	0	0	5.99002458929099	194.832323132123	177.600680654428	192.46174666241	1.57083862541806	2.20850366189688	86.1975846715953	0
"OG0005715"	0	44.7702667895086	31.5542572742915	33.2735811663482	33.6728171247225	86.0667852302315	43.7688097930069	40.4236307382392	67.2358943055198	0	0	0	12.6273275249899	57.1138791759899	44.4327822701425	58.3960554506508	12.0811936531743	15.6227038637386	27.7272204439806	0
"OG0005716"	0	127.775833351185	85.9334889967444	41.5675757690705	127.666877201495	56.7396568433598	53.9378299014887	57.6202675729499	46.6550351729362	0	0	0	0	50.7138498451895	122.728753699721	48.6176488089535	128.097651847861	150.107942523383	18.3485205226467	0
"OG0005717"	0	18.6326180749011	6.00039440245084	16.203762025597	106.773093550621	60.0965108812054	63.2922843593729	67.0777596071243	67.4841448386772	0	0	0	0	29.4336698780328	17.1222423916957	29.3994419363448	47.7803568492932	40.3351998299514	21.319436507771	0
"OG0005718"	0	138.689163658419	107.91769206668	528.2491329382	30.3034677382956	10.6176255472461	5.04917128470899	6.62817022273422	11.7785545869517	0	0	0	0	45.7103423971081	33.9022621267303	44.5640823419103	11.4753143664996	14.9101793315518	9.21432253320685	0
"OG0005719"	0	21.4574992936002	12.2215912411212	7.60917036147559	50.0007409513789	100.429259205983	75.551369756109	73.310016618261	95.6186242892586	78.2675074701547	57.7593822063049	7.68753649652195	0	12.8804995843165	10.9356776633137	12.9288555444065	44.5965112241839	46.7338470212421	98.1922954590111	59.2699916571938
"OG0005720"	0	333.591863828326	1811.17267017453	1610.2717427725	66.8246461838291	122.394483155721	142.434481862212	167.561094906162	153.395977598904	598.417539937273	938.710319879786	596.936331017152	0	76.0214534306283	121.719064590319	79.195098656828	216.170508655315	208.914349912061	394.720136793695	106.589262911487
"OG0005723"	0	157.432540170339	54.9896822115367	155.900710040344	208.659954283437	410.683372095923	345.651081723372	318.60725933675	329.080478895031	0	0	0	0	65.5025510363769	63.8194999557021	65.1957181813849	41.7797899164524	32.4492345488261	82.1509622838938	0
"OG0005724"	0	132.470927812264	176.16350072097	98.9746253569995	95.0231149585732	55.8880403436941	74.0476490961301	78.8393842319965	71.250540914413	0	0	0	0	374.886558525357	327.563400440944	375.269744180209	210.196857705234	63.5103181638264	145.64111808093	0
"OG0005725"	0	281.124721078384	201.887085063301	441.267341820434	88.5896207560611	44.9950517656034	58.8163658324046	61.4897092051086	74.333475246914	0	0	0	0	98.7696195256242	72.6797452732528	99.070423699584	8.6883825046394	11.7963495579045	27.6930398906838	0
"OG0005726"	0	55.1505458940263	33.3726485812494	23.891004353078	19.5780633826993	69.4753357558308	57.9819312465204	54.1908019571197	60.8870099274151	0	0	0	3.40844867185788	38.6560662364978	39.1603304509023	39.9739480604901	27.9022967606444	51.6809444289685	37.7986713999813	0
"OG0005727"	0	101.923688658427	157.03132970889	53.5864594950252	42.592987282205	60.5238174788482	67.4883603628688	54.2306482948408	65.4387896862001	0	0	0	0	98.897813380848	117.105827812234	103.616926001068	75.6759852356276	46.2718870444911	75.3059735587559	0
"OG0005728"	0	55.2485484436363	48.3576312787333	10.2174005367476	20.8654747417282	75.6449215990691	80.3706912535213	74.4909171725428	78.3006971559425	0	0	0	0	37.52854300987	63.0230667171943	37.9710013303298	87.9457939660563	70.4093431423067	84.118341663259	14.4174720604637
"OG0005729"	0	600.050425577771	628.93161644029	1046.69197047636	386.204224517562	847.464561236115	738.947291797365	768.951162333992	847.682912308553	0	5.00753240515517	0	0	144.345032340592	180.253035656508	150.539357129955	878.984727570891	1022.50156908971	2193.97869159094	1856.09655135559
"OG0005730"	0	104.202118303857	285.394093950699	207.118725879724	57.9041882784802	159.516882561845	137.549289073039	136.824354466925	148.336977427729	0	0	0	0	185.937972629368	164.316626958079	181.808711306392	164.016546960837	166.609338358221	186.48244023763	0
"OG0005731"	0	36.7040289569825	30.6671443400214	24.8413879994867	80.9886923525478	183.372799470244	164.639892400891	159.431717532177	178.718015119872	0	0	0	0	36.2348811018238	30.089271578297	34.6999220706293	19.2370474527023	20.022965374938	151.154396937364	0
"OG0005732"	0	175.857019497021	174.041518417157	43.5759276248516	59.0124286326699	275.303096932202	311.223456970841	324.785325328586	292.622227649014	0	0	0	0	19.0668242644365	30.2837037466209	19.782631387098	36.2086662875384	99.2163610862324	55.5041580563927	0
"OG0005733"	0	106.782852110254	91.2298368312357	41.8894583164708	58.1256171128484	146.222652882455	123.527284056825	131.37337546667	135.136168504809	0	0	0	0	22.8761518433119	25.1650267270443	21.9547874347402	1.03922006381161	2.0284793161843	176.38230869009	0
"OG0005734"	0	51.8692753441208	266.68687610659	10.4383302799862	195.540295847116	12.7344580364777	12.2204466207458	8.94651708881553	6.63680964539102	44.6855980406861	0	0	0	97.7526704360239	44.7400094774206	93.3956278367213	9.13048359707651	5.79705834487686	34.9195191028764	0
"OG0005735"	0	118.033441099081	117.526458458585	66.9182726951311	22.0130406376653	195.627212007371	166.735177950078	167.40854750705	198.554920015796	0	0	0	0	68.9031566482724	71.3975294573306	67.0533407008396	7.09723564836811	17.5910044240003	8.25043093023899	0
"OG0005736"	0	2443.07289171138	2783.45636993378	8339.14722575528	244.111039520503	961.311652716933	721.108210314662	661.909250252247	899.51047649568	0	0	0	293.647545598364	143.799098552382	133.414064205111	148.056208660072	277.245542744902	299.27474331617	226.871868845549	0
"OG0005737"	0	82.5528884161985	98.6531562977362	35.4835866454284	60.798657769319	43.6539194870017	46.4852316811419	48.6121697803835	55.8087068348814	0	0	0	200.341185124747	49.5688456383039	107.069339358739	49.5236858971035	126.168066808881	139.439619365078	29.1295553260547	0
"OG0005738"	0	297.687151962475	442.47645515356	89.5114030542916	68.9652162645849	66.6232029524737	90.8880438464371	109.201424200881	97.7507482739035	0	0	0	0	358.128402927427	356.065821978806	374.402520390571	289.293355232392	347.639170902626	112.12597581526	0
"OG0005739"	0	103.335651317623	102.941657481918	149.224527198553	287.051790652725	32.5463897002763	32.7521686540996	38.0481811716359	32.5024727626805	0	0	0	0	412.28336986257	356.180193842526	410.930069730284	224.864856323883	128.707234980994	160.685932761296	0
"OG0005740"	0	315.863254457077	567.048043316059	212.590594540442	504.369941214666	574.484308518135	647.201535030405	685.707656575928	642.640151498065	0	0	0	0	1122.86163189241	1087.00329790328	1088.24434745894	6529.8539891212	7292.44795990953	1300.21936934192	0
"OG0005741"	0	30.397175990572	17.5947312755605	238.367457966979	16.2140387020296	140.445689659778	99.2323897052793	93.4195938914902	99.2365073348637	71.8030141231132	75.4255535443301	52.9074678148973	0	17.6073705198184	15.6346337705098	18.4727693541493	2.44204354254621	1.95650742795881	34.6533103001225	73.7034505823354
"OG0005742"	0	19.1001265337814	20.6895594235135	13.8359318769208	4424.1602508978	124.244665229151	92.2108616958043	90.0172237853103	102.460786837447	0	0	0	0	42.9631161699354	44.1493681543259	42.132286851596	40.6265248895084	31.8766577730538	99.789059981916	42.0630119312758
"OG0005743"	0	163.659591060639	92.0109898271168	179.909691783652	89.8181671229831	163.198545108262	131.312420213946	131.071702466178	145.354770391701	0	0	0	3.89451820256757	37.3693412253793	33.6285446423166	36.9645634735796	30.0071011135818	35.543078763366	77.578669620686	0
"OG0005744"	0	395.451176848566	353.009895615794	440.113948717827	438.226298314754	224.920874351953	305.947124994669	309.300314011275	264.68203493133	0	0	0	0	264.739734348618	326.825344507876	266.683466167578	102.927448663614	73.1326549265948	106.388969700883	0
"OG0005745"	0	682.611091974097	479.202429595854	593.552041782711	210.173508060932	111.146330652317	103.883982245405	92.2529655709013	94.2510720431357	331.517754445202	474.184161195548	393.357247089193	0	72.7450182737386	67.7524922037096	68.2906447786105	41.9686867733606	65.5099368096074	799.363287722393	303.818812001698
"OG0005746"	0	143.177058192147	266.907703298678	92.1843302188861	55.6959289377133	76.4280591420748	85.3220754329596	75.8464171339299	93.4940454204543	0	0	0	0	57.0098468657363	55.5082991526859	58.7827058788556	70.6486372217222	31.3463784388234	87.3943479402705	0
"OG0005747"	0	10.2194880898882	33.3574319175929	12.7514356069856	157.975771042415	1061.14101785532	797.201473625081	737.917950652533	807.553748427764	0	0	0	0	18.2844810289308	15.7053417925075	18.3398737309813	19.9274060585428	23.7018965375974	30.3685781878968	0
"OG0005748"	0	121.860409753805	119.834366952717	198.862598249786	83.6447147780602	255.715983010921	152.675567218857	135.52836928535	185.258896176298	0	0	0	12.3177086325845	130.82411843191	134.690442290489	133.620369518362	122.957547686532	200.100963546926	176.044054383439	0
"OG0005751"	0	270.291550356414	228.101499593092	377.253411118782	224.321933631186	842.87946710299	633.523815768621	576.012862266173	783.487343934614	169.854487792077	276.320677260356	604.266621903513	0	191.293950747243	191.029009691367	190.607318081652	505.033571879957	830.275121180897	1075.05386474147	5.92964824156197
"OG0005752"	0	165.840018156459	987.81198955334	53.5362132742255	18.6411015204405	4.26520797458011	1.98800237325131	4.11762635785206	4.02528786301903	0	0	0	0	424.332759825979	373.211474861357	429.307715258028	131.690620423365	111.251052469094	4.51076766727374	0
"OG0005753"	0	50.902783533443	47.063470568094	51.4291849382717	92.6454954449851	67.6420794632167	67.3839202267124	65.7529775497258	65.8040990448196	0	0	0	124.795764909096	89.0142613762043	89.8426730727198	92.0423698975656	47.8252168219242	28.4530252620278	47.5436403645706	0
"OG0005754"	0	74.5337244945089	43.6214776440092	112.28684711389	86.4437615954745	137.580410241748	109.415357305697	90.9871126245981	126.023950966812	0.68031477103941	1.63490634978781	0	0	6.97149123267514	9.29301177063668	6.86644744730391	6.16576561951021	9.4005541044702	45.9586392788392	5.84728046478192
"OG0005755"	0	217.490991524994	447.175063980192	51.0600991454375	32.0827909261501	169.491994370453	158.165011397957	164.704474730988	192.435664477878	0	0	0	0	38.613543058331	50.8851144052042	39.3361323894237	176.574914434135	142.077768515389	55.8461411506759	0
"OG0005757"	0	89.4078525310214	136.798633910449	37.9108435331956	42.3592263964177	120.713003946815	110.172799546735	109.103619553747	111.323154151976	0	0	0	0	92.9243126984698	68.2159067421517	94.8559521556706	168.687076327572	299.569973780624	217.852641808108	0
"OG0005758"	0	128.914082861905	95.3003958706544	236.467320136301	222.616821988316	88.2237179464055	64.3572613784502	61.2800450208085	63.7559773498675	0	0	0	14.8942731400494	36.4293223227072	28.0576817802933	36.1060882986324	1.71205252970715	1.8410648185176	13.1967565052368	0
"OG0005759"	0	132.403518651156	69.0389308551206	115.071821221999	80.3715416904224	100.220045456228	118.40645787506	125.824591819282	114.517253191197	0	0	0	0	29.9692676898203	39.3471973969905	29.5708731242245	337.793169048151	322.530766152323	92.5489529387336	0
"OG0005760"	0	340.821755623101	570.797466354847	211.812667703152	45.4622445790316	333.639326608573	299.608735977218	320.055202801651	332.615114162528	0	0	0	0	397.162321939577	366.820351289218	393.433534682165	351.174050181798	338.621772716541	375.854784110038	0
"OG0005761"	0	196.760779249973	192.703405620747	269.296736975231	27.2196875558954	220.616676037697	206.453702855459	198.192351222267	216.838958393314	0	0	0	0	126.392759305528	117.729898649101	125.122340147854	24.7656549532286	62.9948003528187	109.717489737051	24.080623063666
"OG0005763"	0	34.6511088820566	64.4141785179427	47.5228633622512	98.8613974513482	138.314817096624	121.846395441559	138.644172934594	127.738811182678	0	0	0	0	21.0739460214962	17.6718825930205	23.2710373450827	122.207052468732	164.951505750135	151.176592101842	0
"OG0005764"	0	8.03688315963183	9.39332070281704	0.740527452431181	9.65361206448941	54.8369216078562	48.1636077573719	51.3646098943878	52.4559717351108	0	0	0	0	39.4728858497341	33.8879066707731	38.623120292082	21.1764774370273	31.2401143966498	5.02711602577437	0
"OG0005765"	823.495181942792	74.80290901688	102.358970605314	109.123257646001	87.3616224803132	400.230342830315	316.861051316553	296.941429007906	367.599930036791	0	0	0	0	52.1599153787372	39.6750634063208	52.6619389670859	1.89746772343955	3.42436112467224	39.8223421554966	8.83725540446377
"OG0005766"	0	4.36523060179305	0	0.742987615378762	19.9197982297999	27.8606121437617	28.8322682252124	24.912944613685	30.1651216271692	0	0	0	0	26.8485658689574	26.5797828537878	27.0523830283263	35.914045386205	33.1839988297503	33.8282672070986	0
"OG0005767"	0	760.007179565578	1443.09642184806	521.470494432506	601.722717709087	966.395491341615	892.579492635797	809.844212633568	955.485175879056	0	0	0	0	487.89693375385	401.103913126047	478.729750584433	137.061765568061	176.564850270137	215.946964985992	0
"OG0005768"	0	29.9902320702867	63.7189440010004	50.6573318199793	84.0122373149058	46.9555566333337	40.9229456000577	49.0040403998994	55.8566811964351	0	0	0	0	100.154224152392	100.526315655097	98.4552433331951	5.25391512432589	6.19447450758818	53.002052774414	0
"OG0005769"	0	3375.15595536786	5316.11773903192	12880.3334212716	1316.61639724498	678.591734125646	1087.83297553216	1091.60708488518	708.637279756475	2.64940863245783	0	0	0	4443.55419118083	3878.74900889112	4415.50915484366	1159.4156921021	934.570014006627	643.202549485282	5.00792386437817
"OG0005770"	0	102.32269923167	65.6720584520395	72.0538781858822	17.5597148933296	57.0847674098124	49.4032673552846	49.0389839355556	47.3116979222242	0	0	0	0	46.058428948043	41.759728897332	46.2607997844948	51.529147145947	57.3345321231387	14.2230120813561	0
"OG0005771"	0	139.310365004624	168.358465679572	349.535779745018	94.829364728501	79.9956796841591	72.5451507524392	74.0663725560955	75.5498736723619	5.10967615646575	33.6092518711963	6.5285933559401	0	54.8809825675955	61.058491683089	55.1316173476826	53.0811082099092	66.6025734035328	61.7686988400915	14.7483909183351
"OG0005772"	0	146.243904348826	163.229429397435	168.472997601117	108.92824285661	735.51943361915	496.497752763917	442.597035975803	615.082307525608	0	0	0	0	8.83642741340791	9.40274919112876	9.15632790930416	4.42261618393225	8.53358926246118	198.979161255218	23.9832541248471
"OG0005773"	0	8.42837482606334	154.223669695188	8.76302679844973	117.954153503871	27.390796863808	31.4803485565227	32.989652373991	23.738066202149	0	0	0	0	310.632857042874	282.91786688845	303.106170997896	136.097882372341	101.533730981897	60.0728107126261	0
"OG0005774"	0	70.5716878273685	61.1038118963668	54.480952656515	268.040152093981	100.042186021755	71.2192771123521	59.8498295537998	100.460576628083	0	0	0	0	111.509230733339	93.526995870155	109.37295900035	223.240804071471	227.060141583848	136.458534632927	0
"OG0005775"	0	115.099068462875	98.5752172887636	13.673045776526	84.7499680353506	94.8232186223631	105.787400331533	123.866325440003	107.383346163836	0	0	0	0	29.0774602207956	45.7346872797096	27.2967887720835	259.758640440656	425.002232359456	122.221579549246	0
"OG0005776"	0	44.1735343928933	22.1257712329023	27.1877454042314	156.410696694547	49.889543622603	65.2255133816335	67.5953273101788	55.1193347509048	0	0	0	0	87.2217672100875	142.384035029418	86.0349878095333	252.738660939748	206.571431226204	228.960433822967	0
"OG0005777"	0	59.763925173816	29.0998279833966	146.735529423406	235.948591709044	347.334225591207	355.83528522137	359.007533600123	351.15094874446	0	0	0	0	76.6313384716145	67.4319233575592	74.2432785913721	93.2321501251846	159.845239379505	32.6399425399581	0
"OG0005778"	0	37.4738934441132	63.1856184967451	71.7059599041944	28.9885696068817	31.0939357288342	28.5801994440599	27.7391366764169	26.8441388898948	0	0	0	0	21.431269060339	20.3713624159605	20.8514469092189	13.4852715023907	37.2169226743076	3.69229434293545	2.00977991407475
"OG0005779"	0	64.3140435485664	35.683447412752	17.1952506389603	78.0747656250256	42.0570691821744	38.1316505436799	49.006648523823	39.3736840068553	0	0	29.6249495987406	0	68.9828615939716	63.165435860054	67.7430231590045	31.5857854863278	21.1911128376565	109.50561469694	1174.88669843369
"OG0005780"	0	132.950777332947	137.058252460718	78.7420857642754	29.009917758116	88.6667849432341	82.4229603009329	77.8130874680729	86.820641963236	0	0	0	0	38.8174878280053	55.8006622293199	40.238767238527	26.496785320847	49.5720337362504	68.5217995842889	0
"OG0005781"	0	25.6946092053171	41.1356522285221	116.971238799484	68.5477626217715	24.1327782870536	21.2993366621653	27.3180695585344	26.3134657424338	0	0	0	0	26.7518655257853	28.5217813585442	26.1163506898062	79.4222779229944	93.8273642333139	71.1306192170798	0
"OG0005782"	0	38.1592890388899	33.8402826350849	86.617981484869	280.197910519617	30.2290005819693	36.2962747309131	39.3068183084172	26.6711671092472	0	0	0	0	57.2764318146677	52.9650739705728	56.9735479074528	86.1938301700613	51.3619630521501	218.418618502307	0
"OG0005783"	0	281.283272610628	192.852335575529	97.4390787631086	60.4254076797032	NA	NA	NA	NA	0	0	0	0	121.555314232999	84.5137781848789	123.770679178047	48.5082038430729	48.962080026677	97.2359502119659	70.4304865756086
"OG0005784"	0	39.593963400059	15.9337953236341	34.0716617058861	171.876240165471	354.377015241446	344.862959343507	340.108053379542	382.551205834748	0	0	0	0	140.469249289149	99.5067381706284	144.715348783191	68.2650450110825	69.4870318163353	397.423640998151	0
"OG0005786"	0	66.1783216891716	85.8067038803243	58.5125528653121	72.2776765275878	220.781383308061	217.643668939031	227.065659566002	225.229252960078	0	0	0	0	37.181517804165	36.771811085074	37.5916030732167	38.3320706569182	66.8430537568542	116.034544279905	15.0651482211069
"OG0005787"	0	120.320685788657	119.779266956031	19.1715406397196	180.103581971954	NA	NA	NA	NA	0	0	0	0	53.817417530641	55.8316379424107	51.5694036324212	94.8160381529115	91.1215581015656	218.120759395007	0
"OG0005789"	0	116.085834875086	64.9981643780301	68.200502261327	211.204193513975	197.761877443776	196.304471184587	170.540123030815	174.656083144254	0	0	0	131.83698184358	9.48315431397708	13.1077125358447	10.0672947744053	4.17799111588026	5.18639305418406	30.5166199349677	0
"OG0005790"	0	52.4173636771249	77.0395556952252	161.356014012887	147.428304486516	77.1987637723155	98.5567204239033	103.951125846967	76.1541116992696	0	0	0	0	52.3701727246157	106.188914282812	53.2703842888315	76.6857953438686	64.7471634846197	79.9891532636979	0
"OG0005791"	0	5813.52161350591	7145.12359673565	2672.81673334001	1706.72029046683	123.229673323841	140.143994926444	146.553381180698	151.873121718393	0	0	0	0	1681.39282492284	1916.75329858742	1642.78848202306	2371.94074207255	1994.66028798053	1285.90792728625	0
"OG0005792"	0	59.8795578117156	105.700141692341	65.6329755940878	92.5150497455305	174.970952862047	178.328476696346	164.923267349021	193.047447620626	0	0	0	0	119.998605193454	129.022780325057	118.572196781711	42.2245098605267	38.0884202953393	177.649652581807	0
"OG0005793"	0	13.8266041539467	21.7336637901426	15.3859572352912	102.347531364713	89.2676779093738	126.092111067636	132.861455060839	100.275218282264	0	0	0	0	248.703016031168	231.083585151729	240.417486393171	11.0423671333426	14.6840252257683	48.3557170425062	0
"OG0005794"	0	130.065146705541	127.243597186776	46.8492327097712	196.65566138657	156.843497102774	145.098620046282	141.90106043936	173.41469781018	0	0	0	0	213.465660707547	191.64078002491	212.362206614041	205.574825606208	125.112047075078	67.4431145906387	0
"OG0005795"	0	93.2280103055943	44.7612313843549	136.462409953871	43.3899118494611	65.8762488220488	56.8899953626485	57.7371260143031	63.5896075455806	0	0	0	0	57.6744709603789	58.7064223919535	57.1344946443929	78.7487721176828	106.113953295182	24.3214612354283	28.5416051761718
"OG0005796"	0	28958.1978137322	60634.3221518415	23974.625353017	7481.91040504028	7841.18705547143	17709.393724555	20135.4411688045	10199.1732136018	0	0	0	143.3562598047	29769.5544272719	22560.9223549719	29891.8639632556	85554.1512089769	90867.4895768674	6584.01798120088	44.952044760072
"OG0005797"	0	10.2238489440798	66.1109664139965	14.5952878582451	45.0245937764498	21.0510653025993	21.4639419222714	21.2163636393495	23.3120186610121	0	0	0	0	15.4129416030334	18.9497141541668	15.8728759814728	0.480917093079863	1.31717260966338	61.1645464629896	0
"OG0005798"	0	69.5118084019565	75.0869051668585	107.891335651302	35.9092894586802	85.0589853944092	96.8590589129084	93.9214404031165	110.248603904333	0	2.23602578664345	0	0	93.6956956368297	107.281046443979	89.8816009357121	190.013507316356	221.57614108147	147.303979803651	5.47819643285276
"OG0005799"	0	55.8324154852282	38.2106198268192	221.920808532169	35.8602352985912	33.4881290459903	27.8502321569162	31.8994420843627	33.7400981140269	56.1441197256258	91.3270222313267	81.5235396225462	0	19.6388407850944	20.6612176123202	19.9764201458555	5.55956915406315	15.4290090227697	44.0765292823671	60.473164941049
"OG0005800"	0	455.007170686966	272.317041659514	388.344390112892	208.260121771873	143.046932446519	126.813277677507	135.236876372114	143.155369124143	0	0	0	139.903322024967	480.599318185913	362.232967317828	479.512265565155	481.362055511095	333.828062675122	356.754864050106	0
"OG0005801"	0	30.5156605545185	47.8506545587171	147.21774590141	253.471340593131	100.310501268456	156.24937014895	160.112727667775	113.48294356137	0	0	0	59.8515924379633	97.2927541697176	113.831575801178	98.4149719322351	82.3351450647784	41.5555803748424	91.8657857760885	0
"OG0005802"	0	45.9584771258168	41.3612114318702	14.8290769591017	23.6749901005693	28.7186104952104	26.1401845075371	26.9509036684056	30.1612233173182	0	0	0	0	33.3980301663453	35.8003174126599	33.2393755646402	54.8985433173116	53.7228605162914	12.4538399598159	0
"OG0005803"	0	9918.06543333633	16256.7782881978	7780.61808823462	898.992846167616	NA	NA	NA	NA	0	7.2064510109745	0	0	642.098602939006	925.601962096477	642.265660872477	763.077833907092	397.393452675587	1102.50040513545	4482.0207032092
"OG0005804"	0	10.665114498009	21.6346626918405	36.2997349669167	149.275919834673	56.0928145443827	71.786228150564	77.6818843451401	66.7125938680025	0	0	0	0	27.1573965201784	35.980196952699	26.1680786100048	105.137469153123	74.1752348167715	42.2452107002874	0
"OG0005805"	0	57.7556507048235	74.9576563103123	45.5256527738329	26.9572889062572	30.1467024411505	27.5360018018771	27.1941112242782	24.0410654791176	0	0	0	13.8997576537016	104.047210708216	96.1110851660764	103.771068259914	68.0958380440451	72.9279807296033	37.8275295528361	14.9544027699076
"OG0005807"	0	253.844752110222	210.373158587864	361.097318584713	458.935923331104	30.8923247068555	68.8748065656682	78.5798759016016	47.8697359473201	0	0	0	0	236.636977515133	268.800685647316	237.759573929811	215.360604284572	93.4644767874229	73.3816527984788	0
"OG0005808"	0	59.8142227786423	56.3618726921266	160.973799170906	58.0524469410956	102.075776965991	92.6020029079375	88.2820968972706	89.5598962691942	3.02553868140414	10.0066636094318	12.8722649480239	0	113.546805467912	105.539496544127	112.984470468733	59.1361133265727	91.7739038778297	27.9560969800818	103.65710559223
"OG0005809"	0	15.3576736154995	104.891060551578	35.8497889555061	78.6773918710353	104.877354404354	104.825573225864	115.40673059814	116.291487181132	0	0	0	0	84.0016601694215	60.6033869753702	87.6312628234476	182.155737515772	109.626073712693	120.052756857075	0
"OG0005810"	0	20.9741530657684	4.92047520550812	14.984294222378	85.6954253108093	87.1100570630945	106.384298118799	114.628495398503	88.245159833956	0	0	0	0	178.611915784028	183.484636493385	170.363301419762	70.2327731511157	60.5604737731594	199.917173296404	0
"OG0005811"	0	226.074874100412	270.655641784915	561.016374119754	212.454389482277	141.299592527213	142.863071462144	142.305471788075	137.919291371785	0	0	0	256.855539225767	19.9571056161371	23.6783712047227	19.6109918988686	6.9998410104911	11.9361676778651	77.6431243783312	0
"OG0005812"	0	180.890928235719	372.326707851511	0	189.488821193006	132.373479569763	203.766236777093	175.180439157316	171.38164748412	0	0	0	0	579.187884701724	335.362131898344	581.04827107179	858.110654846664	610.865896008398	471.66868569484	0
"OG0005813"	0	65.3705158982296	75.5119895098915	27.0190689925859	25.9765619637401	38.5652528527097	34.7197583453428	29.9769794507241	36.2142925005021	0	0	0	0	59.1803325454434	60.0452284529456	59.5494594664439	93.2932239468425	82.2944510898451	80.8823570542971	0
"OG0005814"	0	416.569429959502	336.527465339714	1806.61851328224	166.301824069367	125.50860484836	108.879860539961	102.343869479069	141.68840997682	0	0	0	0	388.028509754879	285.867707873559	390.554823848025	48.7969808236474	53.4936784057443	209.782480003762	0
"OG0005815"	0	56.2710935644349	89.9769672620014	99.2077580053987	56.5567061267613	53.4880201183884	82.6600896607886	98.4737758159291	73.8778760020677	0	0	0	0	49.0650881834146	55.3929741901017	47.9578921677089	65.6098923499051	55.1260568487865	13.426742799562	0
"OG0005816"	0	731.456807176546	704.73750896492	1123.14107394224	549.850546848032	190.629797362938	202.591455011485	217.203835875788	198.24351739624	0	0	0	0	716.82424402354	760.179740455773	718.393189711352	789.705258742831	421.05825615483	279.388291421176	0
"OG0005817"	0	72.1039499125408	40.8740926257915	26.3576704745361	35.0605702754641	455.739689638643	528.511228150707	578.852094948523	612.394297131401	0	0	0	0	76.5992969447055	102.596922937859	74.6201286408728	106.071769015541	142.170785036722	191.748021058485	0
"OG0005818"	0	110.245422926959	92.6052471688902	409.237806067257	87.2853254484116	90.3270819536569	63.0830667759782	59.8609200806089	73.7305010206221	0	0	0	63.0798636932144	119.589985152521	113.550250800766	118.128160585594	117.958364329906	125.315663362906	31.3318927165882	0
"OG0005819"	0	64.70528341307	45.8415098815207	61.9746965366554	79.7283566975234	138.039842526323	114.284739445746	113.705654216881	133.501582033892	0	0	0	14.2564573700852	19.4425266020405	26.6584730787743	19.5011481810777	57.4384591958218	124.563334761849	87.7026698481057	0
"OG0005820"	0	170.862719332918	131.175168949396	61.7533590934278	NA	134.332486089683	99.368066813238	94.7569094332991	107.618187894377	0	0	0	0	57.3429150348228	63.0385444470643	54.655033090701	874.894589255466	1148.07415676431	257.294647625102	0
"OG0005821"	8.67573828756455	1081.3513173527	982.561591100088	2707.75613930352	274.977342085563	2376.53501074441	1587.65508227626	1435.07672021066	1858.03507653922	0	0	0	360.56443868283	1500.36062580074	2854.29878082756	1492.54838306231	1292.54723909501	890.735481546559	538.321519259061	0
"OG0005822"	0	202.617419392647	336.703013678971	469.545718564295	280.750907109805	190.82180786006	189.336792998241	182.980903125384	219.856501721862	0	0	0	60.7452613194074	306.173126008057	231.000308138458	312.860182044206	488.049368004151	297.189176647676	310.267535953392	0
"OG0005823"	0	37.2484357127261	60.7461275159033	38.0001922342015	70.2140420049516	66.9339935848683	48.4331149175654	43.6381152187075	63.3179330745439	0	0	0	0	59.5940490782112	63.7909069897722	55.9487796199208	47.4797950326654	50.4331225909071	123.85922756512	0
"OG0005824"	0	17.0314016032359	15.3080100307584	16.6706653696438	53.6205817066848	12.9074339669781	10.7607293471319	11.2450711922324	13.0120552749719	0	0	1.10776165274574	0	136.728319513981	116.319163837086	135.493128529902	51.2359932869617	33.4416157975308	24.088589569721	0
"OG0005825"	0	0	6.43931164286132	0	998.622119353989	1224.02807310221	1215.15894698599	1262.60003618744	1345.43248151663	0	0	0	0	2101.59535631807	2203.02249935758	2064.8397074288	3940.63336339448	3651.41416936992	1929.0350132123	0
"OG0005826"	0	48.2869969632703	33.5386493919076	113.527256075657	163.225936399875	185.04928418645	162.539545579489	148.182009675192	183.214275401263	92.012070943453	144.722284646141	331.45708546457	0	98.4798306564697	94.832734166049	97.8899439572367	47.267013275673	98.6746226464746	42.7835721708426	0
"OG0005828"	0	129.831081356896	71.7043521774484	41.0449659729929	187.409637323759	111.135231779651	123.219667791033	111.753763251638	101.697472618231	0	0	0	0	132.136787437538	125.818581080529	127.063213373776	77.5830190451228	106.933041976041	39.5230181673409	0
"OG0005830"	0	47.7242341744251	39.7787711961233	104.569195411612	121.979883178215	242.943223787079	267.330350697607	264.808327999147	300.77346779556	0	0	0	0	44.3991232029379	49.2095070330287	44.6315438818633	80.7355839325596	106.968242531418	186.810564671213	0
"OG0005831"	0	833.576245401619	731.399008088203	805.846973995943	276.158478565919	646.62775776852	580.672421327709	561.749539663393	642.576018013419	243.483598946716	467.274567631166	217.083007156547	852.740290314351	559.341422591584	557.673037690683	556.341072248334	681.817035071181	862.577315223038	262.465366312977	510.898918809371
"OG0005832"	0	97.1576017021282	76.1552262969898	197.51795531446	92.7551136798208	44.7477688826039	48.5226292137171	45.9016045449298	42.8862498105176	0	0	0	0	40.8253726437271	62.2135283693019	41.7733159154526	13.2056847540471	31.0643954952105	242.051585735615	0
"OG0005833"	0	44.2568106334614	46.8622209127826	17.5548270737677	71.2806274299037	131.187565025396	136.313391493035	118.36535739788	127.155950983986	0	0	0	0	30.4529775125886	28.5652069255504	29.4295066201649	68.3069466503832	38.7788053814465	377.153108012333	11.2055600109463
"OG0005834"	0	19.2373819564363	8.62312556045929	6.54010699596274	37.8106177419068	26.7026667585132	22.009706144826	26.2964094593638	21.1551215460236	0	0	0	0	27.7801217573778	31.9914782054676	27.5889647293933	52.9779302728579	41.8057692684372	24.5261894325771	0
"OG0005835"	0	444.049552282952	1047.22192698804	136.721255160718	207.584599399698	467.152660401138	573.444253959116	616.016411901616	588.146809858075	0	0	0	0	568.713170340902	690.770315660761	553.691491798966	3610.47123942037	2751.9926669086	658.96555529784	0
"OG0005836"	0	90.9162911815944	158.190208544685	16.5622341478594	10.7537406693013	28.8581788189859	22.2044618733674	21.1685480340841	23.0671796519821	0	0	42.3602693082998	0	40.7666934326157	48.470617138455	41.7057779987047	12.8325467762925	17.7767914412786	16.5226131216668	0
"OG0005837"	0	35.2716879898517	35.625642647764	8.29762041140847	35.1877274278736	21.8992966461018	30.4757403807763	28.2355495965358	24.2982910533193	0	0	0	0	36.4214142602096	26.8272907151192	37.7558965024435	77.897523826217	51.7425454008786	29.5603634685804	0
"OG0005838"	0	183.966537635195	208.819653023629	269.598259270091	73.3656484701565	152.437466631807	124.712930856104	107.98937105529	139.929832102254	0	0	0	0	145.455629538716	138.098068573873	143.928598362022	23.01845829534	40.7908956218477	21.8122046714546	0
"OG0005839"	0	47.0872694551608	61.8563872556246	28.526110858134	81.8250794843449	101.678437324546	89.4932451490036	78.6059571408373	95.7060218810798	0	0	0	0	25.7985277810119	54.9959489444282	27.0702968584085	28.8642400656565	50.2721652126905	11.6300442350357	0
"OG0005840"	0	41.6449649065534	106.045300160648	27.0158407513854	65.7914943205019	29.6918151449326	33.8980901740212	42.8943652131703	31.6058614969466	0	0	0	0	165.503261659759	157.742627541345	162.987386033589	93.0102423897593	57.3123709132749	19.7901408458476	0
"OG0005841"	0	77.5347430586949	41.6690508469906	91.2876284323062	84.9516655874485	103.451482232947	103.105095144161	98.7269087322886	104.676535855992	0	0	0	0	41.7742638375698	42.2440937401858	41.5704383180992	20.4828210244441	13.1632098332361	288.130522805927	0
"OG0005842"	0	25.1276463072029	11.8700182819898	6.58360464009829	26.9595360800713	19.3855684703324	20.8974662292826	21.4786249894415	18.7597987704697	29.0738915484431	73.3201855761757	117.124079688632	0	50.0800255729059	41.0267363019813	51.1030191492345	2.57599299595903	2.34667530426719	33.1628606150691	8.6454438315358
"OG0005843"	0	66.9990022886755	119.136270132007	30.7709328594312	45.0673448880357	67.4656073878266	63.1729727083802	66.2117900166133	70.4889872222272	0	0	0	0	64.9851972635092	94.7946173597172	64.6391396467378	116.916970507012	82.1201515656387	70.1722320149025	0
"OG0005844"	0	5.38542158727298	4.18803409023483	4.56186604304048	49.608006220521	138.660435991445	132.803849804585	124.197846969843	132.375284866775	0	0	0	0	20.4284677623741	21.7026568276405	19.4538640016746	0.809814244633836	2.42335006239119	79.9372165788184	0
"OG0005845"	0	43.4255882678459	46.9707788181373	72.3643127124349	43.2887890278251	173.236754007977	124.717820121256	118.435342056496	144.8259835232	115.638331052155	142.585046170632	118.502409362331	0	40.0518392673197	44.1414633906198	39.3835554357266	79.7313267614713	114.76043429002	420.238361297799	8.64209244256285
"OG0005846"	0	8.50050262844828	5.24729944979982	17.3038413725568	61.6649158701088	49.9250600151343	39.4210584145108	36.915893149374	42.2170609114148	0	0	0	0	45.666216795751	25.3265174158696	46.2034477548518	42.7123923736813	33.5488734037675	51.6050891221436	0
"OG0005847"	0	171.593649322981	187.460017795269	513.23170933947	568.003326536838	213.123549629033	262.083693844647	221.163330231196	310.42888966091	0	0	0	0	37.3687169046558	55.4966236915979	37.413172993584	238.702096746673	203.539073705728	202.163501502934	0
"OG0005848"	0	299.069039765177	372.863930306215	2123.88137240517	350.561855460707	139.950124995239	197.338890296467	214.270420940643	164.170403019392	0	0	0	0	111.600104083092	157.834958993827	109.56390098766	216.640932152095	188.44125270398	293.095137196455	0
"OG0005849"	0	36.970554409361	57.59757712248	29.1003533815596	32.3832271032762	24.4682417133848	20.9028308396573	23.6267048320459	27.707803149791	0	0	0	0	53.4729312292116	56.0650875954932	55.7688081176996	60.8987465214637	40.1940191078473	51.8505676412747	0
"OG0005851"	0	41.770397799414	25.7572651283522	38.2634480748019	203.197129550395	143.320297680284	154.868152743605	144.94431361563	152.697425623987	0	0	0	0	122.232979693866	106.698226488439	120.167083126627	147.962738917397	132.597274850767	49.827256447424	0
"OG0005853"	0	79.1715411886489	98.3117092108087	131.580066756545	25.5090895203712	20.3360204310892	28.2215175200169	24.7247974517544	20.6755036824178	0	0	0	0	51.1606553763025	109.293097715264	52.337684755908	69.2462174827412	51.2376256065436	68.2683308059456	0
"OG0005854"	0	134.497505942625	38.9340607941157	62.8332978896004	61.319344384789	343.32626118845	277.534577411653	283.270083124466	443.529876506025	1.41514385519071	0	3.47694704794236	63.7952291142337	50.0846039248781	39.6542739373426	52.1724331450722	220.477377380351	256.989102476553	92.3924132171752	1.12248120156163
"OG0005855"	0	260.613668949423	232.713818802648	337.426379181584	NA	38.606651647754	34.1917177089629	35.7704920596075	33.3292288309228	0	0	0	0	165.386721791374	156.957512351851	162.776308345799	79.8506300400359	84.2769425836817	102.835967771181	0
"OG0005856"	0	192.942389911703	86.4706957454389	151.790826851853	188.494309757459	82.4447569266488	78.7165577836683	89.5810150590938	80.1429000644093	0	0	0	0	47.252997283477	52.1722744214852	47.1203303478809	3.97130788522055	9.30898558230727	77.5534559138385	0
"OG0005858"	0	93.1993876151017	41.6456888146201	417.853461837514	199.534236233358	243.063646555505	297.426222338683	308.543233594573	258.290064294969	1.98271094264612	0	0	14.6068637863634	166.706119587022	274.359634773535	165.540453987553	880.621874085584	1010.54927728648	190.106022790373	0
"OG0005859"	0	9.42823033435241	5.91896608260347	7.7856197528838	26.768391075858	22.0219391890616	17.0450648220725	16.6398306323571	18.3068403161676	0	0	0	0	14.8808925513564	17.0997075604222	15.4443600019577	20.0806574245039	10.1725820034089	28.7526814442863	0
"OG0005861"	0	426.932810681754	352.429435568017	78.4517374559032	589.244599992142	864.927682873089	638.426281936196	548.003393545078	777.550853078765	380.850836842414	398.304199533993	2488.42814223937	257.43021912157	417.813117248484	273.810947671074	416.402883687298	159.295701678854	324.21083579837	200.984316804525	863.296853250965
"OG0005862"	0	37.9865660268523	42.0492087551222	28.8799816781254	37.5236920122242	215.409695420785	194.773316314591	194.680295015524	177.304689170983	0	0	0	0	29.2226494734923	30.9127489970803	29.094212490448	28.9067964180713	29.2865781983653	83.2935693512417	0
"OG0005863"	0	59.2230444357302	30.0273021901703	121.068183078135	30.2655124244837	92.7831348376172	87.4769665256252	71.021098083784	101.516138334194	0	0	0	0	75.7495270710626	80.3337248406328	77.2349923652752	6.31311969972877	34.7737013306551	48.3006086686228	0
"OG0005864"	0	275.317162582976	600.551610875476	45.6217279652521	225.19531691724	412.773733773846	280.994217041461	274.196704749347	305.728093864272	0	0	0	0	1296.5268464773	727.530147484484	1275.13142129329	1826.55259373177	1666.25424633528	78.5251602147028	0
"OG0005865"	0	49.2273547607187	35.5876009886226	110.381560440388	61.6339487187677	67.0606095242426	78.7494924169816	85.7246864944397	60.2818287610274	0	2.59844300658012	0	0	39.2951625504465	46.7377046970615	40.2039810801116	45.9489787774243	35.262061723939	108.936086776424	0
"OG0005867"	0	72.8372327301854	190.491547777085	282.783442832076	73.0038260815223	267.406027052857	185.51827691479	190.783685425828	242.578618076064	0	0	0	0	191.774400228455	209.332677694081	191.484054253931	0	0	197.218241295831	115.62538382339
"OG0005868"	0	2070.82498518	2374.37479453593	3984.88727853108	252.63248705105	571.636337792028	491.15520519817	505.715228779632	538.376081974696	82.2632494571024	865.503877103709	322.444678851213	813.421913385326	591.676380240657	686.69581801574	575.972685881832	1134.77423037906	1598.01058897501	307.89576067723	689.403506109445
"OG0005869"	0	96.4526574365472	93.4488717581265	22.641352006961	32.2666755150871	1.50477405718984	1.40308328560708	1.39419437770874	1.26605157527616	0	0	0	0	28.0274915018194	34.0154432125566	26.3170827935568	7.4783999239286	17.5435972244197	6.88316440804073	0
"OG0005871"	0	775.604622381817	426.670609702989	180.94467804115	98.2362994671971	782.184172041452	626.809904024939	620.62047510558	705.01185159503	0	0	0	0	475.438960561399	474.544946117185	467.526663438062	150.594928122314	150.768142187002	835.319454177397	0
"OG0005872"	0	500.698137149588	514.896640014607	648.581162916449	100.258207808743	712.409444195454	651.907452738883	628.989654984759	703.942331424613	496.828221732252	931.286631382288	305.398325645753	126.90570075842	17.5020684244559	20.766713742866	16.4283708543801	580.520780288595	815.67954775928	42.5588727646962	186.059998028799
"OG0005873"	0	10.1615162113358	13.4971806633615	6.84477455700242	19.0000190258515	14.5326973858305	11.9152070810689	13.4684968370733	13.0080312131902	0	0	0	0	39.6437416210633	48.1665190320539	37.8315095294184	67.4953933725374	55.6512832000676	38.8226275570606	0
"OG0005874"	0	656.417447563782	727.744826060023	2903.69781116132	405.018550253602	228.682948230836	244.175537917968	271.511496274261	266.54806783066	0	0	0	0	430.488145945802	507.144441829418	442.426471287996	27.5511661660999	63.5017072752798	37.4350746545291	0
"OG0005875"	0	47.3572172187956	28.3671085145198	46.6445054340585	64.3929574759082	93.2026722243937	79.1113659446653	78.7951185731826	82.2936982107599	8.48678284742325	8.25936082018157	3.79115104626935	0	188.441498730574	178.227700569801	189.586646367666	133.178346856246	119.019512240361	166.644846130127	23.5989541624333
"OG0005876"	0	20.5284229512458	3.62369999455263	81.9620770935479	39.9745913158	137.339670144185	138.780433200812	139.322502498382	139.135708660022	0	0	0	0	21.2099785702484	34.191468659063	23.6502828486059	14.530387621524	34.7164531155927	126.808565411338	0
"OG0005877"	0	27.7613740848704	38.0242156488952	16.1428407835285	128.60329097258	72.4195892023162	58.3727329263514	56.8918765194071	58.6010284555857	0	0	0	0	71.2162649288128	42.287209550061	68.9578307989977	1.55457264182839	6.76284046423608	73.5751946327305	0
"OG0005878"	0	176.998826979779	140.896099160876	121.572541070522	152.361125054127	144.412149278806	137.027427924559	134.532103329657	128.676291825882	0	0	0	35.8783680588314	70.0272807954056	45.4594799826336	67.8196082542784	191.291410320493	181.77869597251	92.6887824749475	0
"OG0005879"	0	166.827303100679	148.448760268457	39.8410198961015	718.637964392301	173.348852621904	230.415448112087	294.715105447595	232.444269982727	0	0	0	1571.46495130433	321.430830800526	251.64192765538	314.79945830078	893.817980629259	916.923369995095	595.247677113255	0
"OG0005880"	0	66.1190534702195	87.8591602622405	65.0992245306473	75.3151265630348	51.3847282538093	51.9170015452608	50.4482890225746	54.5902335025773	10.8017359519439	9.28732486128597	0	0	89.8237972476665	81.9730548872846	90.1558630629397	68.9351075103867	48.3803246114649	70.5988230761773	0
"OG0005881"	0	37.351053197212	8.20120644676759	2.0850463812376	55.5419947909893	2.42312807819647	3.0115157075841	3.36890642728275	3.29293376913669	0	0	0	0	149.306994712973	179.88728396732	145.056891923401	99.4030309760173	38.1588214060937	10.6888804804937	0
"OG0005882"	0	150.053985248723	109.007910346951	83.6461537247478	94.8449853269651	35.4551267542303	30.8810061366811	34.0723860417051	30.6524103585463	0	0	0	0	27.2361303003078	32.4832772194631	27.3081064244223	90.5565231300121	58.7639206968392	34.8261662410803	0
"OG0005883"	0	422.865445606934	672.898495954276	876.210653799553	585.167349747425	699.378812741883	477.928493484043	434.018916391191	599.398319240766	0	0	0	0	508.723579399874	467.71801808933	515.318401360086	541.912106677729	598.714134391362	774.202849269681	0
"OG0005884"	0	113.90385218324	35.9814063883635	223.871147188119	253.068219534522	341.352488167841	308.016913908874	299.951638703023	276.774969344977	0	0	0	0	30.2434832253722	57.9477556959449	31.1459015024598	7.16343441879118	22.8686274767065	267.115697174491	0
"OG0005886"	0	23.6193926888939	67.6372353899943	18.3740430137433	14.4748686735956	117.793445492012	137.297356104807	140.118704773937	138.651563726912	0	0	0	0	106.886311973058	114.450397874944	106.382736656951	81.4480087952078	78.2158232983867	55.4662931057926	0
"OG0005887"	0	155.585010623988	140.733726225516	471.307710580618	285.736371834695	30.9121361945644	59.9165863044502	65.2733725393365	38.3916871801911	0	0	0	0	143.271894385877	124.44611871589	141.463016554971	933.101979905407	462.491770087639	74.2046494973378	0
"OG0005888"	0	48.3312795967977	66.738895029619	18.8400628241141	19.8685243004555	2.46119166200468	1.14732039300663	0.886899784997618	2.22994641151931	11.4367503339486	10.5758843847747	19.9529473539804	0	65.7493658290643	73.8538439367524	65.7556295216287	30.5417605557179	18.6508060912701	45.0856146792459	166.961701364102
"OG0005889"	0	24.8265866230571	11.7153464629931	1.38005325247823	88.2506263648314	14.6434086406743	13.4651041341468	13.3889490574045	10.935953775444	0	0	0	0	115.405408261749	111.922876187994	117.902441723676	30.6640949135144	28.6467229417511	61.8916600513019	0
"OG0005890"	0	9.59496813882842	12.9218237649817	6.11557244322768	16.4807727528556	198.789688547015	163.480593308263	151.230544302408	188.578538384158	0	0	0	0	19.0849295654178	21.1496212116116	19.0896161233365	59.1701341598707	57.774330890026	89.161083032751	0
"OG0005891"	0	298.660436542465	310.724271866788	217.899883854251	129.430360554416	42.6129007252899	48.3961194779178	55.028227080245	40.8548531223457	0	0	0	0	186.171052366139	166.24069529045	187.318949892918	317.429166337056	209.80855756882	97.192625250904	0
"OG0005892"	0	380.11870388868	308.18383131242	124.906337942631	166.525171222845	470.736735053471	240.830058230358	222.921031880752	329.588128750264	880.215071425093	785.499162305722	828.444084318884	0	587.979659309609	506.61874823706	582.663265343806	1201.92246818501	1347.05051934202	879.570131159295	760.796100067233
"OG0005893"	0	44.9902741595109	30.8872292558345	39.7270916518706	55.8674814752313	31.6217981128314	41.6195979777096	39.6078392779289	32.3647743985882	0	0	0	0	55.3387483958542	49.1966997670393	52.9843184751157	62.2677758916268	35.4519743977078	8.88885264129563	0
"OG0005894"	0	179.137100534499	166.425578257052	123.423810621042	83.1677110291722	92.1173134663811	84.5347154076897	80.4280214929958	85.0686660650306	97.3249297310721	59.7245424654274	298.472081959628	32.676798676332	139.415812121709	84.0959634702272	138.830794468086	19.1913542208107	42.9424727941884	4.80307798345424	37.9704977865497
"OG0005895"	0	52.6797408734353	45.3044613632104	12.971623258329	25.1885164735057	38.7771858262678	35.6382611292514	34.8986541902685	35.0341735070547	0	0	0	0	144.291618234248	93.2315352222119	143.98136778397	63.0000118881343	57.5794977085163	59.9682270976039	0
"OG0005896"	0	517.595539711182	462.553172726759	291.175929274018	390.292984676937	281.050093198681	279.098268665982	294.248541056823	295.133493704653	0	0	0	268.328315406469	647.965830360452	806.679051299393	638.267682825449	571.808247357068	558.514532399732	330.943219471598	0
"OG0005897"	384.909401320601	834.820977754637	492.107830498231	275.57506054732	181.694142559421	423.61028458443	407.113422786813	432.799038873829	449.325103768956	0	0	0	0	79.8513142244097	65.3033557501097	74.9284131585665	392.377547065242	338.76342656439	180.069369413241	685.543864213207
"OG0005898"	0	222.82487103062	140.855737888372	414.905560849202	83.4266018952957	78.3853997434058	63.2153463396946	61.1018232193647	82.1163251125386	0	0	0	0	25.5757562730759	38.8161426235202	25.0082622623569	3.76869842504843	3.33502552163032	157.457379745939	0
"OG0005899"	0	71.8970556411419	79.9350826630911	16.9119944711552	24.6375752252211	19.9672603867599	22.4051933704274	21.9519994815689	21.9960875824325	0	0	0	0	26.3189337885277	21.8291211332016	26.4305370507441	56.2755019907452	45.1278689947328	63.0910867397145	0
"OG0005901"	0	45.4955317486114	477.416327306899	6.3402877760058	36.3557097200489	0	0.834359888777738	0.553512722073334	1.08116479919688	0	0	0	0	366.149536844923	377.840866665193	377.115979613875	0.375526468189298	0.195404717408836	14.1702364192593	0
"OG0005902"	0	71.5615654316304	94.0798065926665	48.8222097728954	52.4420842853329	19.0938346023054	16.3275651610656	15.7307545492205	17.8480972730544	0	0	0	65.0486281768308	41.0217007005748	48.1887977180077	41.2512596921112	52.2948462571737	39.7859008407995	73.4850822649482	0
"OG0005903"	0	66.5959763962465	48.2832660948492	22.4420932313877	34.251587702376	122.458523665907	113.83346027387	99.1894739997106	106.321742077456	0	0	0	7.97555751044681	20.202533029439	17.1128901090895	21.0397239980993	115.952675084516	114.991067950351	40.178475111038	2.07349030916406
"OG0005904"	0	90.8063623957885	165.972047452459	17.7194923443739	58.8688287450351	3.10658555809891	1.52425557361585	2.27286408276977	1.3332408318374	0	0	0	121.972337594934	219.520461821918	231.049631004687	224.244491767637	48.1947660018683	62.0993625691245	29.286430748588	116.483253151484
"OG0005905"	0	1003.02239067789	876.75261314879	965.396161951661	358.100849561538	388.81237757512	329.361951618915	319.748023761764	365.06225607571	0	0	0	0	54.3332451861846	83.7940694049499	59.0112113625786	2.12062790080346	1.72621820317	298.592879437755	0
"OG0005906"	0	6.64799517481484	6.23539907141008	3.32574152560032	21.2625393928621	97.4852832313142	72.9335757061548	79.1478673338451	85.9218929146806	0	0	0	0	293.626533957355	191.061593758791	293.969492754922	261.812808085893	280.726904599748	20.5721652710795	0
"OG0005907"	0	111.728091875496	164.788116792352	80.188428444805	112.503112731074	97.8237988476286	96.8836410515876	91.2169607901511	120.78900498183	0	0	0	0	95.2907657163843	116.441875315868	96.0084085576258	144.186014194543	126.654815502147	71.1545899947164	0
"OG0005908"	0	183.807670787798	128.190185007655	61.9813821117919	44.0563907172627	180.349466556013	157.222673446434	184.92105753297	199.744366688882	0	0	0	0	115.848121023675	118.155249230543	116.261312701107	0.718158452123135	1.26275368655205	89.3892493235889	0
"OG0005909"	33.5197504371246	770.968946225661	825.954008360219	1048.53862645447	866.052566599463	787.600421902482	742.379909047429	719.313333331088	725.239678404234	208.207718620406	375.084338902064	627.031646387283	1039.41408835196	840.412693377078	872.957546325073	850.394510044223	235.972913006338	336.651677117206	219.613073473876	1103.46514946088
"OG0005910"	0	278.47968930293	438.987756656692	431.162268526265	561.557774328494	80.7531777436167	164.39882446633	187.459631485242	94.8553100700433	0	0	0	0	302.076888372252	353.745621930947	295.394197714057	427.085125922646	199.607020269859	236.975551619406	0
"OG0005911"	0	61.3070764311672	29.5616166115591	127.062814940325	42.3906046161394	119.43663359022	98.6103665276507	100.604033478389	105.6517420784	0	0	0	0	95.8866451624734	117.183505369677	95.5973625340341	22.0775324224304	23.1062312255024	95.2825093958931	0
"OG0005912"	0	130.316945848878	113.438371868904	167.517403156595	156.754623906345	84.0650813471648	82.0846503150218	87.6648409020265	91.5876461513764	0	0	0	104.474445260289	127.514733014614	116.652748439602	130.573768602289	81.5509442459206	47.7487963679507	94.0591119298438	0
"OG0005913"	0	70.7173953217622	67.2101476802996	18.5209164985949	57.6619319794931	74.3727688140869	87.5080676845066	108.87461178368	99.5881726090046	0	0	0	0	137.240539983122	116.27996764629	133.911573407373	199.228230667443	167.19052602254	333.277706871436	0
"OG0005914"	0	644.369356345853	1231.44562022025	56.3875482655424	398.295115819949	711.88280268745	695.510190987277	707.339146606446	774.908547223764	2185.70881692178	3196.22336024476	2161.74390512396	0	743.60066616445	758.309283934521	723.385454761393	623.98160795863	534.809986357966	726.67412405564	0
"OG0005915"	0	308.714253655631	261.440838526459	589.439827267736	81.8563206812731	283.62614154447	381.528373593371	380.307936788121	382.455634367433	37.5262190964144	55.819842231363	9.7015061760214	0	82.4457136753683	81.5364164700623	85.7246202883417	59.7989497329882	54.9711554800972	78.4359356534996	0
"OG0005916"	0	111.396335096445	36.9635492428594	17.7199708798101	95.176994844271	296.912824040779	210.332180387653	196.015531302983	237.021621440558	0	0	0	4.51538764796668	57.0075299421625	56.0034935813857	55.4252305774059	5.41895132634031	32.6277922047313	53.143964217056	0
"OG0005918"	0	55.5809274610967	21.9650684191636	38.5435753570627	20.8157080631127	58.5332346661928	51.706423611437	47.6006523853601	54.3864524989136	0	0	0	0	37.9116678271867	29.5420736928121	36.4080543723824	30.7013165664812	33.5329763787584	33.6367717670119	22.100223248878
"OG0005919"	0	46.6464653947192	52.2246102991653	16.519656764178	78.6913681959769	146.651582096768	149.912140973844	144.015546486662	149.658252963362	0	0	0	76.3664906464906	114.456024548225	123.307165573013	112.151685666589	30.9692639705745	46.2069741923708	86.0044867406333	190.855749400111
"OG0005921"	0	102.387324491142	51.6051900253557	60.3377425774134	40.4969496093513	91.5423918622799	79.6575376059826	80.7922170197673	78.8703534019136	0	0.305619583782683	0	0	43.6319717717039	36.464669019175	43.4195135798673	19.222524854154	39.2824384881965	14.1648651894556	9.93193979160269
"OG0005922"	0	18.9905607203814	17.7773312394391	43.4073359096408	120.718451340842	18.9940002426743	35.051617217512	37.8701767138524	25.2801621280529	0	0	0	0	83.1220611258187	86.4776383948359	80.7559626112775	85.3585859769395	59.8806867037248	43.9620510630205	0
"OG0005923"	0	255.65494735196	235.286733944088	1087.36134748264	247.202547788459	41.2150532073648	36.9917726987375	36.2496623826762	23.0522151722314	99.1630109925011	651.712459572587	576.650420049536	0	56.2980518719854	56.9897126312537	55.6167488623506	4.4880341483452	3.98953821380344	77.8282320500811	205.545799043494
"OG0005924"	0	41.942602279443	23.4987967743026	66.1058054154596	44.3230370735007	83.841439062944	73.4985574570139	68.7076921635801	82.6963558927908	0	0	0	0	40.4805394974513	42.0421440045695	38.4987649832555	9.29607751766959	13.329636545057	75.4613397101047	0
"OG0005925"	0	19.8069893677939	8.80882452778992	21.5432358823035	12.0598967464871	94.7096771549894	121.389860308022	129.106191298223	87.5525181997818	0	0	0	0	10.9249883403988	14.3589109406008	10.6870577464835	29.8556575851188	32.6820502650896	39.1562208791709	0
"OG0005927"	0	31.5658434313712	19.0236131067245	17.4853780848235	61.0600972594024	134.723665856798	126.663815558079	124.131557153453	133.873807748699	0	0	0	0	32.6834673507202	31.8362422279394	32.8846539556326	78.6614770358062	54.4517580379861	45.271476986588	0
"OG0005928"	0	125.371187551628	142.79354289122	97.3482183809299	33.7801744834647	109.438880081372	96.7530569281619	98.3192154943031	90.4204167308235	0	0	0	51.3944281887512	65.4526053784975	48.290064472343	67.4321696036633	6.19826847033983	10.8671287035632	480.787213898158	0
"OG0005929"	0	4.81059774390964	2.51595471571601	2.6105825863568	41.294285244988	1.80508180435137	3.21346952093206	3.95259731658836	1.85861982301687	0	0	0	0	60.9929437126505	35.6604918523944	60.4585516263908	13.7761496270886	11.6068154051795	0.460798248768913	0
"OG0005930"	0	329.163600475578	329.951639811256	354.662796138196	465.765139361374	377.068105463543	268.665799148616	264.840857824783	319.99527915934	0	0	0	885.472058292688	34.7324879652233	30.9954898922401	32.5989353091664	204.922437936121	674.340824366549	908.622092190333	0
"OG0005931"	0	99.9648307287906	52.2851002485815	107.187643208482	23.5315820448454	209.399100928488	210.150802187643	205.177196881127	171.555562404247	0	0	0	55.2155636553487	84.1282580251811	117.318547565017	83.5819734569201	83.0195627553246	103.634220036366	89.0523267268068	13.9146713048987
"OG0005932"	0	161.314270786109	138.295348659088	73.2754319127974	29.5832211263071	53.7840825467551	43.4986376445392	42.0099938594208	45.6881914539187	0	0	0	0	29.8013254152008	48.1326244536911	31.9573007983538	371.057444969894	326.294954574108	90.9371400943124	0
"OG0005933"	0	21.9156516336355	15.8721492789182	17.1017521768128	51.9434227136973	19.5154252805251	16.2756167188291	19.2310741983077	17.1220685012852	0	0	0	0	26.9011475476693	27.5644531180013	26.2895871473841	35.3496584332391	27.0079099885862	30.2227115669447	0
"OG0005935"	0	200.790631126636	172.236859221303	235.544957803228	85.44960641919	92.1495001971126	112.352596926852	122.065995453875	109.196689004212	0	0	0	0	66.6210562969987	50.4164876073478	64.1607431767131	368.295525573855	259.603149655197	98.4164666202429	0
"OG0005936"	0	83.0553459324529	146.099455855141	131.750008187089	144.266092457091	95.5746123018544	94.9984218968579	109.492664705679	91.5977063058306	0	0	0	0	346.9058910778	249.666630259051	350.848611170469	283.579285907724	192.775084521923	239.775249666711	489.894211634233
"OG0005937"	0	156.855932576867	159.926207185015	118.141810097236	74.3896746154337	112.69961788193	89.0396299932658	91.2640519165489	98.1342916624713	0	0	0	0	74.9191805088173	86.6742150356045	76.108781807394	132.881301091528	95.2439973369476	59.6379630501654	0
"OG0005938"	0	409.576139653426	833.191049883894	443.864293508943	598.573111776667	112.056438210933	103.899057479623	99.4794973800112	111.881241220325	0	0	0	0	62.8690968557154	84.4892358891223	60.4752156543743	356.323975039838	391.847472700704	257.437540094014	0
"OG0005939"	0	96.8224902115237	76.3295626431265	429.61193641701	102.896444675653	158.800339342525	103.750251336603	89.8747839951402	114.053203416609	25.8731575308215	60.6453133082982	2.17949848322806	8.14739667712312	41.3667974489338	42.946336983426	43.5038057880836	97.6742246253535	139.049763751761	71.1123593422684	219.31493601739
"OG0005940"	0	51.8123923827863	83.8980957002779	83.3688485745466	163.363233239007	62.2419229675521	64.6772366200426	60.5732434375218	58.5477096369782	17.3309441404635	72.7509084925159	2.83686826495072	0	76.6478552231994	99.6858015941134	78.3882819686295	36.5235347981404	28.8049361906507	54.0341279226595	0
"OG0005941"	0	65.475555247648	71.5352987556055	24.2039542582056	11.5491853903872	9.62111326492521	6.86656546675136	7.44742541585866	8.30880731568526	0	0	0	0	46.4555662971536	38.5822759896846	45.8832901172198	7.27360808670956	10.2090126857213	2.54120872275678	0
"OG0005942"	0	54.791514331328	65.7608532515476	59.8527583305127	130.739202278355	36.7135169371066	43.7073141974707	48.2902838194833	40.6904324729843	0	0	0	23.6977722540025	93.0540326710178	70.4076171493633	91.6002176884049	84.1634920574155	98.8804418077674	41.5746503910661	4.16687308756346
"OG0005943"	0	102.707190523298	174.639978664625	235.551706379892	96.4207474527294	36.0759421968056	46.9439398214128	39.5087305688334	31.8203314147179	0	0	0	0	249.02142312752	177.83121020321	245.245254775194	46.0282875717409	24.516051318418	143.861953696342	0
"OG0005944"	0	378.417918900739	262.723120793127	234.968261251924	247.298463743941	232.182866737347	201.557239618987	221.519556490424	217.23143016896	0	0	0	393.090765538997	140.066354315588	155.470678123493	141.315817641118	710.213872213351	777.074212985736	452.954477642247	0
"OG0005945"	0	37.7000770921458	29.3933982505266	0	46.4904636217913	37.1252851130169	28.8266998954563	37.8679308293627	48.1819779911934	0	0	0	0	43.5968710732498	58.8263937115014	45.5972937369539	245.511598105723	273.109375653063	155.814937574538	0
"OG0005946"	0	701.739737768347	779.142355018734	216.01887148585	74.9454390660511	491.159521977796	728.962271529129	746.082827491033	661.115625153272	0	0	0	0	451.465738468972	646.552485223637	454.350277644651	527.413848496062	382.821179750626	944.399809522931	0
"OG0005947"	0	164.973032638216	172.159848057676	106.46493194728	175.696572672292	390.346796721201	368.312418262578	346.524038231517	389.873111998472	0	0	0	0	81.2158018500876	95.0281265814786	80.6018203524306	16.1808708848375	15.0841949803116	108.36904471433	0
"OG0005948"	0	60.6231327119312	44.6974649385692	34.4903802125506	59.6487624858917	40.2514490824987	33.1278271932526	35.3355149474659	36.4718324545305	31.2823354481774	12.5217308912073	14.6363650503818	0	117.007415238232	82.2667284748571	115.007483462252	12.000418532621	14.4855962886018	64.162225377442	0
"OG0005949"	0	49.305290121599	19.3929883385339	37.7009235344932	20.4457191159833	67.2774814961371	62.465455297058	61.2068002072883	62.7436114319446	0	0	0	0	32.5592968957144	24.9185911019353	31.1470818711087	2.07993869319543	4.6814940773818	31.9677930569601	0
"OG0005950"	0	27.6422154293129	7.99362888620395	9.4348169300213	47.1799623189084	38.9977759205055	37.5735273453252	35.5393833008248	39.8954287672382	0	0	0	0	81.2040091253106	93.1886457733169	83.4048487261461	32.5564582995275	30.9706219726869	132.01044611014	0
"OG0005952"	0	605.926689564308	293.120262137779	1238.81535900826	183.511886938585	221.820959216327	239.328171044811	257.989822688302	220.430559285407	0	0	0	93.0738510954842	193.708684567774	230.856032797869	196.227955853568	303.988512320958	290.227727458491	365.452261202611	0
"OG0005953"	0	130.426719099508	116.040428531466	516.347097750949	NA	387.534342387625	264.889520883559	254.865869810962	311.810714751165	0	1.22173844384692	0	0	154.845302229695	140.73620453227	154.083115434225	156.897269304295	252.545343676924	246.211802975117	18.9063310757317
"OG0005954"	0	24.2976321211673	20.0835836287517	13.3213222309279	47.6433185975592	65.8945619619478	36.1737035698192	36.3237041229508	51.1711013834087	0	0	0	0	5.58729588282561	5.77813208067608	5.2451486180345	4.55674265237222	1.20171573427772	8.42350882284154	0
"OG0005955"	0	405.54077267032	528.434831442214	293.331792764741	20.9059786795	130.93417776243	139.580507117714	141.029012471149	141.111145739042	0	0	0	0	540.02008357887	525.536331045763	535.695730245843	351.390590482119	287.200574321203	304.091509485633	0
"OG0005956"	0	4.48189511838964	11.6066957731039	11.5666309475417	80.2465769027096	19.7751389009106	19.3214863047497	21.4145303440198	15.3224326213528	0	0	0	0	8.39551824468351	21.4214182018137	8.17585816282815	22.8267909599038	20.5807806274877	37.0123011615445	0
"OG0005957"	0	327.064064373086	112.678466531421	331.534871753747	617.78918834338	414.451328377319	370.412765083981	364.341871502685	368.988231351476	239.170774210241	74.8900614507984	158.699818576956	0	39.7598652756329	51.5306006110734	39.4538915205067	10.5768176119681	35.8026551993955	219.226344928005	113.591140001941
"OG0005958"	0	9.84598948415225	2.18695931331722	9.71617122622104	109.531663834822	229.486395623131	173.452792836768	151.988421645864	228.865998795285	0	0	0	0	35.8193609758548	58.1538633253568	36.5063721374848	122.679900828896	241.757698205904	48.7929617827306	0
"OG0005959"	0	22.3651151786194	15.5858533192922	11.8747954983074	21.5961350860261	57.4971549028174	47.9488875294613	51.2557207205789	57.5251578126703	0	0	0	0	6.6406498075025	19.6786918205515	8.31125339019365	330.115809083445	224.485391283275	72.0610405120142	0
"OG0005960"	0	530.33379703245	671.00847498669	1032.95554942989	105.754466103409	438.698147581016	385.624898725862	360.310653739379	437.027005080408	0	0	0	0	38.8690983411474	29.2775768442241	37.6982667390008	501.73090794896	573.533436027328	122.665571619472	0
"OG0005961"	0	1186.39086485031	1473.77098895084	1205.30806236359	383.633676910663	NA	NA	NA	NA	0	0	0	0	1579.53836733347	1264.32138474443	1575.86157963455	559.56996185065	599.247820230952	605.750428944433	0
"OG0005962"	0	237.038611182127	196.685769628795	30.8636951132153	107.580705895773	114.459899086765	187.798032604675	197.736364222964	185.784016104667	0	0	0	0	288.635956885147	277.030694340826	307.425625918105	438.724470172855	264.06851043006	2115.46107773216	0
"OG0005963"	0	422.120833660027	474.505676459911	778.356292173858	552.492346307575	670.860259426478	913.511659066365	985.798395221542	738.585102047433	0	0	0	0	745.487502128783	832.627167880845	763.247198366795	888.40083582614	558.062224188165	424.124290694677	0
"OG0005964"	3677.8251307633	96.6222174033327	76.4797865986399	119.596435121853	302.376419882767	52.1841245575813	52.5019477954892	54.5377548868409	60.4731603235539	0	0	0	0	420.749221305204	395.997763399668	417.747531878662	168.808077010506	117.723147700932	227.222774395953	0
"OG0005966"	0	0	0	0	72.975325340465	114.07487919398	107.350620632149	112.756514452363	115.011521154726	0	0	0	0	91.6697055201266	103.34450985957	93.6775276434413	26.0288473090379	29.0777404948238	105.136274617723	0
"OG0005967"	0	46.4384303529016	36.6339321840796	106.796839217764	62.0346033670925	117.234439671314	83.4105239551088	83.188597504684	95.170947416045	0	6.14019672252915	0	7.43440060856577	22.493998191565	26.6199321434478	22.6483581661013	3.35295559761127	7.13774530403279	22.3077827429612	0
"OG0005968"	0	158.783834584539	105.351271842654	101.559943726353	22.9689938591095	83.2443197135107	73.3844746034751	74.4633869755718	82.8900138660348	0	0	0	0	127.421570488875	134.763116078894	123.207573899106	124.817721011103	110.168862491603	148.008898227485	0
"OG0005969"	0	127.71184103808	391.054338293209	72.3263366310246	145.713875293685	1370.06703964204	1297.32576411814	1242.53197155333	1467.59419457374	0	0	0	0	1060.47118092471	1032.64092142892	1038.87716455799	752.151399492209	839.594752092451	1000.8775495911	0
"OG0005970"	0	69.2236226386613	117.525573777905	139.395582782475	26.2757923402831	84.9868649198253	56.0220399748844	50.198505870172	72.0796485437589	0	0	0	0	10.5202481522554	12.9583323259373	10.5007678003186	25.9264307790896	38.9528399552361	38.5159614084954	0
"OG0005971"	0	53.3951076323875	78.723038289033	9.59492997891404	43.0620437090673	3.04002561872063	2.60498689151522	1.59845394965609	2.60567431759547	21.9062235118216	8.36949929613709	0	5.71852998199484	55.3777337565879	62.9617109778029	54.0015879500551	3.53493795739498	8.62646384607059	4.23704358182746	0
"OG0005972"	0	179.189209890163	332.811351948808	59.5529427410168	31.6325340265621	4.93491950068565	1.92613279714461	4.25340094243975	4.26339914375776	0	0	0	0	143.24212816116	215.255829723834	142.686642243106	5.95808756574718	8.19354968512489	3.51516805233204	0
"OG0005973"	0	1607.5793779417	439.691527350807	1483.75188150016	1595.51259122593	1444.16311356056	1703.66444209779	1796.96840418292	1533.73342251382	1654.66262275794	3667.78299079051	2394.19832991924	0	11742.2935364201	8807.22919322222	11718.3527783091	4318.47557611689	2917.55828987486	2612.83695756147	192.505261160235
"OG0005975"	0	92.0695063685397	19.1461814767874	40.7280282725638	44.5033590698056	59.8190390645543	62.3868875223291	62.457902763846	62.6546419409899	0	0	0	0	4.92192954021173	9.60777267058248	4.62040032224512	7.26156864000075	3.21172895266134	84.3398494047534	0
"OG0005977"	0	17.5051739287792	102.272680988237	22.1080303983992	44.4701995537678	74.091967335636	87.2292437579408	86.1457536123223	88.5259638951599	0	0	0	0	359.174486984124	353.619336331423	357.341333073519	321.015539284152	260.023285316151	194.13622075636	0
"OG0005979"	0	21.0173986352788	21.4300727932875	26.05011943074	42.1359614566159	88.6585162830979	80.9355575806677	78.3568161030385	80.5968016581914	0	0	0	0	54.2898895803865	53.2464168415879	55.5194725989973	22.1314900823812	20.2659438321894	117.278127493412	0
"OG0005980"	0	69.080389770869	47.5316475970253	60.3604099485621	62.5700884442653	86.0124564523004	67.7692893897083	61.4859419149967	73.070202790901	4.11109019976766	18.0714786029296	5.04989156918711	0	17.280247271399	29.9552069454864	17.684271293046	19.6988626844632	42.9186556442194	17.6443567699698	4.14697421553657
"OG0005981"	0	62.2409525785092	52.0792169336176	160.425323940198	117.636260622847	371.455960499957	436.801516132948	429.944881926806	363.072231772731	0	0	0	0	89.2813319079206	102.22640575435	87.2236884723525	18.3324521667564	23.0443463781458	70.1118611675213	0
"OG0005982"	0	76.9237049317209	120.09844575468	41.5447287503246	126.340222514395	62.4367081828412	74.1382363143568	68.0179158336834	79.7154063760696	0	0	0	0	115.558991159729	161.991661415897	113.836835496415	135.821690432737	109.565750180293	93.1757443836036	0
"OG0005983"	0	676.611676635537	541.364356323559	249.643347961689	81.0695358007392	1368.85726252144	1192.69426755621	1206.79118312729	1787.96383723071	0	0	0	0	394.339004890004	414.890488198616	403.055622173607	882.69391984846	781.584804581755	1191.41423403592	0
"OG0005984"	0	367.800146375108	306.388821708154	211.987762592239	281.387268367586	75.103296612966	89.9482184339503	94.1148762607811	85.1466322620509	0	0	0	127.578242810392	244.420869557701	217.344665022376	241.007670717584	539.884920887484	408.642490372466	23.2242654746032	0
"OG0005985"	0	188.726983948452	272.766118806451	226.992670648792	338.983429406177	225.282697600866	208.646334556599	213.565503002412	208.398614558139	0	0	0	2098.08828190746	618.65674715124	722.092122776677	628.194972243955	616.898582009701	448.819382328369	468.707673192106	0
"OG0005986"	0	135.591971971537	126.208864058131	23.6256625887815	95.6430310205278	60.3445706852915	51.647752429617	49.9574545897367	57.585015731673	0	0	0	30.0414609588796	139.393475313602	117.208524214866	140.193773090232	304.066956651478	300.05729329727	96.833063586354	1.85758126595574
"OG0005987"	0	65.8374905895939	54.5188935344751	97.6034372802301	40.7485234582994	114.891090289841	87.1090493229624	81.4605487751813	104.732746969006	0	46.589895544978	68.5750997015536	7.89928055326235	9.61065447950814	16.4892060397419	9.02419605408542	12.3039993041637	12.2279348618704	10.4571185730103	0
"OG0005989"	0	260.778043596124	282.739528418907	220.161822699996	56.6306984352754	55.9311039696384	55.9085432899121	54.4227076426568	52.0824885009973	0	0	11.6426951401309	0	120.020803263623	130.92361687261	132.01242968486	159.50145133711	115.221258764985	41.791541538349	0
"OG0005990"	0	43.0504977688438	124.212512014019	177.202285527373	428.360657179533	31.34748947489	58.0750310037833	65.7358074005623	34.6127787873528	0	0	0	0	717.504059922455	571.487610042392	706.888067057781	125.226492356307	100.464088299145	819.276789292411	0
"OG0005991"	0	9.78910652281777	21.9898418898727	5.63325780410777	39.6100010667362	54.2126655147545	48.9924740135001	46.6377475223566	53.6413723096467	0	0	0	0	48.5147841501404	57.7463539921756	50.5587719952952	82.1042982546773	64.9946650239867	70.6325597261845	0
"OG0005992"	0	81.6589392335124	64.5325715839535	42.3420424078501	83.0555441703765	107.186474862525	103.220536126909	109.099997159409	122.60039866728	0	0	0	0	60.0158956541783	59.2949609406788	59.6408644372711	113.22644967751	83.1487269337836	161.265537286485	0
"OG0005993"	0	2069.17086807283	2522.8114928149	1951.01964868681	2663.09280165924	252.323436020787	298.03873861185	349.234313675424	297.62589697069	0	0	0	0	1125.67107514813	983.621855462716	1095.68066994656	1834.34852951602	507.507792156415	302.592004173472	0
"OG0005994"	0	129.956566102957	53.3755096649938	116.670006877473	110.414337266278	68.3424183284442	100.96807883412	97.7155362330388	74.3087021165704	0	0	0	0	178.885923212672	186.603056840123	178.020422278156	93.0405531820775	68.1909511523535	59.7844511357228	0
"OG0005995"	0	172.080032346972	224.944041884357	172.077048304406	137.582120587979	90.2896621044633	91.4841267561776	94.7689357825023	90.3432050453872	0	0	0	0	159.470936091434	172.699131469883	171.601299832032	25.1656323167648	52.7614690038395	167.116715326938	0
"OG0005997"	0	140.283747186856	155.630284139714	408.567162297356	203.141498296216	126.863999178338	100.851279724366	94.6560619749212	121.882031960647	11.1243614078008	12.7525386820996	0	16.618244231292	137.906412719211	113.877264977987	133.878661952106	42.6101843819841	62.699569888365	6.08418287714737	0
"OG0005998"	0	19416.690324982	29333.8305793833	15653.6916767686	3001.1828424515	7703.88290171978	14784.8661927943	16297.8476276681	8997.85244464211	14.8011231421539	3.75876033837401	4.84250243112703	0	13453.0710567286	11960.1993737921	13774.2077973168	12107.9612237662	6842.90280268938	2663.61061582225	13883.4368525221
"OG0005999"	0	28.0000025151907	28.6508436209938	18.0793141819691	5.87282981679756	27.8532868878021	27.3000268518488	25.8514345388486	22.8633357723531	0	0	0	0	14.4993562834362	18.5675632076448	14.4327979566025	55.5521652428625	54.6335329489526	15.1600963646669	0
"OG0006000"	0	80.9433650617568	75.5104665668107	129.370214652508	44.6778164905468	63.8740121930941	67.2840298234055	61.9467104748269	70.0815509668306	0	0	0	0	55.1738028607074	76.7306811777775	52.6238477764538	334.575375335645	343.839403424868	62.0128456493539	0
"OG0006001"	0	78.5845629550059	110.774527883663	72.1649842980535	78.8832001069395	74.0251521221864	75.4493742525284	76.3355852653722	78.1310578014579	0	0	0	0	49.9115283465321	57.985343532407	52.4890496767577	22.9924333777646	32.6142608084438	16.0159862972829	4.19930886503145
"OG0006002"	0	85.8657894186236	104.391879756015	95.6242637967142	30.7268681703488	67.0488447192165	51.8933021905673	52.4485027282902	50.8583563318126	0	0	0	0	57.9384198884778	74.1177331848145	59.888572435907	51.1897147692502	101.793675728339	13.1142348837061	0
"OG0006003"	0	97.1059559140797	85.7813433968452	113.110255388507	134.745200670429	113.298957005896	118.769309255774	134.571949667378	115.973567437589	0	0	0	0	69.8000280520543	75.5538148986474	75.1772626431193	181.164671601501	159.296896104357	107.535571897837	0
"OG0006004"	0	153.881632976004	204.205770580236	96.056540807404	89.8746205139235	101.419833591427	102.26033877629	119.838222935828	94.8320459628679	0	0	0	0	224.948306191964	185.885254257922	221.549640708914	103.448309318811	128.961019630245	132.76747878017	0
"OG0006005"	0	55.3714405296552	54.5281719369776	77.5429863924428	92.6550870405332	480.911488890329	383.922687482018	408.718158239649	474.480897237568	0	0	0	0	3.89474852764303	14.5217717090436	10.9546542625177	0	4.16309966184866	27.1713647447836	0
"OG0006006"	0	183.725224194282	382.075402599882	708.357067228897	73.0556206974822	102.888214445145	98.4297353428809	102.726756560626	94.032263683756	0	0	0	0	172.605256734335	157.398916263395	166.584038740016	225.108555094122	180.928015884228	14.9347266645533	0
"OG0006007"	0	94.4277899432822	150.723837054181	165.482461889554	102.217633756433	86.3697622562692	62.1235462687436	55.6392525572273	74.096810113378	0	0	0	0	236.904048046849	234.025086521775	232.80827461523	318.585826171921	315.635431554649	344.884890087059	11.3591140001941
"OG0006008"	0	185.297931776118	177.84290079526	227.221508748405	189.004856686206	65.5821841907619	61.9192836357407	54.346564913666	60.2994340313223	432.308123989998	217.192439870692	279.785388505065	10.0792468391648	165.457478140037	241.007727076591	169.633555860987	195.059648021499	133.748862912435	113.015558007554	0
"OG0006009"	0	24.7912745932769	15.0116098353264	30.9760895900225	39.5952026050334	20.9173793813367	15.9694943951665	19.0182947548767	21.6579406408394	0	0	0	0	68.7711474997383	66.4300377451088	67.977013885272	35.6494927908513	42.8693559416616	68.5328971665281	0
"OG0006010"	0	94.8296003966832	61.7131557697306	137.116416840276	52.8255754585383	49.3702273705587	46.8501609995454	47.6695503256744	54.5524450474085	0	0	0	112.919047062503	239.184899756676	186.113223592535	240.647727713142	101.731263555567	60.5365998481011	596.810216692534	0
"OG0006011"	0	58.7802699536562	136.598319523245	140.102292069477	75.5080546563457	77.4007632548376	77.5335593363466	83.7736649038381	68.6536377939823	0	0	0	0	109.996987203101	175.660290504006	106.982365319224	37.7045645100288	43.7021518768082	239.746839856178	0
"OG0006012"	0	385.761887737388	310.863448668525	177.164861602235	100.826578356367	423.230536656162	476.747491486658	500.964820844402	493.720942631297	0	0	0	0	106.211522549657	89.129635984841	102.377538919799	358.193544710028	239.401626624354	240.248006670101	0
"OG0006013"	0	171.390384775642	188.9770449342	99.430461035317	70.4549280760032	98.7316866317112	105.319524819103	108.163245983527	97.9940782597654	0	0	0	0	172.266042474571	163.533894515745	172.502546012137	205.625990223642	180.692399263558	134.056130029785	0
"OG0006014"	0	183.223285210036	257.586568963696	326.081408302113	NA	138.704276538475	136.885842954542	154.610310667917	142.021715469081	0	0	0	222.281741726342	247.081169529473	209.081297868614	242.232476774368	94.742564792332	65.0162774079871	60.8143067675204	77.0859507948326
"OG0006016"	0	29.3985351953661	19.1937799429813	14.6712829665535	26.7561394453335	118.562597367769	108.640150734609	108.844980597993	116.907168633731	0	0	0	0	66.2693556227645	55.2051541451492	66.2272215135603	74.2479524406623	96.3190336531845	23.8773803845445	0
"OG0006017"	49.5057345961074	44.787942969787	37.0161116816487	64.8213058734766	25.1393252906231	90.2085293452745	69.0950951233349	74.7115934356312	91.256667069832	0	0	0	0	73.45965739523	60.4860366776993	71.2519119847188	42.0177902569162	55.6158366193034	64.9559244591895	0
"OG0006018"	0	430.383139509704	159.858851344219	290.360871595556	222.327457252908	195.024673466875	200.600098059088	203.70027426152	187.20715070415	0	0	0	0	192.773590861921	277.678801568573	189.616502751136	352.457530371722	275.526669705927	295.230755922567	0
"OG0006019"	0	50.1286670979256	45.6443311130515	21.110713468826	104.367795432737	155.946930168811	142.588627502276	142.968225056208	137.778845328007	0	0	0	0	49.1724713478553	67.2750790256975	49.5322956448949	247.033684852776	90.645404352485	117.475454357843	0
"OG0006020"	0	172.542044366562	139.075666594159	218.180256539299	222.893333985689	200.137091688673	145.758501075606	156.671453046402	153.255135436544	0	0	0	0	322.348582264061	322.279658611801	304.525390714486	2517.88114492648	1535.45390306143	316.370318378372	0
"OG0006021"	0	424.413263652362	661.888683091553	267.686587933853	593.826642208278	330.556059781945	351.302528987013	401.429393695807	420.964648098946	0	0	0	0	1504.3077201526	1645.37031070455	1467.94116840676	2450.3002023737	1256.32863894422	840.965904020702	0
"OG0006023"	0	38.2567212032905	18.2065524959953	6.21835326582328	81.1438021548405	60.6830863016059	57.5533735746848	56.7048885236647	56.6811108539598	0	0	0	0	37.6736628935974	28.6233459562747	36.3431340966969	3.13966461422619	18.2551783438723	367.242523169439	0
"OG0006024"	0	28.3472634012956	20.9204073453275	26.1492008063096	46.1813401995544	30.4357725797377	20.3773706487742	19.4699348809743	21.1656847082005	0	0	0	0	18.5573785540664	24.6730490070117	19.1630767133635	2.05321669868766	2.25802100229709	90.7565081001631	0
"OG0006025"	0	52.9208582573964	47.3033185897537	115.841527065898	29.0879933458777	51.920748309216	62.591761313476	59.8738315386853	52.2827484506019	0	0	0	0	7.88732117576045	5.46005916217673	7.40570233619322	0.3666369190182	3.45265404418239	164.977367813194	4.56327340387877
"OG0006026"	0	34.4859045841426	34.732313149683	17.0297264585968	53.4227207928062	70.1842762473745	64.627121652238	62.8928798759876	78.3758968104879	0	0	0	0	210.381516333493	158.852392031502	206.913069463454	241.667704667091	164.749102556716	69.0234103015007	0
"OG0006027"	0	448.556632500995	385.760980600487	372.896898128563	110.778269805933	72.6110447558055	68.0932032060061	76.1405555541988	60.4695763935296	0	0	0	0	304.246056041543	343.743445036568	292.732813578201	426.816390437952	223.426734580306	368.409988821003	0
"OG0006028"	0	22.684479042666	16.5691838158296	83.4418559039137	16.6389244611649	160.110394777661	102.998685720652	105.117826615442	144.810704663623	0	0	0	0	14.2746077598758	14.0365252497404	14.0967956056963	12.665012964991	10.2329604183957	20.7901217862573	0
"OG0006029"	0	24.4278873617071	35.1498435548933	24.6392988037427	68.0131818950361	152.118374042659	141.034927687414	155.502144154003	183.583986077456	0	0	0	0	57.4666415284252	44.6960477923033	55.7839446097845	922.55624904204	799.692623181303	143.337260008072	0
"OG0006030"	0	194.649656549751	337.848902679937	56.3746032684865	67.7284485300502	5.75304515208156	0.892861304446622	2.66815424254105	4.77277620175846	0	0	0	0	170.247405468611	140.292578708998	176.122806091541	14.6055220135225	30.8124087237873	12.5534962483239	0
"OG0006031"	0	65.8883067264288	70.2914292862169	40.5091289858563	77.7045300368678	102.451473805736	92.8050432246525	100.884406800173	102.716063256723	0	0	0	0	29.5940509350012	39.4314870778049	29.7643147157323	18.2954730001281	13.1351724016279	71.0880045012812	0
"OG0006032"	0	3.91858268561541	13.2470335583733	2.59370500962663	20.7315760678763	17.0957045562372	24.0565426754024	22.5688207894925	22.2106832521344	0	0	0	0	4.10612965082381	3.02077536808694	4.49767669949203	38.7824890307675	23.2791397600205	1.76491508899324	0
"OG0006033"	0	129.587371312892	76.9391628289057	34.0433176838965	149.017494846048	32.5917840894804	31.1035356075423	40.9959407883606	42.1822905025823	0	0	0	124.045488378464	154.230804152252	136.646975552927	151.562111847439	34.7609016032494	52.3610153738497	126.008163389918	0
"OG0006034"	0	169.920784314366	70.0104585274748	122.61464403512	88.5742467986254	84.9424472314157	88.2206780803618	89.8629097864993	91.1468856377014	0	0	0	3.1660003853822	11.7235639147153	16.824815977345	11.5511570308751	105.44312318286	117.530112397251	38.3585710581462	0
"OG0006035"	0	157.698547090709	170.839524131866	236.188526614204	315.555272165899	602.663236329959	838.388100011026	849.980341901793	621.845812241157	0	0	0	0	240.432847513968	291.198508959129	245.711786950411	2556.55771592457	2092.90958004538	338.299140883029	0
"OG0006038"	0	469.998488993679	363.21044269653	538.952055890473	221.542837332512	457.609849682872	436.81102303741	467.529396623141	455.73254189279	2581.05358114649	5395.06313442046	2861.26122758859	0	460.854134770917	435.217108540877	451.554886950428	748.813453798953	425.034404910069	1045.26409205284	0
"OG0006041"	0	188.67876047166	373.572804149727	28.6530454501178	57.1798857918027	10.4643501157281	16.3537770547954	9.70345260974407	6.7237042294895	0	0	0	0	337.533033424973	239.733374326299	337.76068359227	73.6277031339293	93.2315096709212	22.2244088271146	0
"OG0006042"	0	30.4327472863564	56.5456788549536	43.091257118969	25.5691109848555	18.444606045705	18.3617710900001	17.0874136767959	16.9385335584607	0	0	0	0	30.6760681177833	29.1481460184477	32.1021389749099	14.633116958849	20.4573894333698	18.3675195834402	0
"OG0006043"	0	448.752119068206	368.282229993041	705.56982531068	335.324920818533	340.995104467994	326.449443530652	319.711075339513	356.671458501222	3.7711675054169	0	0	0	377.113302439148	521.790652508936	369.72270586522	512.737362855564	437.065992588048	268.970769021595	0
"OG0006044"	0	39.4495522356866	53.872185278125	19.640321315093	104.684866176999	248.508753485467	195.205269309448	181.277653307521	226.035951595377	0	0	0	0	29.8659772945669	53.845677752537	28.9601364986312	98.0803892424181	77.0801322617284	116.916535725948	0
"OG0006045"	0	19.8011823278305	9.67212293714388	34.4649958647481	18.7973349096402	126.029363953851	111.207694003837	105.805067269302	123.876969391558	0	0	0	0	44.1937910538781	78.482330296667	44.0598982885811	10.9931545309347	9.73844182042373	147.520160705671	0
"OG0006046"	0	179.911939803636	275.774193414655	517.286990407678	106.589483007271	366.727285800589	322.882683858636	324.81502896216	373.678702914606	0	0	0	0	170.89323057258	223.101977849735	160.334333911725	529.095491253879	493.630067824112	619.515869953935	0
"OG0006047"	0	114.917582259893	96.9542714712029	107.165556906417	399.670824667138	623.264963772673	651.091217084397	737.371693586319	880.770295026396	0	0	0	7.5966019269826	27.9229524651191	28.5859070415101	27.5750780394071	509.806915454236	379.680571059851	33.082869242289	0
"OG0006048"	0	8.60560906657499	9.87672812751604	39.1630946948352	32.455084596667	NA	NA	NA	NA	0	0	0	0	25.7510100370572	17.56727999266	25.5723396095966	12.0872286418205	11.705320164698	22.1545473274023	0
"OG0006049"	0	64777.611164182	131469.190456573	44274.4666602922	7480.04689504808	12328.6277574438	22555.2666479993	25514.4069696143	14311.4499746673	794.794127191327	974.010003732046	840.176662010667	55027.4739793069	49265.4257666864	39016.3529537091	49361.7670918643	157167.520328604	37389.3296955366	11169.1838398062	116.525453545721
"OG0006050"	0	21.7959744460694	24.9649779883321	15.5551011067745	14.9282496928764	40.4068055526417	52.4223614238538	49.0620421780441	43.5429201049214	0	0	0	0	31.6661020473042	51.9783188025936	31.6081894121006	13.5942691115671	18.0744821596028	70.7972478466142	0
"OG0006051"	0	96.2851715977957	62.6478393348343	213.395515684389	134.402917732154	200.447860123322	182.262297949623	187.176360247988	186.955395338932	0	0	0	0	281.004676574988	270.374490147045	279.103027356741	221.942410971726	275.234277995939	144.769292020218	0
"OG0006052"	0	129.449960330635	137.59482542368	40.6617081691639	104.498241132191	83.2291475545762	74.5987779290595	77.8192745176027	71.3569270477665	0	0	0	0	75.3867273617441	88.2289575580469	75.676905748823	11.2665215046946	13.4211579890377	157.545272597274	0
"OG0006054"	0	43.0339047445712	44.5716491097991	45.4364488604717	49.3720529700369	33.6882417201591	29.9521815707855	31.9707452945175	32.5140419403029	0	0	0	0	96.3068823783533	55.1510657845983	95.7199820066123	46.3547796649811	39.9924675407683	13.1731408502318	0
"OG0006055"	0	33.2022267438541	33.0533769980653	70.5226261407776	206.186418814367	99.7106072008564	130.121680430134	138.874629662396	96.4919714478171	0	0	0	0	90.1047415732382	144.840051665444	91.6938139789119	221.918647310549	155.449248301274	130.39392789085	0
"OG0006056"	0	347.503040552863	636.002725813862	207.944506260633	416.662856867268	69.1594063453918	92.8255509757053	100.201078332198	74.2230650517787	0	0	0	949.311498891659	528.042143653816	528.571950928662	522.903311430551	190.920406222518	116.845972570969	421.151026461151	533.9458786399
"OG0006058"	0	747.173512354744	431.397981735314	1053.48962769811	117.481698911729	190.353435433553	192.540075191978	218.281135951995	240.169839865255	1217.51286988698	2167.78010658453	1592.27886727185	0	425.616085757603	482.537275781403	415.986213554262	727.519637222704	516.68170033872	310.747395409415	1613.07772632622
"OG0006059"	0	134.170675736188	80.9631353052533	278.991680860309	117.526779410805	185.732808259588	130.367332050775	124.583190034762	148.408781780146	0	0	0	0	103.835843458829	95.594088600855	101.967048363807	138.578517615666	174.959061493926	220.498261023604	0
"OG0006060"	0	6.58789731502754	9.54094089719249	3.2053346477718	30.4056319331626	24.4438241935195	18.6259272211109	20.3181547392277	21.0911138133085	0	0	0	0	20.7506519401809	11.3383023648151	20.7811052271412	24.5780394212001	19.2789183669104	14.7835399605564	0
"OG0006061"	0	483.659175349668	606.856319994151	118.531448373547	217.79279751878	305.591365494208	266.48464363929	221.173255591683	257.141949167879	69.5964177921557	163.360562766788	102.438040984069	0	383.632598171797	324.387794162346	384.226659221311	265.061816664657	206.097359230399	255.001132498892	546.895547061116
"OG0006062"	0	18.4710486915521	14.9493982405511	44.0084181789123	83.0511594409831	54.3131658067455	35.6969323139454	32.2263414390271	36.5210105450026	5.88024216553577	5.89250769823609	2.40017744519253	45.3315366178749	13.4838847528815	17.893644871279	13.3589124465893	8.62300818776739	5.26107311417001	62.454529422474	1.0632189107063
"OG0006063"	0	51.8759167826139	32.9381551255283	18.5811638550804	22.22435718987	138.232019506535	95.5917885481809	88.4813285858765	103.098474877915	9.36654319465175	16.5289380189946	22.6590746574716	0	20.9107208367875	33.2004841148733	20.9419964173213	0.734052219183134	3.82702330563654	17.6554543166442	0
"OG0006064"	0	2267.87233373715	2068.28789370301	2507.53795576432	1154.8171421715	1104.14138022538	976.922711825047	888.535658280789	1106.17434317012	9545.93846094479	17026.4525499481	10107.4463276	0	839.736345926628	568.477009004682	822.353116955079	3333.81130118306	5858.03479080443	2281.44095673451	2980.3581783091
"OG0006065"	0	178.753020764597	61.8604697751423	53.956036093435	383.102028471709	41.0833650831822	49.4724368758886	49.7386619717041	47.0156917101206	0	0	0	0	12.3677935323905	10.1719476295883	12.4400440568921	26.8877421963842	30.5960061605058	107.428591205052	0
"OG0006067"	0	116.099316707307	47.0833264584751	114.253402924724	271.097404663551	91.135063235436	99.8320037509627	110.874970385169	98.6781687626535	0	0	0	0	49.2508582831383	55.9575065611816	46.2183759465869	1.74576827004516	24.2255521114074	491.431126975418	0
"OG0006068"	0	467.673352059049	379.760604754943	489.332545343698	805.488491852693	821.211137997069	488.123860804138	417.526589656289	696.351316129238	0	0	0	0	197.932561107049	207.446733316284	197.275012278528	305.669791349267	297.462671715436	468.579873435039	0
"OG0006069"	0	15.7671583426266	8.48337349460869	2.30075543170387	90.3163820003117	59.1897329843895	52.0043971598468	56.5052945956251	70.375810484617	0	0	0	0	46.8909328852328	51.0286153529653	46.8882629281765	279.689295816135	349.323214676947	11.6400320590509	0
"OG0006070"	0	128.694459194223	122.01314740844	103.171687885853	179.644555613579	40.9069485021554	44.8328637792604	43.9680428950387	43.9652013757345	0	0	0	6.26963967337565	322.675310109355	315.088527680412	329.292996639382	70.6789480140404	69.0831716809864	171.487387116024	3.16028587379438
"OG0006071"	0	41.2942817091923	23.4592705626094	70.6986044799009	29.4527754268525	NA	NA	NA	NA	0	0	0	0	21.5514833829729	18.1174563120959	22.1111111974601	54.1253756268577	63.4068550260592	154.822813722354	0
"OG0006072"	0	66.5807543706045	74.0457699053331	69.4239578598476	195.731305621317	159.569602207008	141.682755320009	139.036768032978	141.498587437461	0	0	0	0	62.6967149670621	54.109388294562	61.5699034259868	164.215143272106	133.371119318172	158.763787127138	0
"OG0006073"	0	93.655695782598	82.1005809135805	36.5121310797478	20.0685775790308	34.3798124759804	30.850584042404	30.7135571154715	32.915253475131	25.2219103860445	61.8884710831373	18.2611057735388	0	103.533810966597	90.950060772584	102.621736363206	1.39629855934247	11.4933639001254	84.5533668870356	0
"OG0006074"	0	17.2453893925114	14.8255768436716	17.0923655201799	18.1460107628047	30.8995389740884	24.4482271392191	22.4710885902455	26.7698194988641	0	0	0	0	16.5983988616849	15.2781747952495	15.9572648965981	73.2959818227984	45.5338108833567	0.6798942636911	0
"OG0006075"	0	96.1902802402368	50.2384645538473	231.735079522808	189.359745721487	63.3734530358554	93.1153757488624	95.8985432329538	64.1328558861094	0	0	0	0	58.9894291419931	76.785218631365	57.5967825540337	81.557054901652	88.1152414220569	68.924419867927	0
"OG0006076"	0	68.2318121389284	60.5483108883681	48.2993791335116	162.224847870237	154.634044521144	102.060082624453	103.536260268191	135.931549466348	138.485363899665	42.693558367187	0	0	10.6668664057192	8.82575505239768	11.2668964868575	5.11455822556349	5.83949772414209	14.1668665966677	50.3127823769341
"OG0006077"	0	475.73030240741	816.452872028323	149.576373445545	85.4334377295518	56.7858059559052	49.2018975374964	56.4437138918742	57.9816373210313	0	0	2.48657435540791	103.808149728923	42.8053711337996	52.4072132915432	41.865523536961	75.2844182961435	56.654262465445	43.6148299099204	0
"OG0006080"	0	48.3809114735194	36.2125229512815	98.1500888620846	174.685700715195	11.0148541999639	21.3089793795478	26.026975768482	14.096602801104	0	0	0	0	12.8702329768636	25.379235696803	14.9611726238877	100.574118748025	71.0289486170641	30.2980419551844	0
"OG0006081"	0	8.13690798407506	15.7269785962533	4.94259006308556	104.753925664946	0.365522503172689	0.681611096664459	0.112894092989331	0.772764476805704	0	0	0	0	26.7710113613057	18.0682525832247	25.1361586771299	0.596951655800905	0.466705427966525	0.351254902292359	0
"OG0006082"	0	79.2923591466337	32.8841380071534	107.74506945471	67.6256814348916	64.1661900160278	51.598486292568	50.4801733375402	55.4355002550153	0	0	0	60.9206650061552	41.1527941787144	35.8327049034435	40.7416042829275	154.892719613753	150.29419320389	102.524804882293	0
"OG0006083"	0	10.6307358258443	27.9366810590153	112.46993816447	51.3958796306926	55.3772147292394	61.8070342566337	60.1024046214312	62.9551890553102	0	0	0	0	33.1680096011198	37.321921878963	33.0442120235741	56.0425938625718	55.4756021486878	111.963951114567	0
"OG0006085"	0	105.305035885976	138.542155520835	12.460633303456	83.5578697315115	49.3737235154485	55.354222853342	59.8277546827023	78.8766409984475	0	0	0	0	63.3377536121506	158.446729327371	61.4113868597943	407.344313101614	343.733423258141	258.247841158792	0
"OG0006086"	0	29273.1023025055	69246.9537814498	26120.918135017	7188.10613112167	5590.33567879733	13116.6760941242	15645.1211470634	7348.50269706297	0	0	0	0	40756.0730434194	26788.7497797927	40175.37449874	65731.7417350245	26212.1124866452	8457.60059548036	0
"OG0006087"	0	158.652645986383	114.407970254337	171.681336309097	137.742985347601	179.061442383118	125.931872192937	118.436863462118	157.18299699127	0	0	0	0	29.2646176999049	29.8755391579705	28.7741242862659	3.47816341851951	44.521700291114	142.9488446297	0
"OG0006089"	29.1140876021393	26.7303141499599	17.2385008287525	85.4964723394655	72.6289317183839	219.360339146264	167.723456863002	154.594661924375	183.004521180892	0.768056311591089	0	0.754818916807846	0	9.98366530110425	13.654094330427	10.0968734220698	16.2510706798466	24.8691923739761	40.0824117757558	0
"OG0006090"	0	11.4759637410099	19.2414526368029	8.23096042514748	25.9421692425604	74.3263033836705	60.9529747036824	53.7577809379208	63.0714089896428	0	0	0	0	14.5960635635052	10.5562251779513	14.683994291763	24.7748292092471	39.4760981034208	66.8771378964396	0
"OG0006091"	0	108.321399669318	68.9678579017004	67.7827589423958	32.8849223595609	57.325677320127	47.6883983472142	43.2221194528986	58.1951012233572	12.4563586272688	195.7659991314	48.9516564294463	0	59.633311914822	47.1062561141631	58.1760658268082	19.9052185585659	18.6864797723916	281.373426932124	6.96278782017189
"OG0006092"	0	20.4782809060221	22.3028041247115	52.1235521263198	53.60879774644	31.7040407592868	45.4619492287746	46.3067331277239	32.6413657701144	0	0	0	0	95.6355294936908	75.3239989349852	94.757912124368	38.7095491401328	21.7391816998732	49.7659977934636	0
"OG0006093"	0	2.65940029740926	6.13870830801683	1.59089105760689	37.0775457964425	7.81971073686263	8.08059716649404	8.87544571189833	8.04309348616272	0	0	0	0	59.9024635156166	55.3124373360656	59.2629770520285	42.6826877972094	25.1507968169935	0.262343292908346	0
"OG0006094"	0	539.55329614391	316.419386593856	530.784143736057	247.916984634002	200.779716416037	183.831616250387	184.42334055089	196.808687867204	363.12915687281	334.043459060689	452.115762227969	0	44.680414373356	58.948688209531	50.6519794584826	150.246960226501	112.937953922911	175.409716582647	0
"OG0006095"	0	27.6094960595754	12.8770088348225	17.1326115773772	110.590000487603	28.3573976842939	30.0469789895595	28.5663466475082	25.0535571489712	0	0	0	0	29.8878285198891	25.0387411275203	29.5364341330587	17.0702380287228	31.0610836150003	192.288695265179	0
"OG0006096"	0	164.176499026907	125.109738462548	104.318884568068	224.161342917152	99.2006140018516	85.816789380793	89.3260709455651	94.6390167492772	149.366947429358	171.780345389899	77.0130934938947	0	126.036480279322	130.810436382471	130.287702788573	101.13038240865	65.1166368408716	61.7105475091581	0
"OG0006097"	0	50.7812396306463	41.4738518567424	14.9164403515544	56.7197084419621	22.3793228889083	21.4825482924319	21.5709960450678	21.3961879971332	0	0	0	0	47.9790476004144	35.4953674741488	50.3554986272771	10.5107279603974	14.9047762355517	19.7134787477392	0
"OG0006098"	0	73.786067748175	40.0660321149079	37.6214130312497	31.8706796417428	65.5105409677026	60.1701490277324	58.7589310092472	72.0571137977814	0	0	0	0	19.1649841642343	14.3285904829792	19.7620165958135	28.5503415004087	96.2394539029904	28.3513351520144	0
"OG0006099"	0	400.116409329207	338.732211448293	186.234948638905	44.8684974100436	41.5668708225694	45.170487909921	43.759892871572	47.2559407736809	0	0	0	0	768.498368510431	151.610746860304	764.638714136862	522.729012435353	595.973790080279	32.2217412508561	0
"OG0006100"	0	20.2778164339726	13.5819015877243	225.485481272549	47.683932185812	75.1469928746523	46.1848135001563	46.3067838412446	56.2532021842488	0	4.54516793449997	0	0	24.5293947405021	33.6626931321738	25.3731628151244	0.79017568223961	1.23954308378735	6.43150860608597	6.06752339820651
"OG0006101"	0	8.60877211182695	18.1300052550401	10.2229279830047	50.8705342402421	29.8841031138719	21.7913189680516	19.6356956458944	23.2778141358677	0	0	0	0	39.9091472975169	51.0841333618127	39.3502968132096	36.0977287876536	30.1039502342472	25.4009452549997	0
"OG0006102"	0	41.4391076991715	40.1016613761525	77.3417561064561	26.6433148771288	63.2934856582966	40.5520133505514	42.3519985984759	44.6299575192809	0	0	0	0	8.74548469468581	11.1989712245855	9.05516337275465	5.90358458971098	28.1655540597808	118.216328948132	0
"OG0006105"	0	25.5480202065089	14.3386436066619	49.315101272169	18.6018033832518	53.0446201553798	45.9028658764102	44.1624205752312	48.1312370871649	0	0	0	0	55.0337330379434	60.7308699053426	56.2551894344664	36.3262721617333	47.0170600917902	31.1003882730127	0
"OG0006106"	0	77.5630548982243	73.2860501369194	52.6700641347253	67.8221721208348	39.0996080772164	29.1520397474234	35.3406587474263	43.3913324400856	0	0	0	0	19.2788158345469	17.1670380383194	21.4886806853533	82.7894432200444	55.6523619267646	45.6807558195697	0
"OG0006107"	0	62.6630376334433	67.243086190044	8.21307915101526	24.570160010797	47.3089447390206	74.2883095919288	73.2424951877954	39.6375115574177	0	0	0	0	83.9973310325678	88.1592622035926	86.4191630880017	1.71557872089618	1.81670539427359	400.708303389309	0
"OG0006108"	0	570.084460805483	798.011017952859	1400.12106544965	237.130550326161	96.4331101025731	98.0664357795279	91.1561045652679	94.6783771035794	0	0	0	2558.59566217945	301.204226738748	298.56894161437	310.53138413352	361.341987329709	467.357395242194	266.854238136935	0
"OG0006109"	0	259.272226643386	115.157669293025	79.5896456426006	62.3245435982331	172.508612466721	177.899715305129	181.998364885067	185.591049767042	0	0	0	0	106.06446033479	138.628229817158	104.289736130899	72.8074930937974	35.7707665242285	147.101116000319	0
"OG0006110"	0	148.2021518867	119.260601408225	40.179553041856	189.732995811103	1452.03110439352	1534.74033110776	1566.67106173196	1408.23551073582	0	0	0	51.3888757259898	84.9022076154042	107.618324304594	82.0068756452348	164.014122097451	129.280663383106	321.27323021165	0
"OG0006112"	0	146.249775168226	65.4004781195839	245.706166985104	185.064903280621	263.999392395725	171.249230737324	158.591322045694	187.683499017558	0	10.2387101832955	119.354498562959	0	126.628266956223	144.570300859367	127.053423257336	74.3778952438061	95.3495298992792	245.127835532321	35.9673652046474
"OG0006113"	0	32.6827613777202	25.9147204833837	14.2952031942673	30.6603847109209	17.9414386533898	19.8660350016625	19.2670807980303	20.1357135199826	0	0	0	0	12.6319505673972	20.2341101837413	12.7085432077754	256.38593433077	173.158628786502	48.687756703103	0
"OG0006114"	0	1883.9149373894	2739.51905157248	1763.53191881624	290.274566756897	2160.05149939319	2312.15386216068	2413.36226957459	2304.86312422071	0	0	0	0	2484.34558120066	2495.27835236933	2446.79311549937	4582.7129392305	2384.071163098	4975.17928881974	0
"OG0006115"	0	15.0468136763926	6.17979329988952	1.24758482762989	35.7626750695873	3.63023037048296	1.76036565750042	0.874371371939217	2.69730346188397	0	0	0	0	44.3291476919962	39.8979694228553	44.3490125567605	4.35613370449309	3.09143200091132	0.691232885416534	0
"OG0006116"	0	73.629989613611	172.318509611656	5.08445127963651	71.4269677734095	53.4850234227685	62.0420585162158	58.4923227859492	64.5393490020259	0	0	0	0	45.2568705080476	35.2273084185553	44.1483565037933	19.4035143241142	9.79294590616904	215.76278788571	0
"OG0006117"	0	39.7957760577745	143.649944144574	109.494552063925	16.3556709423492	27.664883524296	23.4453845314442	19.7336451888017	18.0769657868883	0	0	0	0	34.7811849816557	41.8349045702562	35.0311196268003	29.2725143138664	18.0067116279869	38.5560192413461	0
"OG0006118"	0	6.78162087341008	8.91399579763566	28.9347678504992	15.6372330312355	167.554131202962	245.231958715446	243.476337532519	169.769507732828	0	0	0	0	49.29386704409	76.3277311764854	49.3629474605131	40.8475511870931	47.3626311354393	77.8992565764119	0
"OG0006119"	0	157.807957344507	131.890432243163	78.1575976744596	211.564289415411	225.565330393307	242.008439038369	288.178791900491	207.983633186902	0	0	0	0	418.735377695021	440.347163178146	400.014437066628	512.462989563499	481.325013465917	288.537138219172	0
"OG0006120"	0	71.1073313921681	85.5189487333042	55.2878370227643	41.9278786423389	66.8557243348273	71.075654948522	75.8920593025923	73.557963090423	0	0	0	0	48.8551776823825	52.6170737477334	49.5754138173021	3.10758367163655	7.66618891037523	35.6193770292092	0
"OG0006121"	0	71.913130133406	35.6609007708707	69.2692314021468	140.982752278172	120.127538413681	108.339596740702	109.075509773682	109.72673339202	0	0	0	0	11.853977576956	13.9731441752622	11.7674422274103	0.817024982075119	2.01990627769728	14.1622905503761	0
"OG0006122"	0	13.9888009662113	6.82316126205129	26.5918460847835	46.7747201474557	132.688687553479	102.19236440939	98.1345748100919	117.257890768392	0	0	0	0	27.4328606971773	26.1915142039304	28.9833272709081	7.58234169294636	7.00895101391484	30.7737287202854	24.3214425396818
"OG0006123"	0	92.2774377039557	154.823057788001	26.1972384020193	90.8462491429492	3.39208740912394	2.45930716193372	4.19182023868886	3.07319484547001	0	0	0	0	80.8280293118294	88.237833291221	79.9172065361107	33.4700255799996	18.7947309426913	8.89404630978357	0
"OG0006124"	0	352.245015770765	149.693464798656	167.156722409242	90.8567998980522	77.0618036836165	84.1996649318797	78.4838100037502	81.5663490437186	0	0	0	0	16.1659986015142	17.1152132875713	15.1782273700954	11.1082385472087	12.4395166947289	42.6796144594586	0
"OG0006126"	0	17.6011853154765	17.9212400524349	8.39345020003995	32.8057231848921	68.0599520190933	66.0689795267562	68.3046645695022	67.8551130341772	0	0	0	0	51.500910170606	83.6886328430831	51.846512531096	75.6710506386382	115.196466975982	159.751471946427	0
"OG0006127"	0	104.267042271635	101.131251558641	309.148002437723	86.1221142899076	240.587586599502	186.756410464671	176.951066337718	196.373006514923	0	0	0	326.8540491428	43.93331751114	58.8808990528054	44.2286562886385	32.0523292016903	36.618891733491	146.988737443532	0
"OG0006128"	0	37.4075731861405	32.6606757342849	27.4535411636854	93.8769192905715	64.120185188827	64.350742358248	72.6292962742101	72.4147522886296	0	0	0	0	83.6095862418972	81.894007250224	81.8912689510997	13.6658025814382	20.5568404648252	88.4134611124606	0
"OG0006130"	0	88.9904633019565	112.820426869193	15.8469463721522	63.181758194649	52.1633696656958	48.9613728546187	51.1784912732866	51.1710385074434	0	0	0	0	63.5020887003677	53.3536404638253	67.0697269950233	146.478722525496	113.549232384569	123.7664517776	0
"OG0006131"	0	4219.07198455192	3619.28345071085	6047.25230710731	1778.9313026649	442.579756318513	847.73474522596	934.890714148985	540.700606413279	0	0	0	0	1974.2686132102	1947.46095262263	1929.97911762777	1009.36635824152	720.612143660147	806.177203217261	0
"OG0006133"	0	73.2401732292076	51.9410047310356	30.9746542335954	100.940197656774	81.3252136408247	71.9786750594504	68.9311214463657	74.5032403533292	0	0	0	0	25.9439945095857	19.9679573258764	24.7960042059178	4.67985296645203	3.09392071911861	35.7786495295062	0
"OG0006134"	0	20.4370576113448	30.3385943033882	33.712944180836	75.2819670469969	13.9790301228848	22.7610911295924	22.5425222065965	17.0227873520149	0	0	0	0	85.0019601932245	77.8199265859559	82.1349109269077	71.0391614699505	48.8786206453795	113.945992619587	0
"OG0006136"	0	69.8918923642006	87.9339445970404	395.066585977394	89.8189892597444	123.706980342844	332.490470157837	341.408782738535	183.582414178323	0	0	0	0	41.5408441928498	27.4186885604374	39.9030565081105	6.1178212026638	8.42457162845568	77.0273417350426	0
"OG0006137"	0	175.964355622784	200.213252061081	467.773910436461	175.308606334649	287.086770041743	237.216280125133	228.003642355958	273.445058220624	0	0	0	0	58.4215747594919	58.9248607379227	58.2200866340645	391.203209976298	377.850520680833	1347.05116639134	226.81017725762
"OG0006138"	0	487.832320954225	555.663380933993	968.046512059779	235.501349310914	137.625910070242	99.1451978100746	96.8783284535738	117.368615343354	424.15969653866	962.28098132588	795.362866666423	622.721885787871	524.066608024553	549.2952986732	526.052812719422	59.8257444733976	106.350151059043	722.779751618195	1080.78166747852
"OG0006139"	0	46.5891676077779	52.8433903596869	27.5686718815764	93.1941347103382	80.8297599650124	73.7749367510039	69.7375388739552	83.0377723845814	0	0	0	0	255.818191209907	171.57328343639	250.383269461771	267.024743575187	191.077509351314	92.5920115578217	0
"OG0006140"	0	129.54277756016	114.317041410535	38.0201312107094	40.6475924685743	19.3883431884989	28.7473851496626	36.0250739337023	21.5032028901402	0	0	0	0	23.9473474668868	16.3423692459557	26.1570386914657	67.1339189876668	35.3590525015239	24.5548655850832	0
"OG0006141"	0	40.9455689334635	25.7235843423319	9.58678260635945	113.339225817284	47.73736122393	84.2766708580184	84.5727650948643	66.1266527470085	0	0	0	0	61.713895410346	69.936607604346	60.7039294384471	104.560472910553	113.763085221	100.199626134437	0
"OG0006143"	0	104.60347996739	98.1400318423304	63.1304666776536	91.1960683348689	71.6329566021102	70.9267360807775	71.9175682346234	72.4976228109464	0	0	0	123.050903486332	131.561718682232	147.791084024134	128.265106392082	129.797808437626	134.703025063513	308.784455062945	0
"OG0006144"	0	44.573618134706	42.6172356752771	61.8399074046317	35.8226910531599	33.8540588777898	30.3019677485109	29.3150231093455	32.9045645610233	0	0	0	0	177.014487159518	192.639746772088	177.839131540386	69.9491853781862	68.3606140442656	79.1412979806231	0
"OG0006145"	0	15.6416113727241	28.6773799978583	104.405634453551	37.9810740970765	139.037242718457	119.384310905393	117.832865430152	138.086308798515	0	0	0	86.1874091556821	37.0152820061897	36.3775200417676	37.2739589264723	117.079302986351	94.7282713506124	175.652664853027	0
"OG0006146"	0	13.6038975047814	13.3103138286562	12.9002118953847	29.4459242871753	89.2260571368761	84.7302860137563	92.8390689748362	87.3925617439594	0	0	0	0	22.8708798016468	28.00496349936	21.4750022957169	95.5316153379608	65.9175819509108	44.2999946373685	0
"OG0006147"	0	598.697575578995	292.329971720941	997.834489819688	364.326343163449	388.385847898564	485.746853827624	468.240269777664	373.411574639389	0	0	0	45.3465469374867	182.340574188531	132.07090963055	179.572127960559	284.70563495027	341.455512049553	539.457023873775	0
"OG0006148"	0	23.6611340807107	44.7339292606242	2.79365306604717	86.3449133522113	73.6798661935457	74.8308822108427	72.9369100014174	88.9462268474857	0	0	0	0	219.656147525824	156.234944275329	215.14162761478	460.060843101519	470.950312144536	49.4712460091905	0
"OG0006149"	0	2475.72588935181	6045.87738125842	2140.8018946232	350.219298476845	727.469504516012	785.491004522238	902.310899470428	661.135116702527	0	0	0	0	2024.63048490528	1610.41540985516	1998.33634908486	4159.71977027081	3114.67193747217	1888.79074098007	0
"OG0006150"	0	23.39326044511	13.1399416486636	14.8355187822811	47.2048182536574	56.7854951874706	38.1635122549183	35.2770741351275	38.7043064798565	0	0	0	0	23.0649290714133	18.8050694877686	22.7791602534807	5.92292280805743	14.25706433799	11.5825465830519	0
"OG0006151"	0	18.0007349693203	16.6943501528582	27.2264576940051	16.7411982742667	32.6624284139998	45.3139131450159	43.2373335091194	34.963375170083	0	0	0	0	39.1846577823883	67.0129768380061	40.2852876499808	83.1910005966766	46.5047595358439	26.8257860338549	0
"OG0006152"	0	62.0921338920643	68.0781470004645	163.735194040498	66.0715141013899	65.2236351092853	73.4455904178709	79.5064843733355	74.9022512293704	0	0	0	0	163.556768381848	178.268207271535	161.311262552254	87.1072762073642	53.8784242610228	94.4714980858524	0
"OG0006153"	0	293.458523433006	252.64950388342	546.799743174117	564.544871227769	1268.86585384213	1908.59595373603	1968.28809545449	1379.12268126456	0	0	0	0	313.145123634208	279.550461377141	308.866508871074	2016.1957759119	2156.6991370235	1103.23595288627	0
"OG0006154"	0	85.1883422554745	81.3523450870008	110.605718708838	62.2365749647774	113.167435364804	87.0881341331469	79.3843372362485	101.144289875179	0	0	0	0	4.36704021806834	10.7432350888692	4.62985715812573	39.7680020078862	61.8659223268786	145.505905138928	0
"OG0006155"	221.776920688766	6.07641734182483	12.3012807983048	4.66605179659617	193.028119950267	17.6622465114755	21.0245871232259	15.9769324684505	23.9056306497774	0	0	0	0	130.389383101451	138.223758486607	129.499633131856	100.637165196047	84.3407199340157	25.5788616934585	0
"OG0006156"	0	102.460369287243	48.5412498489348	24.0502094116559	245.5481345792	71.8935026379456	110.715983323793	74.1026689473651	54.3218160065451	0	0	0	0	64.0261018942859	95.7167405109588	60.083888730563	454.022933271723	318.284935722823	98.3143688636422	0
"OG0006157"	0	23.9758872887195	27.8757237139273	31.2925996369522	34.0693473869615	127.527835050045	109.060960362214	101.447754322874	126.162913137808	0	0	0	0	53.270165732015	44.9395049834612	57.5406108930395	54.7411951446608	43.1511609899946	79.4138546004178	0
"OG0006158"	0	181.926955188739	121.267530889269	266.820929599928	52.7343182780375	68.5077915311683	73.2568104578482	75.7775916415024	82.5309921039492	0	0	0	0	8.12241261264009	8.75474918700492	7.62716726809322	340.405959345984	250.303390024904	6.87484122136133	0
"OG0006159"	0	133.063609898001	30.7547329405811	108.122627778793	235.225933495889	371.787261849039	278.455873550221	264.553601229278	335.802925605214	0	0	0	0	60.1302712107221	54.5293474816584	60.7833613051682	163.109648054675	181.707727110862	243.29007591351	0
"OG0006160"	0	1.60056830665452	2.32567219238152	1.05534241874591	28.8287736250498	37.9181330819159	23.4635155563816	22.6636550732688	27.3118103200861	0	0	0	0	25.468192749315	29.5106214302892	23.9156574942423	16.2114338629479	22.8558530816099	0.442205359485359	0
"OG0006161"	0	242.243635483636	301.577368330673	339.782245944356	388.37192511144	169.802762805103	218.38310238676	210.994327501096	199.461424844856	377.074306394116	827.951860576237	503.528320676175	0	313.970891844481	313.483032643444	312.523638112391	474.325101966489	319.608741555422	559.295949691146	0
"OG0006162"	0	179.026287133086	137.311832593482	163.938264847394	139.993721754366	13.1252493430492	16.5633363917126	19.464791081014	18.8429207966478	0	0	0	0	141.643110987254	137.89076957088	151.302430744697	174.631386430689	130.90537718909	88.4486182529944	0
"OG0006163"	0	10.5549782993997	26.2630336258636	16.4634595257744	138.648980058518	69.7775025641639	68.9973098203016	83.9429031673229	69.4708995914584	0	0	0	0	92.731744439757	91.5302537493785	89.975336093119	119.089163127707	88.4722431836886	35.3095325330908	0
"OG0006164"	0	280.648190162555	553.74552460606	328.912129459255	130.217419480537	341.462367007235	327.712503694832	374.951864519529	344.33079278414	0	0	0	0	226.827511569677	228.174250868354	230.946763822579	28.3350136317798	117.220593535319	79.4356058616066	0
"OG0006166"	0	55.7733028362571	42.8571764814713	39.8274000413792	69.4584435122285	80.4187687101888	81.991890090061	79.5022823959031	71.3828319454862	0	0	0	0	98.9374924312745	117.024456996692	99.8702970427894	91.9422113116333	65.5598988882072	154.321646908431	0
"OG0006167"	0	105.817345510392	147.783495156155	355.619928361269	468.152076424923	748.13061092749	850.440138609882	915.792002239799	714.579058481009	0	0	0	0	630.618038523668	530.641366837843	622.534063071078	152.677885770425	95.0301445005164	169.911974341347	0
"OG0006168"	0	37.7479375965321	55.4948940018411	20.7556769855927	119.356718818595	210.108318891848	244.999718620742	233.924083662455	252.270948133068	0	0	0	0	67.2509959070028	82.4640199397739	65.7275089744067	160.361792866271	107.315989953491	60.8560336767398	0
"OG0006169"	0	68.1309576632716	47.4495470161117	53.1270654762848	190.225455731103	156.776015956965	175.062855013796	158.943418775376	167.413545311576	0	0	0	0	89.6122218913718	80.7489185334076	87.3979664316794	26.1804012706291	63.2244555891101	139.794023950741	0
"OG0006170"	0	126.556551723101	204.884953372711	231.957782552726	236.527375988977	41.069047537443	54.3892720504925	66.7098692381278	43.47005314869	0	0	0	0	156.936887643747	124.660565960365	154.949075535074	208.402458799993	164.728190398817	218.618818885902	0
"OG0006171"	0	694.97289505718	857.724360815341	317.591698858563	61.6038037041879	76.2108531163108	54.704493839854	54.6184618326979	89.2406121172028	0	0	0	0	346.704027377204	452.545637268021	354.579964769762	273.044175945986	384.137415571316	794.950889024087	0
"OG0006172"	0	15.0955038319925	80.2017454152187	59.0704142430424	108.085223821605	124.426131797241	138.682647897779	161.89277224561	134.769601626883	0	0	0	0	199.981373614644	236.165389158991	199.102639547613	133.836697265399	101.836531458259	312.918970301981	0
"OG0006175"	0	159.305477785108	167.357320552413	302.056475377599	44.3430424013583	214.105145026491	174.826472625005	166.038283795078	191.906751857447	0	0	0	0	165.571936939344	132.559372798521	169.596061798024	26.4642315298972	43.7898693898046	23.298486104619	0
"OG0006177"	0	803.356455477731	411.414976541951	1008.15146265415	280.532246135867	347.449653866933	426.915014557518	438.833513154096	437.566417987051	0	0	0	0	1205.96565708622	1408.84095691675	1252.76690707051	1321.21106420186	812.644563444671	622.121582263699	0
"OG0006178"	0	382.494617551712	190.338194055186	414.731938376842	178.980269110474	283.859217870457	211.364290635702	210.110463282554	249.784832463565	0	0	0	0	9.75598247014339	9.87255544882984	11.450686828825	11.582153847263	31.8836789590994	23.2302581690124	0
"OG0006179"	0	59.778962602063	63.623654284078	219.163708211363	54.2276200866467	269.957879856234	183.313965302454	166.72852379145	222.873101910931	0	0	0	0	114.090380711166	68.2663614132823	113.41933216198	16.5925690401477	20.4493179081718	50.5326187745474	0
"OG0006180"	0	272.762355377005	356.501377648697	382.085392010341	112.166036658954	182.420516195497	212.141819607738	217.171958805611	220.121209535939	0	0	0	0	310.785468775283	256.065497759463	305.591888505427	388.119996181685	381.071560748142	613.326526387489	0
"OG0006181"	0	8.82691852781071	8.32763465346526	3.93703986998197	17.8363392493936	65.2609273214432	62.7495759275381	55.4424840967715	69.3321952119206	0	0	0	0	12.3365081272466	12.5079333773881	12.0394130507901	69.7750801871101	54.2670497474047	77.4304947026282	0
"OG0006182"	48.3160422304826	945.454967092159	1137.74251883762	1779.04137500448	301.6200540624	173.039194074522	213.776328110524	227.763115371896	233.341510008114	0	0	0	0	356.630033191045	374.212824355697	366.587091266334	1606.21738221193	961.760550532519	158.024688150007	0
"OG0006183"	0	76.5275464772127	38.5437162575113	175.461766254981	46.3279545886472	322.861211362575	302.500193062745	323.568200830922	316.258560539244	0	0	0	0	56.600014995248	68.2621320370719	54.8761716853863	338.811611670044	215.13500719834	435.098023916086	388.483891995009
"OG0006185"	0	97.5716495109302	81.8103508896921	100.485693022808	64.5268835543189	68.6842636065584	60.0873031459958	54.7858888990135	63.8071583856535	0	0	0	0	45.9453575281215	50.6489245928868	45.7399794765622	11.6266379660693	19.0906237831871	22.7360606367364	0
"OG0006186"	0	1230.42460301371	897.250572508579	1765.57489702458	212.903824245104	533.350776530502	545.853859082426	591.331967922791	651.992322582585	0	0	6.85300605144513	0	879.106010750078	1171.86483803628	861.759377128933	1691.94842720487	1700.39500004519	542.702844727096	0
"OG0006189"	0	2.24448654015296	3.47583856038751	1.96103821749828	20.9862740365172	27.3815847994952	24.458548921206	26.1658583674119	28.0301053481187	0	0	0	0	34.4088123545769	24.4998828570983	34.1290402452964	0.870867864499127	1.21421098770758	45.4947603412407	4.0209890969762
"OG0006190"	0	54.4261566781258	44.2039439996106	54.9599175475816	65.5588296170629	56.2083538088362	55.8192462944337	51.0051959281429	51.0537748320861	0	0	0	65.4881056043941	38.5549956482613	58.037049145797	38.9847296993228	32.6503005125448	30.5027952367064	61.6417424992751	4.86145461284894
"OG0006191"	0	620.252432629654	452.757909420526	613.419237975115	272.434199037373	1105.48101415617	1284.46563864005	1373.46269043186	1286.05241985049	4667.51799418101	4524.96449865931	3539.25112410201	0	597.363248341983	763.920653498278	588.928967638961	713.788848302535	1039.2112348772	1260.03724357023	0
"OG0006192"	0	83.1004582171941	93.7253696709102	160.432072516863	164.010528915712	195.881783908511	209.241534682354	217.988446489461	345.054495145192	0	0	0	0	30.0221962133786	44.3324405755605	30.9047591308494	5.73474128502879	6.16501769874701	12.5614421172072	0
"OG0006193"	0	1038.15811957511	874.53877415583	2234.85864811291	462.450009894352	425.236102946916	547.668998769982	579.077407876364	434.325979361376	0	0	0	3.45213267263304	461.796165373698	536.586916690907	460.91451600113	642.496652338312	728.014669055729	116.938331377466	0
"OG0006194"	0	463.502280582526	631.858040658141	709.422649078963	131.855938045745	45.8202529483239	55.8662375650581	54.6562796295896	57.261896145796	0	0	0	0	49.610952602655	66.4953250173155	46.5451297619623	143.057240288611	69.0417258657842	29.3373020655725	0
"OG0006195"	0	85.4048144630506	156.310393875894	46.7468997472633	87.07003797565	31.9461071721332	123.208123692758	131.044172269207	45.1052055032956	0	0	0	0	14.9325030644985	10.7280808169263	14.86820123443	41.9198592865432	9.48832631809441	1167.32360251106	0
"OG0006196"	0	23.6392374595544	26.201567608419	16.4402636949416	314.528998846808	154.448471370168	164.501159502213	163.039477397338	176.971760934513	0	0	0	0	63.2888484888103	83.9593724892325	63.4443288403248	0.384101757223768	0.450373800928065	0.169455641759672	0
"OG0006197"	0	73.017084779542	96.921796884131	41.6188403922368	69.0611322200662	105.190120636083	94.3933753343394	107.038130302055	108.332144480801	0	0	0	0	118.554343253108	135.79752619009	120.924602065374	58.3527612098997	78.8687368255441	174.334138912023	0
"OG0006198"	0	163.434856695487	147.564761074208	85.3988363863159	157.594573630774	95.302134977903	125.019868057292	138.290699695064	105.084600871042	0	0	0	0	171.37770345401	154.906205321092	173.810255608138	150.308066783815	106.286752209304	185.869681019646	4.01198038663731
"OG0006200"	0	18.2936018477316	20.6308268131806	19.1679209485998	81.0150007289084	360.085720397227	247.080372568618	238.232559488414	302.176859341926	0	0	0	0	12.5703647964731	14.539022798488	12.055674364764	188.494936621211	222.30712035644	355.832433014384	0
"OG0006201"	0	42.5080095815317	32.7497860012102	322.37889374715	119.12460220633	654.993122382263	713.275627913633	720.727240054307	782.951929939367	0	0	0	0	156.669609005123	273.499224773759	163.593401184587	262.045286613145	345.356149935999	638.284101036869	0
"OG0006203"	0	45.7533458632468	51.7175428181711	44.9518397052859	43.6181918235067	94.4586206552835	100.80741214872	110.594162376065	107.588321810841	0	0	0	0	107.240958053727	96.3350633991945	115.24147418852	877.45379007248	445.252014216219	50.7721933799273	0
"OG0006204"	0	30.0287589985196	22.74343787901	8.42222367690818	31.6500729441358	93.1284207662579	95.324372906969	97.5293451640508	93.3884137986849	0	0	0	0	23.0558174737392	23.1040695702834	22.7890997691114	102.849974278449	86.222341019164	26.5360947470829	0
"OG0006205"	0	14.7131383289109	0	12.0771300968392	81.0815938065711	55.0918627129953	56.8497947380681	77.9778339625782	62.3114649221697	0	0	0	0	102.614741492646	138.388168040704	101.833875006839	274.0604846881	305.323182831517	22.5536520223876	36.4269490601292
"OG0006206"	0	44.9847258670198	31.3420033731895	117.903033184717	72.7040202092464	142.140498036738	100.257098193316	100.14616283403	107.266396868305	42.4849938246802	58.0555639530953	22.7706380636113	0	16.1691159322113	14.1869540348715	16.6436562092363	1.45439561385864	2.53532946355612	166.947588173613	0
"OG0006207"	0	412.803331981631	352.774222898187	297.468670259889	90.6805885855536	420.905877776258	339.47933515984	363.549291621468	381.500548453933	0	0	0	0	54.3940124032712	42.4979635364365	55.2790245618861	9.7713992384875	15.0738240639962	121.574901237003	0
"OG0006208"	0	2120.78035888068	3435.70924922007	3985.27378792184	1178.9304133795	2881.69021115409	2206.59259034241	2305.66196558749	2852.44424752103	0	0	0	0	974.793566970726	948.005742276192	971.068457355346	9129.7682623778	7221.19522281541	1365.48647000709	21.5793718137344
"OG0006209"	0	10.3237648768013	4.65983416966897	8.85627985780944	11.6716563632575	185.064267664549	147.114593090589	141.132105814017	145.428964030801	0	0	0	0	15.1392156560469	18.9086892049252	15.7665728697076	3.65900972980713	32.1947875235325	23.50183820157	0
"OG0006210"	0	42.3824407814316	34.7146488300066	220.602452469484	50.876755075069	189.956522305082	137.026639516972	136.932064223188	138.092560157316	0	0	0	0	20.8503628966197	26.3003938354446	20.7488881063732	1.08129038598761	1.71575266170571	98.7826868341364	0
"OG0006212"	0	1.69285595627599	4.40598457205954	0.999429485607025	18.1379812271029	9.72663579679764	6.90182997072235	8.00202847862782	9.05602151521582	0	0	0	0	33.7692304578433	7.9892916615879	33.3556210465147	7.73542331847046	8.78879328894572	2.11823547329196	0
"OG0006213"	0	139.708597587166	176.481046511812	363.107308523305	241.034439332485	98.4518500226566	76.7872062202989	78.4607454945195	86.3642802582777	80.6210102353408	83.5796613397892	52.8023179004891	0	118.44845041854	98.4108185887672	117.840803567169	36.4082810414295	82.2706718264932	4.64137733216332	0
"OG0006214"	1934.34290526522	15.4001776842378	3.80945927183068	2.36061776074311	24.4261764593402	208.567240422168	148.26435222936	140.046111991398	177.744066416771	0	0	0	0	12.8943040092027	13.0196878988557	13.9561234361361	29.9068100782351	24.8340864437478	31.8748308300588	0
"OG0006215"	0	40.431911125825	27.2468280450734	15.1098177483319	67.1721359882586	38.0088663659608	35.0641799126934	41.7657720331335	37.4528232657494	0	0	0	0	139.368502484662	105.00885875141	134.088489837797	56.3347899005197	72.8009937798286	46.3905571795888	0
"OG0006216"	0	214.209720975088	48.4476302536333	1108.81323217719	144.524857339251	179.85834144054	256.549249412343	287.815168712025	211.283363847892	0	0	0	0	51.6716272039966	67.7218441183534	51.4944849399457	104.417405970811	127.852769886757	66.0559168107389	0
"OG0006217"	0	97.3175688267561	70.8214145472304	78.5841077196364	114.434257174176	45.550716825629	45.7652194810988	35.5432954867101	44.0459969911951	0	0	0	0	9.72761056170911	13.8679458881115	9.42025833918197	50.2687516554524	60.2971319838726	19.5744482374465	0
"OG0006218"	0	224.317983949149	225.680751088217	183.505456131726	353.718860623977	85.2027157954345	87.2720248280179	87.464884734553	85.5245168137382	0	0	0	0	78.9522923825802	106.374172874566	78.4285533695895	129.718066805195	153.719500580051	52.4622663742993	0
"OG0006219"	0	83.6044713294741	54.6719879654389	214.373445793727	164.301017238027	144.591118600546	148.030651241922	177.675544377528	144.111083797296	0	0	0	0	22.6273947194847	36.8896319753092	22.0917101980042	93.3138352856189	84.0774727698777	170.551638981615	0
"OG0006220"	0	1114.00379646112	1153.720015677	1246.13081611224	617.474035918227	632.977032299097	637.723151282218	669.972700049275	703.931013750852	0	0	0	113.81091139355	1062.23037798557	1113.71210651583	1052.83794003527	739.563933658285	1017.31497543021	742.170787894457	0
"OG0006221"	0	1872.60575428361	1938.50088685676	3109.14902509802	353.790112476621	536.723723933714	563.860615197247	637.566035820088	646.735891880246	0	0	0	0	2126.0479179882	2932.32183660898	2086.60709398218	5565.0129723635	3858.13226957686	1602.33994822187	0
"OG0006222"	0	13.1667721731069	9.09713391181433	27.1674383235419	121.189535705049	273.107184975225	245.225168069403	292.283754367736	314.0616743103	0	0	0	0	6.7780669608814	7.53499708790383	7.07222736286449	34.505963591219	15.4258267790135	2.09175664206923	3.42349928164237
"OG0006223"	0	54.2866715678343	64.6829753143636	76.019035080275	78.85113677325	206.289196807462	190.392059393476	187.216134137823	207.66610956194	0	0	0	0	47.9363163153397	52.9712095445119	47.4045075717586	84.0851689700651	114.467096328543	56.5599376403011	0
"OG0006225"	0	74.5426059486036	46.3847516982911	14.8181565350451	33.0342772045247	36.3497513854769	37.4847736015304	40.5585004480691	43.8224100584497	0	0	0	0	36.1999885102775	42.9792188942454	35.841755154745	55.0533708444733	40.1639283105087	48.4888880293766	0
"OG0006227"	0	52.6636663811712	51.103030846236	151.684690146134	23.5831574243357	65.8249720303317	53.7088493168857	51.7332754557727	61.7713603799079	0	0	0	37.5405477586155	26.0661532644825	36.7094367212713	26.882618243245	63.7880924884088	36.3303323420321	42.6877822799867	0
"OG0006228"	0	333.759868199086	379.26513534076	503.227864695264	169.886340348497	787.291873242366	730.367935260233	733.637005023545	778.758756961296	90.1578609059457	232.698624173188	194.438739913559	0	139.475746911164	185.672594073818	141.905724231732	1402.17725264237	761.411669095571	470.118442236681	202.812722854128
"OG0006229"	0	27.3153847043436	27.7304210388414	84.8645785661187	87.5159101458446	27.886195045257	30.2279497066315	29.7827466663051	25.2685929504305	0	0	0	0	20.1713863622336	29.9268873592864	19.3733211997547	30.5525511977832	33.2048163625002	16.068322702788	0
"OG0006231"	0	114.864691995024	152.220451595523	92.2242081719018	NA	NA	NA	NA	NA	78.917082691492	70.8059178724999	111.373091161722	0	12.3036272358093	8.78328258425587	13.1661096428209	25.1934955126034	27.7038857976881	131.795548088628	0
"OG0006232"	0	356.650982247147	717.473114169178	259.793207264629	455.52131531597	30.4283918294148	34.0232417806118	27.541788632867	34.4608075791285	0	0	0	0	696.110669797438	428.124861616663	672.076912600363	569.440368261166	330.430073579438	179.393748606519	0
"OG0006234"	0	238.45835182145	525.556655182298	257.988883267413	531.108569146984	1172.67025961461	1289.68832451248	1382.04704053473	1466.66488780603	0	0	0	0	995.194980835082	765.225207568833	983.365121338131	3539.3548460516	1496.69544208699	1330.81318405894	0
"OG0006235"	0	158.511086748058	102.355259223934	176.944612600195	320.797764246921	60.2635489148294	89.5387424774983	98.7370514364358	76.1528541799628	0	0	0	0	48.4195405553231	56.9942398508593	46.3807807859756	124.0135756909	131.809993612224	79.9176848340774	0
"OG0006236"	0	898.813012925914	5206.4556977168	249.766662862552	200.976538158209	99.329915868411	125.115616166512	123.456994879777	124.173743947958	0	0	0	468.860366438639	1421.04414632946	1263.01087380598	1408.05481784125	96.4125682058985	79.226893013992	145.232727054527	0
"OG0006237"	0	27.3554672286021	18.0691849926811	20.8432735106938	56.5734229075737	40.0044436713158	35.7894209101904	31.9929867957546	39.4234817714038	0	0	0	0	12.4696688006706	13.2375901267137	12.0440581485905	15.3771499157267	44.5936154042502	7.85078479864096	0
"OG0006238"	0	323.263224750645	333.768238853015	304.460809190959	117.015821413676	79.5839115082488	75.3007949170861	77.6655835706179	77.4418114694119	0	0	0	541.173559269322	134.638926159358	132.404494233067	137.365748674542	186.025334506289	115.672620725063	145.417834726277	0
"OG0006240"	0	88.4550271499602	39.0799180823358	56.0847212254111	58.5791625594815	2.02415690247012	4.19243621721634	3.12719854266619	1.83379010430451	0	0	0	0	110.549857888239	133.085364234274	112.428725131814	55.8270113832874	39.1301485591763	39.4050286729737	0
"OG0006241"	0	160.755811812935	399.23793423533	513.424964034854	202.572853703006	441.151331406393	490.769496502872	510.844539162647	512.173780938982	0	0	0	0	967.849733146102	840.758292567181	918.097678402967	3710.28346609269	2321.15490161874	375.684675930442	0
"OG0006242"	0	361.39969838116	463.058848439736	770.72426546858	35.3011823009287	123.625903078019	115.18551864348	131.017946134198	110.189877752707	0	0	0	0	287.051569626861	290.985253088234	277.772682456062	168.49890692886	176.944297117079	216.806805657886	427.767222484014
"OG0006244"	0	182.900758300737	118.619460274891	9.85052925253536	127.947499882675	415.829808362442	631.603421067384	675.045501080613	639.120354958389	0	0	0	0	97.3045468944946	93.5430794134906	96.1771318409582	124.014303149915	65.7442286781931	242.381405879764	0
"OG0006245"	0	51.7064044402451	27.9485574794301	47.0775800038086	70.8950452888689	36.8594116183017	53.6604320105922	55.4542206544276	36.1202929323203	0	0	0	0	38.0628228112412	43.1703152165441	36.3242481983157	47.2032393635536	31.9822594391853	34.8710892539845	0
"OG0006246"	0	722.501759389431	345.332903231995	508.009538015326	219.663432696253	346.234882253635	324.121610066776	359.215459035141	368.131860703559	0	0	0	0	149.947963989092	111.248082192047	143.801535148648	515.499282251604	433.857253790091	291.757656584987	0
"OG0006247"	0	109.423735629639	90.1778457791748	243.774540291722	81.0010244039669	560.139015597271	632.776029826258	650.796613797023	597.755514881179	0	0	0	0	83.4307530391012	200.194246645504	82.9507539635972	127.575700004141	77.5767250429635	1098.40273386945	0
"OG0006248"	0	11.3789775141365	28.5329144776555	722.201999253059	24.1091605241952	434.179019597583	728.833249254294	735.160584082228	627.289613320206	0	0	0	0	30.2216320000499	22.7954442442767	28.3737015805137	326.448445699275	281.107660985889	8.70068203684777	0
"OG0006249"	0	897.682613147343	1340.46744824738	337.90736864565	413.567676388444	315.027072091247	373.902478085982	386.096522940704	338.867500155836	0	0	0	0	514.562365543916	491.295658657828	509.397116749968	1466.5816241602	2514.87150637185	1001.09069863365	0
"OG0006250"	0	56.3488733657127	48.4647961594033	202.88430077643	89.3470827587763	76.0567452693427	73.1548828607281	74.0641991194925	69.4129908273812	0	0	0	2.3104213984811	99.8954778969894	130.655557817017	102.433780014243	27.0224835784979	43.4927475151048	132.682693251862	0
"OG0006251"	0	54.2565967113403	50.0371221140015	161.547428187362	53.9160028495673	72.2725291394911	89.0178999259251	96.511452354992	71.737075134206	0	0	0	0	35.9678105701075	81.2236809052032	35.7175387128184	119.721082525958	95.6370702053261	249.45456089574	0
"OG0006252"	0	297.914787514215	451.105416861238	286.629229123262	93.9946218702265	149.557309174968	180.58500837676	203.048243280628	163.965427372387	0	0	0	0	350.791940736695	309.696370855451	339.551094532192	342.316751693727	235.115107380843	306.528094642071	0
"OG0006253"	0	87.0661910183441	75.3113509557926	125.698375440219	118.207919717516	88.1234396318678	75.9304915247444	82.7057902976997	90.771641873207	0	0	0	0	190.815304859232	157.745010288506	191.770328367996	6.19023974767057	2.20388595463235	34.7106182148057	0
"OG0006254"	0	11.3545546565353	9.38515566378182	190.906190704463	45.9867404281621	46.1481691412422	54.4119528082794	51.8970294142293	50.4713547651512	0	0	0	0	16.939555452589	13.1189293181043	16.2188901359382	2.40052988138713	5.62038372943404	82.1256597963884	0
"OG0006255"	0	9.19072058498734	21.5582082354198	13.4086242726837	41.9613122039638	21.4871955040115	24.9383759706736	26.4130505570566	24.7655852277187	0	0	0	0	41.8749251488876	47.0970229689148	39.9497852199141	17.6849651455708	8.77547953050064	4.54733642026835	0
"OG0006256"	0	207.084054114026	180.120761117018	187.192019511281	229.124582544929	76.1227280673424	91.2737525417351	103.211432923088	79.4186318196696	0	0	0	0	154.579730067715	143.372279414372	154.747024195775	277.066102854378	242.092765858029	72.2283920521813	0
"OG0006257"	0	38.2303797772578	49.201319027305	29.5209124091325	69.6158004883353	44.0111367037584	36.1346573550664	31.3105277024212	36.5313131177412	0	0	0	0	97.4102652036728	111.39913049144	94.9873202429401	25.2070611077054	24.3197041345264	52.5443884828694	0
"OG0006258"	0	31.9765726353187	36.8374736173928	111.768349999391	136.556093909916	30.0338824005002	40.5900681309819	45.2933320876446	30.778853924843	0	0	0	0	127.372526627596	135.727235148846	123.806090237512	140.386253269527	78.2319095736935	163.677796542655	0
"OG0006259"	0	33.5073138526283	28.8829719693838	13.5933524973843	14.7124113884847	74.9240498194094	53.2165274786972	50.5977490129724	62.5842208598102	0	0	0	0	28.5341624534184	25.462459098263	28.0362550138489	1.42281647734772	5.36411971203194	16.6065996240531	0
"OG0006260"	0	943.494916099959	913.674362958861	1813.56954724635	559.066699941851	713.714116677348	664.292232993893	755.224301843135	754.722847311336	0	0	0	0	1141.00855425527	1023.31842316216	1119.66992689773	440.835313749898	352.953697763389	132.958801097973	0
"OG0006261"	10.8938551544071	357.948867864469	383.887660849111	1825.51452794197	414.07466072456	422.983808716795	470.723916819807	459.765591285776	400.312471399669	2465.05622254015	2358.92431906639	4207.5804413529	2553.39022834065	96.5005605405746	233.039224883981	93.7490440968702	496.340109286525	426.482037212471	652.950665724194	368.772919533695
"OG0006262"	0	168.331206670305	126.124337347209	265.682874184718	NA	97.4863376242175	94.3385748207644	96.0615509781767	98.1246087638091	0	0	0	0	20.1676404378927	39.609478290719	20.5431359641926	186.281400079794	203.551469600229	79.2837909365744	0
"OG0006263"	0	24.7327841827161	20.7533951832434	15.5028916636725	40.3714633128862	336.299726386624	257.168556331554	226.970535490679	288.262408212409	0	0	0	0	31.324667980523	23.0049472883928	30.6732680087793	44.7621293934108	49.863195319303	27.2128253120292	0
"OG0006264"	0	17.8028631548697	17.0232713276294	47.0232232863134	83.5630765976662	97.1156907715349	95.0405239023306	92.5956440753033	99.7640366840577	0	0	0	0	11.1419051073279	20.1575644311996	11.0120201788507	15.6417025110804	28.9542546755571	93.8096382811066	0
"OG0006266"	0	176.125100545425	132.716214600134	187.753991895317	300.600604478428	5.48852017039535	16.845351921919	18.2628806395702	4.96944593374227	0	0	0	0	355.627651905002	373.066722971337	349.041952803264	133.429320216642	45.1662868051713	118.440500109364	0
"OG0006267"	0	14.1678967366336	14.4678924632081	32.4882063527492	62.1825879841208	88.5284929898152	115.347950896852	113.922852981404	94.9433364215179	0	0	0	0	19.3641396667576	21.7276161041502	19.9725318726594	54.3078465966135	37.278239770771	52.2241877230054	0
"OG0006268"	0	73.7103620749313	83.1600875129352	85.0602872893802	45.4123682821814	2.35263358845808	1.85568663508437	2.01867661497048	3.27919537071012	0	0	0	0	26.5434811420773	28.6273370577691	26.4767797283981	33.7212414267333	22.6720531924577	8.5007036048974	0
"OG0006269"	0	54.0594626326008	42.8387090494832	68.9939870562124	86.4822101913431	270.734800942857	239.751907357955	257.701480098974	263.6099997223	0	0	0	106.734991662016	33.8259742747118	33.3635235893532	33.6270364022951	89.7194602893512	149.978968445482	238.597574239487	0
"OG0006270"	0	11.9319400480207	3.96841309709423	1.57379261836771	48.3372568331871	148.822563804476	173.404579249856	161.443595347662	150.771534805654	0	0	0	0	17.3662439826116	14.3055969728772	20.0608512209717	50.0923428441602	48.5101503157055	44.7942809503025	0
"OG0006271"	234.17215694702	320.562047988612	570.93924112355	215.537783860669	NA	128.562681639876	129.981793121628	127.112715245977	128.06199364452	0	0	0	0	952.734234740651	988.012067106548	931.088676885062	256.221977192962	262.041639741407	66.3377953996145	0
"OG0006272"	0	431.318554409804	368.067897718366	184.417127488361	220.118622416408	240.135763946202	249.405489774076	274.189170169123	262.642967375387	0	0	0	0	853.744715582418	812.504868107626	861.946847443747	1839.94996393644	1856.99962141408	650.680544301343	0
"OG0006273"	0	58.5894501745214	41.6894831148999	56.268405212071	63.1801139211264	145.884137266141	121.44051852751	110.405508078927	136.785405075651	0	0	0	0	15.8532373937117	15.8753508024328	15.7130674531907	1.30397028553124	3.05751834755868	85.5854420352811	0
"OG0006274"	0	17.7023197984179	4.39322708826205	6.03231341240067	40.9456992582103	58.5260203989599	62.5746488854451	53.0125095267615	54.8230003262622	0	0	0	0	72.36015923219	65.3790079724661	70.8873863725809	23.2001229267292	23.877426188739	186.664440586353	0
"OG0006276"	0	47.431806492625	34.4339963226789	47.0315817752053	90.2807560739901	69.121448200874	55.5116300286415	56.8307305029768	66.1219999255735	0	0	0	37.4573751778	73.7329711341812	72.4474274250718	72.9585861840234	14.1437431547124	17.11816255513	472.197685245018	110.691326050529
"OG0006277"	0	189.504263429221	301.815100864946	544.538969991613	NA	90.4686869205667	136.515073680541	145.430438935829	119.501053707826	0	0	0	0	265.54927022008	281.687773666671	269.933645958849	259.236082381089	249.661831515611	518.505676412747	0
"OG0006278"	0	56.6734744030453	32.7384662880023	92.318074738231	26.3316154263733	71.5505474725648	79.4050613860674	74.0562298519483	75.2650455493764	0	0	0	0	39.4111474670776	150.235186924356	39.2089997426	166.025788762029	137.507279200139	124.194374548744	0
"OG0006279"	17.0119286858557	2832.52776441344	3800.22257142208	2303.24626999993	225.984842253645	3050.12559284674	2947.99600448872	2859.38768444792	2864.33975140351	3454.06977560292	5341.58712587923	3443.06961367411	2672.56690093523	3332.07600714677	3548.26197768384	3310.75353299112	1706.436985933	1717.26666408753	2569.96921688789	1609.2519679582
"OG0006280"	0	34.7396741491116	33.5166501787797	36.1756838576895	30.271174206313	70.2736998644449	48.8991962734043	47.5118639711197	62.9707955194161	0	0	0	0	6.09686645734036	8.08006837154767	6.44188967435566	0.905881675971923	3.55533179321405	62.3883878323284	0
"OG0006281"	0	919.50762538589	1029.90833285198	191.558962119981	414.888576118216	1020.01414519128	889.411656256281	912.155118324158	1086.65387097098	0	0	0	0	595.396638062981	621.033263131135	596.383342823556	2821.01525663357	3428.66836682335	574.912467418147	0
"OG0006282"	0	678.208755221775	463.888342178087	565.959565830719	153.771911736463	399.945656746431	418.438251100818	487.946660071464	433.939732306299	0	0	0	1255.12726663159	1041.02705883637	1288.0297189947	1048.06320998386	827.58162482372	792.890617367952	594.683919935504	0
"OG0006283"	0	53.5120884535093	28.5695179765123	34.7011321267035	56.9913424278852	41.5540682729492	38.6278430501135	37.7570855626111	35.7312164588027	0	0	0	0	15.3152116679995	6.96459124507246	14.6483749319484	35.7242998262928	42.5199998980945	99.8196449185672	0
"OG0006284"	0	595.513270503233	329.956650176118	393.28312121714	625.840647692069	522.149794235929	437.89345201682	449.201530229142	476.848806092234	0	0	0	0	485.475956726084	328.746434406296	474.890775137746	242.044285950853	197.963381434102	266.56170586911	0
"OG0006285"	0	36.4458000167403	9.98343034218088	28.9449520661924	81.7716405948624	110.147432112373	78.9684228454395	90.9771582849565	103.070683701235	0	0	0	0	34.2808266062609	28.0736461862709	32.9873460280806	0.397482393712947	18.4165142226844	27.3730477653659	0
"OG0006286"	0	12.1180930390789	56.8610534876891	99.1046888345275	110.164133645266	841.616415393594	623.199317523355	586.80759739427	610.943119851377	0	0	0	0	8.9257885196305	8.69763473755979	9.21730436503358	0.41755662524948	0.984167785783368	579.986282017909	0
"OG0006287"	0	8.05451324792146	8.27626913517095	4.99757869275931	7.14656082011891	27.4849707983794	19.0270506829288	14.7441592272446	24.3327470823251	0	0	0	0	22.3902264034124	23.9020146618647	21.6271897540709	55.0450995142223	42.1555038186363	33.4996056505354	0
"OG0006288"	0	36.8811076378916	22.1309671668338	64.257615669926	54.4117513166121	117.008755194522	90.3183222246392	88.7421409782332	102.929841538876	0	0	0	21.4318122010832	15.2408481329346	16.9461573765103	15.2659160356349	0.871137020953356	1.58598751756043	17.2377413211608	0
"OG0006289"	0	23.8777249006689	23.5538180032559	26.753873275421	19.7260479997276	48.9019659327782	38.4971231137669	33.6349457014135	48.0440281232397	0	0	0	0	79.0667512003574	65.9574198457579	77.6113233642849	62.5390453585583	55.9033078215503	37.8744945208724	0
"OG0006290"	0	164.293755707057	123.021158591152	105.444056350079	139.15349798435	227.054077678367	297.164103401385	322.723458471233	311.547893216048	0	0	0	0	91.3304912603622	60.6093438432723	92.6269995459849	140.894747121458	241.373236226072	100.329245894991	0
"OG0006292"	0	2263.05517137801	3649.44770287393	2640.04932610053	1422.32674200887	280.222672241427	311.497120006413	310.027690794403	301.202910638825	0	0	0	0	1512.56262749656	1544.27630553839	1507.30299117265	5821.18766472045	4316.43025306688	478.501111956883	0
"OG0006293"	0	31.6475673132283	58.046690483221	20.1902689625275	45.2728790783528	53.4003390243266	54.8239413037676	53.649471347206	51.7503776520767	0	0	0	0	58.4921230012466	45.7555363173669	57.5892143079912	65.949130737531	62.7162239145649	19.8540185292164	0
"OG0006294"	0	0	5.5138415820326	98.158661087602	52.3643567354667	7.13823995516742	9.05566603194908	7.58456926550622	9.08400509234959	0	0	0	0	51.0105409267871	45.8350009351806	50.7699468899154	16.2190624831585	9.4326701143866	1.14348155682837	0
"OG0006295"	0	176.364143801352	137.272863088996	178.354451616041	668.939797173628	277.955172555754	331.689785082791	362.553133178439	300.159798373851	0	0	0	0	442.843869277538	447.419752438283	478.100683528058	530.453414749737	454.626527714115	766.144672854154	9.55056527989221
"OG0006296"	0	9.19191320860693	17.4736474580495	6.19304610333258	90.8400831172397	52.0674754058611	41.3639980606142	40.7643248943706	45.2065615594221	0	0	0	0	22.8239170094463	35.7092666867766	21.8686205233758	4.02082444425384	10.4939870425528	41.2307585126378	0
"OG0006297"	0	209.929239244767	326.489292122183	98.6009996125912	NA	215.294267145058	185.605265090614	174.899486252438	200.400163007367	0	0	0	0	144.258321128995	148.551776055229	144.990930145967	38.8769859568989	42.2840993959416	138.30983330207	0
"OG0006298"	0	25.5375458599369	31.3451209335484	9.1797820828119	27.5067777129303	31.7618687770222	18.7731497854736	15.42961766309	17.5786171732081	14.8875883262682	51.7785943288639	29.2498727263641	7.5966019269826	6.40185406766347	12.9848938334396	6.47353744083422	4.7842930448955	6.8924362293649	119.750236765234	7.95009222606352
"OG0006299"	0	231.35653743278	98.5854235875577	13.1886206734311	93.6297849801343	108.460420115443	84.456942138548	73.2662653394432	91.5870488297057	0	0	0	0	21.0207053375762	9.69956812595303	20.6520770471343	12.2138343964705	33.077994186336	20.7372085141408	0
"OG0006300"	0	6.65577315494262	22.8034694728258	4.27406378859159	54.9061295557215	116.631504512603	94.7075106203338	94.8719566774832	100.495347036915	0	0	0	0	16.7906202755514	5.3392836654621	16.8860067228755	9.64272386293805	12.3560573134314	82.1110109878327	0
"OG0006301"	0	62.0086502386928	54.1515595114779	30.0317796626116	69.814209493388	70.6243465485832	69.6638796359786	61.1007365010633	74.1244755381272	0	0	0	0	46.9894298847091	51.3789387542865	50.5619242739221	60.6721430380924	52.6638158502125	72.3819825903718	0
"OG0006302"	0	27.4699072428822	31.5657625565684	54.7952522769754	40.326082185801	24.6441588451416	22.7600046262253	25.9240273213878	28.0620463385109	0	0	0	0	43.6621472733394	39.0454224690712	43.3227927841134	21.8669330374032	22.8706146048326	71.8810155329299	0
"OG0006303"	0	22.9578724514974	20.4567723049286	143.014118847984	33.9868898102622	538.58326315248	288.39862099279	250.291567474404	399.708249014918	2963.66010766975	6762.15586746218	6618.28008503947	3.29896104678191	17.0003226696756	20.5483945342549	16.9322494005296	24.6983854101723	126.884234175566	193.53127379237	2.4336135669646
"OG0006304"	1.82767156017362	28.1147651224514	13.6234057804772	119.347862625276	36.2280044764652	165.068938228817	128.951631744818	122.634356370341	130.917939454551	0	0	0	0	32.1219511425648	35.6906217430588	31.4695230143093	60.9007033862158	119.982232289903	176.629049827713	4.17967252002453
"OG0006306"	0	102.893343514356	50.9165339319088	64.1090242819199	37.6661957175107	76.093760009684	61.5500083038691	59.067341663209	62.3245431229602	0	0	0	0	88.2931709405702	89.2601509605756	89.9653376763289	115.247694552461	104.949698855865	92.4277673406816	0
"OG0006307"	0	831.077176653133	801.386519317647	1585.12409209385	954.826894081222	158.992460828374	263.817956937819	287.169658040942	182.779802480771	3.48859559182163	0	0	12.8472189314975	179.283407406629	154.298962207154	175.930475435232	188.632547618336	152.528169955861	144.768226652324	0
"OG0006308"	0	152.377371619292	175.860095293183	365.33971927861	47.2278106784142	23.9131870913558	27.7318440337855	28.1045638172633	27.8753675974194	0	0	0	0	92.1186614892871	102.307061745744	91.9012811273058	82.937602372896	74.5759723222079	297.171501104558	0
"OG0006309"	0	100.550615899869	97.5072672967703	84.6878885589108	231.206232824461	105.711212707754	88.1792551394936	105.390665357002	111.944997449179	0	0	0	0	382.406848484673	211.997184706681	374.13172993584	169.350033977157	122.610536639726	87.3779235185565	0
"OG0006310"	0	5.18259260682086	2.67938539476875	1.26804528506177	63.4925258904084	4.62877929593811	4.62531953058191	5.32102198097453	5.69231833205149	0	0	0	0	29.3268416653463	31.1000329239216	28.7387132268011	3.5983760208537	8.80860779511772	3.94004120787622	0
"OG0006311"	0	38.4935866247818	48.503300974328	79.1945471542608	120.153643385851	22.9905378066274	34.0640535633361	31.7697024087426	24.1856173234319	0	0	0	0	60.8098096337593	65.7822879294368	61.6283663908287	107.280199683685	67.9888318343814	38.1285403734921	0
"OG0006312"	0	148.661571246248	112.241451373968	67.8722760326597	173.196262949364	83.6017034133574	81.5074454012835	79.2485698964495	86.1520189478213	0	0	0	0	70.6176107239526	58.6526914434768	68.2700230439809	178.11349025221	106.883836898632	125.295254706872	118.966915769949
"OG0006313"	0	49.4974062307551	74.0401100487291	73.3981333066917	47.3506927196651	27.5622744464984	33.2457807150365	36.3572474945233	30.2679238304984	0	0	0	0	166.12203286571	137.005579000632	164.498952238588	61.5607342256943	53.4509078384581	47.0611174888102	0
"OG0006315"	0	49.0371053667932	36.7337683431921	77.4736601048925	NA	24.3456546647883	24.6007450493669	24.0897192763658	26.3625089953982	0	0	0	0	4.79046840653494	14.1831833374895	5.06086529857257	0.123002407659163	3.74408057765183	37.6945805176105	0
"OG0006316"	0	19.7242835124352	24.4764674142361	5.5827048298233	69.7095240791199	18.9730788676988	23.5718263607831	26.7660166613794	21.9159836025906	0	0	0	0	78.1323511657265	74.2267438674225	80.1838309838458	51.0922352611547	33.4692936535734	35.695639614357	0
"OG0006317"	0	67.4204651051994	54.1881166180674	108.723741907481	47.2624500406223	55.0549589613807	40.780477846055	38.4618586050683	50.2570734752759	0	0	0	0	10.7379695992281	19.6411099409573	11.2045452488195	16.7157957476701	33.2829767354614	142.566199994093	0
"OG0006318"	0	28.1376727634524	87.6357351031857	37.3393225266866	179.537403789027	118.386125292379	140.863803407105	143.305542416989	124.4227327707	0	0	0	0	265.808085844452	346.637887150188	262.638759408746	343.317007840229	179.238956977016	216.521819745983	0
"OG0006319"	0	371.248176818953	372.158767844082	240.746760695985	179.655517437062	450.680546005643	473.143559818198	495.448638746057	479.623145186852	0	0	0	0	131.187958675768	83.8849116404565	129.771395654886	7.30364001973849	43.3379396788331	151.521061054547	0
"OG0006320"	0	254.378425253389	203.021932704663	544.890509485121	109.831716348126	NA	NA	NA	NA	33.8446636700999	124.158149471554	7.98127032545005	186.336485924855	155.931731278923	122.589958677603	154.794933276228	21.9410368624629	32.1128137570721	361.050960086545	212.884355191616
"OG0006321"	0	75.8482225514974	89.9148212357594	52.4416007240643	108.36255795574	22.6499134045065	25.4305619959412	28.9577101318168	26.8123236514332	0	0	0	0	82.1536703147122	83.3073932973501	81.5947186864443	87.3406693082147	116.718985621194	98.2837395366621	0
"OG0006322"	0	96.1042039268227	129.339785390001	216.155683540043	61.1976681441213	723.75193711652	948.26890177787	986.702544848378	734.537147398909	0	0	0.996978307310906	0	65.0834237240054	72.5058047305122	63.2183229607993	153.131335223506	282.707772253169	130.954133842285	675.813130972811
"OG0006323"	0	76.367838618589	0	0	167.756184000051	81.1389745574885	101.121819060556	124.699331242036	74.1365477234723	0	0	0	0	165.561531593952	136.406318089683	160.16769363189	347.871386250801	210.280169310755	1023.87789692935	0
"OG0006324"	0	1903.88360503745	1485.00719607772	1178.34443105531	322.655793327387	1465.62833329669	1994.99673867661	2180.54374066418	1712.11882377704	0	0	0	0	1877.46421658419	1710.37761011993	2091.35634195746	3120.78705277038	2548.14170871222	850.509824746413	0
"OG0006326"	0	1102.83050555733	1521.29337182653	1947.76806174861	431.180586270684	758.630810401929	1256.58908593907	1372.46428610434	906.252729134944	0	0	0	0	50.6292197026716	59.7968270614289	49.5693036737081	886.118578656379	1120.78421651953	1015.31336003141	0
"OG0006327"	0	29.5658654745151	9.05719944816933	22.0027526024379	77.0246229352988	7.32575540886026	11.4080816345045	8.69715146256783	8.70027307588577	0	0	0	0	193.79539577937	257.896638952562	188.950635966298	38.5476895091534	53.9242228330727	1.13997472084078	0
"OG0006328"	0	75.72693305606	62.0802763373518	57.7660984259454	33.4160227073403	171.823312573956	191.756979248315	196.299722628399	206.611679623205	0	0	0	0	41.3413390372092	50.4839193519993	41.9166959895602	135.811748492856	121.67942517491	42.7006217032219	0
"OG0006329"	0	10.3062903481142	52.5789544363871	37.378341569945	NA	103.534279823036	80.8036628452855	80.9226956638324	94.3574581764893	0	0	0	0	97.8629670971742	79.7487604126487	95.7362294338962	150.333285363023	211.09318858979	65.9741054344715	0
"OG0006330"	0	193.02250310702	148.294737941202	300.303072458849	49.4348094094804	7.50739955891277	6.38649395402617	7.56655872085626	5.3196461978908	0	0	0	0	120.260611790414	132.722293135642	119.395885798243	112.688978708123	84.1745581726116	44.0773327473213	0
"OG0006331"	0	95.947970232656	70.815847475161	56.8430158396782	32.1753635254689	151.898616363871	153.658738683172	173.758287140104	163.352386710332	0	0	0	0	56.7657374628507	42.4428625083423	54.9142212159485	70.866147467398	51.6607892722606	37.6823776161803	0
"OG0006332"	0	19.0094871386924	86.8416850570103	8.65541767600439	109.484774634871	29.9191200571333	31.2542200432582	31.1223080926038	26.7149916570885	0	0	0	0	543.673747190688	461.703130293886	526.731177525248	161.253415133105	136.925429159778	39.5655441024815	0
"OG0006333"	0	203.448626202302	161.356016861524	382.403188620528	213.586197756957	91.6474704392457	94.7471883651688	99.7224151443368	84.5856340365069	26.0348855886851	162.66656839207	91.7877092664254	87.2493176587962	213.625209336884	228.93613427303	213.612008712799	36.6719364373306	68.3080970866464	102.481732946106	133.161711443598
"OG0006334"	0	18.5400082581797	16.1536575565644	10.027746875737	25.5557375602056	16.2232776703226	12.1484657726796	11.7654643628708	16.1105199709116	0	0	0	0	32.7189106625136	31.1790805742488	33.5579848363387	52.2253739211803	49.4130634861599	66.2405805791991	0
"OG0006335"	0	350.120590131864	101.955357880277	342.166947534693	170.972108964546	166.343244195096	247.918338290445	270.877577265061	181.197088681258	0	0	0	288.600356948269	533.563913608263	545.702711641457	532.717035243802	173.438353645043	166.771147362777	137.06135530016	0
"OG0006336"	0	221.039824591295	309.096831131813	180.107241027822	220.14109415455	70.8507635509706	72.140428248218	66.8668638087492	61.4118356100996	0	0	0	0	254.838701363716	220.470233610597	243.944011315167	366.607820657575	209.897505208752	202.498470925242	0
"OG0006337"	0	0	18.5964331099272	9.37917184789021	34.1884475991106	120.912228711171	111.340790666299	119.212997673039	130.861231621412	0	0	0	0	32.4215301227304	56.6892482142729	36.5107464448304	469.937311670499	355.152786222974	24.4302175413725	0
"OG0006338"	0	150.307391841286	96.0570450226733	155.646718154983	93.6180832335655	121.715787092192	117.414344488035	138.808702085439	118.191724605607	0	0	0	0	730.004348186164	319.98507309592	714.789593659932	1072.55708563492	1143.60169910328	388.746530225979	0
"OG0006339"	0	29.0514298688638	27.2493332275047	9.62935999004079	107.263635151511	66.5950118159019	56.0256819341707	57.0790818588098	63.1916026849848	0	0	0	0	104.926947976586	87.9069292792605	102.952586752127	40.5078278267901	38.0577617471076	37.6373613835852	0
"OG0006340"	0	251.528469628169	193.539074926062	258.875400838299	133.826051771331	145.985137007402	143.893789671929	174.100965644506	152.64963989033	0	0	0	0	26.0837036137095	24.8481213546538	24.4859838519758	69.4900374961493	67.3355398066286	377.958526140925	0
"OG0006342"	0	101.35900730115	83.8702603399306	78.0982101998148	NA	331.042745348351	305.957990028339	329.103219379825	340.523653082865	0	0	0	34.688387264529	77.841695184456	70.7491243861894	74.4736240615183	6.45074282117056	5.81584143692624	351.751186170096	0
"OG0006343"	0	40.6415017636682	42.5394822353735	28.358930208953	NA	15.1068975632084	20.9818739596093	20.4278408397911	17.0392608549337	0	0	0	0	40.1480540277068	26.2797949862392	40.4851171188823	42.9154746822136	53.2673350496631	22.5741691070309	0
"OG0006345"	0	107.812604825971	93.5333056845135	480.328103552761	63.2201245768415	341.66825109519	217.704716846966	199.059190187419	282.956934257105	0	0	0	0	37.208960168411	48.4719872180725	36.2992521563405	1.57582171967518	7.01589649984142	37.5115148009927	0
"OG0006346"	0	113.945612780784	69.7076993629894	74.5530795267321	128.53642384933	546.603107965578	808.897342838929	859.105153239939	675.777357130843	0	0	0	0	122.97231416842	103.618942763818	125.203577284273	24.6761372694589	67.9465580491267	27.2394595094033	0
"OG0006347"	0	164.363757528207	164.256275840649	197.933913039762	126.623311605859	118.363927547046	111.475924522575	106.953366274539	118.435054591469	0	0	0	0	48.1771653766694	41.2223598438856	46.6894819043689	111.42368499359	122.303478031664	25.0704148655874	0
"OG0006348"	0	483.057678219786	184.502974681036	374.946011406599	235.176057199039	221.113406083866	257.690757012336	261.584686829618	224.779689807904	0	0	0	13.8133294064737	226.84346643261	247.727074070135	226.663414296334	204.876222464857	173.041766727656	365.266265724282	0
"OG0006350"	0	28.4267699303433	61.2095955441402	19.3447213870621	134.144766789116	137.736288358906	162.955947994905	175.10574538606	161.041066224471	0	0	0	0	10.8838525416176	7.9070273158602	11.4210387457044	44.9299299396847	46.7082036059001	15.0215097576638	0
"OG0006352"	0	106.87085736274	63.9174750694511	150.431509985908	51.5816825387393	217.787406912032	149.590258918842	141.204046565575	175.29636796209	15.768500166812	54.8212142314909	68.5672667994488	28.3541377989836	13.3372942470054	14.45581723847	12.7785321253059	59.7426807781286	144.663097907605	28.5081351109885	3.94613730281931
"OG0006353"	0	53.705397186285	51.7894508324017	107.005431587385	25.7768375398694	316.372810402005	259.279768186627	260.034302052831	289.230698078629	14.2387132196471	23.2628238777088	34.9846128639153	0	33.5022292950962	39.7138426163634	32.7499530627664	0.898073615870741	1.48726131474531	176.736099611876	9.28682821751719
"OG0006354"	0	12.6482414377814	3.37450017446903	7.82751695112444	19.0954691038348	141.019834342793	99.0880884768447	89.1747997579982	114.774038633641	0	0	0	0	9.38596838802005	10.3918990200046	9.63069723923292	0.873346534225546	4.25234063974171	13.1627979035849	0
"OG0006356"	0	34.1957859253765	16.8533828449761	41.5827048317349	87.0417564710624	77.2482647444061	71.9760946139537	65.2477259874215	75.7408908550618	0	0	0	1.79181165975833	59.7604652355066	67.43126810209	59.1891692947518	52.9266298630751	61.1147632926623	89.0345084487636	0
"OG0006357"	0	84.4742569205631	42.7473195926338	47.1597899377178	52.4175215793621	46.7915152953296	45.4899266904758	44.6438367827896	49.6093252803537	0	0	0	0	24.2799023056006	18.4070196608159	23.6447281726115	118.560785396015	113.585946942328	101.516243291296	0
"OG0006358"	0	167.545988464485	346.305285153462	251.613932347632	190.866448359305	72.5039406345781	75.0705920161952	91.4705283938313	129.603712314632	0	0	0	0	227.650921234994	192.828579484584	232.356262856179	1839.42013128671	893.228286468215	10.7973704444641	0
"OG0006359"	0	303.198628681019	74.7000864425648	126.938273025522	47.0032029152357	107.807900743097	91.2895068405571	100.946856878565	84.3642037493726	0	0	0	0	36.5639674920737	36.3322478457118	37.7651311512843	31.0038182738173	27.3629435471216	19.5801745898819	0
"OG0006360"	0	12.3997596261062	13.8278090735673	10.3307947783772	33.0929229601618	28.7041264663812	25.9319832998287	27.0950749630694	25.2033276984087	0	0	0	0	13.2101409263207	16.6824468344853	13.9177961717741	19.9684347470248	21.3869868958037	125.526439540079	0
"OG0006361"	0	392.263242060194	289.583315682975	238.629057338762	1115.34361580713	637.106201391409	680.667196864346	678.237554971512	638.543153596577	0	0	3.28052705230632	0	169.421221044523	172.245813822534	170.6271485295	880.819257965161	761.453209535922	709.850189381015	0
"OG0006362"	0	47.3546764119539	54.6473072792642	41.9097469919512	85.3457431416831	38.5684715257828	20.6412551540432	22.4891281140502	32.5394438302999	0	35.5958899589853	0	0	53.7327180191539	56.2095416421186	54.9956249926477	40.9821311049862	42.0874683366035	57.7195550817053	0
"OG0006363"	0	26.8324239916094	37.5143646318663	8.22283391182986	118.690239950793	5.14718544042378	8.29776202698051	10.1836372032275	6.08670782464026	0	0	0	0	197.27910541646	249.534387791625	200.327306737496	32.7251075479863	21.1370818776555	1.68252219941653	0
"OG0006364"	0	94.0595285108323	88.7736446341854	38.4879916256285	35.2093770292537	135.052580948256	111.536293365906	108.54309025384	132.646846161074	1.69693699374207	0	0	0	24.3455947195059	27.0994600095651	23.6227872024333	54.5880395608035	67.4411414727601	163.815406562421	0
"OG0006365"	0	5220.47655536323	8697.25474366113	4163.74910041087	821.780502005161	1842.98611933682	1641.5490446043	1726.34692864254	1680.44191243926	21545.7478631866	16249.9045518519	30494.5322807362	0	10112.6777101656	6659.24219641194	10420.5027321983	10046.8637190758	10076.8024277294	3392.77947636526	46423.5139810081
"OG0006367"	0	424.894253943464	436.642998685565	443.033910598749	170.782085754458	123.647505925023	68.9135472013491	57.8489565723147	78.1729646323563	189.336426803185	126.94940202553	68.0437978682395	0	82.0736575719594	70.6365514965759	82.1196777832521	13.4696311335545	33.5430066445379	35.2075355425369	41.9117681825885
"OG0006368"	0	64.2447676722283	75.9235433143654	52.5730073321548	40.7655964983751	40.23917372933	34.8513203217988	35.2007908572364	40.2623100249911	2.02985890045761	0	0	0	22.8444034627301	27.8595563538702	23.3998752704934	135.249816714068	163.351582786901	1.30598123404051	27.5212181254553
"OG0006369"	0	377.094106682992	469.441496567383	948.776258148671	255.160831637537	212.092797324537	182.365108330729	217.465372747012	212.606274158624	0	0	0	3151.79996186997	141.555012396272	114.280723640994	143.0454048789	77.5610740314844	86.2019019870095	119.737585521481	292.395750542792
"OG0006370"	0	119.170063298899	77.8500286040055	32.3374807248038	110.051500908972	40.2132634110912	49.3378870151732	46.0001336709312	37.3014185699727	0	0	0	0	82.6933608956871	122.759729412812	79.517269864508	32.7124982583819	55.086219661115	34.1894757528529	0
"OG0006372"	0	5.33517583564754	7.42538856161968	8.10878296620506	130.225914893737	9.91245867240892	6.21050757213285	6.02625144511835	9.26238420601628	0	5.3644651950277	0	11.101594045104	93.2138587762319	135.678410561928	95.31962873431	56.1256454335238	42.8670849380889	94.5842495214027	0
"OG0006374"	0	171.785696156261	100.995514870079	281.735163988399	96.5437939213326	159.550012696753	126.051842536596	111.821067338443	128.510487905283	18.342682444934	23.9416206377008	2.57513326866693	26.5416742745971	161.047567898955	143.989233022444	160.232725001096	11.5804565262757	13.7804496792719	55.258280024301	115.004699192829
"OG0006375"	0	137.611135612708	141.277814735773	227.766916444265	150.920467402797	97.9006030464776	60.7756030290136	58.6691680775444	73.0365955858321	0	0	0	0	124.455214624653	127.780594661437	124.00911364511	50.6085962589247	58.0796862454081	64.0015323866184	32.215328861545
"OG0006376"	0	267.614888128441	350.714406232483	787.8901904744	370.306565964915	153.058448557473	118.894026261018	129.089818075814	141.60044650131	0	0	0	0	65.5768452024725	50.2580944898315	67.9006370903479	24.0985348110423	26.1876045730896	5.88953128467182	0
"OG0006377"	0	263.485299212599	239.637400766379	652.36650091809	215.115372132916	246.918839976056	266.46766702418	258.97366499058	304.064395821402	0	0	0	0	282.285227747841	364.108785020192	276.713128010115	414.82986637253	304.990102307518	184.476441272072	0
"OG0006379"	0	434.07455203508	194.603499105745	125.359106086102	2472.98737789528	83.4064742431617	84.9276221877943	94.7134407012397	104.668110476637	0	0	0	0	100.461528686289	95.7161448241686	95.9118960622217	53.8956312136997	58.1197126833773	20.0220359243179	0
"OG0006380"	0	19.6286662100644	5.16137169240754	45.6660845191449	129.760585486859	102.510075853413	110.402323383021	113.191998699712	100.386760244775	0	0	0	0	178.860256694039	184.737365813192	175.504154052655	74.9152085970733	75.349372051413	217.92233462457	0
"OG0006381"	0	87.8921088015124	74.257940300354	328.533871737228	166.077654779128	346.069620039637	293.557523380967	292.204952801301	318.177094869633	0	0	0	0	67.0609943001532	62.8997595516213	67.6235976251231	62.4290899283446	68.7022108316624	29.9047392015943	0
"OG0006382"	0	35.7959757036648	32.6648881521508	15.4839342983158	29.8386316134745	23.0695617800097	23.2066933229983	19.645403662721	21.0666550627916	0	0	0	0	56.7999363647042	58.1846603324105	57.1108872714164	60.4563301967865	67.3571143405694	23.4316127011604	0
"OG0006383"	0	330.941905998792	209.542737004168	119.417370842674	98.8685226366125	382.091566220923	274.483888866177	290.440028097435	362.568218034574	0	0	0	224.973298049921	64.1605389567447	64.6844371750838	67.040842679852	108.142966076232	205.450123212173	62.2547640641027	0
"OG0006385"	0	9.88648683401755	26.1622696214061	16.0498944776535	56.7164747040344	41.7272106865395	50.8024528100624	55.1492150511438	49.7243254209587	0	0	0	0	30.3835391743424	34.4618508931383	30.3365157766139	140.111031275277	156.784409151736	45.4397163333343	0
"OG0006387"	0	173.363917600064	220.34842389101	73.4110169530506	136.476346644073	17.5140210670204	23.4804921714916	18.1072625787974	21.3763191920861	0	21.2371397300678	13.7122839861891	0	391.209076996228	329.513678992084	388.972435524097	132.390266255972	97.6148304417196	138.27667372634	0
"OG0006388"	0	69.4661775852069	35.0371103454865	17.9385756831723	112.576830994001	813.830387674148	1211.8722743007	1325.28919260584	1082.00733713242	0	0	0	41.1352121503332	38.6044557233557	29.0632606508431	39.1098487760985	393.751741394417	439.355921190542	130.799655497515	179.513700376856
"OG0006389"	0	177.676548314913	132.509305088219	493.368194188883	323.826370831272	111.528131872029	185.612802707723	195.886045194966	129.61251494978	0	0	0	273.74266065666	535.903035252282	344.273010593063	539.917978336149	145.398203400935	128.375952334823	313.879577020606	119.646434526781
"OG0006390"	0	91.8299445806041	175.359986652276	368.499893678359	565.067037689409	43.791933968604	185.665090682261	181.158114294357	53.6470940224925	0	0	0	0	257.466397919928	226.837529711128	255.995575219695	179.308947901242	114.817209379338	93.1468906697817	0
"OG0006391"	0	25.868628547376	24.6263144374393	11.9481095811593	19.1165158049233	12.956158017982	7.6486441716365	7.43221135963786	10.3935856984299	0	0	0	0	53.7071208694906	42.0147304984842	51.6607780525305	1.65851926057292	2.51877006250502	29.7885741497473	0
"OG0006392"	0	143.277964568837	162.085488871693	47.3566029735244	65.9075252220755	138.29306331164	97.1386094386009	88.2947245639339	101.929427354811	93.3201995716968	109.417195195461	39.5209075695124	0	29.6599930771959	26.6327394094373	27.8520758445619	23.4163722434446	39.5958273042776	6.09243947833333	0
"OG0006393"	0	53.8692533009769	84.2951207233657	11.0017137300521	61.4421168078051	163.796052918239	166.675728084877	181.4819563482	171.928668382569	0	0	0	0	43.9011233724986	51.2701663463945	41.8521228811243	48.7834015886888	38.2208008785992	63.5651443797428	0
"OG0006394"	0	2.03048319491726	11.1824848814103	5.18162464853114	49.7033740848281	23.12455669407	31.2311318467086	34.932197561841	32.4983858249335	0	0	0	0	31.9890839682578	24.5612981651687	31.9924341240189	44.1801621809004	23.2323192363629	41.5728747779078	0
"OG0006395"	0	101.287968415983	114.958182543869	80.4313772047158	61.8230401738594	88.1128402084718	89.9488974985547	89.4731401556996	80.800016778167	0	0	0	0	107.999160887925	86.3406304330882	106.648390425056	51.2554285669962	48.4528074754943	45.3908869714818	0
"OG0006396"	0	105.126142343037	114.95447116249	65.464261177483	320.232134155168	738.483470806162	578.032014426428	525.46597166971	668.32875589696	0	0	0	0	87.5327482993561	87.2190897426076	88.281159914802	154.982597175135	421.339292846954	436.83013455198	0
"OG0006397"	0	27.135350390986	9.38756806167859	31.0647413471112	22.4690524945822	81.3952475273475	68.5401635286209	65.8007207071044	75.5818146627542	0	0	0	0	19.5794123891148	18.1675535711524	19.2795027222079	1.35749674356308	1.50364092858909	67.1261676418872	0
"OG0006398"	0	162.846014339273	36.3371144582423	60.7045035533837	151.49075626953	68.905686116246	89.3431718714317	96.987434971043	82.2681705688323	0	0	0	0	123.500350762556	141.597132779553	119.908790692883	302.219210751757	214.432888593774	88.1587494049065	0
"OG0006399"	0	355.616510890152	169.127649470504	1036.69671492973	219.989546944889	200.502799543019	224.135458650615	228.51432750977	214.668417193847	0	0	0	0	238.932396708507	225.183903181511	238.461546108614	183.802947213515	309.943161099623	88.2742530408521	0
"OG0006400"	0	38.9406130693256	49.1151221947627	88.7845199968615	103.113214735041	83.6277857641226	76.5604597582443	81.100337882182	81.964479656245	0	0	0	0	11.3263571966354	35.9697128651913	10.6351215259351	1.48190433589292	4.07410470934265	28.5143497570425	0
"OG0006401"	0	90.7011003980592	84.3471728472152	59.4317698480612	121.938776340152	40.6694881214653	36.0899069976365	36.5708238647087	43.1254928586324	0	0	0	0	30.5142095017694	36.7583426067474	32.7164167064497	65.7262857924072	74.5212789861649	78.9948098950657	0
"OG0006402"	0	205.329860329208	132.170641537326	285.681974362398	140.647046433988	134.437314942014	146.183595517959	140.732917957937	145.121500560293	234.426017854333	635.247907716788	389.667950197856	0	112.336802536813	152.640570183216	108.771665323947	395.059955190872	317.692582290938	241.531774983531	0
"OG0006403"	0	58.857012690917	28.3721188793823	48.3229991518362	75.5565607252606	56.235213080688	55.1087409988521	54.124512140729	47.5212773474114	0	0	0	0	26.9442950465596	30.4840927828468	27.1310511270982	38.0838131435148	57.0571858118202	149.671759950207	0
"OG0006405"	0	42.6749250350738	26.1746099644935	7.78325616820335	69.0688054965047	287.710526685575	272.556160267212	248.338315213368	302.368002276556	0	0	0	0	37.0319999277854	39.4610927112782	36.0924793424459	16.3433367316634	16.8493325072091	673.596607722	0
"OG0006406"	0	140.337594727484	125.551769564908	535.625727202456	60.5520123159902	360.717246251925	266.488038962312	248.586086986107	316.158587754355	11.3361327370516	31.1513375310544	42.5045252553956	12.0070492362255	137.701566152936	155.297333267542	139.106445264312	16.981803261055	35.832083620692	73.3026380129358	25.2003196552721
"OG0006407"	0	35.4634417695815	27.539479745312	58.4305878245803	31.3644489309918	366.444983477081	231.169430994311	219.5160970436	302.374630258416	4.02930593950674	3.40044958206937	2.08488305909554	2.07538649654244	38.8889378663606	41.6402346860659	38.9041868974028	70.1223580435947	87.3152425635063	22.0767532759056	21.4561447376711
"OG0006408"	0	149.579865506734	228.227408206396	169.382672936159	116.665591153376	98.9421212574594	88.4041613364702	96.4772569524386	96.7071330012071	0	0	0	0	118.934353403704	97.1001039438584	119.910179361882	207.649538718808	217.193104186119	125.848624547648	0
"OG0006409"	0	63.1540874455103	98.4063494359897	79.8963991273365	40.4277530986112	70.8336712870649	59.0992641465968	62.1959312053011	75.6052045218602	0	0	0	0	67.7068194041218	53.7830115022071	68.1525416466977	49.6631420249338	46.4590555889429	160.822124253613	0
"OG0006410"	0	47.5682597462627	103.043720469858	29.8920841256629	48.5775948130646	75.9240582466201	81.3757068680303	71.5292475615589	74.6520048873213	0	0	0	0	21.2051921113683	28.7149625846086	21.2361512279541	150.975631673832	134.50018659441	52.250968408465	0
"OG0006411"	0	76.7467818104144	117.621469821904	462.235783023039	52.7069712689019	98.0382290675366	73.7011224285058	70.4970825188073	86.3471859442335	0	0	0	0	46.3317426869942	56.1261801365736	44.6484856516653	0.977409083684536	4.98257237603531	216.358019432132	9.85613309801417
"OG0006412"	0	36.2655582905792	8.64389073927841	1.17240568359082	23.9065010720866	44.2499844435317	44.2764382424167	41.8560421000436	47.8708677146962	0	0	0	0	20.4495559290343	23.647752903706	21.4139008597776	55.3231368961057	81.8857650719041	330.996931769636	0
"OG0006413"	0	43.7905051688408	43.3725017860353	48.7138951174352	9.05981556729571	48.1279305530482	47.3199378928679	44.9225438031775	47.2901452988253	0	0	0	0	8.43512792614066	7.63679996035034	8.39693426740853	51.087021804876	52.4966132121709	16.2062876375207	0
"OG0006415"	7.51984982644663	941.780649279796	243.429504691033	734.2328709244	1043.76575853347	26.0562795133153	73.6187858452226	72.6646363533744	30.423101712955	0	0	0	0	293.033255847614	258.647204308224	294.730413932716	66.0208945694237	99.8936973643113	39.0984690611981	0
"OG0006416"	0	71.5916402881245	154.768314912651	59.8041685785306	40.7508528457897	105.103549429288	103.096267304304	96.2462930894294	105.506498598467	0	0	0	0	149.008014455389	115.98677060815	144.038997547412	68.3016119509352	140.916717938836	276.503230771287	0
"OG0006417"	0	136.554367379348	212.112868609573	129.36714711766	60.299346709642	877.474098259422	639.872390755138	582.14050452882	803.925805227704	0	0	0	0	86.693175664197	86.1905173619558	85.2323371283307	283.436218967982	409.068303542351	53.8010786956363	0
"OG0006418"	0	220.071206799382	250.495046992535	139.055649179558	44.3148157058881	63.1942062422988	60.0586466196902	59.7722596014397	63.7989845101594	0	0	0	0	163.890016910254	164.146856222869	159.216247067485	63.610107515916	58.0769421160911	65.1703297480508	0
"OG0006420"	0	205.16626348052	151.107751622545	435.124664639295	239.160954080906	308.951549193853	233.561554424263	217.484209197571	277.618764799826	0	0	0	0	101.573277409304	62.198743423169	100.98716185831	116.338725459798	103.669496291862	202.290413453421	0
"OG0006421"	0	865.009911290588	997.981174533572	806.307669697941	184.85690268002	578.222408832059	556.656418809189	625.494768927179	708.996930278214	0	0	0	0	452.749758090289	414.496143543498	453.268504494726	5303.7945641648	4537.92501652033	477.20935338424	0
"OG0006422"	0	42.563544359644	56.6257519082194	21.9295612209799	131.30839496274	78.1737997360276	73.1271091184082	77.0548478851826	80.5371952430501	0	0	0	0	100.143125117308	63.320314425508	100.139698828522	45.1210091744589	79.44017809953	54.4869092780188	0
"OG0006424"	0	124.873915355458	275.592335727052	187.104901521616	215.676562686158	73.5755367904848	74.3317697266102	66.6261919289134	71.3044884926738	0	0	0	0	389.436699831201	510.967619217651	382.554701746972	4229.47460284866	2967.77519400061	215.778725639246	0
"OG0006425"	0	19.1063489178836	9.23760969703396	26.20445937905	51.8343525700357	58.012142594522	61.7201139872708	65.2380904184816	64.4491219917645	0	14.2335600326852	13.7324481474938	0	45.6943805972774	49.5703740905366	45.6560344355956	37.948020793929	68.7098660062054	86.0659229559095	17.838291463056
"OG0006427"	0	65.2551791440276	94.2022821781948	41.3706768230854	86.3917751476036	83.7204613508841	116.787567858175	98.9514971812625	101.677352309323	0	0	0	0	107.233327467107	149.088489853206	107.012916037194	370.608845243584	255.643087175265	176.242923057166	0
"OG0006428"	0	152.652193583806	146.450181395517	88.9621916152205	179.118662131954	115.572006127903	131.386777788127	121.771132554738	124.303268436556	0	0	0	215.949157946987	110.004479051783	94.7601270945641	108.806312615462	39.0554365031616	85.0771805599835	48.8009520419428	0
"OG0006429"	0	43.4528786074542	25.6937077222257	121.139405150075	109.440927340937	44.9583144970788	61.8130779316128	75.0849898440219	50.69651359703	0	0	0	0	74.8123522961308	104.339902486007	72.2087049247683	125.5812498696	109.619449952272	48.8195959801047	0
"OG0006430"	0	45.2750623225202	33.2225900093076	14.4591021946687	26.9619750857964	112.392734052714	83.3152511911118	93.2147837156034	94.0818099444432	0	0	0	0	11.8075003675404	13.3258113403434	11.7213384166561	33.0961626214388	37.6173668417825	25.5786397418137	0
"OG0006431"	0	30.0057880305422	18.6769886427724	17.2025329666879	13.3074892817119	25.5503263039609	22.1099360804352	25.5546155467693	22.8000196752567	0	0	0	3.71719336370444	26.6441371813534	25.5087975736732	27.0147014950487	0.0915599315989155	0.285644936873889	34.4199503407966	0
"OG0006432"	0	124.965695520966	242.277120772653	263.8110644077	239.938421411479	165.137240691204	153.600474940115	127.783800021088	154.935055478471	0	0	0	0	450.003440596614	271.50808210881	425.313903217996	4405.99374542492	3159.97845874795	59.6929626677428	0
"OG0006434"	0	116.959561309439	161.613030022064	360.328594351965	40.9213092009593	76.0381546576271	60.9857056176144	61.3711844623598	58.8413403951113	0	0	0	0	30.0074899918919	21.0939244967272	30.8072745671462	70.1689992440781	96.3142077705925	30.4520320063355	0
"OG0006435"	0	198.145080819174	287.213598672071	74.3834254996633	61.003917914049	67.9084524072018	76.5210740111893	82.3391967458763	62.9231223129874	0	0	0	0	287.666872384348	262.023557035122	292.61338804432	244.494125429183	169.853277711555	165.40901937197	0
"OG0006436"	0	107.894066204509	107.695009183901	161.748044966379	192.45854360206	558.693481772936	522.987716658534	453.140521832596	631.620459511983	9.77323935477866	0	5.62737880427817	0	21.9180068289676	32.8957784079462	21.4042773836171	8.53060876846443	15.2870712994747	6.13493434024367	0
"OG0006437"	0	23.8582280971486	10.4236929583415	26.5325199608356	19.7347352448384	125.662546212238	96.6489563243076	91.4041661295538	111.628731343524	3.97624763963828	5.06794559833604	9.11828134013861	0	30.9670709439002	38.053008276585	30.5738393084781	4.70555651833791	10.2732631617996	3.35494115996249	19.0058562390736
"OG0006439"	0	130.390836660092	107.445158061578	213.236273815393	93.7238648301821	219.579419587103	157.402574873068	152.39480652164	195.707850005901	0	0	0	0	26.6296235281254	31.174410376547	26.858406799254	1.65274202355706	16.0931875792741	14.2957278792202	0
"OG0006440"	0	425.536668278578	536.507494194898	1023.22410188013	701.504552073792	173.911565466073	121.365821421027	133.074162056383	147.143591605595	0	0	0	0	1129.7707812324	842.539396069903	1132.48734175499	606.037618906225	670.308468272885	527.419254467272	9.42485739019909
"OG0006442"	0	52.4422532135338	34.5115787421285	63.9918444507508	93.6079435468432	109.613021393503	114.973107235224	104.195275225367	133.351119848836	0	0	0	0	351.630611575254	387.005793862199	336.659191342565	146.193801077704	180.281726117491	150.902703772179	0
"OG0006443"	0	92.7990809045253	132.659616034095	112.752151370427	38.7234635925018	47.3773692890068	44.8513343365	46.1308296586566	50.1053537709129	0	0	0	0	24.3043201827861	42.4296978302787	22.8249274292758	66.5062431003405	58.978057408717	55.9331461954312	0
"OG0006444"	0	10.3255227003101	2.99973513424366	11.0342228508575	80.0377541653474	13.326194432668	14.4308019080612	11.0713701389229	13.944505840949	0	0	0	0	39.5004946995063	34.7972225560253	38.5048751268495	10.5490892991554	8.45966336491167	0.941129788971047	0
"OG0006445"	0	386.929621820572	384.116838649304	627.077743636465	50.8990349812994	206.798635062834	197.373522591291	196.508372542284	219.459754380573	0	0	0	0	261.07358432233	414.819601470581	259.017318960694	251.964159574432	242.028231506504	389.871825065034	0
"OG0006446"	0	413.592537698596	914.301586412021	694.557375208662	126.328986645325	58.786843906612	56.4879891168449	51.3880105618132	46.5757485806438	0	0	0	0	397.552869236606	350.804716247691	393.616838989983	286.502458718896	181.569574393522	82.788851311003	38.3111812611897
"OG0006447"	0	1066.0240297129	1252.63760789804	8394.00235631248	108.870638474204	326.726954034069	790.290633146123	962.353534585278	580.511339916576	0	0	0	0	3037.56311118448	2737.58348527499	3024.7849261052	2612.37031149503	1736.04379475253	60.8943425306295	0
"OG0006448"	475.254634930685	235.634426503058	358.127890538327	794.117286214538	87.2254218235297	215.953373698331	186.785411466597	182.156156382442	187.242927128428	0	0	0	0	225.352033593156	234.782800118919	225.873955970618	115.039520030819	96.9207549748067	134.912290743408	0
"OG0006449"	0	5.22975827831571	1.70725399154442	7.23067044080015	11.6670798019531	42.6005254822673	35.6583614415416	35.7422373837689	43.6941430891582	0	0	0	0	6.83949595793493	5.5052539189498	6.80861632685636	15.3182257354601	18.7990836995391	361.250272663561	0
"OG0006450"	0	4204.45456723178	5751.89886217659	7818.52054880859	3660.53378453287	1850.68818202342	3145.07413397709	3455.38746971503	2222.61507396078	0	6.1949284065368	15.9917834854245	0	8323.30514766619	6243.39324816788	8240.6395716138	13968.7407641837	9917.33066434995	1681.67434413345	12.6952647307058
"OG0006451"	0	59.6923677566404	101.940512354758	84.0179389482477	47.6480321816572	27.2921278858069	33.2068024067441	31.1554892247425	32.9659943791595	0	0	0	0	77.4719585782097	57.0153271632326	76.5524615524532	83.6331744350153	55.126435349382	251.24260334612	0
"OG0006452"	0	134.468313211705	127.40058865102	75.0441725173288	NA	40.2336353918697	38.3894234675094	36.9071269550753	42.9151727545735	0	0	0	0	19.9102815618751	30.9440821222452	18.6962061960273	50.2819671609032	40.2930537886477	58.5890195769163	0
"OG0006453"	0	65.7420807000265	50.2425470733649	38.9718645724509	53.372844495956	138.394617991093	130.847600492235	137.319898012403	136.465366412076	0	0	0	0	27.664206209716	18.8701661402025	27.915440810969	148.847256334512	141.215733409244	164.234007364484	0
"OG0006454"	0	125.285629770222	73.5833317854291	632.593171292016	309.739750762274	129.98666700293	191.642896394777	205.828793174698	162.491614744841	0	0	0	0	83.5875516317966	117.122626179718	81.8454255683438	836.477236153281	285.252147880957	61.4135762084372	0
"OG0006455"	0	44.1896607383582	38.8458227018146	52.9370623678394	165.211122632751	65.5771342036989	83.0095363062118	84.4032370398325	75.8680260569772	0	0	0	0	54.7717958099535	62.5965549754055	54.7362632837753	98.1741102122661	90.5756656177727	149.109334482324	0
"OG0006456"	0	58.8663462670703	41.7023801651942	12.4191602323197	158.918871525825	76.5533643267849	82.1744226557232	67.6066291805142	78.8766409984475	0	0	0	0	26.0555398121831	26.9394585377153	25.7416877939784	97.3930617158094	91.5919397165654	1.77631452546934	0
"OG0006457"	0	36.1707187862212	24.1438348580852	12.1415237883549	29.1677680162795	91.1844532187999	73.4720739374424	72.4250656814174	84.0701957354476	0	0	0	0	55.159360241304	61.0334728379003	53.9945057381622	93.0662567339634	70.6011483190527	64.1502399886236	0
"OG0006458"	0	27.3516300917391	50.1358448587001	29.5533669278175	149.00132615641	199.253621424456	127.707062509816	120.976958820012	151.434247480327	0	0	0	175.069150866324	137.129272156402	114.001346536387	134.400246027988	115.567776519342	126.21670106291	98.7564965400519	0
"OG0006459"	0	58.6184879669984	29.4963890838118	48.1187626816991	34.1455320601724	60.8332540487775	55.9216492367769	64.109134999011	59.5680608024992	0	0	0	0	64.6014481254691	51.2816035327665	64.9316627712973	39.2327134155459	36.6901444705851	104.633509751958	0
"OG0006460"	0	59.4533245007133	58.9640149619314	20.553219685667	46.8579587540782	65.0828459095165	67.2305874390394	71.8138953086616	88.2486180120497	0	0	0	0	19.6436480546652	33.4203461522711	19.974906496647	14.3497352993072	37.4127967324548	343.11637938142	0
"OG0006461"	0	41.2295689145292	38.9331329487707	40.5307244311817	59.8011318323134	87.0810890054361	80.0719028275862	69.5977869003841	79.4280632144704	0	0	0	0	103.179404902561	120.838639514392	100.320920132842	2776.0951473906	2258.81396104457	292.696068139134	0
"OG0006462"	0	52.3675846043071	19.24416194521	47.5631094194485	94.2925094233927	36.2872647323671	56.3436878884103	53.9763562122931	41.4063382143339	0	0	0	64.1717416140829	43.7614142683748	55.7846382546633	42.9796526745543	39.1357188801275	23.2779758706895	31.5043935349143	0
"OG0006463"	0	2264.07823503081	3619.81331318081	4226.51699845753	1607.56237569025	252.27848558649	227.824816646309	252.320051070014	195.86366210816	1520.48418870236	2435.17704178569	1212.82697964411	292.568285649121	3807.53785946803	2854.90042448567	3765.51485665936	1812.67313643744	1842.07749092623	1523.65809014595	6159.25535005804
"OG0006464"	0	185.016887427501	189.527257223733	144.29131765703	130.401852160648	205.525594368038	255.337119093493	248.850521772802	229.187923737821	0	0	0	0	95.4371342415587	110.066835287065	93.1303920579848	218.397745674861	178.999555350392	282.050823352005	0
"OG0006465"	0	215.159293086328	170.775549023683	161.584988311047	85.5219544541817	269.604380761821	252.532018653707	251.162051292739	350.467254360153	0	0	0	0	37.1873864189659	40.3983463069911	36.4851949352558	232.413092313313	371.954616905453	239.819639995668	0
"OG0006466"	0	61.3563369719765	140.446094168594	28.8605335071931	78.9594669938265	159.456393705815	175.69031070826	202.158583231145	177.420883954929	0	0	0	0	47.0021937750561	34.813663511435	48.1232826454446	254.908913669735	275.203051696814	112.584971816673	0
"OG0006468"	0	183.743891346588	101.152771656928	74.3239153236246	250.431900986722	64.8113952312867	40.3232025320995	31.4122590250177	44.8062617260914	0	2.98557957762724	0	0	99.1338066143283	69.9943892229961	99.3863458967702	12.9265829783806	5.3936524102425	35.8516272303112	7.31643944515759
"OG0006469"	0	14.6032613963058	62.5071779805457	6.62409610008343	16.5253051607576	1.20271268814706	3.75187947382107	3.72621940481143	1.20257200066992	0	0	0	0	6.31572555540919	8.41455246111724	5.92860289574056	1.77703688340067	0	0.350597925423799	0
"OG0006470"	0	673.6145616263	755.274461366226	648.949267098133	171.961961625113	332.869064845549	310.761013975246	289.834291316186	327.751658243557	0	0	0	46.2039165936283	557.025886397119	411.450396985166	559.360038651335	928.15162130399	1548.90013671491	341.63729362058	0
"OG0006471"	0	23.1004454198996	13.6058313532506	38.5110594876807	NA	232.286641196775	206.586392079158	179.014381324959	232.680054852748	0	0	0	0	6.81683278963799	7.62169334335067	7.28460283126747	1.58728010723068	5.46190746378257	68.1768867282946	0
"OG0006473"	0	177.344169297452	139.305772239697	116.88289379588	93.3358162788634	216.183575416298	210.729976388734	206.366501390273	221.586282404303	0	0	0	0	71.4911047850882	60.2267937866009	75.1050518551911	591.158899659379	569.452821107743	158.664352790275	0
"OG0006474"	0	88.4854131256594	63.9995244333017	56.8396415513461	302.729938690113	105.633520599092	104.377118961119	108.346394241271	92.1769196985333	0	0	0	0	269.693372444686	205.333832271416	265.771110635484	19.4640389142153	52.1306031363673	178.02652647465	14.2465758654092
"OG0006475"	0	52.4977753623324	48.9053529787821	77.6203440997305	98.6822867365382	123.408698139944	110.583090380712	100.035100223618	106.590731744772	0	0	0	0	54.0361378907713	58.4823250214774	55.180498496434	111.112731061194	102.675534803171	93.9157311673134	3.03168864324039
"OG0006476"	0	93.1474410784883	62.8771655902827	120.927131738638	73.1416710118283	90.2570314188252	81.8416809995682	75.6534159635859	77.4405539501052	0	0	0	0	21.9964839439106	23.83803909197	21.023893171515	118.315631707745	109.585725549218	0.354075463794274	0
"OG0006477"	0	413.592537698596	478.989025166525	285.637188353627	85.4148026296297	314.017074678637	294.185046981892	293.850802158479	274.185108332664	0	0	0	0	293.442463397379	207.58275243796	285.889591619899	35.4184033102169	39.431624283455	268.013269625997	0
"OG0006478"	0	39.9700028126367	75.485785880636	39.0791669414115	347.590105114309	64.4927743442262	117.94469394407	123.635216681221	79.8122353626916	0	0	0	0	263.259400544247	311.249922004313	262.250140389482	340.194996231449	228.620037162861	668.0478166024	0
"OG0006479"	0	132.400407459105	100.273174269952	89.3063690250942	91.5948046640841	11.5520396370005	8.61341841768886	11.7794468050166	10.4655032275847	0	0	0	0	12.6069083694882	10.1954772578015	11.8336123051946	10.6334866692863	14.2312438884571	75.1022219488442	0
"OG0006480"	0	473.05623283948	434.497913032664	916.861625596751	188.697925628666	664.044441722259	563.529910734905	557.573426126555	649.247157935885	0	34.1963786913072	0	0	75.3131962543105	90.1208588037468	75.3866739281113	27.9124811868634	50.9182657291297	27.6375963698168	0
"OG0006481"	0	79.4437704931211	130.160928520248	176.469144698854	43.5573537031728	62.6009714982987	43.9132065855242	43.7252700264867	55.5877606926802	0	0	0	0	230.082303608152	202.209455056777	226.973781817526	488.951877907585	296.396246287746	139.924531517874	0
"OG0006483"	0	25.7722853001932	16.2856528353315	100.759544926331	33.6129518662228	48.0025947021528	34.7316720788536	34.4805139670113	40.1215810393694	27.1016368463877	28.081126553156	27.1353922131144	0	13.3165529251916	11.8554180673945	13.399475468039	0.535345576629903	0.506406355423645	96.503625199034	1.12381498044516
"OG0006484"	0	33.4682855174249	44.6074639401127	36.3679569419219	25.5315859226154	35.0834255086444	27.0239191837006	26.3169846592053	24.7360335240094	0	0	0	0	4.38749712710811	8.41133575245012	4.1199170717973	42.6763831524072	29.7651922013163	16.8850157672701	0
"OG0006485"	0	676.222777629148	693.92254362463	1109.91386368043	512.084324491234	286.716067694697	263.817956937819	276.364055729831	310.021264777617	0	0	0	0	474.77787428419	772.921480898318	476.378733969768	599.19222956907	408.77118057492	230.476274776183	676.712584630993
"OG0006486"	0	20.093270889697	4.16957924632453	98.4194015496276	110.398990713401	14.5194342329946	21.2283744110057	16.492036943355	16.2634971945814	0	0	0	0	164.793617104056	213.777096835822	163.684497870897	26.7103551635215	27.5947751618369	3.80287065236683	0
"OG0006487"	0	173.86710106113	54.4386617687086	310.932203406341	49.6961666858876	704.473583756141	548.539423779899	507.95886738488	618.58651082588	0	0	0	3.56749202707917	213.499651502493	185.898955054097	213.511330210399	76.5058292579899	228.608568680923	1278.56399126363	77.9038308704039
"OG0006488"	0	331.743297217958	303.199446119555	527.747284237172	269.368451054603	693.624047264538	678.580431335031	746.169764955151	759.428484557306	0	0	0	0	376.307928705842	462.544240041659	371.24190974971	2120.68852238809	1801.56820920991	1327.91893461096	0
"OG0006489"	0	86.0804616701503	84.133490064282	35.1106971093835	117.850838317538	92.6015572808007	123.800268027793	142.414585550333	120.392697772298	0	0	0	0	130.645935910046	120.873368054261	127.949691202113	75.7830429540956	76.0863789483652	245.783924594303	0
"OG0006490"	0	2536.08923752748	3182.12169369295	1887.22228594538	46.5230750466549	229.086836207154	183.770500435991	160.94950075992	187.872126913575	0	0	0	58.5142123761003	244.694183296652	211.201347154963	238.925083820353	675.21315162128	578.354019611024	181.030775157788	0
"OG0006491"	0	136.917962023721	106.877280524523	35.9754903984812	172.047737893872	131.858436383695	127.750574932472	119.358777310789	127.066899754276	75.1158048084428	214.27549450051	119.363878463229	0	92.8864372412446	94.7439839825495	91.2029194878995	6.90226453910394	10.6450169841391	90.9645955127722	195.442146771839
"OG0006492"	0	180.989967849346	110.308749520517	212.866059169735	130.495301705846	224.601226819171	204.065704267633	188.084856748031	214.93519991478	0	0	0	0	72.1699495184326	115.984983547779	71.4899159643923	83.5795849541966	174.381848085859	50.1845985955262	0
"OG0006493"	0	375.847037202504	451.050673985889	791.491476385199	380.123152940047	89.3137382309379	79.8647881232449	91.7472793212764	83.9733667488255	0	0	0	0	618.965439064523	526.106998990782	600.975671201994	323.208828216301	275.211567960212	200.713979701178	0
"OG0006494"	0	165.441267041908	191.387587140281	88.7045186880424	78.7711154618199	62.8401522042519	71.9706620971185	72.684066876605	68.6089958585916	0	0	0	0	33.379446219476	56.3059833334532	31.3163606220405	4.36158964711038	15.451965083884	22.686077126331	0
"OG0006495"	0	1.28957873454551	9.96524457342061	16.8261648461261	27.1464077659076	53.203112057051	63.4661248980988	65.2267161002594	55.7440074665476	0	0	0	0	25.8019962294758	59.2472464287832	27.0429400791357	15.2435399431879	12.2632300423965	46.6360356987199	0
"OG0006497"	0	0.733945760817435	10.3567025244389	0.683354737946108	23.4363237987731	8.66561131710532	9.01967560791599	10.2402190027915	10.7324242756417	0	0	0	0	15.8322185960208	15.0897431711789	16.0633592111273	3.04702270858468	3.01185225071722	0.361187682299732	0.972749890361121
"OG0006498"	0	99.2755456909222	134.795516018082	185.957643488704	218.9810591844	55.1650597782279	72.80930688355	78.2611051998323	56.719905324574	0	0	0	0	75.3881147411296	126.150378622675	72.6121132688675	188.464019613047	111.934927344959	67.8785837177049	0
"OG0006499"	0	34.7815715353999	61.7606336160298	16.2903278589895	40.5132553217831	33.6338017497322	26.5893178368859	24.6474231086886	30.0105096284006	0	0	0	0	100.313772781729	70.2076450938905	98.8982287437551	33.8119313173495	43.1079059419462	93.590438836718	0
"OG0006500"	0	22.6576190846247	11.904626913355	21.7031157985479	124.322424856656	90.1794502988895	111.192075517936	128.305062566367	115.976101338992	0	0	0	0	47.6594647589554	74.0170621172693	45.8814848475216	260.868015439504	195.484202533882	210.176666124899	0
"OG0006501"	0	48.2501811906654	59.3404418183621	64.7213042374528	172.411012724118	997.911295220486	890.60816808923	888.059675664738	889.018364159564	0	0	0	0	17.1786702896867	25.7969312740967	17.9097335086586	644.497164631317	940.714971173815	109.034633306708	0
"OG0006502"	0	14347.2102904994	34768.1279799966	17502.8630334534	4173.74169593117	7665.21442935128	15849.0962408068	18058.5775988908	9900.3237503456	0	0	0	0	31318.0779284417	21569.4612613501	32344.5311486191	57322.6792437562	20258.2981201613	4096.49936131734	0
"OG0006504"	0	16.8936691311332	36.4466929934764	11.026315359528	32.0600451424216	196.01275060597	247.0776563102	270.08282394724	204.273322472249	0	0	0	0	70.023118657249	70.1093567735062	69.8910163660707	87.3273325595947	74.73314469447	84.183062762878	0
"OG0006505"	0	174.88425344904	129.279475442582	164.756683144669	51.3692972087449	761.70897174713	624.05392032799	603.253774825302	823.133155119457	0	0	0	0	193.475604831004	236.467402361627	187.140505926596	433.382496134686	356.719778688151	75.7232426509498	0
"OG0006507"	0	153.554439278629	105.693646774926	217.132386635442	32.7613277997836	81.3999090538672	84.6107706433823	82.9303715018848	82.6289528579474	0	0	0	0	55.8458355612688	57.1852766044789	57.3572718684966	101.710894703129	82.672667809852	53.4659317120125	0
"OG0006508"	0	156.036652003407	124.817467178901	126.378754669364	118.520879777972	87.2065062665624	79.3473408946936	94.0482242049566	96.6721739644786	26.5347827719584	0	4.3413925189757	287.705022327997	356.784725992533	316.397251558499	365.012340621899	53.2838267889337	46.0133711377963	134.449872247632	0
"OG0006509"	0	50.9126356416049	36.3430526684497	178.756298681045	77.0424358984596	193.50551527071	170.662516377297	175.909264898179	183.568267086121	0	0	0	0	58.5782098921193	52.271992390166	56.8524559707731	5.85393544474109	5.42638324923434	118.165723973121	0
"OG0006510"	23.5743579943111	213.312660600351	113.842262947544	172.307528314316	31.1480214285879	204.639044166656	167.18551546469	159.748336531709	181.945293806002	0.227892615185347	5.9276891346229	0	36.2435618633416	104.355208931806	112.727768178923	104.641763722049	60.1938027260891	111.240331439728	311.01906422263	10.9377877283924
"OG0006511"	0	50854.9230290568	115913.863249129	52875.5276188014	9222.70278334995	11135.0050460102	22355.1463090833	25785.434514005	13484.7630699869	0	0	0	0	58359.489531989	50842.3440936673	57765.2281035663	97895.8571387845	52808.5923279735	7340.65113826947	0
"OG0006513"	0	208.477868152924	222.037102418749	233.741247312981	148.170968027529	144.941371274705	141.294642736012	143.954966722915	168.647825661567	0	0	0	0	161.33834874437	153.316674690101	166.013295781583	95.7650084388113	111.122807004839	76.2965881397558	0
"OG0006514"	0	121.045748513338	59.0506232881315	30.1554746656448	83.3789179631421	50.664244934693	65.6405576678415	77.7162970913539	55.1713960502055	7.18239865254441	21.8444736838109	77.4928587478106	0	169.204789860378	94.9399649365279	169.180155432937	121.642059299919	103.141412261085	135.465522974164	57.7067288779912
"OG0006515"	0	279.686313286753	260.709696394668	298.769305035169	179.540144244898	73.7137177551771	69.2184132554935	68.3036502990875	69.5364163473416	0	0	0	434.780738124976	222.654968067667	227.90619181276	219.945033681008	293.716427290641	193.157370123331	134.23635476535	80.1163703459252
"OG0006516"	0	524.230675292186	771.439382965277	746.588901289561	637.687638421946	137.708707660331	181.344881669081	187.968215650338	195.802672421781	0	0	0	0	377.817397477309	564.765880301687	390.38887790269	480.360586932899	217.89143778473	200.574150164964	0
"OG0006517"	0	265.772025370166	93.5462955193422	87.5977521151153	1554.97001302633	330.371263552055	514.118453860492	582.370888808735	444.669515791396	0	0	0	0	312.74583584705	454.397627498777	312.033923990027	265.958773630939	215.829082665253	288.760421573824	0
"OG0006518"	0	54.4702318988499	68.6553595895341	37.2627568568965	60.7112372270375	231.08309892117	210.919048346537	219.536295590211	238.110651979076	0	0	0	0	83.3690146564447	93.8963216800838	85.1330472949293	96.3441870584285	65.6956859768262	17.4429933241912	0
"OG0006519"	0	554.289975826007	718.296112990115	765.086136419135	316.673378161224	154.276549832571	205.27579739267	245.807710528641	162.184780033987	0	0	0	0	449.65173992238	574.886598867317	442.132073460288	494.475716699663	337.055726502852	601.728665140947	0
"OG0006520"	0	373.855874289793	395.077475708746	593.760695503029	125.738692450734	187.552079972643	180.595194345826	184.433483255037	186.832158446868	0	0	0	0	126.993078365651	158.978677631026	126.419565292916	248.485208075312	137.196814086719	137.715136065036	0
"OG0006521"	0	117.817731783538	132.581677025122	128.026020882395	77.00379547068	173.970777951746	148.474277357329	144.830135746088	173.291379179361	0	4.86030867983994	0	9.25068058359782	49.2633446976081	52.1641254261952	49.1447181273799	105.928423216509	116.727511347107	101.996679821595	41.2806104614878
"OG0006523"	0	188.905071174117	174.019439594898	657.655989907966	149.711378272559	551.540053010525	450.83710244125	431.774770650735	507.215256560419	612.958405553359	745.308143891021	1449.97461828382	270.403548363535	430.473994676069	351.430187377409	433.220984496141	1364.61125695051	1577.04525174254	343.834171000652	611.967322845656
"OG0006524"	0	275.856260706019	325.209998516815	343.575088542391	198.422159240949	80.546183768395	81.3811393848655	88.6226019650697	89.5825316167162	0	0	0	0	141.849136826006	132.038742543879	142.470495913471	475.077318837293	364.565386343286	158.171176235565	0
"OG0006525"	0	223.217140495064	150.479813728469	488.250932556519	111.992017711153	173.702351716318	164.093924458955	161.418963066162	178.496691721879	0	0	0	624.965080743468	317.503159760064	417.026025341511	319.900039532713	543.98657730399	538.483334636843	183.993030589733	233.68976561441
"OG0006526"	0	358.740666241477	263.868081948748	407.456972732846	393.241715194019	74.7464678567527	109.516144074282	118.727596831709	73.6617084332323	712.177842294988	753.42780318516	543.624293808545	0	721.76331463606	750.553441926015	720.392873069366	1262.40812710445	820.573204667934	498.192661882117	0
"OG0006527"	0	130.038494160303	51.7967808106265	53.656460640242	52.1826645112264	2.05503490852135	7.13483129772411	4.55960918064386	1.54303906538398	0	0	0	5.82690017394008	5.50734814573391	6.59455061099537	5.5804635777864	7.92539926554569	11.5147451342094	0.143536128681799	0
"OG0006529"	0	99.8883704532784	118.477496485535	150.823820124902	103.178437584768	162.469737634646	136.039728457462	122.250737565127	142.761136821468	0	35.2108856365396	0	0	113.059696565649	89.8041321373933	111.642946778945	100.34157434936	80.8051458718843	58.9104055585635	6.26552641583635
"OG0006530"	0	815.541957677917	681.636943412654	246.253721955357	533.961383708586	249.919237069923	214.794863901306	194.662139575101	221.547293018196	1880.20053650444	1362.62663888837	2567.61075379373	15.3578996162776	133.12684217775	108.711713364889	136.502621458449	29.6152687534012	407.719510851006	236.056627419671	0
"OG0006531"	0	261.411171178525	157.945257373628	571.318549209055	246.233796638098	337.282531561202	345.550172723158	322.064182701665	326.242635075422	0	0	0	0	364.388952404674	374.869271198505	369.405394999035	499.22602407178	456.691248462313	291.465568220451	0
"OG0006533"	0	837.729423790418	673.068291652394	744.628255716524	440.7321711631	249.015417022672	360.622011617771	366.387075346082	261.721205723517	0	0	0	0	624.152156897362	898.051448049367	625.434298274697	510.256727612239	410.97405404046	543.888909926493	0
"OG0006534"	0	15.274552934534	24.5334371184137	42.8048107149226	76.3570396637813	30.5359953999121	43.3882217398641	45.0856239962872	36.2761624503956	0	0	0	0	41.2490783080708	39.2467646041614	40.9837881562869	106.697141282651	57.9108749798358	67.3516705129877	0
"OG0006535"	0	60.5463899746705	91.0557730445303	29.9613490625163	44.6620314647304	14.5851950535409	16.4671129372694	21.1350771103983	15.6331656420581	0	0	0	0	157.01041875118	125.929378823508	158.801243337248	52.1012209158447	29.939964851267	73.656872838011	0
"OG0006536"	0	78.4642635290296	27.576769849724	33.2647773396369	314.216559472967	116.039823610776	123.556483834814	118.661234567431	118.363627494844	0	0	0	0	34.7994983895448	42.0986151122812	32.6496217276161	704.674999268283	335.378968864993	71.4613271678079	0
"OG0006537"	0	120.837748795995	171.274776383164	235.483668456978	55.5706901044134	255.398378692915	288.900566230467	268.349870495804	263.202563466904	0	0	0	0	24.6448524529667	29.3382892418821	24.5020924123598	13.059101762396	26.7013245062689	7.19589427554136	0
"OG0006538"	0	55.2210662471848	52.1671766723153	161.10815719722	60.7890661737709	129.994436213796	124.794418608632	119.731000063414	127.415628720836	0	0	0	0	48.7827564784573	70.9701241853565	46.5740835105836	89.8103320447213	73.5042478861813	43.7156403469813	0
"OG0006539"	0	114.341493198429	144.92062834443	162.196334508972	61.9987033951838	198.424535636302	194.33470848661	196.412016852886	257.070899327046	0	0	0	0	22.4698577902567	27.0735476341911	25.3130751075541	175.407706443544	271.219332929666	94.285946510813	0
"OG0006540"	200.73885795201	15673.1484894822	62101.4312112158	14357.9036065474	5229.74896122169	16731.2175778842	26808.1803588834	30994.4375724623	20504.6382466091	0	0	0	0	38413.3442129977	33389.0189839741	38009.8146288413	60810.3602510637	27654.3890056209	5111.0492076907	0
"OG0006541"	20.9593757002994	101.150038901717	84.16030479475	182.799923116833	65.7692966279476	118.90388770225	105.117163566992	101.924033975261	108.090072014246	0	0	0	32.4984257307905	83.1033315041139	92.7389022467101	83.7228539268302	124.411253286115	132.11752534603	49.9790713724562	0
"OG0006542"	0	27.8767993099667	35.5621780261721	11.7014184287347	95.6641075867754	307.327374468415	425.481509198638	445.958038338639	474.218704776431	0	0	0	0	32.6494765645697	23.1843681496034	32.6342120854847	16.2254641224961	28.0876586372365	141.696593449829	0
"OG0006543"	0	68.314680038651	79.913748310535	154.227192479436	43.0056122417738	38.6220790807598	30.5960027222152	28.866715586039	35.207648295425	0	0	0	0	59.8959428325046	65.1192885319355	57.1340086102434	133.833059970321	81.6504323266809	81.766542035128	0
"OG0006544"	0	171.20215765655	225.550852739929	114.647274399125	64.0269147852328	100.171765360131	88.2587056982081	86.3513607149634	97.4281945717145	0	0	0	0	121.078680045097	90.1196674301664	120.110842032183	408.611304220517	330.017507930394	114.880395727029	0
"OG0006545"	0	43.8660967650427	36.2659487202876	41.8402550575191	43.6357307410804	31.5347274567662	31.8438518392569	28.049938110642	35.1979025207974	0	0	0	0	16.9347689937089	13.4668104035856	16.2692293871382	14.7227520338926	29.3813925975264	25.3671198243346	0
"OG0006546"	0	80.6903214415998	173.90048592473	23.9510666853893	33.5297516259824	68.7658403206539	74.5225868804461	70.5070078792942	81.8808546223442	0	0	0	0	70.0439293480321	69.7650498087661	70.7318554447354	31.9369057045424	18.2422146984781	22.9344854071732	0
"OG0006547"	0	212.316562099935	144.951507037509	188.757321193192	77.1684968685208	293.096809590407	296.311198258262	287.079098182485	319.324392609173	0	0	0	542.95798198926	220.776456379647	218.020173842472	220.284563251171	308.951965184656	275.764935830765	315.015081635321	5.42312029789287
"OG0006548"	0	149.415516786634	146.84544351245	82.3933724930865	182.909534738163	65.9955617032088	61.870390984224	77.022246336138	81.4847360407086	0	0	0	0	406.006171832697	407.200171737033	398.363309627268	139.424794937192	120.310199270857	98.1190514162324	0
"OG0006549"	0	223.616410141624	133.940970455418	169.93468196701	NA	133.483366836367	151.554996538747	170.765464937811	137.615367818126	0	0	0	0	263.926730028692	294.049465937063	262.775057270961	8.27274879605459	8.88296423709456	292.276135627202	0
"OG0006550"	0	60.3857487584314	53.5183050635757	178.14506168736	71.785090546618	70.5928257502117	65.4338504022628	57.2789655783965	52.5264556922558	0	0	0	0	87.2821182133584	109.098248566187	88.3117106327716	95.3126501742537	88.7508763970317	2.07255738089212	0
"OG0006551"	0	417.338931460143	661.090736094929	260.282785826268	244.695304712178	1578.03771565841	1710.61806364683	1742.50208291243	1888.26584067421	0	0	0	43.3196204064447	1317.19186242491	1193.47635478502	1315.84719633284	2719.36304362437	2764.82383709447	2350.04177110434	0
"OG0006552"	0	79.3351898905373	86.6362600976469	46.5008343719476	23.6993253487029	71.6160308212944	70.6845137363888	67.8448378322	62.789699514538	0	0	0	0	5.0716485866022	5.18908719817911	4.76262780108383	42.8125392315008	57.606995776776	8.37161652829104	18.5278520655236
"OG0006553"	0	6.90591299585198	13.8387205348235	9.50727210311591	161.29528523883	33.409271555698	42.0491742464518	37.8712634321539	36.2439699561421	0	0	0	0	72.2991145392263	65.6274093639828	71.2248329392457	44.6901109508627	41.254577776308	11.6864643431398	0
"OG0006554"	0	23.0251027190619	29.967734519027	8.48408971970971	7.04354708393199	18.3325629261413	17.0781352683067	20.1477573095547	20.2864900848655	0	0	0	0	104.588219299607	54.0212862182902	103.686845485148	256.782120635003	190.294013118725	507.136159018359	0
"OG0006555"	0	13.6524292522853	14.0495269971874	44.6952097399559	48.9832096865157	18.2176895940477	20.3724134771621	20.3067804210055	18.1847980674447	0	0	0	0	45.2566624011398	51.5095728673791	44.7958234244001	34.5695798821366	49.5656938512765	36.804288080053	0
"OG0006556"	0	196.452073811361	148.339274517758	151.1086071018	NA	45.5870101392469	51.6090457471663	58.5414424531764	45.3289181879717	0	0	0	0	55.002586370738	72.3128022104848	53.4143892639884	87.9031163704722	68.0575296924562	80.6829741052926	0
"OG0006558"	0	26.0955900075046	13.7214408832266	14.1224396316641	13.93456039409	35.9869847323872	32.0765672791841	30.6968216536286	34.2899107053372	0	0	0	4.94419636536287	27.5373997338777	28.0372082635886	27.8476738357813	7.5180100673301	12.1922611807489	12.2004955093542	0
"OG0006559"	0	64.7822779522587	43.1659634122579	26.0471132465895	61.0916125019177	106.990468771243	153.742942694117	165.469524415235	147.620191422865	0	0	0	0	34.1491643025732	107.813352159708	39.4277151098827	73.7494312758794	43.678779465039	36.6927795737135	0
"OG0006560"	0	117.569873483466	121.70324706324	193.094876818054	213.240078180463	372.885495299344	330.583588842227	323.724688266336	278.758077291768	0	0	0	0	342.611396927801	469.622303663398	337.021911685004	3.97339329155214	7.00888099130468	124.087393855958	0
"OG0006561"	0	366.711939546071	336.259587110184	442.231498698307	154.5734950787	154.131709544279	141.630467345471	168.905727684534	141.506761312955	0	0	0	0	166.452229159468	234.46946886727	182.293356786911	160.881198603437	165.452072787622	507.606075040695	0
"OG0006562"	0	93.2113138512976	64.8500802609822	193.001317005209	346.544347153975	317.799015539592	352.533673114787	355.891549990328	290.337943828249	4.46236959978348	32.9636764550805	33.6144526460147	0	79.2679211927904	88.0436989662922	80.8927465076416	5.78465709781849	5.67384693854185	418.433317351429	0
"OG0006563"	0	23.7822631579007	11.8848266936946	9.76683463176002	71.8188529629474	13.6598265450093	18.2967846073593	18.624178250871	15.9324552370716	0	0	0	0	58.4420386054286	80.0513693020743	59.5416134866017	63.7323206305432	51.8573257064499	21.7075811051364	0
"OG0006564"	0	65.1120643096765	98.4202671161634	20.8766605599725	110.221683218555	26.7966136245783	32.4334157287952	32.2690132443321	35.779316572287	0	0	0	0	167.452529696442	181.125716804162	158.683206472365	158.344791502245	190.043256474237	134.823638817448	0
"OG0006565"	0	36.0601159088041	50.2732587542815	39.7794790119938	43.3131790850761	114.558124109859	108.59709803869	115.838954690585	119.503442994509	0	0	0	0	15.9716502242675	10.9820816642709	18.2774530594933	0.88964842803796	4.44935966219016	213.426926011115	0
"OG0006566"	0	77.532057054755	62.197556164424	122.278209056948	44.6343528604344	297.983477408109	206.972093471116	188.987923145982	260.604483186567	0	0	0	4.17800538954181	29.8475192166632	46.1439241045824	29.9452951657925	3.65843988691155	6.77056187638333	113.729798400469	21.3129548723093
"OG0006568"	0	78.1028467190921	37.9704006188904	21.7625646238897	71.3979463457367	78.7570454946284	95.247638606672	118.83844209846	106.643924811449	0	0	0	0	248.508782917193	211.483702693522	237.565160270004	258.675938939048	184.698828066434	143.351464913338	0
"OG0006569"	0	12.4443015256379	12.2543318238523	0.715576123982765	70.4574218908457	93.0924604188199	70.5974576541049	66.8692545890125	69.8570837705704	0	0	0	0	50.6396250480632	49.2095666017077	49.7154610858129	0.545973752848375	1.95957328278199	50.4686967008496	0
"OG0006570"	0	2771.18024248561	1483.83811094313	3369.94470275076	2117.45654840288	392.044369295473	513.814911982326	561.43779640664	468.940267171897	1606.97038117166	4368.02195785054	3142.19478899385	654.307764263828	503.082078604455	556.74066872665	487.650074197421	1126.64123858422	1160.79508865176	1163.02217963515	3079.80325331161
"OG0006571"	0	9.49089876471874	46.2309149401047	68.7575665896074	23.5743331564314	55.3667817889333	52.2381991031411	52.8989112403128	44.7644177711584	0	0	0	0	160.105662160319	101.543748692771	158.419359362627	50.8693175701294	49.8048589150287	82.5336069195014	0
"OG0006572"	0	82.4730344868866	103.941874763733	370.177835239864	75.5895558139461	211.152722809723	173.231417775734	182.018795189135	170.506414046601	0	0	0	0	55.4266388799281	78.3244732972619	57.6802415608508	12.2110057933313	23.3739257716369	135.429375929294	0
"OG0006574"	0	242.754908044035	440.382308210094	141.188199405442	94.5229817621349	70.5660774670865	62.1086747539073	70.8350519105695	84.8599178601052	0	0	0	0	289.741698255422	368.94933587742	300.350357370134	164.134152835032	202.249900677614	201.095736530207	0
"OG0006575"	0	34.8934707428382	9.01878665088999	16.7359179709168	12.4568517793862	74.109281576995	75.5955089553948	81.4682282511785	113.479548259242	0	0	0	0	6.83193196552497	7.86652061412607	7.89522204489693	17.7415735813044	23.4828014679192	7.06654085696125	0
"OG0006576"	0	19.0699479708856	15.8046392516224	33.1244069450218	20.5958412885909	58.0959390831506	46.6169702143951	46.7332338371138	47.2364492244258	0	0	0	0	28.7054344385632	33.328675912126	27.4296843952515	37.7570628023241	50.8353740987254	41.3388045733186	0
"OG0006579"	0	803.180154594834	1196.14110484636	1065.60639034518	1002.95203963	374.603856062119	380.26830131345	357.006233176106	391.937832948274	0	0	0	24.7709244942083	315.917385122393	333.733524213916	320.075706161039	1074.50182607006	867.779798932898	499.488859487656	0
"OG0006580"	0	1402.0431418731	937.828960822947	3024.35622684733	850.675868707873	750.943620204699	644.401072601868	692.26998615917	706.779294980708	9.34479314887502	0	0	27.3769728912622	617.428222705345	667.848287973565	607.918321860597	2254.0075113207	2276.82301937624	1267.28174525598	2242.23939958273
"OG0006582"	0	6.17063460777265	16.0707452965431	1.26333355153623	29.0967902092233	14.9006805090733	9.77335583104521	9.90687178620494	12.7911091327707	0	0	0	0	11.981193329713	9.3779209657129	11.5550036440013	6.78926587409773	7.1874708197605	0.282968815354831	0
"OG0006583"	0	123.729515212658	132.410953481658	81.4129883558706	110.899946046601	237.85827527513	246.698738260946	241.440551914402	237.619590689778	0	0	0	0	138.56659719982	192.934611733241	136.629754105273	79.4191256005933	65.0070041433985	85.0829435312745	0
"OG0006585"	0	89.0044636661865	68.5794618403203	100.982633668081	NA	102.358798218975	88.2750032487137	76.442663242012	98.5266376861865	0	0	0	0	33.9883670317892	32.0879198968022	33.8853288360385	75.8714292244957	83.9293844119066	222.664997370314	3.62156390568715
"OG0006586"	0	16.6113803056957	18.6193508899465	11.8688444807035	135.895095953856	24.208472598636	28.699579001513	35.7133306769493	34.2029532452733	0	0	0	0	200.461060037194	219.252649811412	202.341571119995	955.190060483564	575.147741066937	126.431567225574	0
"OG0006588"	88.7362633388648	35.5681845923226	26.1965071146334	121.387875472711	34.2439144259375	97.0958567397958	82.4658212167843	84.0958565136789	74.2036514630618	1.63452412309116	2.85817074902219	0	0	49.7004423774916	53.524517135284	49.5894448027942	47.6796886458458	82.5185269150965	175.517141178722	9.25580938759291
"OG0006590"	0	220.930932869506	287.402879122433	513.945831451935	908.496747127878	71.6994943437431	138.64733653835	140.08929093191	94.5972671082921	0	0	0	0	359.317387060835	404.628591863706	356.7567034251	81.5793151475305	61.3313848609493	336.905284553786	0
"OG0006591"	0	42.8800044444429	33.2068426181137	25.1995533682643	19.0856856763757	15.1587292985588	17.6363942795822	14.5262359838532	14.4389624323748	4.42829778502242	89.6180648140096	17.4002045580426	0	13.8149689694466	21.2760259484937	13.4350948278537	105.140985205032	76.3104513008737	18.3213270071278	0
"OG0006592"	0	219.969574525712	130.375260794922	147.709164983957	88.0919539699066	192.305172191877	182.354650735821	180.394513567846	197.382745430749	0	0	0	0	210.050626350042	187.722948005713	204.54122281381	750.794688428044	513.185301088218	180.395194427784	0
"OG0006593"	0	44.9008792412423	14.1685695549396	6.81084762159063	35.84434065454	24.8912752450511	28.8830622576214	31.1343344418069	28.0712262294504	0	0	0	0	44.9336818950288	58.8887621184361	42.9127556550728	419.475904619071	463.533592976625	60.926791861097	0
"OG0006594"	0	176.727634739324	281.665083509499	244.93836301281	119.354252408311	113.611945215079	107.694892805287	89.9918670249423	111.617413669763	0	0	0	0	186.619175907668	150.198850030154	185.123464206099	539.071379221662	443.429533849111	186.020780816479	0
"OG0006595"	0	40.5465066997076	29.426893467478	5.04833412434371	60.8601535990619	256.373137184811	209.374291812514	193.248217637826	220.441562579341	0	0	0	0	73.131056587765	62.4338133443208	72.6168347434628	9.26993749037433	11.4570237740805	68.713787757027	0
"OG0006596"	0	30.5024898415021	35.7118394803063	12.3052319880888	31.1287286192568	34.9316484249362	44.6260207007607	43.6121064273586	39.8538677541491	0	0	0	0	47.8256034403737	56.2076950130689	46.0133389689406	459.641341735835	330.748014079619	43.7769433912706	0
"OG0006597"	0	1903.1680308657	1363.17182383737	1768.24993799492	1529.40183379647	89.8030875267839	100.602877889875	88.9848413988984	113.692194774019	0	0	0	0	1467.66703058051	1385.85340368263	1418.11572473625	1198.70575353671	389.732789873905	846.068270480049	0
"OG0006598"	0	16.5709866622321	22.522425117852	9.25548884284471	101.116346760924	NA	NA	NA	NA	13.1959853494717	33.4945518297112	27.9708364967702	0	51.0259408379666	50.4584239573784	51.5623908539782	15.2920857081648	33.620878410795	111.487642884861	17.009099921118
"OG0006599"	0	411.615219590513	348.83208638126	397.068952074163	249.303655304674	386.201922724066	382.102979341839	351.50555492553	402.784691480833	0	0	0	0	353.153954140576	507.146288458468	351.040941826778	638.432096331603	726.345481429779	324.477768059041	0
"OG0006600"	0	64.0262582838386	89.1376383629943	79.2841191718037	39.9320046315663	53.4189851304056	59.1256118532474	59.250127681519	59.4604800258042	0	0	0	0	62.1641000209535	47.4057078636005	62.7389544224755	3.01161970315696	2.02865910396714	15.8162742073063	12.3336350749848
"OG0006601"	0	76.6084374705416	57.4509775579839	39.1829723206461	103.260925306482	86.8964037642731	85.8412357065514	71.5720642626375	96.3008285131865	0	0	0	0	62.007672995234	65.8853417441427	60.4631342340863	162.651106388484	136.936594927344	114.642019660531	25.4686771987679
"OG0006602"	0	70.7267290041627	89.2662377732487	246.117523486918	97.5555702288669	78.8902319666209	80.7054701034895	73.1202031549348	68.0776939514772	0	0	0	0	135.788369980278	137.437451923532	132.405423011469	89.8128660269591	147.849902596056	61.4437616321278	0
"OG0006603"	0	932.718783898926	657.294920788895	876.368938597676	92.3807674078566	95.0187807587388	93.9595617024658	105.636807052289	95.8562074118885	0	0	0	0	331.351980786518	275.715417908048	324.093819908547	84.4160415790111	63.7734707028155	238.448422734192	0
"OG0006604"	0	145.269334846519	253.857642028576	91.0182497921506	51.1273149553449	158.979142181175	162.456699697752	161.931169625595	184.910668946109	0	0	0	0	146.027923535251	110.654003756172	144.038789247063	259.371874730675	169.845518449349	207.808264513738	0
"OG0006605"	0	158.291145367735	155.559312347641	19.8541591693024	64.4716085594029	193.238770514491	148.272724192097	142.755329696158	156.965219797722	0	0	0	209.769266893571	46.0725885870029	31.5626098398439	46.1915925888067	108.920134791272	106.047019394659	94.6630831583467	0
"OG0006608"	0	10.4839912674335	16.51659354168	7.88630079879583	38.6061720812275	192.418380693071	158.628133458156	161.118304336084	175.339060742555	0	0	0	0	183.192348825386	194.269545830097	185.548396919677	116.721647761313	66.3868280641243	35.58062427203	0
"OG0006609"	0	158.491901063743	189.897931439025	323.26234377739	65.2116138582206	138.984523073293	102.835642309136	101.927946161146	129.882881600737	102.486637419035	188.417200695352	107.995485027388	0	51.2510431432703	42.7725155780433	50.8568081357791	25.288172787949	67.9534969112928	84.8217952062374	58.8141041866086
"OG0006611"	0	155.597455392192	170.863648110834	118.000089987288	74.641796555556	38.7384507606633	59.2038400956741	62.7783397670109	48.0083145749272	0	0	0	0	142.654510559312	168.613911462638	143.000273136444	228.1141732604	187.07675805737	32.2077538582018	0
"OG0006612"	0	539.884949216558	723.278508325854	800.650452784072	391.110462663224	238.796518475954	164.85732888722	141.271459324211	160.603091112709	405.851822943619	418.437953350169	188.006634856713	15.3590142731769	242.644441244869	177.693351648381	238.751569628976	65.7290743853005	145.026288153972	16.3553299426063	0
"OG0006613"	0	84.8458369578676	79.8350609349096	79.8160297143357	51.7430953895349	44.5166348593335	38.4420509743502	41.5812472655411	43.566316251624	0	0	0	0	76.609702290097	71.7034146241023	79.508243516017	35.4449555642877	32.1976262779984	130.116399554212	0
"OG0006614"	0	193.777641271025	222.169598734002	275.614079590579	NA	78.4326254465998	62.8577509190187	57.956425767543	68.2142605481935	0	0	0	0	19.9967846665635	28.2378174656522	19.6582760782716	15.1198719105294	51.2485074986629	0.367701519170852	0
"OG0006615"	0	747.054249992785	2161.11882046143	1515.89596565866	209.846845721121	137.447329209046	158.390460846617	183.419212840316	206.560121331627	0	0	0	0	133.927894224269	120.465739583722	133.930181571955	67.4748547796626	108.722403541048	185.562672621645	0
"OG0006616"	0	64.4270835264234	112.362071268807	129.654881886343	53.2635003067073	101.009175302784	95.7793461919156	98.7587858024656	96.3894836243145	0	0	0	0	352.938910335818	343.621924931365	346.207679377079	382.067537171577	451.47834901143	828.288026070641	0
"OG0006617"	0	90.3567951444029	100.683281912403	34.9310622687222	95.2266798573015	167.10684663452	147.203550553765	145.883962706982	137.089724747892	0	0	0	0	76.2344161663086	61.2443459616338	78.2251133612916	0.636526638683309	10.8486786920378	59.7578169383487	10.3227092815921
"OG0006618"	0	71.5714175397923	40.2267349286466	174.124321061533	27.8177646451594	41.9628397532396	35.7684378139145	33.6686339687596	40.795183831239	0	0	0	0	32.5179529900254	26.7959071978302	32.3343938649292	28.5898667735917	39.5693985002001	69.6692185632957	0
"OG0006619"	0	61.705827545718	50.7302225866505	70.0606553927654	23.6992431350267	60.2562625049241	60.2578773839746	59.9827207124942	63.6581423478001	0	0	0	0	34.3330614401265	22.2044633797116	32.7406489804756	11.8170624877295	16.1375810624885	311.067449681193	0
"OG0006620"	0	239.240298090296	70.2151603988652	12.805485570996	37.5267065136822	6.60913449743168	6.40358601011887	8.17254906970836	8.76385953963308	0	0	0	0	6.79020236836672	7.97702051370962	6.90685077181877	198.641171241823	161.042540850588	10.4867269224244	0
"OG0006621"	0	24.1753622735586	90.396075004298	19.5611175653342	71.3628411060306	34.3942965048096	31.3358436087068	32.6873273425175	38.0398961541194	0	0	0	0	81.6653127710024	98.6507362274483	82.0522851214897	68.1363575112161	68.7327747547453	32.7011124132605	17.406954148826
"OG0006622"	0	116.990154697942	149.528772249934	161.837003476953	118.972232859908	61.2669979925666	76.2114205515838	77.2871158101536	64.7670228725184	0	0	0	0	33.5183228959685	50.5808375927661	33.8801213272937	95.6655943221965	66.058923535768	88.729520254633	0
"OG0006623"	0	245.876989267326	467.32693702633	408.127535850478	105.592231115852	127.023822944729	136.515752745145	128.492847488864	122.486153038259	0	0	0	0	223.578269048744	220.173581589073	216.896905229036	781.307956838982	646.985261581039	401.657457403063	0
"OG0006624"	0	303.497303117926	306.335563385356	319.656763317805	508.787556078548	173.362171269104	211.089948535526	230.463972590523	178.018205625649	0	0	0	0	262.551143367929	308.799266549398	282.175457516188	851.875118650953	689.264724344686	582.010481018339	0
"OG0006626"	0	9.8292409002771	5.07128718787007	5.74037612097754	NA	19.0265199395858	21.9494052079555	21.708864373583	20.96712240966	1.26360222072368	0	0	0	33.8619004639004	34.3157247536928	33.1346352054192	8.58549555119432	9.64012629075468	23.626175512978	10.0981847023289
"OG0006628"	0	33.4907379533938	16.4013365929351	68.7968310356536	179.824603564297	100.587862096381	113.316189600493	103.928811897843	112.869148387731	0	0	0	0	7.46577982325817	6.94356350137812	8.03937977364373	472.561377583074	480.788488871862	228.543164730773	0
"OG0006630"	0	44.1641489635391	92.1398675455251	163.792201108102	NA	139.841245054385	109.715232331171	106.252874905197	117.782464947215	5759.67082584964	13701.6716714339	9501.17970469244	11.1164468829907	58.1088594459913	47.0081464998158	56.0911876257293	11.7908375902157	23.8247105183072	1190.18018289092	6426.6887973297
"OG0006631"	0	523.013162136184	531.956004526154	1029.34444740758	192.803402568853	353.880895633274	401.33057652222	368.292454768021	378.899998527513	57.8833810246432	37.8714536091337	0	423.122648499613	80.9986769762507	90.5932384283816	78.454243746064	499.041491968146	625.202552312688	70.1885676559586	83.0159070684693
"OG0006632"	0	0	33.2462760452725	0	146.645356244202	125.726919673701	144.166094578293	143.582293344434	134.679060236795	0	0	0	0	88.4031207568742	127.045695868357	86.4800562235912	414.10604465197	304.432760180713	162.225344979189	370.420891133445
"OG0006633"	0	409.583766740739	321.019643813929	725.588557724544	269.379686923674	627.118492362325	938.085648970318	981.19070962324	675.636200588657	0	0	0	0	478.425988378466	483.8454039727	477.972231645685	807.958417876883	841.449405010173	106.415159994968	0
"OG0006634"	0	43.6198459141972	37.7043873585042	34.4709933923153	116.230954852252	65.9067707218804	71.0878781114011	79.4362099231727	63.030640213717	0	0	0	6.56627305582395	19.177398401464	26.3827892322661	18.7905662544836	100.170621480685	49.1337300467152	30.3505113240114	19.5631478686565
"OG0006636"	0	126.418103676827	219.632127284738	113.428236050784	274.429250911384	44.6084225362817	44.0311601073081	58.7257498771085	43.2806078651237	0	0	0	0	323.414089632155	306.293807909784	318.907141198699	145.959801761007	133.635312733799	224.361595743043	0
"OG0006637"	0	93.5037659041021	77.8898331693022	19.8427172643217	26.9456419688059	68.3062360035529	68.7903309288811	70.8376600344931	80.8694318439013	0	31.0271213840164	15.9586894740319	0	56.4764688609657	58.922656696799	56.7151166068095	3.56819859602165	22.544820217296	352.356759037725	0
"OG0006638"	0	27.691890795729	25.8497713092399	16.1073923508324	26.298209269307	40.209495343821	39.8566783582321	37.8650329138921	44.3367354549226	0	0	0	9.6592724370509	21.529977625523	21.2071049868667	21.4663231144755	20.7423905180791	26.7375943258282	23.7051902985211	0
"OG0006639"	0	43.1030769145076	31.1439640627715	67.2434313889511	49.1544607738879	120.988755438203	109.330080372677	110.992408409617	141.865154315387	0	0	0	10.5129635866131	22.2775670074209	19.6133688071373	21.6269226841659	10.5859351043032	16.6811877834943	37.8875896679146	0
"OG0006641"	0	714.754891182163	860.191501587461	660.274605754581	434.227973199119	232.278317042275	202.607752561991	226.081599920063	199.49915042406	0	0	0	262.975047246654	699.128219960986	698.806130460664	671.170806078763	1919.32056802069	922.742816650193	976.10782149677	0
"OG0006642"	0	2.16348146978219	7.1429988308958	0.833903213184781	15.5053896992868	9.39697153143442	5.68223605280504	6.46086631782608	7.31731621825484	0	0	0	0	3.72684787440506	3.02828103903761	3.4997166669784	5.73843920169162	5.81276611958818	2.984845670351	0
"OG0006643"	0	303.033216970302	964.90348798747	655.888030922858	213.228842311392	579.522086821253	607.422609569377	598.305801502862	649.74136302345	0	0	0	0	173.024938998461	217.012867480231	195.171873080117	1050.60358497465	848.517903630268	413.416899447008	0
"OG0006644"	0	525.075882466071	402.926119481354	915.076320315588	323.782120690325	213.186036282143	214.088697828547	225.427395502568	242.334659330549	577.769710499596	563.268986248701	724.869815610338	11.0708472825628	611.269645612936	749.731394155529	608.50920051951	431.966375917577	400.880389411203	599.993003278737	0
"OG0006645"	0	14.2194440036004	25.507489161502	2.42503353850976	29.319589271527	21.8041238129905	24.8429673937557	27.7449325073582	21.0089349266104	0	0	0	0	112.958348501535	147.273432203443	118.236833218544	26.0920150002291	19.712689511815	62.9998202233793	0
"OG0006646"	0	226.311220989894	308.155995952073	91.8413798229514	182.916111832253	164.829912907081	146.627703769235	148.806510459112	162.480925830733	0	0	0	0	277.85948750797	303.993861212792	267.060489800704	93.2977099441056	137.109948200062	325.137852250629	0
"OG0006647"	0	23.2933911802694	9.71593252924284	34.319150417371	NA	16.1518564247166	22.0884776389362	20.4520384339708	16.6836343949765	0	0	0	6.74716535201127	57.8626689740274	104.323223255881	58.695705766092	15.5596208854826	25.9334414232425	60.7597066629036	0
"OG0006648"	0	2308.82080644986	1983.7704612647	1124.18403579034	176.448910022529	158.47081381307	134.531322251713	125.353825451078	133.499695754932	0	0	0	77.9927375835144	144.198663815417	128.19954118099	141.256104874177	275.407496298723	267.616953512437	113.665521204139	0
"OG0006649"	0	178.123522906256	104.798276017086	72.0066994999298	81.0366503302885	62.7125151685924	71.5931021770732	73.6664602211485	79.4525848409526	0	0	0	0	57.3437890838356	73.5756582057254	56.985421027391	78.7454985521124	56.7812399527048	43.7635819022546	0
"OG0006650"	0	252.49086503598	189.054056097828	223.474208178871	156.770244504809	465.550815603611	475.701935715267	460.062337829969	447.472023318485	0	0	0	52.256239815102	37.2324762489959	54.4951550599005	37.3617228071851	51.0839907256442	103.533728128273	192.119967624814	49.0562025172226
"OG0006651"	0	34.6402197098778	12.6623054220099	14.6410984236555	97.0669469470864	168.506969421342	104.75250587443	97.9777975831308	148.026370158954	82.2617514283645	125.65595070057	35.2253440552679	0	18.4843538401086	15.4904537398079	18.7827133312964	9.3363181255513	10.209041073266	28.9974940974082	0
"OG0006652"	0	50.1349413352287	53.4470465410865	19.7257214852435	23.8997348865414	19.6488892243343	16.0205600534173	14.862176834786	18.0616240513456	0	0	0	0	33.8180662122143	25.1178483332598	34.023779135201	34.5698223684751	31.6666845677259	11.7168717184752	0
"OG0006653"	0	1131.16720594308	1379.55757262851	156.059608345437	215.863242540083	189.295157924846	204.586546819206	252.801105038139	234.612233267615	0	0	0	0	353.200431349992	409.096838477055	363.371628200029	2291.78688286617	2420.63432061881	823.218650503775	0
"OG0006654"	0	10.4104115754247	5.48232267566595	14.5053906820084	48.6104802835153	27.8182144501774	25.2713892526703	18.3917654301265	27.7718108825061	0	0	0	0	73.8182949663919	96.5800068705921	73.591124912895	18.0923906915958	17.539244467572	99.6567324112957	0
"OG0006655"	0	21.654363354543	35.4995484653905	63.6488940548161	83.142690667071	35.1011837049101	49.6707237403728	49.486325982099	36.1804023551844	0	0	0	5.69506388624956	49.8220423761648	62.1760001015188	48.5292600271913	36.2783811098704	25.4163149847042	58.6585348320626	0
"OG0006656"	0	67.6445746392811	113.544146238224	44.6473561963371	48.3301316479228	9.49885918250872	8.74146283949415	9.48719566774832	10.0595885705492	0	0	0	0	16.0102887401547	10.7705532850681	15.0333834118159	34.9129526618347	32.8396863005811	48.5653281758402	0
"OG0006657"	0	642.383378753227	503.501771333747	626.636018618445	116.350164682636	175.572511760547	181.194129326905	174.082129193947	249.713782622732	0	0	0	0	552.471813564086	656.726815600386	542.368284784214	931.459134961758	1024.67681201178	254.420506996137	0
"OG0006658"	0	207.428877899691	172.398304311318	147.337379760457	109.49200943837	483.818727596473	442.51788197277	412.418289160436	460.794057102578	0	0	0	0	29.4193798703618	36.5427039886922	30.3788701810718	36.5730020112038	29.5929744303849	248.682169171892	0
"OG0006659"	0	442.778630330073	275.691615178958	822.41836271627	389.533878400699	462.89457790281	361.819474141166	373.459438052155	420.396878131935	16.3089390011626	1257.57305670955	151.92174728898	0	185.511353468315	203.214378671857	184.873503786348	310.632274267611	355.388402843644	846.008645390194	1751.94782657211
"OG0006660"	0	151.59386975442	63.5662206572279	234.73332168335	52.4950764805084	157.384234179064	135.647500741962	124.710922903919	158.73917713341	0	0	0	0	83.4335277978723	76.1871490939963	83.4805311865709	72.8639924106786	85.0456772930479	251.346032812589	0
"OG0006661"	0	73.4692446909702	42.697494297612	15.9373159487554	164.163720398895	5.60690629568773	7.84246279102376	4.18911068772382	2.94988878984373	0	0	0	0	58.2369145632766	50.210677821331	57.2208004226572	4.07379473620703	6.63186033317938	44.878937746656	0
"OG0006662"	0	26.8487577498778	8.74250214253563	28.9356881109534	61.2363085719009	259.886207855431	214.33927266757	200.898714480289	201.926791445798	0	0	0	0	52.3894572980747	65.2541520212386	51.7580543158838	3.85632086348203	6.98961909600205	224.133864477428	0
"OG0006663"	0	24.9962502962443	14.8827321169181	4.97643724259132	42.2419348851434	28.8932512566106	26.2356609909154	28.7861535359555	26.3191245793143	4.40993694612464	1.71844536871142	0	0	39.6698243535114	29.6752871297063	39.6246283831996	42.2917404103203	43.7906263909955	12.3932471607899	4.50318250674245
"OG0006664"	0	0.828116358884492	9.60060135287032	10.2154431979772	61.738908178623	135.697591933244	125.323409935458	124.659629800088	143.82814195327	0	0	0	0	25.5316653562034	23.7210819475806	25.2329489063337	98.7958451842981	104.285430310844	188.502200205164	7.79182534607253
"OG0006665"	0	197.615141106468	294.995437579845	53.6986699197416	143.018910990247	117.313419249205	114.545296534453	120.831483463386	130.320498319497	0	0	0	0	437.097343862634	385.479048618896	433.952813058414	245.919945099834	159.909499318098	234.611766602456	0
"OG0006666"	7.19614387422423	131.239932824041	138.249884237188	434.275816396334	434.306350237026	1041.06093742791	1970.7541322996	1994.200531114	1148.3502832002	0	0	0	0	1471.98178046953	1179.3704915929	1464.34451570033	127.470945905889	101.92888560355	1154.81884684393	1261.4806752789
"OG0006667"	0	73.9674502447548	48.3745160404542	35.7602169379632	95.0691546172042	600.20483603443	426.79482012254	378.546728660846	531.706199571537	0	0	0	0	11.8957376964607	17.0818548273197	11.1683009879555	81.9676570187119	48.5688179080008	87.825378034441	0
"OG0006668"	0	89.8468626262732	40.3584611322637	63.8420260488058	91.0141020650415	27.7555058196143	28.1050579403626	27.2580102604056	27.8121143762884	0	0	0	25.6393851947158	208.079853932884	177.517046229083	206.956118202411	32.4328751370875	54.1115806278222	222.396879783415	550.773670881838
"OG0006669"	0	593.542848870863	1448.9604044279	953.604557998414	455.562422154033	81.7774927019661	85.5963650102055	102.909615026822	71.6653965337196	0	0	0	0	1572.06732934234	1070.93762517137	1523.35600479671	383.698257798299	288.888686976925	414.787672805194	0
"OG0006670"	0	61.231889289932	36.6737367493763	109.955173096605	167.49638878349	33.3868518329126	45.6147387647642	50.9257930442477	37.4984083406201	49.6188064118248	91.3647488036365	53.801463041786	0	179.433244380267	174.598776643855	178.425913625753	136.769569530113	82.8131861559141	75.2282904830816	292.877820739728
"OG0006671"	0	47.8139402118988	30.755846354995	33.1932424269965	254.716329695278	256.759100481773	234.475575381783	290.178418778324	259.514259340119	0	0	0	25.8473388062864	49.2508582831383	60.3752389347207	49.299624154176	9.51798889038998	21.2684215842779	1723.97832762928	12.6952647307058
"OG0006672"	0	108.961853243051	78.3751797907721	95.5784348260947	69.4790517403776	124.569140771543	100.517859001405	99.4940594052511	109.301754742293	0	0	0	32.0223020490021	361.52741305303	275.363128740319	405.539534411439	241.630641860462	283.187630721538	26.3698085748107	0
"OG0006673"	0	1.4301714292072	4.38806084538158	7.67666546732733	60.4198993634027	28.3848285480881	24.84702820009	24.5566748857258	28.2073526944093	0	0	0	0	41.2069019747504	27.2502283361667	42.4042576749759	15.3976642599677	12.9859580043852	0.670755626668765	0
"OG0006674"	0	67.4778147453416	85.5977241980719	57.2713050550665	18.1987457979859	101.460455465385	70.9288411810511	67.1394127587619	81.998055421736	0	0	0	0	22.9402210233361	24.3192110536283	22.9361737027553	1.40690816110741	1.25705725259047	54.442518949062	0
"OG0006809"	0	34.6127893666271	36.980853558542	98.7911867731274	86.5207684054466	1117.09997999535	1024.4041109089	925.102859751159	963.479351864185	0	0	0	0	NA	NA	NA	68.2732410493253	63.4207081478528	134.114015018745	15.2815944396749
"OG0006820"	0	1152.86777049959	676.89472585481	1497.39873052909	664.311167207687	NA	NA	NA	NA	0	0	0	0	285.732171831213	311.881350001933	283.149608818721	16.3432882343957	47.7397123536599	175.7350976939	0
"OG0006825"	0	10.7130268555961	18.5108857691263	4.20632648409221	NA	133.125428192887	77.5971197833183	71.9449535358208	93.3074295553282	0	0	0	0	28.7474720339451	45.9212563824027	29.4218689406725	34.6920354831023	55.0471394746345	106.487960134457	0
"OG0006828"	NA	342.998034462853	213.054133401193	94.9258474626676	240.735894069909	233.967565462047	196.109104297902	188.397831618859	209.229834819921	0	0	0	0	177.612586412624	154.424652119888	179.990318686149	84.7500665103583	269.545414046273	166.122815861595	0
"OG0006831"	0	21.7939003180354	38.3806010458758	14.5448391801454	50.1566454858741	NA	NA	NA	NA	0	0	0	0	56.4048800846719	63.1269544934065	58.4046407439812	75.4393185692067	68.4449250519029	10.1599164425787	0
"OG0006833"	NA	162.836784469521	212.823598143776	44.5522380757902	90.8126785585308	151.462985611728	144.772567176481	134.246586207913	144.998075040333	0	0	0	56.0389938828614	45.2198364683598	35.6833662251384	44.166756368025	26.7838387085271	27.6566600091936	28.5902261463283	0
"OG0006835"	0	12.4562657806007	56.0415413703818	4.94757177158181	1.26423367233	0.0807476283072837	0	0	0.0487809973129779	0	0	0	0	32.4038221325206	24.6982346445017	32.2707051789485	NA	NA	0.217164147805988	0
"OG0006836"	0	16.8405196002601	55.5577091316916	8.61314704580779	NA	1.27105399658824	0.668530275189941	0.574910205429598	0.736613491159532	0	0	0	0	45.4294605036087	43.2285912552301	45.6070074765993	1.2617655383073	1.35604462081646	0	0
"OG0006839"	0	16.5109925088465	42.5106262451468	11.0584631247283	NA	12.7576546803498	5.85201578519662	6.72702536422609	8.71265964105755	0	0	0	0	27.9950268241978	26.978773865869	28.1140204777717	6.22156898261072	1.70597788382813	11.9149413662804	0
"OG0006840"	0	114.949783097622	86.6688089123464	130.56245910029	82.263552423688	NA	NA	NA	NA	0	0	0	0	43.3590534358776	34.842256477365	44.4022246381071	543.609511047551	762.749668700499	25.7575016942793	14.9890255751061
"OG0006841"	0	NA	NA	NA	153.237248796052	263.0504964684	186.493721532767	166.039109700987	216.599551867689	211.084233402962	118.950756326464	382.583742985952	0	24.2100477535387	36.5990559590458	25.6619781934575	0	3.2525278893864	322.679959736291	0
"OG0006842"	0	3.40529303570296	0.984119165080592	1.74537824758957	NA	35.2617843923878	39.8621787815277	35.6389266972409	38.7464333766336	0	0	0	0	408.146204534892	393.840704093043	410.135751063073	50.6881317779678	60.4102090367643	4.88635424057719	0
"OG0006843"	0	6.52401417157805	0	0.619648174236162	109.281706854838	8.29685127277595	4.32651073270868	4.30017329813572	3.31269568504273	NA	NA	NA	0	0	0	0	30.3492264029123	3.29495177108668	NA	NA
"OG0006844"	0	30.9376937562518	5.21214338968111	0.692558569502124	NA	26.8573295491145	18.9543228637978	16.4460325352588	20.5015258863249	0	0	0	0	10.6809483064825	11.8866916238804	12.6678552061158	7.3815387559964	12.8236001739654	0	0
"OG0006845"	0	12.2704377431817	8.34004922418018	20.9770303001781	10.620636727652	NA	NA	NA	NA	0	0	0	0	24.4093448022714	20.7409800735291	22.9131079106883	290.898736036736	380.536928657064	21.7598152052198	0
"OG0006849"	0	92.3469209930972	64.3571160292307	99.3838345056371	NA	0	0	0.213340190074571	0.41699591716675	0	0	0	0	49.8943942111207	60.092287709372	53.9087554274973	3.393460515602	4.70145430628305	17.5853175968925	0
"OG0006850"	0	184.258793631047	167.878769636253	256.582111786414	60.6531395625745	NA	NA	NA	NA	0	0	0	0	29.7309159113846	25.5549037312353	29.5528898606923	12.4214839351893	25.8043727201929	29.2006242427145	0
"OG0006852"	0	23.2492641063444	46.5015674272155	19.5138161779879	134.558712648415	NA	NA	NA	NA	0	0	0	0	32.1095084989226	26.047786895189	31.6401982325188	74.8681419987615	103.457460258289	0	0
"OG0006854"	0	101.364192621235	123.895188906059	211.736592838938	31.7117332012309	81.3961354371608	80.0592722259444	72.9498057252617	96.424065405251	0	0	0	0	NA	NA	NA	537.099965289283	457.89866536181	41.9079773712027	0
"OG0006855"	0	NA	NA	NA	113.726178186255	232.085141163523	181.79281305408	170.127698945823	225.444842070033	0	25.5887515230833	0	774.790653723022	447.640691881659	606.97082550602	437.81680537711	157.064463634722	422.848563971325	2007.44298295856	3835.33816554263
"OG0006856"	0	66.4134137208153	57.8784173514778	57.7823686307758	NA	174.642093264952	259.650401647708	281.214296853024	228.798092752719	0	0	0	0	77.4511617612205	59.3606651936388	78.5706419815284	70.213859272858	90.3207454667348	20.2991203576662	0
"OG0006858"	0	23.5215971172184	27.3971946616698	44.8233713458785	NA	16.2338770937187	11.8320216670302	15.8886909423699	16.3662993979106	82.8510245885281	113.329561596275	64.3581679581169	0	40.8398430107183	39.032841564062	40.407872405834	5.95714093114183	5.54174243834757	8.39507237811181	0
"OG0006860"	0	1040.87004197966	861.178729034447	816.767963527435	419.396626025837	377.834482621134	353.742408110615	402.227044929098	383.684230730156	NA	NA	NA	281.164915252936	396.471407005578	304.718216349685	387.249097296809	682.214702160458	1008.96903730046	NA	NA
"OG0006864"	0	213.9851966154	238.310581923155	819.706661911205	160.911073325731	NA	NA	NA	NA	0	0	0	0	119.192537770456	116.228023758184	117.260598912514	12.9208845494248	29.6510742717871	288.855416877792	0
"OG0006868"	0	5.91821322602581	6.96425870365201	76.6175608230593	100.152481021244	78.4251892019136	59.7351402421551	61.3882097157497	54.8458243016802	0	0	0	NA	9.8101596351487	11.257527236063	9.21263843719822	73.935951767489	55.5612379084092	7.09614920637544	0
"OG0006869"	0	14.6173654669376	23.2545878795219	5.25076074892092	31.9282292150316	NA	NA	NA	NA	0	0	0	0	59.869951722738	40.9248976883274	61.8286096942012	13.018242814351	2.24715803520757	22.3650906576444	0
"OG0006875"	NA	47.7133450022462	30.0594798667318	72.2177949779856	204.875384725731	176.639280774089	142.528190752485	124.807792973313	128.467813987608	0	0	0	0	16.6351713522986	16.7911656305662	17.0419473080756	243.429610402966	351.866549428097	1.66225801424775	0
"OG0006876"	0	55.2392148674829	46.060005827572	391.630333441383	22.4529386140613	206.461418014621	146.329254875602	131.497420738391	172.993095599792	NA	NA	NA	0	7.06564573467477	11.6860821835422	7.70622419418468	19.7840966324621	39.514042788115	NA	NA
"OG0006880"	0	183.892710033033	109.502451915789	82.8762024780608	59.3867749046341	NA	NA	NA	NA	0	0	0	0	43.4973959713066	50.2028147557002	40.8170784430025	18.098695336398	5.5976926187366	84.4905545715617	0
"OG0006881"	0	0	33.7564054159049	0.257269853099192	3.09512566970577	4.40610816307556	9.24333232602051	7.15816998315773	13.0079054612595	0	0	0	0	47.257887795811	40.0027507096141	47.2407834968213	NA	NA	0.2642600673127	0
"OG0006885"	0	156.493478702912	231.019573202839	630.948972613831	NA	238.776706988245	171.473998579553	146.639594165949	162.828001159404	0	0	0	0	203.422421335628	314.937223235699	199.760729786059	47.8056966716712	81.5064128501108	66.0439314219205	0
"OG0006891"	0	119.630519685319	307.749599691002	80.0068303818414	NA	0	0.48966669558533	0	0	61.7432518050616	20.9341371248071	37.1405538940633	0	324.663979720587	288.408550308511	352.050990222925	0.702137379735399	4.68192935306657	25.7566005706015	0
"OG0006892"	0	2815.58732369514	3599.19559899352	4092.90131557627	569.491394074734	NA	NA	NA	NA	263.036868719885	1042.79511746668	419.113787435134	4340.16580437441	929.197343464975	762.788848596883	918.201828577863	3259.08428623333	3275.1694374653	892.698393386951	0
"OG0006896"	0	57.1576605898745	75.8500096130274	22.131973911858	28.6243356170811	569.224552761696	401.177786986231	386.474700909621	475.825814136169	0	0	0	NA	25.0603725789357	27.8579479995367	24.7467064564668	73.5504712351024	105.677460875773	251.49962335078	21.2241492251676
"OG0006897"	0	3.93100671253951	4.23150364464394	1.33102177547804	40.2668061253135	NA	NA	NA	NA	0	0	0	0	18.3469824702494	14.2298851818418	18.5309545851915	0.624778175580754	1.50115228659845	1.586590259508	0
"OG0006898"	0	212.619383304962	1858.52989657882	72.501186117324	281.784634468865	NA	NA	NA	NA	0	0	0	0	175.530546168745	270.64910175733	216.669163513262	1.16981108143557	0.759336539580997	72.956979399415	0
"OG0006899"	0	85.437481668468	137.046004902165	80.3632165804075	NA	134.015169320161	86.0780934405654	78.1104860432463	116.381274059636	56.7801727408888	18.9485870610592	10.4538844910818	0	44.7870740194472	51.0698547494514	43.7271606984907	18.4789139152382	37.4186634916843	307.953925325262	0
"OG0006900"	0	49.1322559903564	193.949553706651	35.315669787884	420.707342495638	NA	NA	NA	NA	0	0	0	0	53.1124900648485	63.4459447695628	55.4147178670522	0.619308896214848	0	1550.58082465825	0
"OG0006901"	0	17.1355332011866	80.3139219174186	5.3258349832682	2.82938366390512	0.212879152452927	0.113455397844395	0.112670229019225	0.303131316495772	0	0	0	NA	76.5188289403442	66.9409002139801	76.8260293451815	0	0	0.0833859012354719	0
"OG0006902"	0	69.6158570347858	58.1378707452755	39.0450314136301	NA	145.685023490512	126.815790221197	118.013695355519	136.361118061544	0	0	0	0	30.4189867176429	14.3153662362366	29.5469185839983	176.620986838459	172.986127140124	28.7129964791241	0
"OG0006903"	0	49.2315548699877	102.741242887417	25.8956997265239	243.755602394048	181.881110983927	169.708023169355	155.688262775104	163.053159991283	0	0	0	0	44.6367812916808	65.5320994775495	43.3275836921586	NA	NA	63.1230477765634	0
"OG0006904"	0	244.649105471154	136.45102407474	153.357416898399	173.443452068919	3.32203132485586	39.0615140784202	45.1251080945745	3.75610219314721	0	0	0	0	NA	NA	NA	55.1537601886313	122.253799828511	17.4491014334557	0
"OG0006906"	0	25.1515506327956	9.69719005327562	12.2391572874767	NA	74.7969677273832	51.8166357967308	46.2010316609326	61.8742254592024	0	0	0	1.6767500838901	10.4359371069962	10.9884555129261	10.3009383314171	122.693237577516	299.294614597431	74.7821676770658	0
"OG0006907"	0	437.293598743963	291.396511056002	76.0284217369079	56.7223118750394	138.280854546266	98.9030433721463	93.2455016195921	101.60818874745	0	0	0	NA	40.8842668986433	48.1490058404218	41.455796748918	1.74015349887613	5.03746631739393	4.07758020311596	0
"OG0006908"	0	973.600884514547	310.532207880392	167.988024352877	NA	64.4307871403863	76.432863519078	74.027250697242	72.5676037603686	0	0	0	0	68.8415570035544	100.005089713665	69.6799386782804	514.433554793694	575.162881090755	395.762288546614	0
"OG0006909"	0	2.65812989398839	76.2983000491752	9.17143838802708	NA	261.950043227682	274.200854739064	297.576796974842	298.757664346792	0	0	0	0	296.27070564377	328.546879331577	297.216131440247	416.989207217282	472.571240944566	414.192842397173	0
"OG0006910"	0	2918.27221734207	3470.58695573531	5787.27259372396	NA	682.357581621235	822.311924566509	809.111040019499	830.776357466064	150131.940771523	146459.621455166	136957.640559699	0	4662.4965320128	6061.17265904332	4579.50402023575	6574.6169672168	5957.65614752779	5484.55831359897	17131.604277234
"OG0006911"	0	136.006797578352	102.31406289062	55.2021300991291	67.8479324060212	107.427098421925	137.980495096832	136.661346721702	136.015803259902	0	0	0	0	NA	NA	NA	36.3701621890101	54.7397969911262	130.215478768443	0
"OG0006912"	0	4.60758209193445	1.85806597390637	5.43138333580309	NA	62.16023526473	86.5029162570767	84.5458144809875	63.598410180728	0	0	0	0	36.8671098878141	37.3386606777678	35.3255868879578	13.8160228681674	17.2812963117704	28.3227610972649	0
"OG0006913"	0	4.0775283021866	2.52764556706189	40.7387032938326	15.6184609085199	NA	NA	NA	NA	0	0	0	0	2.72484086078698	0	2.55801161559889	0.412350443560897	0	5.92363193537643	0
"OG0006914"	0	13.4905954124267	26.2992195943151	43.0252437690538	58.69700216193	NA	NA	NA	NA	0	0	0	14.7079186086206	80.9223711100461	80.2765389087728	82.8202190777269	30.1911253101803	27.0153853753464	2.07517241517097	0
"OG0006916"	0	149.169732614596	99.7517251861117	863.756462319276	NA	135.562740630351	124.651815041708	127.319916202127	144.354413783158	445.69650616371	193.322218178795	971.886910902026	0	30.8517797169619	6.53033557501097	28.9496520476916	154.178876206025	186.138076580646	17.9641890545387	439.882123982741
"OG0006917"	0	NA	NA	NA	469.056426862318	983.017163046285	843.668574281285	870.899669205403	938.709239566962	0	0	0	0	280.437238406302	207.673689983353	271.870839211925	13.1232393989415	36.1989453228353	339.681455726744	120.280672568629
"OG0006918"	0	7.34536887307146	20.9107577537404	7.43607257417929	29.3080903186928	NA	NA	NA	NA	0	0	0	0	15.7436344222541	14.2153504241607	15.4567191560454	4.65931073628211	6.26882148705013	40.1901160309036	0
"OG0006920"	0	35.0241926621858	1.12344442207253	31.9612590816003	23.1672932459274	NA	NA	NA	NA	0	0	0	0	11.8522433527241	10.6027483162666	11.1233775458501	88.4631143207104	90.2039780330373	132.210824055051	0
"OG0006921"	0	9.7397422756068	16.8029080582129	24.5325485910546	20.9284504176414	4.10960177980215	3.72899499665286	6.37892775789402	4.83091760690742	0	0	0	NA	15.3412944004477	8.5348216240602	14.7964764806513	16.8797165125272	14.0010209012725	3.39459947985249	0
"OG0006926"	0	2083.64828175067	3856.63556839272	5927.77795987238	NA	1816.65237910573	1830.8939863778	2022.7449984997	2033.72309888941	0	61.9622349782505	0	0	367.606285199739	199.939292699295	365.941360181976	5271.15590299651	4247.18356912866	1389.25749116346	3728.57424844478
"OG0006927"	0	902.956083673977	370.795763032407	116.65098816142	94.1343851196421	64.5982136345536	73.551524496157	77.7510720770014	68.1952720066611	0	0	0	0	200.676797531646	205.153934860774	198.32970638298	NA	NA	103.702023089129	0
"OG0006932"	0	293.355335563311	327.444972827442	555.63424353451	NA	287.31252111177	262.322520866014	266.099059549765	255.698317003696	571.897437846946	613.693084015009	589.047945855827	0	307.52561280205	309.393437912412	304.801187320957	43.6304941486842	109.95516105541	429.737447791264	2784.48058199483
"OG0006933"	0	150.769922392884	68.4723884875175	286.6083698863	146.182493247608	NA	NA	NA	NA	0	0	0	0	20.0621302356224	36.4282725562933	23.3174883230865	133.930296992078	313.83376872029	478.137111259437	0
"OG0006935"	0	3.38117611198676	3.38039110975644	7.0687046008596	39.1294566488631	NA	NA	NA	NA	0	0	0	0	40.3110017365384	40.8597057260071	40.4008249106661	5.15149010735574	4.26790945868763	6.78936764295502	0
"OG0006936"	0	1229.57939583982	1876.54865317701	430.428514190776	NA	229.912037389874	148.685744865784	133.188006665647	217.322600318701	22.4619921735903	0	0	1133.22294670548	36.5554351088527	27.9358638316959	37.6209178757776	111.148947972017	256.572306137103	11.0576309431378	0
"OG0006937"	0	293.118144374085	620.590109640661	83.7640042462145	184.739885214333	33.0933976396224	29.6802161967241	35.8323625549054	17.7482502400961	0	0	0	0	174.226409546338	120.902973687735	178.078746376098	NA	NA	45.6088434866597	0
"OG0006940"	0	0.6356372773224	2.03306688441016	1.07689491858346	16.8274404205237	NA	NA	NA	NA	0	0	0	0	31.2748610605821	27.385866218297	30.7859584980174	21.1953671228	26.5633610392261	54.5086605392076	0
"OG0006941"	0	35.4880408812941	15.4217824269515	8.91540352445743	NA	47.8255972616251	34.7742193266155	34.279007414761	38.4790847720122	0.313194865608779	0.497951338667553	0	263.311665301562	25.4348203086677	18.4473477293321	26.7477690613598	121.199885461581	103.735658195947	69.6044797075451	11.0892779027396
"OG0006942"	0	86.6973592006848	82.3919243518828	113.046634715773	176.514955009017	NA	NA	NA	NA	0	0	0	0	17.8140206792945	24.24671597126	18.75383595947	0.239877185543267	0.75084298621902	4.03854334783135	0
"OG0006946"	0	326.334489837101	246.612942069425	268.153466737621	74.6494698319945	150.316472065326	146.080377698091	142.867957180924	164.812995385156	0	0	0	0	NA	NA	NA	319.341171116491	298.460020784456	353.299520844109	570.968253700462
"OG0006947"	0	103.439119194602	20.018513834713	12.0415196983032	82.7212359586861	NA	NA	NA	NA	69.7896634993475	45.5404216318816	4.57188871824478	0	16.202895683167	18.9957607430499	15.2155376836819	6.53572215851401	7.68656170492551	118.447793440411	0
"OG0006949"	0	73.660064470105	99.9168816575059	430.710727396733	NA	121.097579884694	114.348367799178	123.18386634667	128.558085011045	0	0	0	0	20.2943081757924	78.6485269111349	21.2901010185505	252.73502364467	214.644848927228	165.59412704372	0
"OG0006950"	0	NA	NA	NA	25.5465844375968	299.490592661499	247.071649714186	253.189425711203	241.716203570293	0	0	0	0	93.3012636775209	41.3407228090999	90.1648894114307	364.390283091572	334.302134670928	37.0741368897814	0
"OG0006951"	0	369.447315153368	272.420032492799	42.149339868739	48.7129185239694	NA	NA	NA	NA	0	0	0	0	82.9410081160058	53.3506024611953	79.8699917901576	47.9195440076186	19.0188979203487	10.3975467515502	0
"OG0006953"	0	1034.84831726811	3545.5504003626	2389.53878603749	NA	578.555929955674	1209.1234207821	1206.06822566526	778.945184198526	0	0	0	0	3526.91956805192	2496.83309489177	3453.99474019882	6180.48769513069	3732.20210056942	974.478696424056	0
"OG0006954"	0	30.7701560642994	32.510401902223	16.1738842361837	26.1741214274729	NA	NA	NA	NA	0	0	0	0	61.2728475036831	70.7924903845165	59.8618405576836	21.8225968352635	18.5409652184695	28.7330165174836	0
"OG0006955"	0	156.195322798014	102.384950274971	202.586749896236	119.194483831038	232.01860342189	224.106258872626	236.562635698464	277.941947261668	0	20.008089145569	8.61134477232055	NA	100.999138198186	154.893457623781	96.4097338982271	7.23778073018939	9.33265133203801	391.583960052898	0
"OG0006958"	0	21.9260741270068	60.4609078568775	7.33306475400498	NA	4.17518501838581	12.1501634341906	5.86161362244319	6.41957318514484	0	0	0	0	203.094306110948	134.917101114163	204.239881641109	431.116461300973	284.664620331664	7.2830768816125	0
"OG0006959"	0	17.6509851295746	9.41447557668103	7.69399090414521	18.0015613338498	NA	NA	NA	NA	0	0	0	0	29.7085097343082	45.0437501717476	27.8712117033629	4.98151809592021	8.02809225471812	32.2883267442913	0
"OG0006960"	0	9.08960684332622	15.9157023394083	6.38998184053301	26.2348225250133	NA	NA	NA	NA	0	0	0	0	48.0309355894335	33.9685626621672	49.0795201178947	37.761912529095	34.3567710966194	53.6936540995609	0
"OG0006961"	257.926602797962	19947.7708081067	39670.1205062341	14990.2452399819	4312.15664105831	9521.7783545641	19643.5055308013	21357.2747791089	11910.9084939903	44.767090804029	67.5936297494492	58.4086455114311	0	40626.0062260251	28504.6255789863	40504.4196179631	NA	NA	7902.6327028625	0
"OG0006962"	0	15.0811819779172	14.1794902946492	103.78488810184	69.0664207992185	NA	NA	NA	NA	0	0	0	0	65.5133288931334	59.8596124491168	67.4226242780447	2.57183591056034	4.65067643594406	140.21573207583	0
"OG0006964"	0	54.824285560466	63.2984444906864	214.582160864741	NA	58.1057060910967	52.1839418412497	50.0565632988322	47.1988493971531	0	0	0	0	5.16098194523708	2.06366753165637	4.84605903452095	1.11142885813554	4.77764269114188	108.070919265056	0
"OG0006965"	0	NA	NA	NA	338.297931840405	255.885563708591	256.518284066382	254.478925647747	289.595567305491	0	0	0	0	38.04950396914	47.8810659221863	40.6779338093408	108.130963002474	123.059059845338	127.758474060685	0
"OG0006966"	0	2.54504584091062	8.53196475532171	6.53713516820262	19.1553206600551	NA	NA	NA	NA	0	0	0	0	58.3277879130294	61.2479200823751	59.5263381276169	85.9126672605172	135.691422593451	20.1515669042138	0
"OG0006968"	0	46.1063106014454	11.7391920883573	25.7264945043436	NA	441.388847281446	326.884044877467	325.079463748855	390.423276695189	0	0	0	0	50.1726331468906	45.1674743180738	50.2152430584165	3.53827578184507	19.3798928632625	30.3425654551281	0
"OG0006970"	0	61.2805794455319	23.4015678606093	11.6244723846235	82.8535725726916	NA	NA	NA	NA	0	0	0	114.786756723862	61.3666343501455	53.1282325824107	58.5656569143712	5.32717024720064	4.9994061900181	23.4543849399152	0
"OG0006971"	0	104.444791283844	91.5664591223697	306.38783458207	125.917123532488	110.874741238179	99.9334560028597	100.201223227972	110.394098888128	0	0	0	NA	23.9011269226575	25.8505549989512	23.3611341897132	74.0274418630224	96.5291014836612	80.5110237270456	0
"OG0006972"	0	394.062029597745	357.282623429113	136.206522813332	194.145705258976	321.185836533636	541.940409767281	593.217786415303	504.775794857197	0	0	0	0	NA	NA	NA	744.263318899307	498.226011304406	45.8187298400332	0
"OG0006973"	0	184.860072977485	173.04807440636	479.592533236643	NA	243.719034986435	207.006054004676	218.537601471145	201.924905166838	0	0	0	0	437.906186044404	481.645532656462	436.119136696262	5.37434596436477	7.616756732609	492.949365006399	9.18425353663553
"OG0006974"	0	68.6837127843524	205.767334295722	70.7563722961464	71.3570861487017	125.028245639374	102.800874201391	90.7858958638949	120.533854314484	0	0	0	NA	6.66924369663847	3.95299541042262	6.26027259937108	14.9520471156217	3.45677970067283	35.5041530523361	0
"OG0006977"	0	77.457792900495	34.6895394792826	24.2532495432026	NA	182.618631072586	102.784576650885	97.5315186006538	140.053068994318	0	0	0	0	3.9674472074453	4.44145262152511	4.13978892516756	105.410242035353	147.723294146876	226.918922594244	0
"OG0006978"	0	43.9525879040636	54.3960374814087	116.403458998107	NA	NA	NA	NA	NA	42.3065286677026	23.5274166587293	46.8690835823461	0	15.745368646486	20.6808752763971	15.8428385711118	1.10042361566063	0.687515105342202	87.7826301476556	6.89271052317316
"OG0006979"	0	3.44337402640857	0.6723742633344	1.43277497389978	NA	29.3061848141509	21.816390033246	20.8218196928119	25.9247099363394	0	0	0	0	10.2405940895123	6.11978823919976	10.3852305396334	11.2434961046929	12.8228625290111	100.110845476524	0
"OG0006980"	0	49.104821872452	25.9365248489891	46.8029487255113	NA	69.153987150001	45.62907042324	42.1731465004173	54.596483373532	0	0	0	0	72.6385438427954	57.1427088264507	73.6596487846319	0.583429405131886	1.01963802283481	90.4001058945931	7.21512594378825
"OG0006981"	0	274.096538234923	135.391028500889	120.728968987498	170.300971321764	543.972952615542	461.936413400134	465.828320241881	511.550051362819	0	0	0	NA	21.1385979008624	26.8666656119519	20.430931509104	1.84753978633293	6.14324445199354	157.481794426866	0
"OG0006983"	0	92.3455209566742	38.2459706863291	30.6039976130379	38.4488699142382	54.536919079693	37.5401173667888	34.8233083880321	41.2290908680434	NA	NA	NA	0	8.234096653176	12.7213679543196	9.01926627914031	1.18604432936953	1.62626565842561	NA	NA
"OG0006985"	0	14.6845153620407	155.478302170577	36.0421847411325	137.923499175816	122.558191527545	138.028029619139	134.657872861082	150.628177604682	0	0	0	0	NA	NA	NA	126.412978010812	76.1073857314129	28.9543910879912	0
"OG0006986"	0	31.4802856499656	28.9420942747616	45.2028254064968	58.3053910179791	33.8666006039025	46.8083306199145	42.0325976000917	38.4412963168435	0	0	0	0	NA	NA	NA	26.6197865160745	17.4279652925087	54.7954220642685	0
"OG0006987"	0	7.48677255179448	2.36095815084851	1.10623895693329	10.2375484014596	50.2304454965406	47.4389100115584	45.5788492093884	41.1488611362708	0	0	0	NA	39.0356532363814	38.3767640470629	39.0329859470249	117.602115656573	150.005463487164	5.11594102194174	0
"OG0006988"	0	1977.38551724496	2311.45760169747	820.381519577624	1140.82437449471	NA	NA	NA	NA	0	0	0	1074.92208771099	1645.04348502171	1473.2227852024	1791.70934543513	1317.08879644658	1018.71542763339	1031.41373234404	0
"OG0006990"	0	59.2111700527352	18.2596252497242	41.311964206107	100.559822381894	NA	NA	NA	NA	0	0	0	0	5.77279544356915	7.75024255267751	5.73976474196315	1.7570353977657	4.68786234990031	29.7112905870335	0
"OG0006991"	0	150.658590303904	191.131925015347	125.576908054243	NA	18.6502681562069	19.2244547634273	23.6004786970367	14.7849688696352	0	0	0	0	70.0786138326706	39.4871242240103	69.4076901211008	151.014429487999	128.582329784494	36.1887273884091	0
"OG0006992"	0	244.679180327648	540.319602465188	294.071682169924	NA	208.935168051047	199.897605725838	219.220785043346	247.530100346509	0	0	0	0	652.346480770292	771.110593056086	641.247766496488	2137.66147489779	1534.60918435752	411.913842908531	0
"OG0006993"	0	221.97266367462	168.279598825255	95.6764118891194	NA	102.578000954129	190.234516405255	193.51468096535	142.301890770632	0	0	0	0	131.878041182135	85.1498525394628	129.261476398592	25.1681420503688	49.3857168181384	8.64994389085015	0
"OG0006994"	0	165.225039194356	229.090582730768	201.491639955729	NA	204.976089182342	195.533345791771	217.7095945733	219.653984525102	0	0	0	0	20.4328310705416	24.1174519377849	21.5801245389124	41.910429430525	54.7283094980542	166.154599337128	0
"OG0006995"	0	16.8270377680386	9.91940901338197	2.21473561951424	41.5264018572528	17.289435378623	18.8408511684029	17.2757057345001	16.2530597843351	0	0	0	0	10.6687393926217	10.4033726145447	10.6656033037024	NA	NA	22.4777533125368	0
"OG0006996"	0	37.1972047502845	67.963001393161	331.482723661342	272.61808362631	NA	NA	NA	NA	0	0	0	0	0	1.97244405660395	0	0	0	122.228326879247	0
"OG0006997"	0	50.3585323373019	43.6151333437297	29.824659709718	21.8662618212202	374.357205814862	499.139646816681	498.456675004571	719.08097759928	0	0	0	0	NA	NA	NA	80.4151867334387	49.3857073556235	56.4969033731825	0
"OG0006998"	0	3.86130045463436	11.8816163488012	17.2637793674503	13.1041474560915	NA	NA	NA	NA	0	0	0	0	27.697780790846	17.0536788421428	27.3081758578722	6.76607448067919	7.71057567520406	0.264132667068594	0
"OG0006999"	0	6.7712067204188	5.221396984706	6.14636108172647	NA	176.579179511357	141.051225237919	128.449378756805	169.22814567126	24.4315582666472	19.1520410852662	2.99321404609259	0	20.9465429725222	17.0052018511557	21.5750420103775	52.4149497406556	60.5047584855086	7.07873090197602	5.01114048883174
"OG0007000"	0	240.895970931994	128.087101389835	501.150100641754	74.6319309144207	NA	NA	NA	NA	0	0	0	35.2761840387401	41.6807614038814	25.7822773790576	42.8370363683959	3.15962123988853	4.95733584883345	27.4413911158277	0
"OG0007001"	0	31.1305358102198	0	5.15510887731058	9.71513529879099	43.0665671455146	29.9419956017195	34.3391391607766	47.2110473344289	0	0	0	0	NA	NA	NA	136.128556894167	153.955306451019	53.8379493028678	0
"OG0007002"	0	47.0655948172048	18.6193508899465	8.70382337589571	NA	34.6355305022061	37.312698630776	36.9008964368135	36.6756763341595	0	0	0	0	133.547266689847	95.6100530068326	128.954441682997	50.4720764503233	37.3088604689432	17.9034941577561	0
"OG0007003"	0	79.885559764379	67.7662053955052	65.0243766803718	NA	186.587032994331	178.757645526325	186.984373348059	181.444316976971	0	0	0	0	5.62562223835114	8.5305326791707	6.03596089602391	490.569868001533	452.154256449761	180.037408376393	0
"OG0007006"	0	94.0907441377451	644.68643039689	16.3395924686381	18.7575434903948	0.794135442638093	0.423117027739381	1.15624654138162	0.925125516015128	0	0	0	0	255.218149625661	221.202332675762	262.678544775557	NA	NA	0.133985105503454	0
"OG0007007"	0	21.872769036531	110.674320586412	5.59560688139129	7.75417469581366	0.109937663418984	0.205053743267032	0.203672744064549	0.149426617907054	0	0	0	0	172.217338521242	140.719072580183	169.539702666715	NA	NA	0	0
"OG0007008"	0	109.273361347169	77.4368590719163	8.55584549485913	NA	463.142693201259	334.401425861073	353.206196619469	448.558457123578	767.415213339373	1399.8079705882	1029.87658430756	0	194.018208908688	236.36256148655	193.443119043735	310.622477819534	436.498445138938	36.380937512792	1622.25133672629
"OG0007011"	0	153.438806640729	332.08791093338	62.6169753321646	59.8570371320796	20.3798609781201	10.2804269524413	9.45097172436544	17.2908904682204	0	0	0	0	4.32872079943974	4.69193295993959	4.06157908716525	NA	NA	24.0579602427408	0
"OG0007012"	0	55.7587839400185	83.9554365425935	53.9487353604983	105.674170746392	32.867979535775	29.5528915833995	22.1879477591876	30.2871009999268	0	0	0	0	57.4498542378601	60.6093438432723	53.917156874939	NA	NA	116.249393472056	0
"OG0007013"	0	185.868835517497	77.913214871994	37.5487124553673	84.1593997951729	NA	NA	NA	NA	0	0	0	0	108.20588041637	144.205645233873	107.330226903379	44.5835867023394	24.1610461474272	10.5886915080382	0
"OG0007014"	0	144.539241778525	102.698562001551	44.1442191306733	154.804515508616	75.1137295532721	107.48383952624	112.198158589059	90.8875851532921	0	0	0	0	245.327521986151	235.610804757308	240.281396831306	NA	NA	324.569656039982	0
"OG0007016"	0	38.7351706875506	35.8461914862495	171.87520451145	NA	101.639591270215	99.8958358237761	97.3887962637253	91.4172522853077	0	0	0	0	40.385809355402	34.8731177449652	39.4711673809888	8.52058195836555	13.1847843671769	36.6013210248153	0
"OG0007018"	0	7.80681050745214	4.94336515016709	37.5154603776219	22.6287936672966	NA	NA	NA	NA	0	0	0	0	1.15347415803434	7.84060823875204	1.08318264895897	2.23053483374944	1.82747657496871	178.311689947868	0
"OG0007019"	0	35.0241926621858	61.7894896062565	13.3172117342324	64.3535771250435	NA	NA	NA	NA	0	0	0	0	260.703847716084	217.21182686816	259.390176586823	92.7426587151737	47.1429115397785	94.6435993912179	0
"OG0007020"	0	39.1041062116115	112.445577349849	79.081661871878	255.589164890158	NA	NA	NA	NA	0	0	0	0	38.1562628128572	19.8189164909664	36.6001767283416	68.7943441908607	104.226194967655	193.21201410748	0
"OG0007021"	0	351.30180604727	398.218232201272	816.565506227509	NA	978.840102318419	864.119895065479	828.557501785161	785.122747793081	0	0	0	0	186.199493643543	176.44659706708	183.238346040472	1033.46125575748	989.175872884543	615.307666768831	0
"OG0007022"	5.95398962140688	331.358027935628	293.784599404736	107.506053274474	54.3706444785487	488.059051898536	744.281969004347	746.647921007805	621.671645817168	0	0	0	0	NA	NA	NA	623.985245253709	598.913793455464	594.395382797285	0
"OG0007023"	0	28.7724316475523	33.6808602675022	15.1644192551079	47.6984565696816	NA	NA	NA	NA	0	0	0	0	47.2685706170797	74.1612183204996	46.8057829330034	0.346274128738798	1.02391981082087	81.2152141494846	0
"OG0007024"	0	55.5275186642193	53.1814044188382	48.7180362894791	NA	146.512888402672	147.325103117952	155.867281503302	147.601957392916	0	0	0	0	57.087401373388	76.6065125943026	57.2776664181507	83.2236150092111	77.0537318451956	64.5146845893589	0
"OG0007025"	0	122.36733162628	60.4021752465445	71.8318500136303	100.06363544191	NA	NA	NA	NA	0	0	0	0	133.078054981657	150.654907836737	130.779569347884	146.515095476278	166.856309996754	119.64279885206	0
"OG0007026"	0	14.4635170200101	13.7300698449343	17.1966003542931	NA	189.028230037227	195.904094693834	225.82875679525	216.433534168808	0	0	0	0	105.315830418353	119.833358487237	98.5784877068227	475.18714090002	823.272860165006	4.27581409513832	49.9252226064218
"OG0007027"	0	57.2174144799813	125.929025902105	46.4909446395997	1336.87932795438	2.26705573076653	4.2767964130207	8.40866397746661	4.14578336299466	0	0	0	0	NA	NA	NA	520.81337036084	188.867065873866	18.820833622747	0
"OG0007028"	0	123.405951239342	158.279838405004	100.910362547077	89.2824080002232	NA	NA	NA	NA	0	0	0	0	112.700989625518	126.592378221009	113.96251004079	62.6248855224036	56.1904951483507	104.063360366837	0
"OG0007029"	0	81.772497743378	98.550165464451	76.3190399883467	182.037795725631	711.404441275544	1156.51492775018	1226.76006660442	1050.43102733919	0	0	0	NA	198.392477373355	264.018512095527	201.840955945992	322.373462780009	368.606589888369	624.944807185352	0
"OG0007031"	0	146.218455834912	211.606265051252	135.343932014254	69.0282467496155	NA	NA	NA	NA	0	0	0	0	197.523977878007	171.008572359273	193.897074939384	157.962875519035	127.774231013201	102.910987427118	144.855779521842
"OG0007032"	0	232.345896505034	321.082737297383	499.55050392025	112.8697857266	150.800382913566	140.368086245895	145.336256683033	154.236000495832	0	9.09531350072415	0	0	72.8020395664843	75.6468611752779	70.8762770205919	NA	NA	183.20421444417	0
"OG0007035"	0	117.174233560966	69.260778677089	2134.88768743749	123.197193676066	NA	NA	NA	NA	0	0	0	0	698.559394412915	1245.92657666282	699.809326837313	243.14711381856	179.528509932538	113.906028006427	0
"OG0007036"	0	64.1792616085796	106.654523414117	67.2808553140889	47.2788927758477	NA	NA	NA	NA	0	0	0	0	47.7956707301307	49.3350182397255	49.8946618767399	22.2310262747301	38.3723903670783	13.6760388869833	0
"OG0007037"	0	55.379218509783	40.0133304993169	16.4613122513812	1382.42570452865	NA	NA	NA	NA	0	0	0	0	17.8112459205234	13.5629542515252	17.0966678099663	67.3674333316867	57.2822801159364	62.0843140789744	0
"OG0007038"	0	153.850521055493	128.001832402638	108.978470001206	26.723100509354	NA	NA	NA	NA	0	0	0	0	189.333583675476	151.590970058869	192.946531009828	8.02833469438622	3.46963925840337	23.257380660005	0
"OG0007039"	0	33.8628365227067	44.184366462833	4.79869813846566	28.118721508901	NA	NA	NA	NA	0	0	0	0	114.091837459521	55.1775142780835	115.364371394898	60.9491836798813	36.8260261843529	6.44654113242169	0
"OG0007041"	0	37.0879500560897	106.503655761034	88.1842647779303	NA	90.4141914557764	91.194845234704	91.6000652153684	90.3035931872237	NA	NA	NA	0	96.8709908365136	151.139439471892	90.8446428862554	481.718510428757	378.318915167707	NA	NA
"OG0007042"	0	39.2081237325204	88.1800091825109	80.6025456491985	112.643150026077	NA	NA	NA	NA	0	0	0	0	144.237697734429	146.296505867503	139.912081583862	133.873070216181	102.437022652946	135.46907420048	0
"OG0007044"	0	203.961972890736	105.045082878833	133.853723585407	249.038379176372	NA	NA	NA	NA	0	0	0	0	139.435096695168	172.659816141729	139.450140841471	143.179089673731	136.249095908277	213.980917316496	0
"OG0007045"	0	226.347984909298	196.656820854034	53.0925250339035	NA	110.921800458283	88.547579780919	87.853350303391	85.8559989030053	0	0	0	736.510587330375	108.980870541132	125.605325209635	106.351076392451	534.439890155433	809.730108859679	50.5899178111649	0
"OG0007049"	0	106.573164478925	89.1331267473865	186.085016920383	229.691582864617	NA	NA	NA	NA	30.1491765765228	0	7.89824156313971	0	126.246570166427	173.572944422438	128.65056559433	365.993117789361	370.886109724488	189.448158115233	0
"OG0007052"	0	167.87681188592	233.096091084751	727.39226821479	90.3635178412911	458.781890636407	446.812286530983	432.428395485136	447.954784980358	NA	NA	NA	0	133.652638154178	129.764410378866	131.399193455069	347.434425868741	419.798795423458	NA	NA
"OG0007055"	0	29.7239658839124	336.39496902446	45.5727701090883	12.0379456949612	23.4348256794493	14.7543082855964	13.2556449457555	13.9252657955553	0	0	0	0	234.809798864377	190.52267591969	228.424940921084	NA	NA	0.977963337247164	0
"OG0007056"	0	0.72123135596856	5.23970039642499	0.917162244011792	29.5925386762681	NA	NA	NA	NA	0	0	0	0	7.99664667134095	7.34154184591595	7.50908874314051	13.3172527184121	31.5387513664626	11.205317567577	6.62077980761059
"OG0007057"	0	37.5325912533943	24.9284208817426	21.8253877375636	NA	258.336805231251	191.604189712326	175.292733381802	177.536575731153	0	0	0	0	3.50041368489119	8.30667358341061	3.28566722753104	5.42403141513285	1.90094354054624	92.9178365723646	0
"OG0007058"	0	180.193502684262	116.983668931812	130.534650880565	NA	4131.07698852368	4289.02365028749	4248.56432151927	4535.06103960137	0	0	0	0	237.927934033377	191.167209026695	232.129215474904	164.627612533973	173.85478600669	191.100366159005	0
"OG0007061"	0	187.178128839007	98.1066553895832	506.479451633464	NA	80.7931336852145	103.244303388062	113.904016530845	83.6784784713857	0	0	0	0	8.43027209829127	15.6698984284901	7.91437179038791	9.35224947799377	18.0516396486672	158.041556475011	0
"OG0007063"	0	451.496708989295	248.844410123938	529.169393392407	39.5858850550724	NA	NA	NA	NA	0	0	0	0	97.0034855678326	80.7989562237851	93.9351257426854	142.908111190406	100.492854344399	104.658634678147	0
"OG0007064"	0	535.783189389896	554.541124153962	769.522894893947	NA	215.734781401174	159.214437837593	155.668919189338	195.227231586998	421.297113423367	769.791000070576	356.415975279511	0	158.72105753355	181.535549315825	153.83571016543	9.58698837802325	14.6213833772208	562.736200185298	464.176613715884
"OG0007066"	0	6.9987302253768	11.0682671194516	12.4805109292669	15.8541401134168	5.357836494189	5.58436247137316	5.31353086948295	5.82581658165922	NA	NA	NA	0	3.657104312694	3.02015585382512	3.91160283531424	2.32546823529021	2.84959850796118	NA	NA
"OG0007067"	0	136.487995282257	186.13969386946	53.3479893359916	113.887865082637	175.493099326621	188.254635644672	235.683118353127	197.186823922753	NA	NA	NA	0	231.199144013511	269.237324064538	228.764470491247	415.597335634028	310.34304697872	NA	NA
"OG0007068"	0	37.3242757466876	46.9300464074957	45.0304299480753	NA	54.5268745999303	30.0767899256925	28.8162918568501	38.7071987742621	0	0	0	0	8.93226758136097	7.42438996469805	9.31899659580256	1.02342692858211	2.85423040899804	0	0
"OG0007069"	NA	12.6160704387798	21.1162993738826	44.8974829979554	70.0644131203883	135.542818153916	102.494704343206	96.2728742190838	126.265627314786	0	0	0	67.5663924159788	18.2973836572164	17.7284132694112	20.2908842405932	86.8091392541218	67.9619582921042	63.8502989748955	3.62904538871794
"OG0007073"	0	38.8444772349463	32.8862720514467	61.4684902853135	NA	3.49375863218126	2.98427163565566	4.04930075584328	3.69122157157648	0	0	0	0	275.013278698536	337.380318743568	285.423554303962	106.859364643138	87.0449174382334	96.3842773606008	0
"OG0007074"	NA	98.081366475304	42.2531491619338	36.9452670001949	251.82843729853	108.219002986647	100.078504202359	142.946925377499	112.983079636926	0	0	0	0	285.340237154799	225.155905902371	277.477590293855	425.305276197718	165.242004957145	319.171792038835	0
"OG0007075"	NA	372.641472325843	505.659939606012	218.732412811824	187.525065325041	145.401336305168	184.866510707489	186.112825270267	187.11258525228	0	0	0	0	153.728572814687	118.215949714465	155.928087179102	1729.618679898	1669.85946450697	259.283911436643	0
"OG0007076"	0	67.2489347167815	36.5919007899551	93.5420211423271	222.751652417164	NA	NA	NA	NA	0	0	0	0	49.4994766690269	44.1971601055043	48.2183370384002	45.6389599935932	62.0074815495782	108.527695750022	0
"OG0007078"	0	134.532662931335	128.518642259754	935.741689075275	79.7143803725818	NA	NA	NA	NA	0	0	0	0	30.1635008037958	30.1869046432121	28.3182936874688	52.291633313188	59.0312462048931	115.606621508762	0
"OG0007080"	NA	43.9753514592375	19.2770076704199	157.221590545617	98.1587445660508	89.6831087132639	68.0550397752389	62.6546712243018	73.5266508596842	0	0	0	0	18.041065315738	25.4987304669187	18.4140286555076	133.257998950112	137.693939370033	14.2053491694642	0
"OG0007081"	0	180.503584825356	147.477306192335	15.7614235006079	39.3902165058905	NA	NA	NA	NA	0	0	0	0	28.6660328640139	51.9064194070155	29.6048260812407	60.0255532163595	43.1569217690574	47.2252729252924	0
"OG0007082"	0	38.9390574733001	35.6196116530221	54.2037702077077	95.929109669491	49.4048558532767	50.879594549122	49.4845147849299	51.2571157039924	0	0	0	NA	65.1946221817564	51.1009912979755	63.8628042430591	62.3001963150904	95.4266238742539	80.1019046992481	0
"OG0007083"	NA	33.6636165250339	23.0635445230045	23.0349780785741	29.1644794692344	140.036141258401	123.680752657419	110.896704751199	137.077778314477	0	0	0	0	95.1721447789207	87.2055676524699	95.3522624557776	120.659504656131	114.706687205466	8.32735937032112	3.9531912373304
"OG0007084"	0	147.573172560367	123.467266632986	57.347318568584	40.6431529300635	NA	NA	NA	NA	0	0	0	0	136.923940007342	99.306349108751	136.671414175231	2.00698667824386	7.86932071744025	151.845580993419	0
"OG0007085"	0	382.121274505579	393.648593877582	405.090676351593	NA	224.818209779792	304.914267731379	302.57207876734	309.598738290539	0	0	0	0	157.973953734437	179.750276005572	147.867557976609	281.592110363339	194.685566277475	56.882655331817	0
"OG0007086"	0	49.5411703322741	35.1447404054963	79.9792225682152	NA	29.32116829225	48.5096590797731	50.4613441317698	36.0199428916393	0	0	0	0	0.973753032431572	2.57056124891579	0.914327442071712	109.699728369697	108.915438844729	0	0
"OG0007087"	0	23.2519086195879	26.1137433098673	24.6480719534062	17.6434659652	120.030645255307	99.4668435505937	106.344253421768	113.720614710352	0	0	0	NA	293.013138846524	392.62609872781	295.900367564054	45.1839343793116	33.6631805835944	59.6060020133165	0
"OG0007088"	0	5.86309327352029	10.5397664109899	6.92999067506204	31.6023890119822	NA	NA	NA	NA	0	0	0	0	6.76665160329719	8.89556954421004	7.26225282863572	2.14286389804813	1.44358234602997	5.20241338274958	12.3933316910655
"OG0007089"	NA	49.6851666710397	24.2236295577476	129.688624769664	315.163386976361	18.4825197947323	34.7996367147581	34.7533744429371	22.5792307229689	0	0	0	0	89.2483122785448	95.6586014802346	86.7896599768336	696.289821681361	531.772519079452	44.6131684081587	0
"OG0007091"	NA	33.6220302579507	26.6173684846319	49.3055305634453	58.6035526167325	77.583339710194	68.0755475262918	62.0467610064504	72.159601621284	0	0	0	0	23.4981764539215	16.2283905355173	23.2469161645766	24.9562817363811	26.0328243245908	24.8655534974518	0
"OG0007092"	0	1207.47956163676	3584.53564254391	779.09863560187	NA	520.770759307173	510.952654674788	520.394402252447	491.664647060851	0	0	0	0	1569.48680368524	1625.27183840294	1554.38581357088	292.952595324221	331.016749502391	368.304783741375	0
"OG0007093"	NA	23.4486396636198	23.7808617591558	56.8499484684333	110.038401529909	52.7887911404275	40.4834549880914	43.6152216864895	40.4243413876697	0	0	0	0	22.9111831727967	28.681544555678	23.0524608446998	233.773440672556	229.093143982148	127.527746447866	0
"OG0007094"	0	41.1437518671193	52.5503767997638	165.349330877179	49.0752615992191	97.3959373063525	71.792400847818	63.0668996999989	89.2115634212162	59.6370683404069	35.219866813082	34.6264729974309	NA	19.7321420487719	19.2375857524026	18.5294964827429	13.8847556208283	13.9005564344727	125.150764186118	53.9554403443566
"OG0007096"	0	213.261325931508	181.488405155418	0	242.638044489897	147.898027711395	150.771355985272	155.568796209827	165.782542770683	NA	NA	NA	0	140.881439704593	163.444541497214	144.577106784378	185.750597484717	148.977834370507	NA	NA
"OG0007097"	0	50.0688803573435	227.734072836507	24.6030405418469	34.6441004563084	NA	NA	NA	NA	0	0	0	0	13.8726145829157	26.8857871579176	14.0675641232754	190.275392561986	167.342683261912	0.302106817877974	0
"OG0007098"	NA	0	42.2531491619338	102.804135860442	956.199862472541	188.547648850788	364.318160259509	401.536616568221	209.981831365375	0	0	0	0	881.65878881947	863.346735651861	863.647966967057	1096.01278916247	427.544810109415	329.66744141738	0
"OG0007099"	0	424.098514723191	425.108118142158	606.276176329555	NA	301.416524540875	255.579545157263	238.89255973685	249.50943573538	0	0	0	0	342.443385284212	363.333200819341	337.902744430829	323.912038598084	196.843965923049	104.034950556304	0
"OG0007100"	NA	37.0463119358056	12.8731489981877	48.8043567200838	41.1199922515992	3538.18741946344	2663.75314237982	2775.19599523744	3011.8341908957	0	0	0	0	35.7198858739116	17.5504816251761	35.7704470016658	87.5187755238768	83.0219292343067	8.86098797063706	0
"OG0007103"	0	61.0955153716916	27.9293510807905	88.5989954892932	44.1692974991436	NA	NA	NA	NA	0	0	0	0	48.9889210551484	30.5462229150654	47.22196703189	2.87496652706935	3.06931810362195	59.0014057329249	0
"OG0007106"	0	6.41833749899805	8.42072544760119	17.2083797905024	13.1023935643341	NA	NA	NA	NA	0	0	0	0	35.7053183903634	25.6421718460007	35.9059810959312	20.6167947190292	15.9705487497149	46.5801038842344	0
"OG0007107"	NA	103.510915136502	110.999994302476	64.8397110825608	68.5200840174755	52.0206936575738	44.1465942994097	53.2046558120417	51.2999342363883	0	0	0	0	73.1114251694596	61.0793407207463	81.352395946185	153.687550404363	122.248690070472	63.6372209568699	0
"OG0007108"	0	66.8273681938559	50.9945657254159	11.6166931162506	32.1581534625997	38.7026568963153	71.7362489956803	68.4888995455475	68.3327188668921	0	0	0	NA	95.6743761164859	69.8490416461854	95.9792465086548	9.4262926814688	8.03082692152027	58.4744925282077	0
"OG0007113"	0	543.131167002688	397.257912269288	483.24410217866	NA	303.469815984093	367.538963678169	414.140375428858	352.215438837649	4981.23017904729	3906.27123610533	1939.21115632804	0	257.197940008826	247.05573505757	244.366166690748	2102.40505246172	1466.557332174	186.74878221137	0
"OG0007116"	0	69.1669846162917	38.8766271672656	11.0562544996382	35.0403374897693	NA	NA	NA	NA	52.6876680843296	91.0989735479615	89.676285229906	0	5.29244307891386	7.00569363359679	5.59014260070678	84.1736643593175	74.2027991226354	62.77264827591	0
"OG0007117"	0	19.4583802984669	11.532097007373	14.6790745050658	NA	209.739836319336	127.75405378044	104.190203873294	158.114190037941	0	0	0	0	18.1971454966111	40.1387460038186	20.1361170806969	80.6676877577667	67.6892486130799	20.5892644257936	0
"OG0007118"	0	160.428099583551	157.957319363112	114.253402924724	NA	109.886608604721	132.035284485327	134.752344905425	98.8372449549611	0	34.2564596654185	11.0738306247735	0	97.0700797783385	135.180990362225	102.085918430088	19.2588954718053	38.7595018510784	107.12229793525	15.985940581729
"OG0007119"	NA	10.1070184972405	14.6357396861026	2.86904693752555	66.3601389137125	80.504008052264	84.9842561758011	101.582079949727	81.4841072810552	0	0	0	0	135.694721871754	191.860588450497	136.282586855618	186.374272347457	144.154412032345	123.849461692749	0
"OG0007121"	NA	49.1643012684828	67.5914921170583	142.563068524028	79.1569716484419	131.83684907636	115.062879575926	106.259025727776	131.496278871336	0	0	0	0	24.1181338692467	22.5995228589774	23.3296391768245	139.848054841124	98.9574666789421	122.640269131966	0
"OG0007125"	0	11.4168710922793	11.3505693821948	10.6542049783189	54.3128208596728	NA	NA	NA	NA	0	0	0	0	29.4968650090442	28.1195140691169	30.7167333484362	17.9259844417686	24.9000401725056	13.8384631006363	0
"OG0007126"	0	58.1834396118514	241.131231771687	136.420023238708	NA	59.4377927884756	51.8712325909244	67.0765279930493	45.8928527210971	3.45331077437571	0	0	0	242.239909163633	247.557899021716	244.822344456795	262.621919126207	200.120077826997	90.8470277265301	0
"OG0007127"	NA	23.0138557597971	38.9296071364601	71.3725669783007	243.396602674961	257.201501546241	246.307936581115	245.406856371166	238.347317112612	0	0	0	0	17.9468067602844	16.4575155025029	18.6732931575501	1.53366546971896	5.44291426274077	28.7347921306419	0
"OG0007128"	0	185.161557857878	387.327183542698	0	NA	362.874312154571	368.943472999445	381.307645177601	395.143941296874	0	0	0	0	1364.29339256397	1715.13714757369	1332.87227825593	1153.18237465639	1134.06348409785	1158.83173258163	0
"OG0007129"	NA	204.182348994356	398.617205699584	331.474748070739	196.474243207917	31.2433265549192	61.9006772655802	68.8966362522652	38.7451758573268	0	0	0	0	158.182060642268	131.024287940155	156.771703595764	334.341376018948	183.922901845754	95.0166113254419	0
"OG0007130"	0	52.2509149023904	53.7797718817718	9.60144542292983	NA	245.346462685457	224.479201153361	233.208979551345	233.055845634789	0	0	0	0	20.9032983570749	19.9170261053136	22.2345348716332	149.547750869303	105.079903060701	49.7935197974168	0
"OG0007131"	0	40688.48076364	119593.697887048	47150.1578782971	NA	10541.4317863937	23195.7875454517	25495.7661283495	13254.1843298958	0	0	0	0	33003.5357749641	22843.2183248514	32262.7385446004	51179.409099862	16326.8124351855	7256.04317127781	0
"OG0007132"	0	5.43177834883455	0.786014905488495	22.2239832156294	NA	13.9557224902861	8.9345073252324	9.66109957514082	9.59727417260477	0	0	0	0	41.3083194078334	52.2330344740864	45.111953921936	100.628678174198	65.2184913511082	0.252161927058815	0
"OG0007134"	NA	1171.30158340242	496.029832771173	78.5215300087503	188.244106136446	1292.40267816138	1393.39982434836	1534.02604395531	1590.52299440798	0	0	0	0	349.771523198631	358.356237687155	340.86199806689	3959.08657375784	3662.54208687626	423.889465854495	0
"OG0007138"	0	141.798089724653	64.1772996013868	76.6680763734186	169.416900257813	NA	NA	NA	NA	0	0	0	0	31.2162442815431	28.0986054627806	33.4959460488253	19.7141017384091	34.928224198749	2.62217668277398	36.957996356946
"OG0007139"	NA	4.89732090526307	5.05322845969442	3.53015267344182	39.5013282891759	254.643655351624	157.516368887836	156.593499120242	205.490223905419	0	0	0	0	2.57231930803771	2.25605053742188	2.41558277975537	26.8037124038617	52.8538231491302	32.074898042667	0
"OG0007141"	0	127.382573212671	348.908819191284	274.876889616062	NA	502.123043891679	474.206771269303	442.162565998869	461.237772789976	0	0	0	0	586.429311404547	415.651775916502	573.077311019708	645.802953564387	1061.82144107236	105.946842024474	0
"OG0007143"	NA	18.0369285035149	0	1.40369167601197	15.7523047732544	48.5431948738483	60.6841330268012	55.0761875812839	54.3344540755783	4272.90227060876	7133.19389071323	7864.82118082611	0	43.5655856681059	24.1038702789681	41.9978636925296	196.229644604983	117.040900377627	380.685246487425	0
"OG0007147"	0	2.05144744402167	21.7375607405912	0.584172747233427	57.4459840568666	NA	NA	NA	NA	0	0	0	0	65.6408727611151	79.6141351980618	62.3429754575188	12.4214839351893	12.9021958226113	36.8926600362079	0
"OG0007149"	0	0	1.86087734530145	1.74069105434281	64.3576878088498	NA	NA	NA	NA	0	0	0	0	23.3525085553368	21.5615981957193	23.4150423202396	209.875490560759	186.093952873731	27.6372417832738	0
"OG0007150"	0	NA	NA	NA	304.842830166572	412.399701765001	869.793479835223	856.076107094263	365.394869932353	0	0	0	0	2846.70826601276	2363.08353988641	2823.13630081551	3407.89087760887	2450.31822981725	87.515089635033	0
"OG0007151"	0	172.795959120493	187.801613337452	114.261838645554	NA	82.8314416503338	93.2141117423418	79.1997400207693	108.073724263258	0	0	0	0	175.74212152504	148.276568758153	182.718289500489	65.9696208331381	40.7330039557731	70.204636955041	0
"OG0007153"	0	49.2708077430325	47.7941487772119	34.1512335598266	NA	101.371498000967	89.0306663404877	91.097928912195	106.566335870221	0	0	0	0	25.9745862250369	21.4238754098233	25.2252417933914	31.1729524949532	23.7996443163733	19.1953548281555	0
"OG0007154"	0	60.2622344340023	277.694276571415	3.84314265590404	52.0116600648826	NA	NA	NA	NA	0	0	0	0	127.801851178451	124.905869780573	126.717920827269	154.087458856393	220.66376539613	0.226854112713967	0
"OG0007155"	0	41.6687655257444	61.0986159624353	76.8184346614967	47.4094946812869	NA	NA	NA	NA	0	0	0	0	237.313324965583	298.522478044733	236.004296315555	74.1086747864354	49.8222226298451	209.698582282034	0
"OG0007156"	0	99.5259966510367	84.6912187011357	64.9397131530016	NA	NA	NA	NA	NA	0	0	0	0	57.0741519002561	59.7622772275968	56.5905529976333	5.34651459485815	22.0027600520321	175.395334116065	0
"OG0007157"	NA	116.57429202711	130.76402799444	287.307154324529	51.8718146017909	182.573125694655	115.503456691259	91.7603199408942	127.219455708978	0	0	0	0	30.5314338168408	30.6097231269016	30.9148964145393	124.676775826823	136.704006311438	465.472550408063	0
"OG0007159"	0	29.4513736070342	24.4133368169683	62.141507430824	65.5379747478854	NA	NA	NA	NA	0	0	0	0	15.3290854618549	11.6949400461125	14.3934153038017	1.31383947951006	2.34724305516037	80.4792224953809	0
"OG0007160"	NA	15.5896648361107	9.69273639562005	21.6224396320623	41.2830493759174	22.5443076310891	23.6349114625317	20.2644056520362	26.5241002263194	0	0	0	0	11.9787723526852	19.7677469956876	12.1849455618455	43.3107274140436	34.2006514291384	51.0382246213653	0
"OG0007162"	0	324.88208168124	302.020154686172	513.984482391012	213.280362881765	NA	NA	NA	NA	0	0	0	0	122.700526546792	68.1009987603206	121.41188601699	5.2308304248963	11.3061912867922	325.933433482324	0
"OG0007163"	0	211.650246981041	349.186244949413	252.958739624714	341.452580145853	158.988576222941	151.490485401329	168.834004276636	153.891440205775	0	0	0	NA	130.772993501553	131.993470347823	126.365407201969	702.039051525118	520.743011727936	241.233471972941	0
"OG0007164"	0	122.415605867355	114.86884732084	30.2787262486629	56.5246427930718	NA	NA	NA	NA	28.6156495509423	23.3818652904254	73.4798019028107	0	29.4876389361303	22.2100628355395	27.6863104261966	32.013128860201	34.9322930801501	99.5067374897507	55.2110530086121
"OG0007165"	0	133.475842844773	127.049863078759	384.635740482435	NA	23.583162112631	19.7419019919786	20.7944995947125	24.4693765550067	0	0	0	0	198.851006260276	139.297781769351	196.439727875858	83.0264736159732	74.4220172050072	86.4543383342814	0
"OG0007166"	0	166.2563993593	132.39239657476	16.8057964147396	56.1764678746747	NA	NA	NA	NA	0	0	0	0	181.049402626482	184.235499692442	175.756891810404	319.851604859131	282.431466818488	5.34996683620197	0
"OG0007167"	0	8.64398043520536	13.2480541882527	12.6532744918701	NA	79.2208673833424	59.3016253987074	52.2281162567488	70.7348322467026	0	0	0	0	18.5447464647611	17.335021713158	19.2015567313153	4.5113544694827	14.2921375750269	41.0840040851066	0
"OG0007168"	0	175.151815965436	127.588941224152	122.16764283091	55.0785042300007	265.881263925996	290.172454234504	291.117343390808	312.740021518875	0	0	0	NA	82.3825879133262	51.6112566024675	82.1147752264277	314.050119209417	347.074637264507	317.870267593822	0
"OG0007169"	0	25.1744697475722	46.2094817126373	48.1727512950126	NA	12.4291280494348	13.759886078916	13.9656342360598	8.0235390609423	0	0	0	0	202.811280716298	162.752353446993	198.109602346699	131.60339808739	146.496762967309	82.2033428720628	0
"OG0007170"	0	1838.58849892877	1982.05209165623	1715.61763800746	1093.82007539713	487.662822144358	481.161411415245	435.653775403947	398.610356141978	2216.06886601031	3997.67089606544	2543.49997145418	2732.54043933659	NA	NA	NA	1306.2617814305	1180.27840680273	915.302836698331	0
"OG0007171"	NA	107.835472087547	118.629666573685	19.2171242075514	19.1631857684046	170.341724061766	147.469472252847	151.388046008236	180.314247251933	0	0	0	0	224.860207600982	138.287496973159	220.744212689714	231.260433503034	174.24606099724	30.3648050099354	0
"OG0007172"	NA	109.340025896312	92.3579345201885	70.1901627262256	35.6048248114238	44.2914942273027	32.7578048903162	33.0358016778608	35.0410269872766	3.24492783632726	4.64015391572649	0	0	25.2970178807272	21.7021266663972	26.0962844227761	6.68262038570415	11.7777935662124	66.0480244810314	45.2558657282983
"OG0007173"	0	309.942655983812	280.39393538697	277.751783275006	149.730287418068	NA	NA	NA	NA	0	0	0	0	252.260950465384	229.780818141544	250.295783314858	8.02090248484069	29.7388864099323	64.6602848683372	0
"OG0007174"	0	37.0689717845779	30.7661454383235	198.975034366956	NA	93.4878022631844	71.8548136756082	71.5567777585299	76.1163861200662	0	0	0	0	10.4074318228447	11.2465546853873	10.0698427231079	3.13308111013466	32.2300590477713	13.701075032515	0
"OG0007176"	0	97.9335848528762	248.080793405075	134.035321648371	NA	49.9909318244073	60.3728498121452	47.6470190328902	59.3219013981971	0	0	0	0	157.430101015306	153.588307866436	149.726291431263	94.0643305034188	63.4817413688697	3.17459657050972	0
"OG0007177"	0	16.4465389801876	15.7724430181539	5.65605572309334	72.2937739653735	NA	NA	NA	NA	0	0	0	0	465.365892532691	432.034473158154	453.585121026411	227.763174285354	221.24817031551	0.998192010152776	0
"OG0007178"	0	2.15981544848196	58.5399896393068	1.22177458942421	21.8842940208507	NA	NA	NA	NA	0	0	0	0	58.1307800402828	54.3060245040095	58.7585430382796	16.6873036028909	7.24305363220285	29.2369122046833	0
"OG0007179"	0	429.323761773033	458.994885829023	308.077432775995	65.0181376737354	NA	NA	NA	NA	0	0	0	0	104.365614277197	98.8673279443678	99.8550216838046	0	14.8763035282587	824.510409076418	0
"OG0007182"	NA	31.7236327215634	14.78939087522	0	81.0451457434883	188.698593519046	202.272973712022	210.704535954033	200.178210849721	0	0	0	0	295.685231543073	237.522363667085	287.45864872144	133.588148768389	167.931251687842	147.303091997072	0
"OG0007183"	0	117.919467763609	25.4535627900557	128.188232125124	69.9778147088805	863.813050838419	1065.87745874276	1160.69628762047	1003.208662331	0	5.61021481955353	0	0	NA	NA	NA	323.918100756548	50.1374190007091	320.652919754808	0
"OG0007184"	0	66.8792213947077	135.907074741286	42.1310573610487	97.758089917726	NA	NA	NA	NA	0	0	0	0	64.8450025766005	42.0247499502955	63.4721022202972	181.758787379572	116.877388120392	191.522074284095	0
"OG0007185"	0	834.307631066204	888.385010237948	244.532834905989	79.025429766639	234.428723621321	250.009178207386	263.178540338464	240.532634163933	0	0	0	NA	622.725930889027	731.271060526989	610.097837853932	1157.72919961751	1008.22149862444	356.225216401125	0
"OG0007186"	NA	18.6762266168175	30.1370662944734	13.724150907083	33.8797078406956	53.988412792537	55.0185612193881	52.3641733880949	62.4338215507194	0	0	0	0	6.34572069772455	17.4778674054498	6.75313205701648	20.5486560578978	23.3074989171349	80.8481061290119	0
"OG0007187"	NA	45.0233046656929	29.2677116706132	154.460709181358	46.3076998793054	59.3960443789422	43.9238814811053	45.0886914398128	46.0861334385491	2096.32643555917	1022.87436112077	154.372792905925	13.6393678636552	72.9273820657212	69.9007413027075	76.4798474256143	1.38479946919047	5.75720980218752	147.708819603737	0
"OG0007189"	0	65.0430995525435	62.115256106855	52.8345453532407	47.0007365049519	NA	NA	NA	NA	0	0	0	55.0471892476453	28.8517544054591	19.9342891084939	27.0916476442623	0.863327748420482	0.53965157686854	28.373010949644	0
"OG0007190"	1522.68107041603	270.382345311105	187.351441333008	515.035910635293	134.47773217743	330.061161049766	324.895180092168	336.071764264162	376.203487302792	0	0	0	NA	51.7220965609672	52.8409924412913	52.9781848630157	105.74841348309	128.857688967686	826.441388386038	0
"OG0007191"	0	82.4670877919496	74.9668443925248	292.285910165808	67.2788493398712	NA	NA	NA	NA	0	0	0	0	80.2064833471078	83.9322687402781	80.6351484083975	100.50019678772	84.1408318770537	27.4175535091779	0
"OG0007192"	0	32.8907030837763	98.2739459052708	64.5765779433544	16.6524623131671	16.1605313202407	11.497215696866	10.3127104242837	17.3867574525727	1.56952465615277	0	0	NA	6.32582567733592	4.70123163073473	6.87739710235803	3.21915163600158	7.4511532595832	8.18026757628988	0
"OG0007193"	NA	1385.60049188297	2250.05279677121	392.393536111406	314.903043668626	511.116404918613	626.318940315959	667.73840722142	605.369165524076	0	0	0	0	1008.16697808987	1027.50014442942	1000.07775273653	3997.24179912805	3299.68302852985	1888.95054616432	0
"OG0007194"	0	NA	NA	NA	71.024120760388	17.0644057353189	13.319838633974	12.5849803683876	15.3787066103312	0	0	0	62.0742641030792	69.8396446704083	63.4854209331499	68.258892861957	25.1665658891682	59.668064003072	17.9617031961172	0
"OG0007196"	0	0	2.2265504741846	0.659710179342667	7.35930240937646	NA	NA	NA	NA	0	3.31377823339576	4.26778282144632	0	73.8452101264713	62.5282892692477	70.4496779042157	85.7786450612028	65.7404436722386	64.1171248032219	0
"OG0007198"	NA	8.5695192387821	15.5421518035469	19.4963925800549	22.6741208074012	14.7004568461778	12.3225779372473	15.6212133444307	11.6085379766751	0	0	0	0	10.9104208568507	11.051360037972	10.7564911964146	7.42096703464398	8.49601361584754	11.0624250986651	0
"OG0007199"	0	3.33255855086806	25.5637165894036	11.4633777245796	41.5083148485049	NA	NA	NA	NA	0	0	0	0	73.1370916880921	87.6165915377133	76.8010333032063	48.6815573264995	29.0858782576261	35.3322603815167	0
"OG0007200"	0	16.4626134724517	5.97825601252125	23.5606308500175	29.5171761398185	NA	NA	NA	NA	0	1.88484489134024	0	265.716575735085	53.2105639136123	39.2259155665042	57.8254546780365	48.44720519218	70.5564436137237	113.069359086249	2.46649198652395
"OG0007201"	0	431.83449375828	251.007217622927	233.221606909838	494.997582136206	NA	NA	NA	NA	0	0	0	0	1338.14822804348	1400.79322838104	1342.0652670268	1573.68783989598	1171.98924376229	887.571310392442	0
"OG0007202"	0	1.75355599044783	0	7.478220502982	NA	179.989308138	155.465729595475	149.61140648108	148.31497083986	0	0	0	0	141.57443570767	125.364072059601	138.616939442299	69.9649469901917	45.951959416184	169.969681768991	0
"OG0007204"	NA	2.60803451664541	16.4006871011937	4.42928105186794	11.3047093221447	63.7347213411352	56.3828699160841	55.6993843032429	60.4740405870686	0	0	0	0	14.769832831544	34.9008124888424	14.6394874503572	21.124318625606	26.5484102657057	24.834962481545	0
"OG0007206"	0	14.629447262736	17.2989341796027	2.27166293121152	43.7108192319429	NA	NA	NA	NA	0	0	0	0	82.4006238453382	50.3801507131451	83.1444732889047	132.072609152477	99.2579961517322	7.08522918545206	0
"OG0007207"	NA	382.420467474494	422.08983723516	335.536777715611	165.466533119919	175.899373560562	223.699499174591	231.073259318223	191.185061527286	0	29.9956093270862	0	0	361.49279793736	300.852804768026	354.557051731285	1228.61765582806	1002.14656406741	173.73131824479	0
"OG0007208"	0	17.995566657085	13.1856213306843	30.3026904750728	NA	NA	NA	NA	NA	4.13149335117815	0	0	0	42.2985614442621	39.5458589415248	40.9274359683229	11.2711893667116	25.4069944075411	55.0036127070759	0
"OG0007210"	NA	86.2463919128762	96.5441638287519	122.249239257849	80.443889725414	187.471613145815	186.353730097581	198.779686240277	204.197242554188	0	0	0	0	29.0538054022722	21.5614194896823	29.5434469115017	81.1526604348588	89.2853570878716	237.614022159824	0
"OG0007211"	0	12.8594901048588	28.4366041308537	31.5754858991964	138.825739462191	NA	NA	NA	NA	0	0	0	0	12.474621745077	24.7594831602708	11.7080766277193	232.468742928009	154.792057717388	41.0629630691811	577.067288779912
"OG0007212"	0	45.3550007592587	45.1966364556782	83.8264425638386	NA	93.1795194210687	62.5726625535708	60.0374268362699	71.1470185926527	0	0	0	3.75405527099409	52.8907868390393	43.9118261329947	50.8625711121234	22.8910207412579	22.0650548086937	145.995086564031	103.462121288932
"OG0007214"	0	30.4875561196568	48.4804759788431	36.1881380491698	40.3477317871811	NA	NA	NA	NA	0	0	0	0	238.180437081545	203.05175617813	237.942878237629	96.1205297840706	78.4524145580898	105.642102416185	0
"OG0007215"	NA	17.4062898747547	1.86383717195172	24.2180649185034	134.121664746124	39.5670925939103	33.0194484823907	26.9091012377417	33.5357763770614	0	0	0	0	20.5701191976376	22.0413643365527	21.8804242098641	3.23588319336125	2.79062811518952	17.5620570645191	0
"OG0007216"	0	13.4867582755637	26.9237522959752	75.1171798351515	NA	60.0249231525094	43.3793259935465	42.1325756838285	55.956276725532	0	0	0	0	18.9930156811258	15.9694097466066	18.7677226494562	4.22014736583648	10.2403336099951	83.0300683585542	0
"OG0007217"	0	9.41514123827418	9.37402151964288	11.8239971212351	NA	178.889964800428	146.219993380755	139.628232580533	166.420859570805	0	0	0	0	182.275291051545	132.169793637725	183.025185349184	68.889035106063	139.437726862101	449.656276200757	0
"OG0007221"	0	54.5682344484599	57.9812411726009	75.6312986755689	52.4772635173476	68.3784341702455	66.3171776396637	66.0300907166048	70.3810291897402	0	0	0	NA	78.0477210232086	109.85238804259	77.6564534063565	77.8904917223991	66.4806015866479	240.513904740552	0
"OG0007223"	0	17.093615073618	8.4081716294036	14.8898141490794	NA	5.55565170171593	5.13581992823017	4.10786762750471	4.99001266200465	0	0	0	0	0.820565537577245	2.76825778084995	0.770634917439456	1.18587701379594	1.76425751301308	37.8726301270562	0
"OG0007224"	0	15.9367183094122	16.145158493205	21.7309690149619	NA	71.1210211003888	79.8688625108713	84.2547188719627	85.2365448924857	0	0	0	0	8.54757502533862	6.8704131635406	9.48377605917887	3.33672113724561	6.98336437366218	1093.14208037511	0
"OG0007225"	NA	42.2931299172016	28.9033103393443	22.8323980772545	54.4882785468068	48.1115042215024	41.1919909963202	37.0084815486606	47.2480812780135	19.8561711839768	0	33.0159434682549	0	13.0585003594812	10.8604424217104	12.9078172090774	23.0925559869502	40.0343864817147	44.5053886894516	0
"OG0007226"	0	88.1099959514919	65.4628293267619	28.4754965331526	60.8605920720012	NA	NA	NA	NA	0	0	0	0	52.2874155442682	54.0843098806942	53.8971600413589	104.434743744017	80.2032352999643	46.3331160939187	0
"OG0007227"	NA	75.9042710029734	74.408835788797	155.644264127105	135.696138857629	191.919486366732	222.4656387884	237.990583546617	227.096669130646	0	0	0	0	92.0914688533306	86.9118940648974	91.7424173938636	9.75928704587713	12.1448255936237	86.0790624932807	0
"OG0007228"	0	0	16.0147962222449	41.6735038632167	171.82192433011	26.3680912419952	44.196512338479	47.5821057263481	29.9383280201915	0	0	0	NA	151.609350803276	143.648678085029	145.432526887528	105.56315392044	103.597505478607	30.9810762616806	0
"OG0007229"	0	224.867627878179	233.247329875972	223.641662572408	78.3493593032892	5.39479019898844	5.02968213056277	4.99897663472342	4.38657944745336	0	0	0	NA	36.7532754092306	45.8338095616002	36.5360202206053	0.304707120585239	0	0	0
"OG0007230"	0	0	0	0	NA	80.9009037388018	73.825594970492	87.1546628834221	67.0241442762572	0	0	0	0	1037.39906174319	1061.5555582256	1031.48944548532	779.789992359684	759.508757351928	954.534121623768	0
"OG0007231"	NA	947.45650064504	878.27520735979	587.860537626922	145.046026197948	309.906052243133	276.125323827928	303.155284255805	345.865595098065	0	0	0	0	131.056712585896	104.207064331791	122.773614837037	1604.96857756841	1931.69671392683	154.975072550675	0
"OG0007232"	NA	11.8446192577862	19.4456899541249	6.88403900304861	15.152036415476	2.13036756444785	2.28436653854872	2.76332178659654	3.08843597946818	0	0	0	0	5.23972266226337	8.06202501867227	4.92007509214743	12.4619791537265	53.9029321745785	7.52424953883477	0
"OG0007233"	0	162.793124074404	75.3181242268105	68.6152329726899	233.165932817737	60.0338022506422	56.4589251517766	50.7959664311635	54.3398614085974	NA	NA	NA	0	371.082364250208	301.926387242546	370.655891432293	1962.5510567053	1859.99923863305	NA	NA
"OG0007234"	0	588.170857262611	487.227363983996	501.505137124987	395.201141141709	NA	NA	NA	NA	0	0	0	0	92.7934134534442	135.19224884256	95.9900086933941	346.834272180839	405.97311492303	236.022491256703	0
"OG0007235"	0	75.6447976029403	67.192490783386	14.0078303946971	4.56773703648969	NA	NA	NA	NA	0	0	0	0	21.8524878374855	22.0169411781542	21.6725335174256	41.4790142138093	56.732356600802	1.97128572831338	0
"OG0007238"	NA	103.484832976473	97.6577823686218	43.2870210578577	131.551473398488	166.398072626066	137.932824761603	128.54312632228	153.608435485784	74.0545513162084	182.017760481906	52.2844910008329	0	45.9278071788944	39.1555649565806	47.1265654716847	3.48045491441877	2.72141928131084	115.215098807363	53.1851260531806
"OG0007239"	0	120.079049872687	71.7660538928851	30.7090300062115	NA	81.3031268842193	99.3654863677413	96.9816391401017	84.304723086162	0	0	0	0	540.092920996611	489.947023764798	524.32391981614	194.994176710091	128.90064878527	698.273191589082	0
"OG0007240"	0	357.70360222444	750.262890304754	120.679949780637	NA	1220.18175877979	684.666208319646	587.753042316563	936.060275147231	0	0	0	0	2697.91182691366	2891.98788404401	2674.70147155297	248.583657528762	434.34268080376	1.2831779220554	0
"OG0007241"	0	120.825735964954	180.583755944129	307.154718293909	NA	113.412720450723	109.910816422358	93.7356840214491	101.821338269949	0	0	0	0	233.125520290333	175.891893528038	239.276694810804	5.60969108024061	8.81125729928589	82.6595955511466	25.0247105694744
"OG0007242"	NA	226.311220989894	272.833851516629	132.338361370812	176.65606108181	118.41831202311	166.513431644425	173.359823762892	165.708977891237	0	0	0	0	188.965234448615	225.293509550909	189.84355013241	329.204302936851	352.020693795596	120.310664668314	0
"OG0007243"	0	118.580233175857	77.6059125051844	76.3925716821207	NA	137.118142195207	83.403319080907	80.336737155671	99.9757086213714	0	0	7.5291160514534	0	37.818574670417	34.2226826468699	37.5914780930068	15.4520903186544	72.2007864605882	39.7095463296174	246.041543778596
"OG0007244"	0	9.52927013334911	7.48863050032886	20.2902705985514	60.2502103358769	615.013895349645	412.584850023829	386.523748128962	474.226438205841	0	0	0	0	NA	NA	NA	73.4542041586997	176.004669388866	14.3673472359591	0
"OG0007245"	NA	514.368196490163	326.197948683881	326.774057670646	137.651454121513	214.01900667573	195.950882245077	198.688329455066	200.314022934853	0	0	0	0	209.891771410398	202.814672835628	209.374485263509	296.423787260507	402.647987191971	421.441783115818	0
"OG0007247"	0	86.2069834802288	85.221759869329	172.935958061666	13.9177613996014	NA	NA	NA	NA	0	0	0	0	8.43894321945089	19.1373912342897	9.59236997487099	12.4332445226088	40.9777992158826	37.8673476779103	0
"OG0007248"	NA	257.729593918043	92.5037684897994	124.418599901901	137.220106367434	134.042750018736	132.132390723756	140.005541174809	144.166414646794	0	0	0	0	185.433660222725	144.230068392272	181.731640176969	930.992348760057	838.199031146716	617.862241419637	0
"OG0007249"	0	5.79013581992173	13.9007933883981	45.5368799513742	110.974760491876	NA	NA	NA	NA	0	0	0	0	42.2371005374827	44.2803775500963	43.7408515861481	8.93786457405248	18.9681788405579	1007.57168666135	0
"OG0007250"	0	115.163988670341	19.6322796529866	49.3543657182152	50.6978855203757	10.4794057364995	16.1113509910253	17.0650779933061	11.9090536530128	0	0	0	NA	96.7516762093572	69.9771143060801	99.6703287069881	30.9257376728055	30.3608575134113	19.9358742958127	0
"OG0007251"	0	53.8324375283721	116.355517633306	15.5609294229845	29.5303303279988	NA	NA	NA	NA	0	0	0	0	8.80736181528086	8.5184998060085	9.09703174306306	19.9683862497571	31.3578280818359	27.5148127199223	0
"OG0007252"	0	15.199988031709	81.6065960519495	7.95479271686765	56.2163963167136	40.7217083173591	43.1557779257787	42.9802884068745	49.1405849587516	NA	NA	NA	0	65.108604659853	55.7478843797075	65.998993763637	1.64465146687147	1.30296937481899	NA	NA
"OG0007253"	0	4.65779673163939	9.02760118166665	1.67424824954902	NA	22.0511292349461	16.5043935840508	17.3885795420812	23.9261910904432	0	0	0	0	12.301449050174	14.3644806120893	12.407931086299	13.9968570551381	11.7420441849718	0.18130430836482	0
"OG0007254"	0	14.0772625268646	18.7369088951468	33.6081571904502	52.6715892431527	NA	NA	NA	NA	0	0	0	0	26.3401606931265	26.5588146787725	24.7274733908359	0.392762397133149	1.85042317356808	22.984069404618	0
"OG0007255"	0	95.5856719183041	129.114318971187	104.321338595946	43.8897710003123	NA	NA	NA	NA	0	0	0	0	77.1230326627466	97.8778921858327	80.26020777877	29.7260365128491	36.7260736396085	30.7433746133448	0
"OG0007257"	NA	133.902076155775	41.7270608513688	4.28885544162555	60.0784659664479	56.968071642827	66.0909133134783	58.6620681846414	59.8038456725204	0	0	0	0	172.849158030313	199.97729751651	166.414204521485	109.314781307255	79.766445612811	76.0282929915409	0
"OG0007258"	0	4.47022814819797	0	0	72.0090406003875	13.9960890901725	4.01609672074628	3.47181140564482	9.77433289099935	0	0	0	NA	547.289951559096	566.278924748815	523.49835609646	1287.36845836268	859.998772941862	55.5558283992984	0
"OG0007260"	0	447.53979123229	532.920963684862	682.759636185721	NA	141.164896608538	204.979046160548	225.334662207508	182.614438691929	11723.5229686779	6108.77668170994	7610.51295915859	0	597.49782414238	700.039202116394	584.10889754475	2097.44620683846	1285.97469808312	287.3572432755	0
"OG0007261"	0	52.391437076699	37.6940882751757	31.8244470274081	41.8188084986773	NA	NA	NA	NA	0	0	0	0	24.1589089493877	19.7962282605156	23.6726681928637	16.0876348876666	17.8759207472279	23.4480371228744	0
"OG0007262"	0	4.00824724052844	5.82260995591231	0.339910468900975	8.77184298347037	NA	NA	NA	NA	0	0	0	0	18.7313143076315	16.9015404359238	18.8923418053925	20.7364859757355	21.2017108543292	0.681591305967118	0
"OG0007264"	0	42.1018953124599	19.0734384017463	34.6880521581144	NA	40.0371298513173	63.5418406014892	70.6329947543799	51.2198302565464	0	0	0	0	69.7324626759785	61.3176154368294	69.2317457589756	53.7735279496274	62.5401265125302	77.0500695834684	0
"OG0007266"	0	250.118062564999	144.382941967054	113.774253981566	364.349088947178	NA	NA	NA	NA	1.08896203045686	0.832450895094973	0	4.10573388601048	92.8330231349013	201.209892622808	93.4046541852124	678.735023202322	706.622761652185	613.678541696117	0
"OG0007267"	NA	62.9855645427418	46.2294303931983	122.302278837232	22.5955519375827	74.537809050631	57.3933180474282	55.1581985891027	67.5394756881755	169.325683647591	547.090480642653	167.830371463726	0	47.4972801087858	49.2209203919291	47.284318269928	33.9233537899114	46.0943702652234	82.5233971438413	0
"OG0007268"	21.8584243436383	24.3244609772627	11.8903203107788	63.2628162181208	NA	95.9175674672352	61.826387597859	57.7001775920525	70.6071940370645	7.44395447018541	0.876078579013829	0	21.454993733112	8.28914446811471	9.48674341129522	8.12915653007004	1.26199238427701	6.57621279713521	30.851278624973	0
"OG0007269"	0	154.8808908243	125.4103603543	325.267960812362	131.698361833168	91.4352877410526	79.3874057063531	74.0895558798605	77.8542778020357	0	0	0	NA	28.5472038196425	44.4451445162678	28.0628480251725	0.639595303297609	2.19670390583362	54.648046172132	0
"OG0007270"	NA	6.5979568359928	10.7463975693018	16.446526733417	32.490022668565	55.1017962040314	49.6218310888561	49.0922094780934	54.8684596492023	0	0	0	0	17.9309073925261	21.9166275226832	17.6663692666503	18.0915419894109	17.8846262609233	18.4289967088436	0
"OG0007271"	NA	4.71482488193626	4.28082790317945	1.49927606185567	99.2120661845878	254.732446332953	202.809434749497	169.391128525865	220.541849744057	0	0	4.87393847824076	0	5.52221391584996	9.37628878390773	5.53121443175032	12.3905669270247	29.1455867265589	69.852177743124	101.483015208858
"OG0007274"	0	0	75.6672724301008	0	376.226224691635	NA	NA	NA	NA	0	0	0	0	569.435301311075	526.41913886885	553.851883068307	685.798650244168	278.791237341714	406.132002561908	0
"OG0007275"	0	0	0	0	104.668971532948	93.7647746305656	82.7622209772901	77.3523913561295	90.9597667615013	0	0	0	0	NA	NA	NA	319.86336544655	235.21692404102	629.47705977184	0
"OG0007276"	NA	827.525232394781	1810.68091214173	2602.11619017809	389.257092357738	423.892584410691	452.426792680145	495.016124862066	497.448229856592	0	0	0	0	2623.25694217779	2780.23704220103	2600.28269991689	1487.34087960312	1766.81806954132	3441.17825202686	0
"OG0007277"	0	138.684289457538	198.198250325536	261.645016701283	57.0425889526709	NA	NA	NA	NA	0	0	0	0	148.607755502661	145.810425446693	138.90786559751	126.51506475934	261.543911458385	63.6850737314854	0
"OG0007279"	0	187.765350782694	385.70484595712	783.238967141256	68.4353491219474	NA	NA	NA	NA	0	0	0	0	0.430813902625526	0.378744213768807	0.404533860322638	165.832769636547	11.8827423188168	1.23948896029613	0
"OG0007282"	0	17.7822255809306	9.29728870961868	2.1036356424126	62.8460523504644	NA	NA	NA	NA	0	0	0	0	114.315205540593	167.987248959339	113.850027851902	39.9442895760092	27.8478028098976	17.1278308666638	0
"OG0007283"	0	55.1863246026141	128.44998170423	68.3084794879541	109.022843393273	NA	NA	NA	NA	0	0	0	0	61.4620166829014	63.8748988271915	59.3417145842503	64.4533537582098	64.9751154682315	13.7346341212063	0
"OG0007284"	0	0.35370260924671	0.514560759999749	0.359244527536908	NA	7.35233720889544	5.80820253692086	5.4873261050453	7.86458862056535	0	0	0	0	4.5246950745441	4.24654986063702	4.45665541727278	3.40939429290786	1.49981807199948	2.89099119783765	0
"OG0007288"	NA	48.6603400094036	103.091040582449	112.946633079749	17.1971279175074	13.3764168314818	18.6983155079398	10.9122456004306	15.992250280109	0	0	0	0	22.6564603176117	27.7651399976223	21.9573564723877	129.94891379949	91.3167697836707	105.869158948799	0
"OG0007289"	NA	676.559823434685	803.40458294283	282.777018861949	271.385152529995	1758.23901226433	1722.59676326841	1840.53131849517	1806.99236787704	0	0	0	0	1313.71647706413	1167.26613601588	1277.26302820617	1797.44210878932	1141.50102079851	1768.51958370453	0
"OG0007292"	0	15.3943338285018	21.2316994585454	4.29616844470165	25.4093150030237	1.12749007865294	1.21312175317279	0.32139766214342	0.471514409192875	33.1361460113546	0	9.64752442568284	NA	53.1808878685556	32.1150236457567	52.5836180355637	4.60365163456394	5.51975934613272	2.18174915596334	66.3017478588954
"OG0007293"	0	33.5171312326274	19.1506351344429	69.3434657454529	NA	NA	NA	NA	NA	0	0	0	0	36.0668576655102	29.019126866545	36.0437941348902	7.26279319601041	11.3786609033007	45.2116432621872	0
"OG0007294"	0	25.7484846810022	11.1523299077006	5.74835171158067	16.4677281829101	NA	NA	NA	NA	0	0	0	0	15.715054406912	11.3443188013962	15.412837215689	2.17847301686361	10.6951967005814	111.659877361213	0
"OG0007295"	0	3.49777585586299	6.10311207996858	2.86379667863147	91.9542154515519	NA	NA	NA	NA	0	0	0	0	81.9192031985561	59.1360317050514	82.0793641669628	3.26676382857509	8.48452612277552	8.68656591223951	0
"OG0007296"	0	17.8547682089224	20.6398269130262	35.4880652463056	NA	NA	NA	NA	NA	0	17.0869839905944	1.15609588066678	0	118.188768785018	107.255789324074	118.195173148586	14.0297745755958	22.0079171226452	17.3013082722269	0
"OG0007297"	0	26.3795899885702	82.3696560636049	16.1628411107332	39.3781310954998	50.0120607483016	34.4505560851567	28.711416295968	41.6153580434296	0	53.8926337778178	0	NA	12.9861485245254	9.87968643922289	14.2155268050784	17.2949986159211	156.37695326073	58.4114582610891	11.1825808181722
"OG0007299"	NA	37.1982936675024	109.475080478114	296.800131715256	127.897897631412	56.9954858583122	55.3530005370541	50.1342274334451	58.2448361119403	0	0	0	0	142.369404095584	139.392495968994	135.28343951111	85.2977219059645	40.1732015750973	40.9578911605404	0
"OG0007300"	NA	92.7562501606217	78.2279400129881	41.9848586502236	336.937953144142	13.4225326474093	14.4504268751283	13.6668591510379	18.3266462452494	0	0	0	0	53.0167608872463	62.2308032862179	50.8943021987419	12.0350334574485	20.5934603974354	233.644501334488	0
"OG0007302"	0	391.840638473251	478.417472434059	145.669254310464	243.276844753403	225.655619722445	226.807577868921	247.571092092519	242.027824619694	NA	NA	NA	0	185.105544998045	191.103470540143	182.422503003783	88.9225289377197	76.9658250819015	NA	NA
"OG0007304"	0	451.532487697883	223.526758120005	475.088754033472	NA	110.379953494726	132.949305442847	127.146041273889	114.143769957083	0	0	0	0	87.1877764151418	106.85941933387	83.8374191192164	80.9910432902178	43.8260161966704	76.6687566577296	0
"OG0007305"	0	50.0389610604519	49.57514791677	234.365797407903	NA	35.1727159392427	35.8338317353181	41.4385973764994	37.4689195128761	0	0	0	0	42.4413921520033	39.2358635359006	42.0095979455679	24.4135245648135	22.6186278334094	24.6697477564233	0
"OG0007306"	0	18.7653622690818	38.1359282284226	0.730557964177265	154.998813829863	181.546479973046	183.069705764252	190.937130049998	199.984552876476	0	0	0	0	NA	NA	NA	208.406096095072	121.961408118523	76.005565143115	0
"OG0007307"	0	14.5720976225939	22.0181411728925	5.65667536513251	NA	NA	NA	NA	NA	0	9.24700810639968	29.8025606539658	0	238.455138199882	276.934788767603	236.389651962672	32.4108452532306	39.8024602418506	271.549403230695	30.3981760969225
"OG0007308"	NA	292.936880232437	313.70172757861	42.1517938966169	191.018817705727	94.6572904760057	84.7438673058442	85.2494283572564	91.8718455147086	0	0	0	0	176.3177452321	169.300380919673	172.914355803678	103.446151190398	222.613242175528	782.283664752976	0
"OG0007310"	0	164.072361514328	99.0596583568369	314.4545310569	NA	267.026773024422	187.059149199276	177.746608509656	202.362603624352	143.176093998443	218.40194251728	67.5313654960957	13.4412630598775	39.2623510279785	42.7960809474639	39.3285780300712	108.835955658845	164.566854520005	120.941895146079	97.1086517157635
"OG0007311"	0	216.601709130384	435.01286719909	178.22806918033	104.697472274005	NA	NA	NA	NA	0	0	0	0	71.5464612225712	74.2809513653314	70.6999160577671	166.226324964007	160.394642456321	167.635793638594	0
"OG0007312"	0	49.3155570553677	33.268971142409	68.6665221553378	NA	150.253058656349	136.266339106596	134.087707992236	133.165635751086	0	0	0	0	26.0136617654306	27.9108926414503	26.6998075353924	24.7850500084168	70.2048014205236	225.390119664972	5.78687537492938
"OG0007313"	0	70.3673862160121	47.31584450191	92.5321886705766	121.524145366885	NA	NA	NA	NA	0	0	0	0	89.5026189199142	83.4491667534195	87.7666580508131	23.1881198529712	63.8981866490174	302.421545310278	0
"OG0007314"	0	570.462989171701	532.113738234789	745.484588744512	NA	347.763197019749	314.541909879613	320.657099844901	353.669005404355	0	0	0	0	581.1954226726	578.863403878745	564.224546153503	412.023087003859	367.76821106944	555.851260164099	0
"OG0007315"	NA	20.7704736928223	16.044672842351	47.9401708028859	227.41179762562	116.467407680236	125.800344848775	131.014539880885	140.877110707137	0	0	0	0	26.3696425050692	30.2144849415987	26.0957983886266	5.93022164684767	11.1514791684006	56.5554986074055	0
"OG0007318"	NA	248.851185161786	271.528280331804	559.063974491436	75.0475511922565	32.9854056085818	19.1728458534931	18.0702417086601	18.9221445129749	0	0	0	0	15.6406215028778	15.6995040619635	15.7360499251179	1.47914484136027	9.24839709949005	10.7325161738582	0
"OG0007319"	0	112.391610618916	122.646701905661	31.0861956858336	90.7008679589983	NA	NA	NA	NA	0	0	0	0	38.7997016242827	45.4650794384616	38.3570027085314	0.992637470292699	3.02713557845655	116.316644820426	0
"OG0007320"	0	105.005220678651	90.4704418086927	208.529528101512	180.522323629026	NA	NA	NA	NA	0	0	0	0	14.5578849638843	26.8661175801049	14.4712835292303	149.677117330918	175.164398066959	53.3447905042894	0
"OG0007321"	0	398.058874319406	477.269727742403	430.210719216614	107.289943527872	177.884406936884	155.128234487089	151.196566243514	160.221792396104	21.4180658804245	43.0210744211046	121.936745290158	NA	56.0986160853141	49.3329333359598	54.3616698213974	159.071038086191	163.286103130139	12.7908069469269	6.18318944226377
"OG0007322"	0	92.3593657613016	62.4389813476947	12.6648084228962	NA	NA	NA	NA	NA	0	0	0	0	5.51981374951298	7.68709975291549	5.61493728567715	162.038622270268	92.4244517762655	216.020209028771	0
"OG0007323"	0	88.1903684128123	93.8738249260961	38.9135814103511	NA	91.4058757284876	92.4299279371831	87.9581099476542	90.7168140314315	0	0	0	0	13.6739418549065	8.38518510236	13.3969758638415	4.05828773485701	3.92285587139942	98.9220724670608	0
"OG0007324"	0	419.903072242267	508.590075205243	501.775080191555	NA	1783.94766398687	1411.55257944998	1375.74190094951	1738.48774612091	211.143655209566	139.733029920645	193.8186351636	0	85.2107607907482	49.849691626465	87.3521403547249	23.9246721063048	48.6594688006119	1928.22267019239	176.889267100244
"OG0007325"	0	189.099808462577	112.104130262921	548.70100127251	442.756271869343	NA	NA	NA	NA	0	0	0	0	784.34799871774	569.164431560581	787.146191833053	191.786809910143	138.517970415149	660.70121716005	0
"OG0007326"	NA	4.96855814966465	7.19357568064694	4.23220420806453	23.6558343140318	120.398073434916	129.289758383286	126.063887189269	126.633011580261	0	0	0	0	155.249834310931	78.9219471478403	152.390452905116	15.0737995062057	19.0789848898769	8.71355523224524	0
"OG0007327"	0	40.7252965362448	31.6568769694387	14.0503525627512	57.2149636269502	NA	NA	NA	NA	0	0	0	0	13.7134127984251	4.38287873944398	13.2671353124705	232.206130223364	95.4294626287198	0	0
"OG0007328"	NA	364.489630619922	417.902471193573	188.530691718669	398.001887041763	172.035301041878	133.611393432135	160.218501582453	155.221266872694	0	0	0	42.4449687099583	111.768948154312	132.249913511008	109.190140726681	118.707732117174	206.949931821658	333.516526841224	0
"OG0007329"	0	179.182883799659	164.795539555111	113.164428053912	141.380940516213	NA	NA	NA	NA	0	0	0	0	41.6045942756153	33.5972115171517	44.2645186655279	121.135141609189	101.223360493625	75.7809500785936	0
"OG0007330"	0	61.1652579268374	24.8494334075302	36.8783333898255	145.080555941921	NA	NA	NA	NA	0	0	0	0	32.0436773470787	60.8452358121946	31.6937314224156	10.5089699344429	16.4771055591252	51.2029127417951	0
"OG0007331"	0	69.7047023091254	57.1944283201158	15.0067485774607	61.7994722533697	NA	NA	NA	NA	0	0	0	0	255.029466029228	241.688597077798	253.06201196011	316.750204589127	244.992080419203	263.386021735541	0
"OG0007332"	NA	414.913135017892	194.075035511097	81.095056774151	34.7528170811627	204.444564170365	209.959985033807	244.046502401366	205.838934009189	0	0	0	0	290.558864713505	187.121900034394	282.056031982307	397.198684696848	427.531562588574	835.940918782793	0
"OG0007333"	NA	400.293747276121	1257.84282028299	243.609506916934	292.617656526512	1524.94070882404	1658.71036528665	1821.10804005327	1590.91282539309	0	0	0	0	1050.30862692563	1032.81962746598	1027.4831354243	567.174333427454	578.061249400441	1316.22208293084	0
"OG0007334"	0	3.07180954506442	4.71176567362368	0	16.6893762537481	NA	NA	NA	NA	0	0	0	0	22.6631891076316	24.7796769424589	21.7832173799607	61.9399828591803	83.6461713413585	27.8306055201209	0
"OG0007336"	0	11.3332429909852	17.5993705022851	2.01348079324872	55.0472630330725	18.8292374779469	25.0570085570619	26.386027495293	22.5478870542474	0	0	0	NA	8.06421204741671	15.3649663605828	7.57220374912782	31.8226946390872	52.1819845922001	12.7224769135637	0
"OG0007337"	0	535.778383121895	998.658501635358	465.131535918946	134.444273951702	NA	NA	NA	NA	0	0	0	0	43.2261633014337	40.1816354527135	43.5703230331175	86.075133107343	78.1473146906097	21.2014248182394	0
"OG0007338"	0	0	25.170681301299	0.957015656748677	NA	50.3774500650023	51.4872215571374	55.5005873019577	55.1189574951128	0	0	0	0	31.7898562884943	30.5828576526632	32.4014665775626	42.1219381393217	35.0144277093635	30.8011619435807	0
"OG0007339"	0	19.4917219066146	37.6085409343748	41.5352807429947	86.9404144129567	92.0817970738498	89.1754429141454	92.4232181048009	88.4520217599213	NA	NA	NA	0	91.7883264575902	65.0710379019287	89.2379528548515	759.001638556134	640.992650903521	NA	NA
"OG0007340"	NA	244.126943738575	184.545469997833	60.4576762024119	205.302895841591	718.147006420166	791.816491312205	862.80361785933	827.850110039187	0	0	0	0	42.5733319315681	34.6555086686349	41.9439833353831	356.956864383443	691.877324704804	20.6412366229362	0
"OG0007341"	0	35.3217781818746	79.2898590102395	60.1875490837535	NA	24.371380741741	43.5846751299165	51.1634224141255	31.8441614055814	0	0	0	0	108.210181292465	108.167547525166	109.689089497885	110.235623177884	92.2616018950716	49.5764510888181	0
"OG0007342"	0	78.016770405678	13.2280127288026	15.7379261836771	92.5720512276451	61.1879740191844	79.3731453496607	72.9684972800473	75.1557671216172	0	0	0	0	NA	NA	NA	42.0956283715895	36.5678887782536	56.0641864465117	0
"OG0007343"	0	299.221119499424	71.6764242531479	189.178555078431	NA	100.967776507739	104.886417414418	105.98343396652	85.2317663191199	0	0	0	0	21.4036567324697	27.216691169878	22.138230609458	54.3742878533752	48.6598473012074	98.0367606244122	0
"OG0007344"	0	235.483533688579	274.377786170563	61.3973234768548	234.73813235087	NA	NA	NA	NA	1767.66392388844	1087.12778151288	1827.10274495381	0	188.037771329382	180.990495902785	181.491400440207	1584.64822239826	1008.5242991008	175.229398627391	0
"OG0007346"	0	114.043337293531	100.780705673619	27.8216821557866	9.79819851623781	NA	NA	NA	NA	0	0	0	0	129.506316122556	103.321873761542	128.409111367239	194.936949934194	140.196999056581	240.714549027437	0
"OG0007347"	208015.380807805	28283.2765514444	60129.0175770025	23967.7540749589	3815.84364010408	3542.12751925988	6410.31554034845	6538.19719215984	4027.01695206585	NA	NA	NA	0	28064.0489486284	20867.0869670161	27439.4050782419	18693.9992975285	14481.338156903	NA	NA
"OG0007348"	NA	301.995231936711	279.218355334967	222.164349102988	493.842754032211	183.423576812691	124.451015638188	118.196336478056	147.79831903267	0	0.949797427473517	0	0	260.479092255626	208.482632644455	260.391406934829	576.191187926288	435.737455498006	293.534157549838	0
"OG0007349"	NA	67.9541382483667	45.6421042842238	55.3200461386616	34.5418019791038	24.85259567381	23.2771123224744	25.2048371494642	24.3440018801208	0	0	0	0	23.8491210063906	31.473826384777	23.2895066427643	51.6213404518622	35.7024471667491	24.1199291419645	0
"OG0007350"	0	170.505769169109	86.1758632375017	140.321314057579	NA	465.783614457782	548.911007931426	615.067344584985	560.5235120057	0	0	0	0	496.039324629642	820.090939380922	487.898062707195	3387.14617134626	1492.63602320075	806.190520315948	0
"OG0007352"	0	1359.69981805747	1633.51812198429	732.459835782627	NA	500.609102165667	596.177978785151	671.859967499523	673.282124446365	0	0	0	0	476.009867178549	436.691433346641	444.849698690589	2013.09733397522	443.960380934234	855.801151958063	0
"OG0007353"	0	189.839235106724	207.713953829347	731.146930867958	100.059524758103	NA	NA	NA	NA	0	0	0	0	189.750491180831	209.494704501018	184.025027028191	42.6058196278903	51.8825906211964	147.025208537803	0
"OG0007356"	0	253.593004820086	269.365333656013	90.7103183740333	120.293954726441	NA	NA	NA	NA	0	0	0	0	1.40111929728403	0	1.31500427425068	4.00692912835297	20.5954948381359	19.4749695102543	0
"OG0007357"	NA	21.0727260005877	10.8763887021239	9.715066913676	114.927319994468	67.504675419611	72.2031738176644	73.2869781902695	78.4448088684994	0	0	0	0	8.48777897382188	20.9397607554214	8.50073727505542	36.1712021482331	31.9331489869252	24.3584827697783	0
"OG0007358"	0	58.3058131658617	15.6101628673289	18.0563076706139	128.243743162319	NA	NA	NA	NA	0	0	0	0	27.651442319369	29.4693999044068	26.5841932754414	22.2737038703142	28.3370148295213	9.72960547173733	0
"OG0007359"	0	11.739657642279	15.2147615735948	1.37963606773899	39.7470786693984	11.8863321322655	9.06409322368966	9.215689967305	13.8281664422823	0	0	0	NA	111.637008374747	56.8631291883345	109.827748097398	7.85633913118643	10.0499572729969	5.41026222002398	0
"OG0007360"	0	2631.06770846381	2260.20342484455	2259.19033452216	1452.69099305838	NA	NA	NA	NA	0	0	0	0	1492.01553879672	2295.81858753615	1519.53022170551	3489.7894260211	1671.14437940339	1818.05475178742	0
"OG0007361"	0	112.05891529693	64.2200732717872	259.924497756096	NA	2071.24941919215	1511.11567352075	1545.01638837768	1746.37993729026	0	0	0	7248.32370027501	67.1527694465066	84.2741929578573	70.5005031895652	3.84382069272998	18.3708102757834	774.85094807245	0
"OG0007362"	0	10.7824582915368	49.3783519191142	14.8198804896293	44.2298615738903	62.5038563624708	56.0233731145158	56.0439464527008	60.4814599509786	0	0	0	0	NA	NA	NA	105.353524480767	85.4696925851047	32.1362898676143	0
"OG0007363"	0	626.666673575029	387.350379676321	363.924358700039	84.6181521079606	518.433891667337	493.031460700122	518.791347861982	567.183334254405	0	0	0	NA	238.702091730508	210.929713978629	235.506458479549	3980.01314477436	2943.0881550382	341.177853715877	0
"OG0007364"	0	62.0143540907865	57.0114572180992	8.73413062018762	72.0339787488127	NA	NA	NA	NA	0	0	0	0	179.321560339731	139.591455356924	176.344298796821	203.921311263663	192.172322323663	4.03133879744166	0
"OG0007366"	0	18.3747002538639	10.6341288852633	8.54071027792226	NA	50.3868841067685	37.5600139596977	41.3064524310386	41.963545019168	0	0	0	0	10.9384459204386	15.2976537532893	11.2503713257739	2.45040974133363	5.85621810007232	44.3093166064495	0
"OG0007368"	0	246.496272045099	130.274626688813	325.990793322722	29.6701757910906	NA	NA	NA	NA	0	0	0	0	10.7243732812499	12.4521770938247	11.3700051600051	5.49708042461984	8.45900572012707	26.8526865732027	0
"OG0007369"	NA	18.2852534823945	6.18992537105596	0	91.8463785130322	64.478789764667	56.6309050534865	25.1736628237889	62.8425782013881	0	0	0	0	75.313057516372	54.07239614489	75.3863961943116	9.47014633579485	37.3296212266038	0.958697934479915	0
"OG0007370"	0	301.020275713233	740.641412431623	40.4853862661377	40.5942166095769	NA	NA	NA	NA	0	0	0	0	151.284010337367	125.557074579628	159.220621374831	225.796731322915	184.634293714909	8.4742025785102	0
"OG0007371"	0	133.647995471601	95.4363164869274	105.889462409916	36.2650006307223	NA	NA	NA	NA	0	0	0	0	145.378976827665	158.647475775671	143.173509594022	145.352373482949	130.01211578382	95.7348468479629	0
"OG0007373"	0	37.831628662707	21.3739381499203	165.282458617506	79.1619044690095	11.3932702635128	12.9284393772911	15.6348335471427	13.829128444552	0	0	0	NA	38.5958539711654	58.8048298496959	38.3481638303552	34.3788643768701	26.5635502895238	41.2012389438815	0
"OG0007374"	NA	126.911227616928	207.555292275367	120.117425240329	131.038487464016	1623.479830015	1251.86782137053	1178.89592125489	1444.35209398618	0	0	0	0	8.37651114710162	11.3577813228549	7.85979709874212	1.10639484174732	5.21801867143717	78.7958080503523	0
"OG0007375"	NA	196.635115627184	114.531002547072	18.6565506194057	45.9226411653419	10.6291128804555	10.5748014584478	9.69475886333218	7.03858706390713	0	0	0	0	12.5564771288238	23.22046676909	12.6036292649296	7.68282803163983	3.76473724764871	442.310120661697	0
"OG0007376"	0	63.7519548513323	179.874882100616	136.191185139095	58.1502812156865	72.5037186571248	56.3944140143588	59.9561323380512	64.2847642183684	NA	NA	NA	0	127.312869314018	154.351382644692	127.211800956629	268.514822125552	185.178577571171	NA	NA
"OG0007377"	NA	170.633328043205	94.6244518101296	48.5006094194983	56.2184516586168	101.352130468165	84.2359269817546	93.7338003763932	101.75657602565	0	0	0	0	50.9551151203348	81.2640684695793	51.7368076802049	25.9196435864737	22.0748171028916	58.6449513914018	0
"OG0007379"	0	53.5186219568166	92.791586115791	226.080660820361	NA	933.816970404971	1017.57559343194	1012.78523304178	1011.58877099138	0	0	0	0	70.4490441286096	225.204752219168	71.1685918448015	191.361040272607	293.098370599559	23.9337561023197	0
"OG0007380"	NA	34.167940756519	15.8426809107638	24.2180649185034	92.1587904823142	130.023293282728	118.995885951678	130.757568429161	136.078679225241	0	0	0	0	12.395471751132	36.9561165779643	13.0920241517445	34.3018749643818	29.0368624305149	45.908478207118	0
"OG0007381"	0	51.9823156849725	44.8433222267893	56.4020270300219	NA	45.495943889022	40.0335746876777	41.2972515494194	42.0585506027952	0	0	0	0	30.811476345812	39.8179090986127	29.3832639425108	0.205155566726862	1.44374320878304	14.7871732111009	0
"OG0007382"	0	4.00648423169947	9.20121960260652	1.13479709285523	56.0631226198545	1.2419416535852	1.24714424798234	1.68167483718391	0.0865620959937621	0	0	0	NA	4.93898043286	2.53205605479676	4.6377378546929	11.9069885463792	33.6725484733319	0.671967482649285	0
"OG0007383"	0	11.3445418034508	10.2319166040017	0	54.1100271252266	NA	NA	NA	NA	0	0	0	0	17.5638068071124	9.10918282717855	16.4922496283167	67.4014541649847	30.4346651295247	26.6158996804814	0
"OG0007384"	0	5.7991064236691	4.18777429353825	3.71788904541697	63.5270556343817	NA	NA	NA	NA	0	0	0	0	54.3485063594255	42.1830834991327	51.0145609340224	93.0364309143222	54.0808274544416	21.9110663730743	0
"OG0007386"	0	60.560908870909	150.083623766192	56.2530061871372	NA	52.0969984071528	49.7247772828829	62.4494988089812	58.9632568919035	0	0	0	0	34.7324879652233	41.7246429453888	35.1065243534254	7.24573177236009	5.7204308993273	287.298204137987	0
"OG0007387"	0	6.58908993864713	8.79967597268909	16.331555527338	26.4834914907382	15.804572698996	20.9044605947079	19.9483082772886	14.4920297471209	NA	NA	NA	0	24.5201270462067	22.2527140097184	23.4021276985525	42.0565395738159	46.2459597537025	NA	NA
"OG0007388"	0	106.982486933534	177.125676343643	71.8852251199744	83.2640928621516	NA	NA	NA	NA	0	0	0	150.399558817511	75.7703377618457	78.7420497371975	79.2513397512722	115.770010125689	147.368260588341	144.805692089963	0
"OG0007389"	0	58.5128247037929	60.8213446011123	32.1435552115057	NA	28.0900258417689	20.8973983228221	24.4417435581606	18.5275349545075	0	0	0	0	11.5514595019391	19.0627516794767	11.5679599257585	146.105293564135	118.980715929327	121.657023345573	0
"OG0007390"	0	35.263858156523	34.1512963946993	49.5024049499487	66.1003436971517	NA	NA	NA	NA	0	0	0	0	25.4450928825458	27.9035776076666	26.1700921800528	71.6182188463984	43.5011680606224	127.202707142146	0
"OG0007391"	0	149.895508877692	87.2216092687349	34.8802393513711	NA	44.9934424290668	32.0146148571957	25.2273974214031	31.2869357379577	0	0	0	0	24.9240417436157	19.4316849202485	24.3259189198498	37.7021215571771	10.9018731657228	20.7155904239389	0
"OG0007392"	NA	42.6355168483661	77.1460724979266	4.25541318276169	25.8622575493651	0.852798529604635	10.1244729753952	6.76684272279254	0.81730581065184	0	0	0	0	42.6305890788093	27.4262478258052	42.7145210459926	0.870682359068582	0.339670219365947	0.217588075447525	0
"OG0007393"	0	119.306437179994	41.7064626847118	133.244511164722	NA	116.992106885523	129.5822315084	134.411260254532	107.030989254076	0	0	0	0	198.861411605667	241.277573192555	192.011262439257	309.182205963106	170.191846494189	264.02391076265	0
"OG0007394"	0	137.166753681408	70.6671138663716	178.762556452133	NA	70.4953221538404	101.097440641258	104.997200883977	88.233464904403	0	0	0	0	63.104188292595	61.9868695456279	61.6958557041617	105.746703954403	69.2878080279183	64.3199886065544	0
"OG0007396"	NA	184.638307545128	239.539651238662	293.363369354953	118.871932175033	27.9412343548079	23.8141437742165	24.4609205137875	27.3729760591679	0	0	0	0	11.6823726207586	19.5114229698612	12.7890026895555	49.1071208506477	60.5386153637719	1.8356422001201	0
"OG0007397"	0	226.940718848236	712.754092744957	146.214662006324	NA	175.488715271918	146.231130040267	120.837279294327	155.045214169745	268.680442318546	251.409877872512	3.99673829894831	0	290.879349351564	164.552161514927	288.527229515879	123.5964991886	115.147451148871	273.202942984336	0
"OG0007398"	NA	33.4907758970254	36.3682175624085	16.3602126621801	35.1282595354752	157.552937043588	129.312914486296	129.787346329595	133.380042792892	0	0	0	0	44.3766476568922	37.2258375997025	42.3690549158608	31.2322404047277	50.2843718568939	130.410796215853	0
"OG0007401"	0	19.3799782587789	31.9189004948418	7.912583437368	105.913686589508	NA	NA	NA	NA	0	0	0	0	5.5735677638057	4.92950476561026	5.23261588032195	119.204344138516	134.68584113648	0.30032410226707	0
"OG0007402"	0	1.88390975206932	6.35493338719505	18.2225067086438	NA	103.573569832274	97.5612117138559	105.179842006514	111.563340339571	0	0	0	0	39.4438896205763	52.9698394648944	39.8751442612383	23.9598326253939	26.8576452521912	80.6128373855409	0
"OG0007403"	0	361.040874231265	408.760411010158	547.288708228786	43.4978858107744	784.24079314647	698.747971021046	729.799440461563	756.659427043777	0	0	0	0	NA	NA	NA	166.086167860327	254.989038146321	116.540150126723	0
"OG0007404"	0	24.1985406543394	39.0190514277096	31.8714416612696	84.4498881174877	13.3457561957419	18.9200301012757	16.6732725768882	16.47793567437	NA	NA	NA	0	46.2659809041197	20.3334171285368	44.5539867182903	17.7573958148945	16.8181062080842	NA	NA
"OG0007406"	0	57.3219769624751	42.916574677951	61.6827269190531	NA	50.1993131587123	41.4518690204233	40.6823863344385	40.7656321275297	0	0	0	0	10.0145899876079	10.040969209531	9.67305164369085	5.62297933159293	7.86580066190253	23.3506269850116	0
"OG0007409"	0	2783.40722724647	3799.79576256342	2041.91684128374	549.042112366119	1217.15787092192	1328.15529715781	1289.01453570223	1284.44279513781	0	0	0	0	NA	NA	NA	1505.58555171533	1200.58496374881	933.035885309992	0
"OG0007410"	NA	0	9.18787718654669	1.20786025135659	26.9604952396261	29.9028047143142	34.7383647155033	33.1408511136711	33.765147898618	0	0	0	0	39.4229401918547	28.0736461862709	37.8147066345351	53.1417661674965	76.1167063085759	16.5920839864842	0
"OG0007411"	NA	34.5222018247389	56.4447292814272	37.7788389196161	24.726365995438	17.7636347132798	14.3303682530707	13.5411620674993	23.7427190235841	0	0	0	0	53.4444691411173	51.0094938069996	53.4239780234239	23.6325245656245	29.1668773850531	12.982883900323	0
"OG0007412"	0	190.194948064568	212.848061822978	123.565825214336	60.9395994147591	NA	NA	NA	NA	0	0	0	0	65.1534170140059	53.1563489989085	65.1777349178528	3.60088223840574	6.41026715957112	154.697277885288	0
"OG0007413"	0	32.1282432478104	81.2614375836424	42.8262221081572	NA	16.3069631702246	12.019443497844	10.8844980597993	14.3887874120343	0	0	0	10.7852424792743	70.5565660309889	66.6966671524058	69.8549109721065	74.374912661842	36.028052303988	22.2055074250447	0
"OG0007414"	0	285.193641749229	400.305884227323	119.049186905085	NA	103.793327511061	143.735567619104	141.357418741858	143.441454766436	0	0	0	0	185.018833786449	155.870979646512	186.988446671247	265.555276363598	185.937471265055	312.771594409845	0
"OG0007415"	0	120.617286097529	101.013130932519	46.4308209565915	72.2277289788849	NA	NA	NA	NA	0	0	0	0	11.4783792928058	6.67163248164826	11.1946232088243	2.07848377516416	1.62615210824698	3.21212859364269	0
"OG0007417"	NA	780.084738935417	590.477993965769	525.604304392807	195.522756929542	608.144969539719	512.31621640042	535.23919159441	603.411836723074	0	0	0	0	911.702489413324	784.293141723385	902.121041573838	3878.92059023452	1676.42644983809	1148.95488438874	0
"OG0007418"	0	208.459719532626	165.264101454292	137.78814378063	NA	96.1523086241221	108.273455848234	109.04711020207	115.898009390041	0	0	0	0	121.939548953824	140.988936566751	117.334198369441	207.041989197581	129.206855766992	148.391098959803	0
"OG0007421"	NA	8.59736440763954	24.5789943248488	1.49069309935276	96.9200585124064	86.9829749710683	86.2547860506297	91.7574220254236	92.8772322004789	0	0	0	0	1253.01169204986	494.549657318018	1249.36466802389	285.471649293737	143.437153403961	163.784333332151	0
"OG0007422"	0	141.630640183142	113.633219391336	276.403294956107	84.5362398819796	46.6583843177003	36.6440237148253	38.8293142867442	28.6007047335699	0	0	0	NA	121.445433785664	99.5140055238174	121.361130165091	1.94912943786678	2.68379632212276	52.5784713774424	0
"OG0007423"	0	86.4390265540409	106.814205597976	50.45554937772	37.5795973119904	NA	NA	NA	NA	0	0	0	0	56.2577485008355	88.9991805777855	55.2487515777162	54.6150767875514	58.5166651828592	128.994212038184	0
"OG0007425"	NA	116.987043505891	116.783254337311	179.898648658201	76.8092231038465	130.615362645098	131.719220655856	127.949872311921	133.101615443178	0	0	0	0	12.4059464654928	13.5385906618057	13.0466146754896	54.5579712548238	75.2727919184379	115.700950957795	54.5909844422013
"OG0007426"	0	52.9410810057287	74.8307270671284	34.0988400646337	63.8602950682825	NA	NA	NA	NA	0	0	0	0	210.022393179546	212.336428333704	217.819814645519	87.9804695124684	77.337418041488	166.151225672128	0
"OG0007427"	0	NA	NA	NA	23.4655096537981	63.7058642722035	69.6903631555501	67.4669496548299	71.0982553263619	0	0	0	0	111.406564658809	110.356934753896	113.806979112945	27.4882513375771	41.5814130404821	4.27320838282856	0
"OG0007429"	0	3.85609957858892	4.54920716919515	0	9.04106536822705	NA	NA	NA	NA	0	0	0	0	14.9925072229231	18.3798563431824	14.9309690731677	1.84888558551186	3.40087516272435	19.9269962300214	0
"OG0007430"	0	0.378784002498754	0.549138772468574	0	8.89623775636201	NA	NA	NA	NA	0	0	0	0	2.18671108162091	2.40760517058654	2.56649638318046	6.88297471962885	20.0082984768642	1.10587407013617	0
"OG0007431"	0	57.8645424266124	31.5009989514936	50.6481292154372	74.3513082332411	NA	NA	NA	NA	0	0	0	0	64.5170954588283	54.3262778548766	64.52624085715	90.860237269041	78.7578361510762	174.157909306065	0
"OG0007432"	0	64.638644585899	74.1867096132252	153.947303849546	NA	138.943457244429	127.4298683383	127.284271841838	148.093018682214	0	0	0	0	83.2580243056016	58.2544748242229	83.4999725525516	195.234844401098	187.963499789884	94.5558397108704	0
"OG0007433"	0	47.1828349043308	158.39897374729	191.770008517479	166.761946610091	140.830265597657	94.9654193570842	91.6841047640167	101.209177871409	0	0	0	NA	137.979735719737	117.435480881935	140.339583335087	97.363602713497	135.094612317055	40.7581790705637	0
"OG0007437"	0	115.823457764537	79.8102874841628	53.8599609097002	NA	91.0084250983165	68.0057396849597	64.2062441464318	82.6734690414074	34.0799041162448	11.8209175793151	0	0	99.8881941552153	79.2894858973985	96.7315579386574	1.54055208173366	6.34969760178367	60.873345905033	247.496071235422
"OG0007438"	0	71.1130352442618	65.4290557562071	50.3245042890409	NA	65.931743185379	51.6600434989566	50.9876635395456	64.217738439317	0	0	0	0	93.7327386664236	92.0383745814257	91.550781072054	103.764147774768	108.14613638447	5.3325658272509	0
"OG0007439"	0	74.5524580567655	42.1593439975632	25.8656378850198	118.979906136347	NA	NA	NA	NA	0	3.35288999030081	0	76.931453732461	102.790244984917	88.1813026148302	101.988017265686	219.275546220397	175.749181486935	190.312437820022	46.4635581507217
"OG0007440"	0	22.7501251949445	56.0728488671866	19.3747954987056	89.1195153032572	NA	NA	NA	NA	0	0	0	0	27.1955494532808	27.9251414694721	28.9830495371084	85.5584553414861	75.755058452135	61.3425516821063	0
"OG0007441"	0	82.1292477652388	58.0021176928615	19.4203177158404	209.966107620167	424.845866583978	410.329676472623	460.57997798091	451.412334314349	NA	NA	NA	0	323.067938475463	275.279434746295	323.373795032762	951.252615815521	749.454778510105	NA	NA
"OG0007442"	0	281.041755957021	269.512165181846	60.1360144983178	NA	105.760047747485	114.141932159441	122.020353285212	102.845587745321	0	0	0	0	453.810409630534	503.691305075262	505.375531329963	2495.24504522321	1421.23188586844	647.37524040722	0
"OG0007443"	0	10.0521059575384	23.1572569028406	6.04066937732488	50.5707283679662	NA	NA	NA	NA	0	0	0	0	70.4344766450614	65.0162347172296	68.4717272160306	1.93746584498272	1.01948189133918	0	0
"OG0007444"	0	318.898134836692	391.39318741317	196.98300177736	97.3289345283439	45.6058782227792	43.5505181803152	39.1901047628376	41.543785074565	NA	NA	NA	124.141268361098	25.2774697051849	34.8998534331102	27.6231329301043	135.861555186794	118.130698217087	NA	NA
"OG0007445"	0	108.580291464583	86.8629327154088	117.048970132516	59.5995932266561	NA	NA	NA	NA	0	0	0	0	17.7855794018909	22.6309751215004	17.7237212962934	2.48864941681476	2.48274626833273	95.5031293308084	6.22036891368244
"OG0007446"	0	88.5892310558201	34.2394010906752	108.289501674489	110.855550661493	NA	NA	NA	NA	0	0	0	0	26.3313508340283	17.6912424137022	25.6235120621957	5.01922472156412	7.66919799010908	43.3895578685305	0
"OG0007447"	0	49.3102680288808	38.3576832658565	39.256225052801	51.3618979778935	420.992448983053	320.92457390927	285.88370805085	362.717611328219	0	0	0	NA	12.1048851388308	18.7233889150953	12.0748935437049	0.339071072052289	5.85032284117206	90.7546958423	0
"OG0007448"	0	151.100745814319	170.666944897713	91.5401479009408	NA	55.818949861348	69.9397156782851	74.4847591021677	66.1538780400003	0	0	0	0	57.9253091532845	112.649137522615	59.2562420073852	123.550426784277	153.072264561826	192.263392777673	0
"OG0007449"	0	13.4626465371676	20.1344295536528	1.47828185336035	336.292301740959	9.89026092707683	18.0684559247765	15.3160628453734	4.55173448808996	0	0	0	NA	134.942068555099	76.5570705907154	130.632092700231	7.96888916522257	8.0256130758179	0.182265802890024	0
"OG0007450"	0	37.3770835040396	65.2793943020729	37.1098095694072	36.0652213977341	36.6566352146931	28.2575758505104	31.8107803605387	30.8438676730035	757.04380299572	1439.62347601524	1285.32701604199	NA	7.74185444718665	8.6509209794717	7.88930631496281	7.32597301151857	22.9838809080221	205.119275946851	126.731788309484
"OG0007451"	0	22.730680244625	53.840452967329	28.6112656254967	NA	103.531394116143	84.8511595133391	70.6689289062157	92.0975702302755	0	0	0	0	17.1980936010843	21.013208936654	16.1458461466108	0.340235006477309	21.6142765033735	469.618607132628	0
"OG0007452"	0	85.1670059355422	44.6211340804268	182.944495175279	33.7050311834848	NA	NA	NA	NA	0	0	0	0	55.8808668907537	49.8737573727894	56.0423064769779	4.5630003760679	15.6455236646385	231.865336949899	0
"OG0007453"	0	233.099323513411	160.484501007502	28.6361740084573	122.736248998582	214.72655980819	170.612944661176	165.503574922014	214.096434537158	NA	NA	NA	0	260.058716301808	177.293067995965	266.137024916621	451.943612918691	214.833152973466	NA	NA
"OG0007454"	0	63.1136419488459	80.4622843880699	27.3500793483536	NA	34.8474634757643	33.2597694458871	37.4148417455297	38.5075047083455	0	0	0	0	17.4897415586154	17.5865206759837	16.4226287080709	61.6773459059011	67.288463795069	66.2090634456398	0
"OG0007456"	0	31.8603177590089	21.4307222850289	33.2098746009389	NA	16.8373228005716	12.5277233542359	12.4070628480683	14.2399600020769	0	0	0	0	64.936292140169	69.8776346121154	65.2412665245397	16.7345884389074	11.6627388477094	32.9824583181887	0
"OG0007458"	NA	2268.99236287555	3393.9098164318	3589.83173567913	1769.60827179212	8948.04954630835	7614.83931703266	7557.16454827512	8938.80417944507	0	6.72659153452059	0	50231.3954575956	8575.87756480362	7121.31643957613	8585.65438432106	6845.29234261879	6364.34557482772	11806.7177442837	0
"OG0007459"	0	270.898751338389	99.6468786621366	60.0101228681822	370.627473347397	112.51648648294	160.111889618766	182.762110507351	147.168113232077	NA	NA	NA	0	81.1984596077684	77.8824736989277	80.5358585749961	113.236027887883	81.9257915098733	NA	NA
"OG0007460"	0	153.580884411063	62.0517914852631	234.254752646429	1576.74868987791	834.157972962011	730.707467562432	809.452994045033	844.468227678281	NA	NA	NA	0	3195.24571524795	3077.84216258884	3094.48916649095	1288.97250549216	1076.75849394619	NA	NA
"OG0007461"	0	22.3240992967456	23.0952768338005	13.4748216746897	NA	NA	NA	NA	NA	0	0	0	0	33.2495181400202	34.6515771358195	32.7593265785071	71.6719550314519	67.6573599379129	44.3956557962704	0
"OG0007462"	0	235.8439134345	325.222783226379	347.314271008561	188.536814228016	389.278530227094	295.090240099554	273.212572655521	389.898891144261	NA	NA	NA	0	157.558433608468	164.587664447623	162.9769710161	302.356215533035	349.417555950364	NA	NA
"OG0007463"	NA	21.6754676072897	8.78611087374648	64.4489071430073	11.6500889755535	34.5463510603345	36.0973088018245	28.756305006608	29.4133765855763	0	0	0	0	16.0983873311365	15.8288276641176	15.5606610305921	37.1973073384244	33.0520970497436	33.2711730177237	0
"OG0007465"	0	129.508554447597	176.643196764289	62.9771039232446	NA	50.6569196787334	47.9231509809546	62.1457248197724	54.517108754888	0	0	0	0	469.374031577514	455.640230143151	465.512399055563	810.837943147117	598.749145696442	53.4831906719109	0
"OG0007467"	0	168.9408395674	239.30154818132	49.4911777724074	21.2291606403546	NA	NA	NA	NA	0	0	0	0	129.739395859326	112.046898177715	128.540062853809	46.7118407984901	27.0644958276065	3.57636012079899	0
"OG0007469"	0	NA	NA	NA	109.65249053417	39.6308278701951	29.7307386032913	31.0594957747779	31.4754504572371	0	0	0	0	31.9878353268108	22.5351886856349	32.5378338732271	13.9563254636502	18.7745379359239	24.9943298417554	0
"OG0007470"	0	17.5429749122002	1.57724430181539	10.3694334473146	NA	3.79166347341059	1.17762025565487	1.7580059306803	4.57750860380172	0	0	0	0	313.445075057362	219.040585314098	323.543906985093	61.9747796487617	45.6823723670722	31.6511035721165	0
"OG0007471"	0	13.790825445359	19.9921908622778	11.0754572677827	NA	47.2870671961649	43.6780397223751	48.7806647285501	50.3787334381296	NA	NA	NA	0	23.3167141671899	29.6515609248523	25.7855697343348	35.7016273536387	33.6306295323854	NA	NA
"OG0007472"	0	375.405766463255	217.158491595203	138.373429429506	NA	167.939817028107	169.229690062017	191.487733989418	173.181157612121	0	0	0	0	168.323110260868	161.548470443983	161.356394294709	6248.7395768448	5592.2232851323	105.781710000754	0
"OG0007473"	0	71.5387500232556	65.5628510549434	45.4738727856094	32.4026021262835	NA	NA	NA	NA	0	0	0	0	29.3774810129185	14.0844184676731	29.981085946417	3.54654456598949	11.1067214729882	398.262041141158	0
"OG0007474"	0	129.446330606575	45.067118523982	100.097956618102	NA	175.69071475444	261.678903433965	281.986011742853	204.281496347743	0	0	0	65.1891054846937	11.5706053374596	11.2166035535757	10.8639741769078	300.074625200705	206.113294105467	30.8999748158386	0
"OG0007475"	0	117.716624389004	50.9176493945887	184.005526420255	17.7303932254248	NA	NA	NA	NA	22.4474612948325	21.4491329909944	58.4541416178228	50.4906303522949	139.843638302828	128.191672158491	140.185697980005	10.2093901874863	28.4700199387637	5.53525206926763	0
"OG0007477"	0	NA	NA	NA	126.774584769932	107.179593561472	106.943847352823	114.025004501744	102.704745582962	0	0	0	0	204.009282815711	253.700382927622	201.095935028232	660.176331281702	426.593827363338	363.854209360167	0
"OG0007478"	NA	0	37.3426204585231	0	322.962724384927	182.411082153731	227.961308631793	204.968836758788	216.807646162575	0	0	0	0	414.208358760006	422.574252105506	400.970535672178	446.744705820264	360.003271353711	247.089976852869	0
"OG0007479"	NA	72.7718191395127	80.9597022774771	98.4206285635665	153.425024832325	721.643151309971	457.459340463339	450.356349544188	616.883012296951	0	0	0	0	9.16780297964398	8.08948617970085	9.22242855363849	42.954272496381	111.306190543337	124.78387811729	0
"OG0007480"	NA	47.8260738608981	25.4495916119795	7.60263971639087	62.9290881633525	50.3675165739662	41.105342352799	45.1263397086495	48.6548052505426	0	0	0	0	17.1665307200632	26.4564161195358	18.6369794632361	59.2107991188448	41.2202288472706	34.9459757389347	0
"OG0007481"	0	424.85505292362	625.30281329634	238.707586230855	NA	346.066179389111	261.134293621238	245.120904562102	275.394213146133	0	0	0	142.977998279081	44.7695534988769	30.2188930238462	42.0270951749505	262.484186885913	313.301975383678	94.403136979259	0
"OG0007486"	NA	282.415865779595	342.058537009801	596.284601824739	443.537301792548	102.628278847307	228.571787711147	241.528213857388	141.346427601341	0	0	0	0	750.065854101063	764.379332326738	730.342686444482	4404.90983149162	2969.80083456233	390.011654601248	0
"OG0007489"	0	57.754095108798	42.8992078755958	17.99348455694	NA	453.171965447354	426.159894717428	449.74344042215	450.872229772087	0	0	0	0	88.9927569957284	130.512592987367	87.8381745042421	110.376871470087	96.7394531895845	82.5220654339726	0
"OG0007490"	NA	28.8716548804037	3.12751613945421	13.5733508939869	112.416925393935	109.139654474296	170.164082957669	184.235700524166	116.804680810229	0	0	0	0	45.3777806214974	59.0360754616545	42.5951996622862	19.4370259361012	31.2266776255112	69.5377166527941	0
"OG0007491"	0	0	0	0	NA	67.749183584444	100.604100206163	104.980610317908	87.9263786896874	0	0	0	0	38.7430549239711	64.0559876114146	36.3502163085899	3320.93709525381	1875.34554527571	80.9888234718049	0
"OG0007493"	0	779.478056485451	989.027466955175	942.309894690439	NA	544.949653410154	687.383145801842	786.189977604551	700.79035928217	0	0	0	0	435.90419759107	830.464824832391	441.111401746302	2374.09887048561	964.268116977399	1238.31705561167	0
"OG0007494"	0	77.9021748317954	61.5042699472307	29.4244691135315	130.366226234327	NA	NA	NA	NA	0	0	0	0	27.0823392954208	27.6966360167484	28.1031888595825	43.1105549415739	64.5817587244065	297.988283157363	0
"OG0007495"	0	67.651263702191	121.127519026722	142.205700714311	105.849368090218	NA	NA	NA	NA	0	0	0	32.7796579696544	25.3848806172134	26.7167908155356	25.0452702911702	3.41445013306654	3.04556719125724	144.217964134575	0
"OG0007496"	0	17.382275568523	17.8189079893446	6.60891009765313	39.9594091902753	NA	NA	NA	NA	0	0	0	0	4.20707537491565	5.40679284939635	4.64805566535265	33.2993394462971	23.0799825309332	28.8539801638909	0
"OG0007498"	0	278.701102470568	185.957836181857	136.771562732215	18.8891977308884	82.2787177915647	83.5276625993675	92.1406713464144	94.6868024829349	0	0	0	NA	111.869949373579	101.611061300065	111.963521017276	1.84065317431822	6.875652566711	87.1386596454794	0
"OG0007499"	0	57.4827991619411	25.628201840875	32.7507198499165	216.798560128819	193.619278715537	143.951510163303	151.344359932517	178.743165506008	0	0	0	NA	109.920681336897	69.4743546551447	105.167374938027	868.976467676911	854.215283843332	278.665616865759	0
"OG0007500"	0	190.566113276265	304.650225100859	14.0936538846565	28.2787641317613	NA	NA	NA	NA	0	0	0	0	34.3418712992247	50.4892805331112	34.2366620926895	302.883259589865	177.853550172508	138.701577955114	0
"OG0007501"	0	60.0465251184586	200.943466347526	6.91011304925116	17.9307479541459	NA	NA	NA	NA	0	0	0	0	54.2207287180173	54.5529366785507	54.6035759609571	14.8468322933266	19.5226349003229	2.21248501973303	0
"OG0007503"	0	99.9983793107971	91.3749518431799	64.5881732250774	NA	92.2587131041465	81.1998291354913	81.1746766587923	85.7223246006947	0	0	0	0	109.421224758103	118.290291425883	107.454512778755	75.1884664519808	126.09595937296	19.4741704843331	0
"OG0007504"	0	1.49771229744477	21.2976692625686	3.30715839949502	55.7581372859826	NA	NA	NA	NA	0	0	0	0	72.2470878122686	64.6749061864405	73.2189616212647	68.4135193961742	62.0441014821883	20.4199508330866	0
"OG0007506"	0	3.82507580851925	7.39882434939486	3.79110496715373	17.1276847657389	70.5801730353724	96.7251473729211	100.070527240246	85.306337214012	0	0	0	NA	62.6505846024929	49.5587581981276	58.8258240512628	42.5019142318233	38.3364328105102	8.71731065407499	0
"OG0007507"	0	33.3409340561328	53.8678244050039	135.491787193897	NA	189.673296516578	229.621825308927	219.174019932439	247.955330500096	0	0	0	0	20.5155951877859	24.2681011270284	19.2588948742683	65.7586577186031	44.5382596921651	97.110503142334	0
"OG0007508"	0	9.60473375740684	9.21641846134235	5.51629883544768	35.6884087154861	NA	NA	NA	NA	0	0	0	0	90.3079926532197	72.4015595422258	88.8244072270623	6.86437601746237	8.77141064909952	49.5635987414274	0
"OG0007510"	0	0	0	27.3169499720022	NA	64.4073130246976	45.3894251290249	41.8949466152368	51.4975533954487	0	0	0	0	17.3243451251683	19.6324665256314	17.1666567274967	6.03812806750065	4.01829479654302	2484.26010339614	0
"OG0007511"	0	94.7492797885637	32.7241774696907	12.3463369550434	119.742575005217	NA	NA	NA	NA	0	0	0	0	67.8053233404951	57.1312478126071	67.0440366185488	108.35332297492	124.791996434078	90.0258066408294	0
"OG0007512"	0	136.890894652876	139.444949041434	95.2328463501913	87.1695165237635	NA	NA	NA	NA	0	0	0	0	NA	NA	NA	30.0225973048909	8.89350547867794	62.585036989607	0
"OG0007513"	0	46.1233184513248	84.2320272399117	42.2848022075983	130.638353502306	95.1117893116803	123.546976930353	124.035853495035	100.673851902513	0	0	0	0	NA	NA	NA	94.0643305034188	69.4113316972446	216.203984990652	0
"OG0007515"	0	89.9606366898947	56.3072226013113	17.4442117671719	79.8119406015857	NA	NA	NA	NA	0	0	0	0	5.76080154878116	12.8748168714771	8.10996581884361	233.233059867106	125.413333549059	160.316898200547	0
"OG0007516"	0	28.3372038803303	29.7717735821816	14.4334263144893	46.8250732836275	NA	NA	NA	NA	0	0	0	0	90.1956149229911	81.1122874754344	89.7920317853011	19.0663370703659	30.3313344669659	30.4446632117287	0
"OG0007518"	0	28.9745315720005	27.2308691051409	86.0155176408477	51.9735677282772	112.342789125717	89.7405604779254	88.5520377233598	94.027988118113	0	0	0	NA	19.0471234771618	16.0732379541398	18.9378346017873	4.1468801186448	12.2401415060738	99.0312726762945	0
"OG0007519"	NA	115.88464445578	140.108358463046	129.804577586894	115.434030284996	190.078738335069	181.625335350698	189.49541710336	219.293133072425	0	0	0	15.7661347239982	93.1769544845765	89.3751780797647	92.3337126534762	428.21511226027	386.121704942981	97.545084462821	0
"OG0007520"	NA	99.0619105034126	106.030454635129	48.0879646318316	36.0104122803162	50.3475386031673	56.9793602645872	64.9979256738532	58.8992491591885	0	0	0	0	54.0680476166387	62.8247030160551	55.1121065482519	162.781685281791	108.520378848224	35.5247812382023	0
"OG0007521"	0	121.906667789912	99.6185793791168	45.112087725712	86.8330488328468	NA	NA	NA	NA	0	0	0	0	10.3476304091066	9.13581002670084	9.71512831434905	118.45324270487	239.72912426457	9.2975987903298	0
"OG0007522"	0	162.249858089079	168.533828449761	54.734208333513	43.7634359846641	NA	NA	NA	NA	0	0	0	0	26.8094417702852	28.9133858544268	28.2085888365777	9.8483159050743	18.2389785183869	13.2365213619163	0
"OG0007523"	0	74.0686676928177	149.333924727503	53.3983582581852	71.1416863172494	36.3548568669033	28.0940570937714	25.0249490466249	28.215275066042	0	0	0	0	NA	NA	NA	10.0389586644392	37.1450454112309	13.1973335795133	0
"OG0007524"	0	758.425656939597	511.992484085034	360.111412884772	NA	390.349571439367	396.918693787447	375.256870122813	362.9552824772	28195.9967737302	45647.1253954512	23722.531491891	0	1257.33754097397	1203.43028104939	1217.08644581995	3295.9470594191	2062.45731463816	1294.92360309737	0
"OG0007525"	0	69.0907604110394	49.2076283756504	48.9474265453646	104.683495949064	NA	NA	NA	NA	0	0	0	0	140.461757440467	70.4947661267707	137.614320425295	5.01712721473569	11.9267430130383	183.469224708042	0
"OG0007526"	0	74.3626753416477	96.7761251649798	55.4864292287823	NA	24.3075855315438	19.4918024981788	15.0396741573621	17.7261807762621	0	0	0	0	93.18333642975	64.6671622581678	89.7219040008708	724.136952799987	637.805675889802	49.6581292940986	0
"OG0007527"	0	674.719034804445	1065.70460625868	639.808013253004	NA	264.591574922201	210.880117572767	236.226477503871	245.306806212122	0	0	0	0	752.986287707623	839.185679441033	733.585228556261	405.993664195913	353.9434768205	235.928827662604	0
"OG0007529"	0	69.1286132476613	23.7123867727013	2.78372652328112	143.330500822768	NA	NA	NA	NA	0	0	0	0	41.8926836050225	43.4268775170866	41.8298347436965	5.70187226183888	9.64126179254104	69.3137230528781	0
"OG0007530"	0	14.7276364838691	6.90353122582754	11.7957512603607	71.4354631866093	NA	NA	NA	NA	0	0	0	0	60.4896024715768	40.5629345671256	56.791146234484	37.4659579528996	39.7005489565247	4.52279744642104	0
"OG0007531"	0	2123.90710689205	2389.74919190112	1960.16090253193	1051.44440626548	954.070193245971	997.491578692261	986.073697191252	991.786614467518	NA	NA	NA	0	3784.88195410217	3711.42654638966	3789.1291729809	1594.7477783987	2149.39133140193	NA	NA
"OG0007532"	NA	126.121562794004	144.447445775432	439.340439130717	125.58009246819	80.8239219579901	55.3600628089398	47.0611836861363	62.7439301397754	0	0	0	11.5325345611716	51.6227706389348	44.8033667244271	51.8234883990988	123.999026510587	144.387568399145	78.2740698719606	0
"OG0007533"	0	193.606370148611	208.002513731614	417.543640817931	136.518823710072	109.733166690112	102.30909566967	92.4136559001411	98.8276249322643	NA	NA	NA	0	45.5270557064845	48.0172399224278	45.3192197133251	0.581477390106591	26.582096818701	NA	NA
"OG0007534"	0	63.5170598514733	30.750743205598	84.4805232032294	28.6599615434027	NA	NA	NA	NA	0	0	0	7.78115190801398	15.5923268264672	27.2467137841045	14.9672966541716	179.990334512556	395.47256215366	344.475611254078	124.181282730804
"OG0007535"	0	7.31337544814587	12.724842198257	11.8127699436938	NA	14.18491421084	12.5499016042155	13.1445388666115	13.2454508583102	0	0	0	0	29.3221245754355	47.8872610648045	28.5331902150053	104.607151530723	96.6785145937165	60.7450578543478	0
"OG0007537"	NA	82.9267499943403	107.469542765087	89.6309142119447	64.7484768160394	75.909074768521	81.228349848876	75.2748033073482	77.6078040179069	0	0	0	0	216.492922526794	159.212782539578	211.885198813014	62.4789087465989	49.4183624944962	198.14422355787	0
"OG0007538"	NA	146.122320000532	256.950994902431	138.265838712269	300.315597067855	337.222597648805	315.983699847671	308.927931873299	351.889112577539	0	0	0	0	112.429756955645	160.040191491177	108.749446619969	3.43115744179236	8.16043498791844	74.3776519263811	0
"OG0007539"	0	224.591250317638	158.303405676764	391.203332590631	NA	114.522607717328	128.394547515308	122.764827769617	118.160915382591	155.240718110746	175.510771383219	57.5867782580903	0	218.543469258621	213.438746738984	221.589912109874	381.497694275993	315.275855988968	315.22149666497	9.37107498995303
"OG0007540"	0	47.4546493831962	15.8742276524908	15.1830091297899	NA	106.359886320721	92.4594672474744	104.345169903086	109.317788113455	0	0	0	0	138.181599420333	104.241018478832	131.411136008457	237.711782540051	267.216689132745	204.836953454686	0
"OG0007541"	0	49.6112758598258	58.2507802452978	134.287473012824	59.4728252189802	NA	NA	NA	NA	0	0	0	0	36.0049923376399	41.1994854711416	37.8465071546035	42.710719224768	48.1720168087571	154.349612815674	0
"OG0007542"	0	12.5618527319691	11.1652640718087	4.78690039944272	NA	52.9498357828118	46.5804365386785	47.2660880442759	55.9440787882562	0	0	0	0	8.19212842676344	9.60652172832304	8.11968650183395	86.3676928747988	76.4698000515596	223.108900659882	0
"OG0007544"	0	40.0093075388824	29.5014922332089	258.792147942542	52.8189983644482	NA	NA	NA	NA	0	0	0	11.9580614260469	167.37646662163	136.174738893121	169.481913206338	70.833290568525	118.312099358716	95.7656093459299	0
"OG0007545"	0	20.9439226496717	23.431435202262	13.8502879400064	24.0326195917211	NA	NA	NA	NA	0	0	0	0	98.8976663186332	81.9307968663873	103.505736663017	1044.60239970083	1145.86541653954	2.63171616446679	0
"OG0007546"	0	0	21.7496227300751	66.3532327762476	NA	123.062080346584	147.87446638291	153.653274083741	144.816552128399	410.747495708015	755.961677444774	279.462934035086	0	78.21039819306	160.007577639413	77.9984686940268	80.2590982773167	99.4353236807022	238.120822106491	0
"OG0007547"	0	115.280036133848	149.957436799284	33.8596950479336	NA	87.6477974437644	84.0824583811606	80.6765177446024	91.9969686857332	0	0	0	0	43.7169487590682	45.8709208486301	42.4427238062376	178.161987519919	213.623843570992	57.9981842985013	0
"OG0007548"	0	20.903269751229	10.9339151135084	5.24192011349083	42.5924391910308	28.7941494225755	22.246095324263	30.5944165656852	24.9015859407469	0	0	0	NA	43.8479867420324	34.6694477395257	44.8652568743311	69.5933366763699	72.5414369964964	56.7135281784917	0
"OG0007549"	0	NA	NA	NA	0.315089394667847	136.495045934299	103.675509411855	88.3726567557278	116.465779357052	0	0	0	0	4.93838385972422	5.04866536735037	4.88160896088564	0.759678345786118	1.87772846211041	41.8353991833583	0
"OG0007550"	NA	7.97455561220789	14.1927863184418	13.0428514174847	39.3695890945503	70.9833950793298	67.7813088332061	66.8562139693946	65.6720595176077	0	0	0	0	27.6299379388931	34.3021472646836	26.4069296777675	3.32004244190774	2.90548506713138	129.125074727949	0
"OG0007551"	NA	68.3129623982616	55.1824884742093	105.603586567351	32.0245014297761	91.577686277358	75.9226007940413	94.3491002786947	96.2566895855186	0	0	0	0	42.6308388070987	41.5629735505264	42.0944456213836	50.9407297968312	64.9398202877055	241.219267067675	0
"OG0007553"	0	165.855574116715	108.344500925339	290.053211519884	NA	118.446614148408	132.168381147789	143.425081430153	142.019829190121	0	0	0	0	249.831787899243	977.967596450064	247.923797798314	245.013046193672	220.852258692666	115.625265446924	0
"OG0007554"	0	617.110128658032	709.072402416348	921.027337919464	NA	89.9130773549044	53.6799890711988	62.8362980764235	81.8858846995713	0	0	0	0	137.570458801003	155.775669760079	133.237930076142	614.460381875621	1010.23701429523	44.0730268854125	0
"OG0007556"	NA	23.6259776105332	23.0648435064874	7.05348962801671	19.4718707177022	25.6599831659015	26.2394637527001	32.3016872412635	28.4522545794046	0	0	0	0	25.6912139855405	14.7609995239911	25.171292002795	77.3988506709971	42.8640569333253	65.4775108244318	0
"OG0007557"	0	9.6502436509365	0	0	NA	59.407270888644	87.1531885222482	115.345004998616	58.5426795597511	108.1896328243	6.84405068353289	0	0	66.7187971747099	89.5799751982381	64.0377765368852	188.455423472345	80.9164723595221	112.121980685654	130.963532951983
"OG0007558"	0	0	0	0	282.234069231692	NA	NA	NA	NA	0	0	0	0	332.717855791582	248.728423564474	319.793112019819	93.0909903404951	59.185191859579	10.7894245755808	0
"OG0007559"	0	42.131421059113	42.8640995995124	27.8040745499214	38.0709610496418	NA	NA	NA	NA	0	0	0	0	107.760816046386	66.9930094191918	107.371664786298	19.1728371039441	21.8362481775772	2.52451795906903	0
"OG0007560"	NA	57.9288403956688	56.562008933024	58.9815170831659	352.58573693048	423.036861328139	371.212024123357	322.69665275313	426.136196248078	0	0	0	0	172.284494620399	134.884695752776	165.647381500447	533.377072533586	653.566838772488	163.839998804663	0
"OG0007561"	0	21.5832726161751	25.2130838335615	49.4749198377164	NA	47.3464256320139	54.4669420359451	54.8099271078424	49.0611726145284	NA	NA	NA	0	15.4253002222421	20.8863872190188	16.0503057195057	0.77740756408347	1.75141688031232	NA	NA
"OG0007562"	0	4.55129025708968	5.81103972446127	2.06825469548316	38.8496341807978	NA	NA	NA	NA	0	0	0	0	3.21041670882882	4.35538779407589	3.31648179261043	41.7170708241684	43.7796498737274	10.3503598318692	0
"OG0007563"	0	6.75797581382163	4.53231110546431	4.11285869729319	60.2530330074878	70.3796164062969	60.0771850833903	58.1610910476562	62.7045025815037	0	0	0	NA	12.9722053617007	9.71559197961009	13.1970075280402	34.6373548137602	30.1498434314459	146.131631215903	0
"OG0007564"	0	64.1408538577212	42.1881072032555	46.1741909912614	109.291572495973	NA	NA	NA	NA	0	0	0	0	34.120306811354	80.7513012805684	32.5378338732271	5.1527134509337	11.1786365861244	59.9828759061597	0
"OG0007565"	0	21.6026138600929	42.6094417743799	2.11621867035646	NA	38.0896661589696	39.1426419267076	37.9684884961935	39.8428644602148	0	0	0	0	15.3866617063548	14.4350992810684	14.4445877564008	38.8556471591068	37.9432653169829	52.4663502845634	0
"OG0007566"	0	80.5959486160494	7.08730027484075	15.5705001317083	370.019092144059	NA	NA	NA	NA	0	0	0	0	39.1721019989492	55.121579288483	39.8346645599285	978.472386279061	563.261876118208	0	0
"OG0007567"	0	1902.59764565633	4055.8717993056	799.006936761228	NA	1924.79979436368	1962.95847064111	2083.92723887338	2116.63763438193	0	0	0	0	2183.73515283893	1703.80718482394	2145.82688342835	1423.51605043442	1092.85423176785	1517.46120022358	0
"OG0007568"	0	49.9484253717646	48.4457745629434	31.428489629311	209.229695058996	228.232444989321	337.513239410727	339.449429640955	259.124805610809	0	0	0	NA	12.3281838509333	30.2704794998782	11.5730980010534	12.811280724402	18.1469460986024	20.2927281502964	0
"OG0007569"	0	18.1464424637141	16.901909156515	20.2217418700614	20.8610352032173	NA	NA	NA	NA	0	0	0	0	15.5342095040069	16.6926330785979	15.8531147217016	21.9735785290957	33.926039784622	98.4253446860342	0
"OG0007570"	0	33.3422303861541	17.3886568244556	9.08113016212084	34.0945595809738	NA	NA	NA	NA	0	0	0	0	0	0	0	68.1637584674718	44.5924799024638	0	0
"OG0007571"	0	116.358064179558	300.889111210725	61.9022397127301	NA	77.7604777179441	72.7739955241213	76.1883711594642	85.3412962507404	0	0	0	0	77.9170160112969	75.5598909039075	77.4290171977624	273.948940972369	125.650842672707	175.629448710983	0
"OG0007572"	0	587.833811457073	1411.05792208826	584.569686242676	59.037092735508	205.526704255305	184.359928512608	176.671416666955	198.608197995206	NA	NA	NA	0	807.5505315615	793.398809998501	795.296984520456	860.279695144958	880.783186889704	NA	NA
"OG0007573"	NA	0	36.3195781812235	50.7361061148595	161.787471113243	112.510937046607	112.246662848566	113.867792587462	139.729886532476	0	0	0	0	320.032352379903	241.706467681504	309.045508304996	316.368288605917	201.032075011742	159.783876886565	0
"OG0007574"	0	263.993979112956	424.985642556629	77.4472793052053	58.1487191558401	NA	NA	NA	NA	0	0	0	0	290.769746380107	233.75345334544	289.101444146808	201.074521649133	124.899518990731	118.832466714052	0
"OG0007575"	0	3652.24390475993	3613.77204936208	3351.06709330012	NA	1490.43098404351	1186.12486076035	1081.06446840303	1350.22614511407	0	0	0	0	2968.21495259829	2942.24002166594	2942.09663058234	1381.07282580415	1448.5000150164	966.057851020952	0
"OG0007576"	0	46.6989408339813	87.6286834785644	185.774818411802	45.1021486775961	NA	NA	NA	NA	0	0	0	0	133.364479455802	146.05882683821	128.752806944398	142.462178813819	130.160677267535	136.985891740934	0
"OG0007577"	NA	95.4202602075867	80.8472474216738	44.2567976595714	52.2780323755336	116.302311949328	123.550372253375	125.849224100782	129.029654751087	0	0	0	0	126.915385120061	128.243622003465	119.083921307703	232.921464922075	148.797100336178	150.72691806951	0
"OG0007578"	0	87.693096216643	66.3633960185332	29.8138619870552	NA	313.445482736335	232.591850169183	246.244571285838	292.61216749456	0	0	0	0	152.841343697635	176.248829052731	148.406361548074	1317.72532308526	895.716927883322	106.437577111091	0
"OG0007579"	NA	9.0254903604729	5.59152079430861	3.85288511897953	88.1229211212477	246.030375219139	230.907090885671	231.831064213793	230.680599154968	0	0	0	0	164.397520289485	90.3210095652566	161.07449448799	80.2794671297545	120.545815891527	63.1489717286741	0
"OG0007580"	NA	32.3571232763705	53.7161216911109	54.9702858153657	17.755413587526	44.0842782746276	32.3031032312113	31.624516843664	34.203078997204	0	0	0	0	8.9409664501083	13.5210179014945	8.39471239701074	62.8998650303147	40.584158596611	18.6886836134426	0
"OG0007581"	0	33.5387021641818	15.8964032129975	22.7952993108106	44.4934660241117	NA	NA	NA	NA	0	0	0	0	74.0393738714776	34.4726328240411	74.7106004261329	13.6828978683057	14.4520043607553	490.047036518545	0
"OG0007583"	NA	787.935313544388	909.297716466912	469.955541219902	92.9283104908614	416.148900951591	473.17017915069	530.355479547531	419.300950056077	0	0	0	0	631.028702821787	690.788186264467	612.693954546853	750.702543619396	490.245326249268	249.841200660954	0
"OG0007584"	NA	46.842211227935	18.036664013342	35.6561661559408	103.140893339337	75.4174502037785	64.6183617188413	82.1305468319909	78.0838379514883	0	0	0	0	84.1847937351418	60.4747186286854	83.0215760825268	32.703232855386	35.61479778386	1.11766303174887	0
"OG0007585"	0	20.3086895918496	93.1791100025469	0.854290182431528	7.68076610440001	0.315838399683135	0.235632022403072	0.702178683632121	0.858565019107281	0	0	0	NA	71.2416858250358	53.4145714956315	72.1787100891213	31.1778121161367	41.5404214259945	0.174533924334025	0
"OG0007588"	NA	37.9442019617564	15.7306899776329	28.1339572032477	240.818929882798	201.551088066327	117.06469412323	108.360376683417	155.200203424306	0	0	0	0	45.651822734626	51.7175449964443	44.6911038952141	46.632147663327	122.54028692921	272.944680050465	3.98972384139215
"OG0007589"	0	35.3472978741589	20.1978013907103	12.9965929919865	NA	41.091911215135	35.6951667431	42.0193396368136	35.8357791891614	0	0	0	0	16.0767442127221	22.661355147801	15.3667334049348	0.896995599083951	0.934017207488414	26.4898400243099	0
"OG0007591"	0	108.78283006711	74.4296195245231	39.7597302226465	NA	342.830858006958	351.104242122529	321.40997828417	348.535308586358	0	0	0	0	76.5539296387984	49.623032802791	77.6815188817816	299.190556383317	376.951581766631	119.620838956325	0
"OG0007593"	0	61.2466674521748	27.0102553541754	80.8953479854486	NA	63.9404944403637	75.6628721641511	73.6913822941959	68.3710732057489	34.9497095357729	57.2430349405126	46.6073993778632	19.6839663295852	53.6735462883606	67.8570650197306	52.2797078252156	8.07604387822606	23.5854319043764	169.978870567085	52.4027245833925
"OG0007594"	0	15.5508786418735	22.0387393395496	6.67908737998459	NA	25.4482721697966	23.4983515705872	23.8091286109221	25.4027702604639	0	0	0	0	20.9474170215351	23.5150934555268	21.7619013108319	43.567156717056	29.8140187781298	44.6370060148085	0
"OG0007595"	0	16.3179948952759	27.0757333634717	62.1586856259693	NA	189.94111231401	147.316954342699	170.259054209318	187.079889750304	0	0	0	0	13.8187148937875	17.146010294625	14.7021858556449	3.12733418391112	3.45418697159398	36.1903698305805	0
"OG0007596"	NA	66.88544377881	24.4076212896436	17.3127985743111	21.5978341686661	58.2851748621067	79.0560221794069	76.2014117790821	74.2797791725145	0	0	0	0	45.2626975014669	34.5931402617001	48.4169167052029	52.2162806834848	37.4596361811421	58.4194485203013	0
"OG0007597"	0	98.8494160863217	70.5518754745336	41.3039886155039	808.034375356754	52.9710901239673	77.8364221499081	60.6275069047094	68.1914994487408	NA	NA	NA	0	661.481680334376	482.770785003165	647.641892900636	500.044051734865	517.420912001641	NA	NA
"OG0007599"	0	26.1447468419121	65.8222766133807	1.87299383230939	NA	31.019628776335	18.101893065897	23.2199099478563	21.9921263966161	0	0	0	0	32.2136313218073	33.7946221194266	33.5866261344352	48.7906761788452	51.9636843737723	42.3230713372777	0
"OG0007600"	0	68.1138461069904	58.5748766242754	195.035706115978	101.955920220762	NA	NA	NA	NA	0	0	0	0	66.806479551876	55.2824742905182	68.0610283596886	4.94142297984163	16.5657409360655	79.6886928831209	0
"OG0007601"	0	25.1797587740591	35.8086137497806	42.0914861615178	NA	85.1067105468732	93.9567367937115	101.107546291411	83.9205509379408	0	0	0	0	63.0814352706722	98.9036648385705	63.2178369266498	65.5233247270442	53.6866190842768	29.920338407093	0
"OG0007603"	NA	35.5484803759989	35.3550829451878	3.45238776930838	18.2267994018786	439.444324790355	455.888664033366	476.58828038433	619.074239689014	0	0	0	0	80.2432489008246	67.4210222892984	78.2994071527178	26.2578150342099	32.9140356104333	35.9551010871095	0
"OG0007604"	0	30.4010131274351	41.8393301381032	3.92689859977661	29.6147363688224	NA	NA	NA	NA	0	0	0	0	17.8147143689872	20.7627226413717	17.8059305010117	17.7725875840044	11.8680659582281	24.122459390715	0
"OG0007605"	0	0	0	0	120.047587743647	0	3.49377380833545	0	0	0	0	0	NA	143.855287417496	95.4701261798128	140.359719035567	98.043046346282	91.1894043333006	1.2850289987729	0
"OG0007606"	0	30.5200162233901	17.4391316112188	14.6314050135379	26.9591524162494	NA	NA	NA	NA	0	0	0	0	124.714307724903	94.3329600973061	129.483663438372	33.2021994190756	20.4961857444038	21.2604817118835	0
"OG0007607"	NA	133.066202558043	194.589581425571	87.5161556881756	108.440112856886	92.8891290715779	96.8818754836161	93.9102834285546	99.6138888788282	0	0	0	0	279.457748560112	173.187594637853	276.002129482821	403.419671712247	206.137101792921	123.240426379462	0
"OG0007608"	NA	17.7554693292911	13.2190311858638	9.50803285175806	18.410930631844	112.610271956968	113.225874008108	109.658570366372	125.101793196361	0	0	0	0	55.5130032466779	74.3941318554709	54.4158279123436	0.248903739495643	0.974071282399645	182.373227486099	0
"OG0007610"	0	553.831074998468	715.482885904343	82.643621985934	272.922274227979	NA	NA	NA	NA	0	0	0	0	92.9853573914336	104.776660040587	98.1530689590953	806.50956200407	691.159119824931	35.6231502071706	0
"OG0007611"	0	116.286506762382	484.889193714818	32.5297346395128	22.5096386460301	NA	NA	NA	NA	0	0	0	0	117.705267069158	138.992194445975	120.316365043978	45.7181317831285	31.0705461298866	3.30482003953737	0
"OG0007612"	0	39.5792370910171	10.1136998286065	32.2161098767188	22.9112798584684	NA	NA	NA	NA	0	0	0	0	28.7149379873542	30.2796530764474	28.250596073786	25.6082547548298	27.71939648289	6.17398451262696	0
"OG0007613"	0	108.507489570587	75.7043862438972	43.4842696836126	49.1769325120292	31.5364477820295	47.4460401899046	56.9949698622748	32.9363169235195	NA	NA	NA	0	30.7227534341067	61.3062973878154	30.4318479033692	197.016796973616	130.932909539852	NA	NA
"OG0007614"	0	29.6655013999519	58.4733796219956	8.97192469454093	6.35045838962403	69.3897079532123	59.1293059646954	57.0049749154371	59.4508034147385	0	0	0	NA	30.6994454604297	26.918728637416	31.1251409009305	49.6311338282457	73.8019386045055	63.2366870186928	0
"OG0007615"	0	29.4601367979781	91.7874718835276	45.2811702464984	87.2152821368074	NA	NA	NA	NA	0	0	0	0	33.5971954140364	32.442889655087	37.1046107420905	24.0894415733468	14.6168413700753	29.2478111623956	0
"OG0007616"	0	97.1231193235617	125.981913086765	39.2344455553848	78.6277896197721	NA	NA	NA	NA	0	0	0	0	63.2903746061344	40.2932075885195	63.7437953098773	142.899719708174	108.082624185158	101.857161017684	0
"OG0007617"	0	18.5179706478176	14.7310294030251	38.7523517787739	85.3461816146225	NA	NA	NA	NA	0	0	0	0	21.8922917520566	25.8131339547904	20.9938284876948	12.0678418590538	7.93957989047131	183.176248536928	0
"OG0007618"	NA	14.2777270013579	26.9321029040794	89.538888166524	NA	22.5345671094927	18.9544568432443	16.5871624676362	17.541507778465	0	0	0	0	47.2676688204791	51.1006934545804	48.5975131084735	8.08179031947692	22.8080995539845	7.48554117198445	0
"OG0007619"	NA	63.3648395992367	74.2887169304448	56.8505261697127	41.7401574151826	140.520052117476	90.7128452433035	90.3519330221681	110.097072827866	0	0	0	331.060039684545	23.0213410960085	30.4454922788413	22.9183084760881	85.8760717072765	212.016817803926	26.4551780578956	0
"OG0007620"	NA	8.12352985825528	5.28694628138789	16.9480073302632	18.0571594559175	35.2286542574796	19.2914920211735	19.5819248243368	24.0979682277493	0	0	0	0	5.26793502206831	4.7989063937251	5.35965826366075	0.298121191630329	0.796328349026159	111.575091832906	0
"OG0007621"	NA	0	14.22229180041	30.51332128295	174.355475782752	178.32225746356	177.965856197597	174.793567441986	175.734550564537	0	0	0	0	314.084656954095	373.008941352687	306.722265070304	580.124316337504	418.196791653201	382.874577511575	0
"OG0007622"	0	293.515043421935	562.379125540464	433.499116572982	1558.95216945232	1556.37121786647	1410.61417997631	1491.82956923536	1531.45284837501	NA	NA	NA	0	2016.55593688144	1848.56503171233	1983.99139832911	896.771464232749	774.496434680399	NA	NA
"OG0007623"	NA	652.468826318913	721.975947628035	1415.8513841469	823.5563174095	855.475577691686	824.684576294275	801.131629771119	843.481075022459	0	0	0	0	759.902373944537	748.450667556582	755.109598034878	2033.52680799773	2143.09715037498	770.323134518857	0
"OG0007624"	NA	901.276039966377	2040.60098861085	264.006773130961	515.011131361349	1674.68669883433	1906.3516452185	1894.3673431508	2062.8975468067	0	0	0	0	2219.39773994422	2131.10523317579	2201.60971710293	3214.60501715384	2456.0335888086	2174.47802008022	0
"OG0007625"	0	8.50200637127298	4.37879909314867	18.8596950471372	8.76447115717766	NA	NA	NA	NA	0	0	0	0	8.07662909291729	13.1765917993964	7.58414630251595	115.958785740247	100.08905098414	15.4279919999212	0
"OG0007626"	0	216.714749108241	426.421019305208	456.838148705627	NA	205.645462192831	398.173605176374	408.909638004371	245.337615435138	0	0	0	0	761.60885058875	690.925194226215	751.818452508148	880.899520943219	457.065964051813	2956.69776275949	0
"OG0007627"	0	14.2577635190299	38.6389131898992	13.0371826130867	4.02233150906424	NA	NA	NA	NA	0	0	0	0	15.4826240175935	12.4505278753773	14.9477548721469	0.163639359461228	0.829404569811353	1304.29440154015	0
"OG0007630"	0	44.2735906300056	23.5715829069117	76.6085787620026	41.0766382397216	NA	NA	NA	NA	11.1136108991781	4.63437113228565	8.93554657149386	7.63197176718697	9.74266362804221	11.7409270663166	10.2928146177752	0.172008896679314	0.778467852178195	27.3333450551469	0
"OG0007631"	NA	60.9342519170424	71.0087465223681	51.9023828638253	9.59898655761487	184.362263968422	195.775004512538	200.476343300444	195.073939983502	0	0	0	0	26.6885316568354	22.927984555098	25.7525888456175	141.827834552183	115.154074909292	24.8419822327757	0
"OG0007632"	0	60.533945206466	29.4103778203385	67.9796397523172	53.8828433335294	157.223411514133	115.799596765237	108.956043208405	134.780542044852	0	0	0	NA	29.2285943941593	37.1920502449619	30.5880037322641	35.7437957279119	37.7497568875573	0.977634848812884	0
"OG0007633"	0	52.6600366571116	128.29317584094	62.5701770205333	38.6872621704473	NA	NA	NA	NA	0	0	0	0	42.6892474792299	37.0213978933032	40.0755291977392	0	0	16.5324233843663	0
"OG0007634"	0	44.6074419776217	30.5650813520811	62.0543894411591	NA	169.537100188968	170.015782038714	189.724859560747	199.655271445996	0	0	0	0	210.101265697614	321.296775407958	205.570226541788	629.290846341096	431.411193691973	100.816207803647	0
"OG0007635"	0	26.4735998417146	46.0505418050539	126.778761213459	151.736301115563	NA	NA	NA	NA	0	0	0	0	22.3363225243985	43.2082008964013	20.9602921313782	61.2971394513779	84.0575068634676	31.4719442044469	0
"OG0007636"	0	122.15857063965	112.043820315502	136.681990714672	NA	126.944466005167	135.910706182627	143.870056350668	121.892226669667	0	0	0	65.6839687283018	96.4422906063819	83.5778351001044	98.3219311093276	234.291755221198	298.322814318604	201.528098334246	0
"OG0007638"	0	8.34219480624756	15.8479696292298	16.8826688380144	14.6182219202021	NA	NA	NA	NA	0	0	0	0	25.358728515796	41.0427602766379	23.8065081109508	22.3403754890974	19.60113592382	39.9500975222342	0
"OG0007639"	0	27.3108216226687	29.9742294364414	144.00174236744	NA	141.470115606854	154.340519545987	155.047895903982	158.810855733897	0	0	0	0	8.86195519410184	9.6000883109888	9.11522330694499	295.735126059036	273.269859905536	73.5415334462825	0
"OG0007640"	0	352.666063761682	395.671296729489	242.762253792093	NA	115.248473989687	140.105967308597	149.741088198391	156.455522072298	0	0	0	0	95.8408616427506	42.5383511008126	95.0405062655873	115.238843801104	160.829634265646	924.495186018704	0
"OG0007642"	0	68.3057029501423	47.0040884660196	428.227508857239	108.625641719346	NA	NA	NA	NA	0	0	0	0	71.6042455739789	57.8201000168034	70.9927863495762	26.8954935299872	77.0572406584234	149.077817348765	0
"OG0007643"	0	57.3050463894209	106.821906714339	127.497177874711	71.9643711696919	NA	NA	NA	NA	0	0	0	0	184.571306818055	175.317472756241	181.87118752464	11.0545913546414	21.1514715240431	139.4553257408	0
"OG0007644"	NA	41.2789450879763	32.4165039533179	95.0689172879484	49.3630176870306	89.5590788112209	63.6549727645819	61.8079727716705	77.7244389336107	1.34844058158127	19.580823036906	3.97489102949448	7.16517557042334	46.5265547543873	46.6026565448535	47.0910759524215	5.40035124078927	7.27656228991835	199.818759937107	0
"OG0007646"	NA	88.2385918896045	92.4647062007787	147.030012768752	104.7846187707	163.35098812433	171.097117724112	188.893375164336	162.505447457215	0	0	0	0	5.3689431782325	12.8741616160079	5.03799392016529	86.4500169867352	78.8162198679249	24.2924299602906	0
"OG0007648"	0	51.3538545276533	95.2702321701882	76.0681156378328	160.654840701802	NA	NA	NA	NA	0	0	0	0	184.645628731738	211.490850935004	183.952121905763	36.3807103447368	39.8413511780334	62.1065092434528	0
"OG0007649"	0	27.649163758227	28.1970715766113	17.6053186973552	19.9215247169986	1.78885525421477	1.3303826380031	1.06730226783301	2.19468319256545	59.2834886173954	20.8524900653307	0	NA	38.6915137797983	30.5987029212827	38.1072297590945	12.3946406975122	21.492437161697	38.6194974117543	0
"OG0007650"	0	1080.41225588527	1588.39700286123	768.757362124454	82.0256808540943	163.825520425167	137.544603527269	125.896155841829	126.278957019438	0	1.43756991169862	0	NA	19.9457291051757	20.927132195469	20.4003113576844	4.9478488678131	15.6061378389271	47.9444850350504	0
"OG0007651"	NA	201.831273014532	136.582917290519	327.811068501145	66.4102892561499	285.138584922672	207.587944464185	196.209959696696	213.269929972777	0	0	0	26.6847890022716	10.620458565273	14.8764436239333	11.1447491617389	11.9380631706639	22.8650317210497	95.5832627526412	0
"OG0007652"	0	64.9300595746864	50.1600616222023	151.512908194682	177.286941427848	NA	NA	NA	NA	0	0	0	0	101.375118011667	162.630237655	101.362421881807	59.3785996651187	63.4898791316719	31.8781157144016	0
"OG0007653"	0	5.21715795050871	12.2542390393178	21.1602234812623	3.60939961843785	NA	NA	NA	NA	0	0	0	0	0	0	0	2.08207257297464	0	0	0
"OG0007654"	0	720.790603761319	749.433674920007	468.202138301152	196.268160926425	187.011009930174	212.811377307674	264.946268775549	246.583817068157	0	0	0	NA	747.561634310165	710.642426982093	739.771748945115	1802.20696534175	323.860249493854	371.250525970948	0
"OG0007656"	0	90.4107743264897	36.7883256494729	66.4696948042624	NA	431.614070124459	434.347376652654	450.353451628717	447.71585631207	0	0	0	0	64.7156988178682	63.8081819066882	60.753296621348	210.274453333569	267.620738518392	960.28533264341	0
"OG0007657"	0	12.4779542529908	4.16981120766076	23.2953504364179	26.2711609698613	NA	NA	NA	NA	0	0	0	0	72.3261684372443	71.1631267053838	73.5036387659819	129.331301095214	123.875674880029	76.3646829043755	0
"OG0007658"	NA	59.6939009520832	36.0244387049323	12.5275817116134	34.2991072071774	14.9853649075152	11.752163669553	10.2753562278729	15.3863774781026	0	0	0	0	20.3678441390538	16.6508158659253	20.8883667149291	8.16486662403547	22.871562858684	237.393708518179	0
"OG0007659"	NA	14.6156024581086	18.745630641389	0.695017505435766	109.711410335394	151.721589344847	172.611431791919	159.763528853564	174.407867695885	0	0	0	0	44.9541443261229	33.0302963989109	45.9159238386874	49.3371312670755	43.6158537410448	37.7705767607845	0
"OG0007660"	0	47.2820300775604	45.3491835088351	43.6632910173044	27.4579975984283	NA	NA	NA	NA	0	0	0	0	15.7235174211638	15.8641518907769	17.3695412681952	5.88223360044941	12.2578364089113	310.148614262116	0
"OG0007661"	0	129.471738674992	106.390458628955	93.1628738351936	169.052419626984	68.0310949501616	52.3283788826051	56.5602825416803	64.7955685607823	0	0	0	NA	60.7278848810432	81.6978475902086	56.973339607103	39.8457188793902	57.0208308296269	2436.82042518198	0
"OG0007663"	0	117.267050790491	57.3523475978198	36.6590046482393	NA	35.0147789812049	37.4452520415544	35.354351398025	32.7175085641399	0	0	0	0	122.342582665323	135.932747091467	116.807198484464	393.549265301731	263.079677624438	53.0064918073097	0
"OG0007664"	NA	63.1888290900811	32.2949562131345	88.7376480643939	83.3764515528583	24.464579085405	35.7915260104641	32.4357882796669	24.7600521427688	0	0	0	8.54794701536061	75.3575923946478	102.853663944438	77.7543545707593	160.059169915766	220.484166863587	81.3115411633208	0
"OG0007665"	0	164.945550441765	305.151632725249	52.963013712648	324.242517276635	NA	NA	NA	NA	0	0	0	0	404.113092661129	399.313278634682	400.319249911825	439.168705145071	357.295383468687	426.988798622259	0
"OG0007666"	NA	0	237.313148177375	38.11577694725	219.936382100994	200.081597325343	302.817995297603	322.298913854786	270.068618881921	18.4088257516889	0	0	0	447.232843963692	520.737478263849	430.955371024891	844.480497756992	563.963048471285	640.632349438683	0
"OG0007667"	NA	35.991203004872	24.561829185968	11.8562675878293	16.999623262892	41.2754310746681	58.2316233015575	58.0390163584559	44.8258475892945	0	0	0	0	4.1689918107826	8.06142933188207	5.0891177693495	66.228305259099	61.9659411092272	32.3285443823262	0
"OG0007668"	0	144.218270465252	53.8005556174978	57.0835105717112	112.002157397875	NA	NA	NA	NA	0	0	0	0	96.4658760559361	97.1857041356113	94.6551506184701	3.89796789212731	14.2770424605069	219.469337588714	69.1803075971512
"OG0007670"	0	59.7286649972367	64.5716338729742	1.89693287425818	49.4558835151276	NA	NA	NA	NA	0	0	0	0	4.89133088786366	7.00851718898238	5.16659855612753	16.2524043547086	12.9273093371197	191.127000356379	0
"OG0007671"	0	59.8871802322408	67.6710177687289	202.358411068595	41.910109526472	NA	NA	NA	NA	0	0	0	5.46010448392329	24.1589228231815	25.7714358794758	24.861236932128	4.8999335673164	13.5731259781122	6.74298862726096	0
"OG0007672"	0	26.3390926387049	21.0496562018737	25.1272208965636	135.970184444719	NA	NA	NA	NA	0	0	0	0	38.056510235037	58.0448526427488	39.3648084042452	1.15834996464419	1.25093500545901	694.899526588366	0
"OG0007673"	0	3.97528416074691	3.36990645735894	2.94822614700558	46.0224869345421	32.2704606269257	28.5130874892072	27.1622058994254	31.3623491707853	0	0	0	NA	8.6120881667662	7.07920138350843	9.35101930291075	14.2011478647809	13.401227535075	3.50069236605923	0
"OG0007674"	0	122.905049319113	212.267818782174	321.445136133815	132.669305348226	NA	NA	NA	NA	0	0	0	0	138.114311520134	79.5819681113905	138.762749687154	381.125477746325	430.010741488795	58.3266727327816	0
"OG0007675"	0	NA	NA	NA	114.336477708703	35.144358319581	74.091788295416	77.0681782963475	38.2060773305104	0	0	0	0	67.5450509677679	101.76951398626	77.8161503411979	158.548601269793	124.796188328172	44.6136123114483	0
"OG0007676"	NA	8.1018552202992	15.5000276248879	3.49468293978376	99.5001977148537	21.4065066997294	41.9418141324965	41.4118641062828	37.756954310094	0	0	0	0	101.258578143282	43.8510065117145	99.1384684805164	273.194323486814	347.975090181091	76.6056602441504	0
"OG0007679"	NA	40.1310070012817	36.7945422132838	76.8678833232361	70.0611245673556	87.1520662961355	101.850455381075	94.156968482992	79.8643595379576	0	0	0	0	10.9808997296361	16.4990348717803	11.1701756911036	37.3805663887806	55.469262263714	21.5382763904952	0
"OG0007680"	NA	9.07975473516437	0	0	233.788728818957	17.99909729689	15.3738868306491	20.8618761294047	17.3860218037782	0	0	0	0	53.3046421097457	61.8513508008556	53.5233303469302	136.584067481125	97.6181423219299	62.0448066862028	0
"OG0007681"	0	114.993806465146	105.453334830594	68.4925315787956	NA	237.760605195668	232.023473095302	222.471521722526	214.791842713807	0	0	0	0	457.751260775158	318.23494530629	451.850673447134	516.437704381777	436.660050699424	388.459768700919	0
"OG0007682"	0	124.646279803719	80.6891425749008	187.339874690924	NA	74.8611747057563	64.3182830701578	69.9742985679057	67.8095908352718	0	0	0	0	386.525977880339	291.2306760458	381.928412028594	46.9869415495706	29.0272106653308	0.612173709544481	0
"OG0007683"	0	85.0340640769598	66.4536753705931	6.46550454847498	44.0736007801319	455.778535692974	705.697518182455	782.770437349208	525.780768597991	0	0	0	NA	1201.89369858966	3019.73887307197	1187.59667096525	819.817212263476	590.829966988065	687.366487764398	0
"OG0007684"	0	25.5467757296885	69.7918773525164	52.981602973823	22.9843678165452	0.495035248312779	0.61549532958646	0.229304081923403	0.598068637188567	0	0	0	NA	8.21952916962784	6.72703135313759	9.00517128880431	1.25347796147164	0.220472717220575	39.561948485836	0
"OG0007685"	0	120.825735964954	117.62759360118	83.5032066008609	95.2050812284006	NA	NA	NA	NA	0	0	0	0	193.907773509599	219.908500967431	193.570043390209	294.669398601126	496.908829232228	162.894751139857	0
"OG0007686"	0	239.295781015208	303.946361622209	334.676640944412	94.0875233242498	NA	NA	NA	NA	0	0	0	0	314.978129278383	370.131774155983	310.676500043876	188.259118656975	153.789333939912	121.28014945273	0
"OG0007687"	0	107.300347054756	212.430191717533	29.6044107076776	81.0265106435662	NA	NA	NA	NA	0	0	0	0	112.580148881037	93.346383635364	118.745086072039	0.796015619554243	0	0	0
"OG0007688"	NA	47.3805511591789	13.0879080817209	17.0255546112044	18.0422022944152	61.5321500605584	68.6310223726893	65.0822115453164	69.9073845428416	0	0	0	0	13.1078910656064	15.0236973984727	13.2149213581224	21.241027300935	25.3996609585042	19.9482148072627	0
"OG0007689"	NA	24.7580885447318	14.0229906203229	59.0991877199106	56.4835359550084	34.2604995948204	31.3385598671244	45.5638524968279	34.3161299828835	0	0	0	0	198.799673223011	190.966066003488	189.805361734948	127.167110523691	74.6594317035054	44.2767784953241	0
"OG0007690"	0	1451.75999084986	5298.13609624753	691.557326127946	666.544638742466	157.446942809627	170.840431303649	162.404254326176	171.066638897771	0	0	0	NA	3998.1291025565	3984.4715004172	3949.42740149866	2097.36254905166	1745.60121866318	394.26380421202	0
"OG0007691"	0	22.9427079829083	12.1059322393871	11.6400800019269	NA	49.7098528741397	49.3093255579122	40.5822271309848	53.8371051897469	0	0	0	0	16.7584261369099	13.3034730857106	16.5882552595363	1.3763237594503	1.2296821970243	23.4075087525369	0
"OG0007692"	0	NA	NA	NA	16.1517262164372	89.8908796095723	78.8237820847028	77.3968019107169	86.1972896428653	0	0	0	0	56.1713841340856	79.7679415272934	56.567709392606	2.51693544820615	4.29619939623989	21.0147768020748	0
"OG0007693"	NA	15.481758325138	24.403909908264	5.42669614255633	38.2666295988237	29.8253345831052	36.0846102937222	33.9540786426166	36.9735197819703	0	0	0	0	45.0150502811481	36.8570479078848	44.8081825784878	204.499641181095	167.017740500715	103.012641280429	0
"OG0007694"	0	172.16455306436	152.500753674221	284.362934378034	44.7362978188317	87.2365842114874	88.9888359608568	98.9913435189836	96.5524581264732	NA	NA	NA	0	8.88082355374517	10.0550738813495	8.33256945932247	321.519910868327	225.014818991166	NA	NA
"OG0007695"	0	68.2719983695886	67.7549784668318	4.27804544882346	69.2609114530544	NA	NA	NA	NA	0	0	0	0	263.553524973981	321.810853107907	254.747161789936	122.468937714361	65.6831008320274	9.10938379555299	0
"OG0007696"	0	110.387686633475	117.329755245464	501.29225020658	43.6656017100731	NA	NA	NA	NA	0	0	0	0	99.151010118709	86.3590967235846	99.6286686370294	49.6601109457019	50.8662218972548	92.163458444007	0
"OG0007698"	NA	33.9277567301732	33.9853048624946	12.4857257385074	14.7002711689766	17.8795624382766	18.1195487456114	12.0051944201787	14.7911307142384	0	9.15301826386308	0	0	17.8140206792945	31.8535171448554	17.740177023927	19.7695330581603	17.9591170706116	22.4907863131185	0
"OG0007699"	NA	17.6856697356244	8.94891061796469	18.0310986692383	70.4261532893588	170.553379563507	146.831627431374	139.856871914988	166.634009104597	0	0	0	0	29.5564529536531	25.6631400210161	30.3304056330199	3.5658237589782	5.04202535706617	33.4572128863816	0
"OG0007700"	NA	334.445367514348	220.65461285483	285.699152557543	276.158478565919	442.914942273027	443.439372640938	437.518584009297	392.469889366972	0	0	0	0	351.602863987543	309.568298195557	340.29819845345	1576.27031940149	1653.24328836656	648.223095690295	0
"OG0007701"	0	107.745247518065	70.8098164804191	161.009382575135	14.0300652811907	69.6010304887738	58.2302651723487	60.5490458433421	66.3454611063882	0	0	0	NA	33.1410250720711	56.2113287024892	34.4144811579628	34.0256830247779	54.1618265818687	63.4031507522808	0
"OG0007703"	0	6.23175453402386	5.78536522313768	9.15045644967114	35.7059476330598	NA	NA	NA	NA	0	0	0	0	95.9171675089553	63.9523381099185	94.3385340867846	47.338425497293	55.0723097642321	11.1105886055832	0
"OG0007705"	0	136.309620271327	184.402767383785	19.3728936271003	52.3947757956337	NA	NA	NA	NA	0	0	0	0	28.1091387786584	27.9664225640335	28.5574919224812	42.6047284393669	57.4765455465529	6.16848011183632	0
"OG0007706"	0	397.032699474547	975.722164709141	537.840700898921	NA	265.159837202703	312.195877484339	329.95230861272	322.344953984058	0	0	0	0	2455.72394447699	2229.91180106756	2411.13903895979	2371.37065669063	1064.33061614477	413.595348569414	0
"OG0007707"	0	13.6025464730659	27.6414406702644	1.84763145419143	10.4505640363043	NA	NA	NA	NA	0	0	0	0	39.7014566035017	32.6706207149835	38.8661373668406	40.28437666582	31.7588494627189	0.996221079547094	0
"OG0007708"	0	61.0689302356149	65.26313845163	160.333193598593	91.5435581392983	NA	NA	NA	NA	358.105767171648	702.829149636523	256.050389643991	0	192.854752555975	220.176560023024	194.528224999257	140.149222873598	211.57937260465	1197.66836528747	7.58969469864145
"OG0007710"	0	139.87867608596	58.601041863002	182.020769265604	NA	307.82001912555	289.521910343491	266.615468086632	319.718624911849	0	0	0	0	1062.42044896139	1171.3406336609	1031.62136904019	102.120332885764	76.2731689922215	228.740257791341	0
"OG0007711"	NA	12.0097198492985	11.6044689442761	6.1290266510682	39.0391641088289	67.1599444346037	56.1688287527778	56.3879290190645	69.697127314748	0	0	0	0	82.0843013454353	102.996628774088	81.4669611385712	74.1863916579394	69.137486516434	15.891093698356	0
"OG0007712"	0	85.5582480843712	24.97629770154	26.7709287691723	54.1933369837018	NA	NA	NA	NA	0	0	0	0	37.2513446086392	34.1070002722115	36.9174875945264	67.5097728124132	82.4906090234388	9.91733217289562	0
"OG0007713"	NA	10.1440416826487	9.04882100470478	22.2307317922936	27.928807917048	24.2048099706562	21.0707635163249	20.1326157012207	29.5927617146884	0	0	0	0	18.5546037952954	32.2799097492862	19.0546910980212	35.2847690890442	27.4327869183236	21.542582252404	0
"OG0007714"	0	10.8987650210475	0	2.95379065521869	NA	41.0365278405314	46.3667349076745	51.2159468307445	45.0691146991911	0	0	0	0	59.0347964479003	118.039507287206	56.1822843120388	81.1570251889526	68.560462358665	64.8658120914072	0
"OG0007715"	0	16.9783972613251	44.2829964229971	16.6134619798102	9.20798653532324	NA	NA	NA	NA	0	0	0	0	75.522690541527	83.5831962812163	74.8520363636424	63.9045829254463	75.5744568930143	64.4565332584255	0
"OG0007716"	0	239.02562583877	165.401422565339	211.188731115199	66.0696505913977	74.1591155152655	72.4242772528563	68.9311214463657	71.3376870023728	NA	NA	NA	0	13.922282764918	13.7672748205664	13.0704303488159	50.1110142922283	62.8647853982804	NA	NA
"OG0007717"	0	263.956126276334	675.510380600202	436.073391816886	69.431093762637	NA	NA	NA	NA	0	0	0	0	66.8087687278622	66.5376187794203	66.0609284009755	0	5.85418354724569	124.051437689503	0
"OG0007718"	0	13.983667499327	4.38332697843184	2.57082119966534	65.8676789937127	NA	NA	NA	NA	0	0	0	0	15.0081846099797	20.3477672233129	14.0915880969515	143.890908320533	118.433593318599	12.2028570398942	0
"OG0007719"	NA	171.03052356173	274.259949811759	29.031395198191	118.951953486463	44.2800068940934	32.9216631793574	43.945366706481	43.2455859524299	0	0	0	0	236.172760372731	263.986940695646	241.741998884055	274.994057091502	242.068163319324	54.9414662465364	0
"OG0007720"	NA	421.369999294366	400.998056854627	99.3120541902089	244.66872229023	195.004079508644	173.504700535128	173.273610777641	183.140257814866	0	0	0	0	214.037954704082	168.299984524198	213.102367190305	78.8069700513655	94.8255478961469	80.8889452316521	0
"OG0007721"	0	2.57396696368574	5.09683077021549	9.52972645819858	NA	8.3698263605552	11.9533705118361	14.527829837362	11.1355849653953	0	0	0	0	10.0911941403805	8.26991978399264	9.92658094276899	27.6939282499318	27.4196429363206	4.79680119093975	0
"OG0007725"	0	46.8742565060614	26.8872879739201	16.9904620125506	50.6060802487008	NA	NA	NA	NA	0	0	0	0	70.182667286586	96.1573104609965	72.1691278583076	20.6135211534588	11.948412172128	54.5715172450104	0
"OG0007726"	0	46.975629260404	58.0370406690835	46.1304479588339	9.93524871434125	NA	NA	NA	NA	0	0	0	33.0036304362916	22.4229921146131	17.7843065609364	22.6754271561527	3.15753585737703	3.33263150536408	2.07884793440859	170.535489495001
"OG0007727"	NA	3.48301579845981	1.67934440356948	0.495091535266129	64.0891231335022	32.6501086653405	20.8585558274506	16.324102741832	23.7497611317021	0	0	0	436.010608626622	0.934587312377796	4.1424118959729	0.877354129983441	2.03901912356579	0.912816638534424	2.0826433075344	0
"OG0007730"	NA	250.225398690762	551.775708938813	220.401151768787	314.286441097675	629.070784064282	890.579647375845	931.45958223176	714.854455209194	0	0	0	0	217.971175262086	307.636485934913	240.588292680001	884.812038015659	446.134866855115	616.901856652657	0
"OG0007731"	0	14.5389634272495	8.86141480193951	18.5191373283834	19.6098992585515	NA	NA	NA	NA	0	0	0	0	91.2146450816697	51.9724215033705	91.861842927745	720.759118104041	460.292681628054	35.9616264654661	0
"OG0007733"	NA	14.1045891637135	13.6420173217022	21.5663037443557	15.5975567111367	14.648070167194	16.0495561120251	21.2706995544238	11.4929216516098	0	0	0	0	32.1359380762171	29.1185999536534	31.9763255636349	77.8215043590828	59.3673452865339	8.24097579017119	0
"OG0007734"	0	0.923132164125434	12.0335046317633	20.8264756898697	34.5286477909235	175.004804423678	139.468325645068	143.961920271087	167.522949491266	0	0	0	NA	32.0909176151563	36.2372953713526	30.7327030419203	5.71917366209414	14.152326514305	41.8712665691554	0
"OG0007735"	0	86.993078005143	71.6049799410084	37.4019002375727	83.0514334865702	48.9633426986214	45.3555398052655	44.0557048380253	49.5881360800345	NA	NA	NA	0	89.4311688815589	85.881355917838	85.9023699201651	108.853572291341	75.4954448937134	NA	NA
"OG0007736"	0	NA	NA	NA	70.3187274192197	44.8890020372793	81.7118438472073	69.2525002720585	70.0538855420814	0	0	0	0	25.4104777668766	52.638816315576	23.831434719476	709.359835328992	511.575727306052	36.5831354611902	0
"OG0007737"	0	18.4375463332964	5.83799363173095	3.565015378764	58.9998225356638	14.2425728543401	21.9155877906565	20.1152282083969	18.4937705611204	0	0	0	NA	124.884955389324	88.6941889411992	120.542718090754	226.347660284092	142.539539241843	23.6746941425278	0
"OG0007739"	0	22.5858542546458	13.9828149168883	56.2679144064954	82.0054014806497	NA	NA	NA	NA	0	0	0	0	89.2813319079206	91.7762723937343	88.6769305794088	25.7635672546685	24.0065895169375	471.522952244874	0
"OG0007740"	0	107.540945906708	217.105604410543	165.621727971624	61.6758777207522	NA	NA	NA	NA	0	0	0	0	62.1493244304976	69.7644541219759	60.1206190255765	28.5857445058364	24.429469307208	61.0731023853386	0
"OG0007741"	0	105.758232861421	101.660303060595	31.0776863441671	NA	82.9230073498287	95.1933134383202	89.4064880998751	94.4208371495509	0	0	0	0	69.7672858985555	43.559953946019	66.739848674401	55.2536645601123	59.0515811493839	29.9289363699087	0
"OG0007742"	0	293.82823675508	227.766547423579	72.8760388756712	68.5768936676791	NA	NA	NA	NA	0	0	0	0	92.731744439757	64.7749815671954	89.975336093119	16.8515395999881	22.2391809864673	81.7683176482862	0
"OG0007743"	0	5.26755926173671	21.2739164217389	1.91947925538626	97.6541992356604	266.383487914134	210.705597969436	198.341304077458	265.701254329475	0	0	0	NA	9.4788534378819	6.49161593364747	9.39469294291736	183.530635055328	328.961491269079	54.0886392466184	0
"OG0007744"	0	194.242267729002	599.777536226162	84.365914021478	121.306005079562	NA	NA	NA	NA	0	0	0	0	248.146676897567	265.597082089578	243.795423732315	618.492929685641	477.972444441688	929.271585414455	0
"OG0007745"	0	98.2374446098681	82.7995268119025	60.8424677736646	NA	105.113316437234	90.5684760436074	74.9603794787848	100.828023769524	0	0	0	0	75.6420051686833	55.3929146214227	70.9777887243911	22.7134528452674	44.7949966460612	90.9083751611484	0
"OG0007746"	0	33.648890215992	38.1439076983889	10.7052978377519	NA	34.4438640701362	30.6330796496154	32.034934122192	32.0756581347665	0	0	0	0	107.197255603083	56.9337776416532	105.705484174993	16.467150256125	46.2834313126524	75.1239732100331	0
"OG0007748"	NA	112.886492382526	224.469912913107	125.292847333399	86.2695508157617	227.902031550053	155.824954771201	169.068735429757	209.249955128829	0	0	0	0	300.319078690774	394.111145895798	284.236242310141	605.648428332858	284.140397006961	136.798564552736	0
"OG0007749"	0	390.767795747626	307.170624195777	157.118275971958	102.390830567473	NA	NA	NA	NA	0	0	0	0	107.379002302589	96.5560631983616	104.118929844069	46.9439002244787	57.4129574465167	107.535127994548	204.889382692266
"OG0007751"	0	109.772707671372	110.854322583325	40.2313330300794	NA	115.929389827749	151.541415246659	180.635765030776	144.974999561054	0	0	0	0	115.301632283711	106.561218526692	108.199533696515	719.910415919129	440.729878352038	243.032168102271	0
"OG0007752"	0	113.710958276071	102.832171731218	20.4449970562522	80.8735932059703	97.5990466761412	89.9747019535218	106.699074191992	93.4512897640238	NA	NA	NA	0	119.26606887789	110.410546565014	118.656211256128	437.336235884679	247.092001722779	NA	NA
"OG0007753"	0	187.839775681876	76.1360198983502	104.40968359955	155.583627112711	NA	NA	NA	NA	0	0	0	0	546.194615534213	452.309149612309	536.415060787128	126.214139213205	68.8352537909643	202.070548154098	0
"OG0007754"	0	1524.00705559675	1808.83449990535	2822.69035091227	2456.16371930386	89.2782218384066	125.9474703069	139.342643010903	112.623429115187	NA	NA	NA	0	3208.17609112118	2483.50758139482	3235.16133605121	1329.66171310019	1033.07006271596	NA	NA
"OG0007755"	0	46.1412804000999	64.7650339566676	6.65972244980065	60.6084701318789	NA	NA	NA	NA	19.2314932002638	24.9739210110674	0	0	64.9766648802882	74.3012047161985	63.6267305132936	30.9776297492544	31.194978200642	87.6000438465905	0
"OG0007757"	0	18.7287088903314	29.3221592127897	5.65851190438069	9.5497213824238	42.123717912534	39.2074925964276	35.2235105145261	38.0255604340222	0	0	0	NA	11.7266369600543	7.73518561595615	11.7468413228158	7.02423513614883	6.93196872405704	2.07343675330876	0
"OG0007758"	0	35.4247067855655	88.768263131185	14.6060058250017	12.4764679625101	NA	NA	NA	NA	0	0	0	0	60.3580095368584	44.4919357136386	60.7752375915262	22.663149054336	15.9621460364958	1.97367392801126	0
"OG0007759"	0	18.761110306612	46.0353251413973	5.69362688990379	NA	122.170452410957	212.245105334067	165.988758419685	168.691184927265	0	0	0	0	93.2582549165692	115.694884080948	95.469604986161	273.829637693804	182.763176021284	119.048203712782	0
"OG0007760"	0	21.0727260005877	17.0914679604804	23.3768855126607	31.9191857106577	31.9359406047711	26.9274037314775	20.6157271893294	25.5560618639604	0	0	0	NA	36.751603617071	23.5677521677811	36.1034220541551	89.5732410356079	63.64534825239	127.467539844702	1.74214008531303
"OG0007761"	0	51.0989442619573	120.859770695541	22.1575404108356	11.9848082556246	NA	NA	NA	NA	0	0	0	0	126.426888838412	128.1210894498	123.02267262194	0.778755788125785	6.84880741197846	54.3475236450945	0
"OG0007762"	NA	109.110542296494	123.016519364428	53.6803260613544	144.357897728766	9.49142293782247	8.39221991345227	8.34766285680985	11.6852466543887	0	0	0	0	18.6552234852316	17.5575107293006	18.541439036131	33.5458025607953	42.9817706185113	12.4075408467139	0
"OG0007764"	0	9.56074502626619	31.3293475626849	161.059690146632	NA	160.823497346455	128.64491863495	111.400362459995	142.977713084078	0	0	0	0	22.1354993583417	8.85540834081423	21.817100903527	6.9919359558545	9.53026649292429	0	0
"OG0007765"	0	51.1782795895689	50.4378585184688	14.6111592835453	NA	21.2111110464436	20.5561004526517	26.4839770382003	30.7340862375216	0	0	0	0	40.4950376120302	26.5073473400985	40.5410804795267	120.444661760179	105.818168472133	29.7399267882435	0
"OG0007766"	0	31.3278372394612	5.32907973850033	4.71741460008035	40.3896607620057	NA	NA	NA	NA	0	0	0	0	30.70228958817	21.8076764087542	34.5850097109934	27.7531578417419	41.8118252779645	95.7421091057802	0
"OG0007767"	0	807.058774018553	831.98964232887	640.176117434686	120.481949999184	324.401179944989	371.571928363688	398.452510028603	420.654040830172	NA	NA	NA	0	637.938545851466	494.271709861707	634.119728526569	3219.68510594638	2146.56203945091	NA	NA
"OG0007768"	0	71.2240010940848	66.6533476888181	30.1305542846966	NA	839.266007129106	653.953813924236	705.28025011245	929.678993424977	0	0	0	0	99.625632606502	107.693023428087	94.9780161606494	12.2181591403184	24.952367879827	143.695489962754	0
"OG0007769"	NA	25.9076740076174	30.4098528258774	13.1707492154104	24.0926903844111	249.634179173804	212.02162517276	211.02403113467	245.128867230213	0	0	0	0	86.9415165742085	118.79781657114	84.4560711581018	305.243015393426	279.625831154689	59.1332450099266	0
"OG0007770"	0	13.0307343502028	6.6334632812841	15.734551895345	NA	46.5741993685284	38.6152124484717	41.25624604551	42.8170862486447	0	1.25221813577423	0	0	10.4172768542607	11.5438738761158	10.5538843895158	0.204665744322999	0.690827931803909	6.5547203640894	1.36056843307474
"OG0007772"	0	104.953471184201	155.323166428908	35.1935819009591	NA	66.4844670441481	90.6109854878427	96.223834244532	87.6057112664586	0	0	0	0	127.430102872096	133.613142730398	131.966603607905	322.951792697442	215.964869753872	208.85236944113	0
"OG0007774"	0	55.9770859156049	56.0431578161494	236.000179974576	NA	NA	NA	NA	NA	0	0	0	0	37.4951765356478	52.3232214541239	44.5561391552382	2.88362328935544	13.108516497193	10.6936302456921	0
"OG0007775"	NA	48.2106690516163	42.1575810914079	35.5830361251798	45.3893484528658	37.9750148043293	52.50052175982	54.0556142004148	44.4801555318608	0	0	0	0	25.4982988819812	55.6686580366099	25.6507994080186	49.2601456131254	37.3193588453342	15.1690632111162	0
"OG0007776"	0	26.3313146585771	89.1269681415278	9.86936391649814	NA	0.751704447925956	1.63464431570679	1.85815788934527	2.26996067586104	0	0	0	0	89.5050052124573	107.673872097781	89.7512604635016	9.94095781071581	7.82337074515219	1.20630275036803	0
"OG0007777"	0	611.204049081005	573.460382494744	987.102038531571	NA	62.5404271479054	119.780205569757	118.31318767462	74.9660263210138	0	0	0	0	208.976101015942	175.93132799355	195.886343279908	1065.16003987757	668.367706469697	116.398500587022	0
"OG0007778"	0	2309.77925064376	2770.9047193476	5406.56200948151	NA	621.288831692229	379.251198348983	342.181048232303	419.659399646878	156.16250512748	351.727085976947	104.242219435529	0	1185.90415117132	1460.65379392902	1190.55245292881	729.177031346666	1141.19822032215	730.083301319522	0
"OG0007780"	0	252.774761310644	199.121363659189	160.327960384143	22.8080468858118	NA	NA	NA	NA	0	0	0	0	27.0052703705541	49.5268889548514	25.3515412388159	0.891385842653642	1.7519183936013	92.8916462782801	0
"OG0007781"	0	96.0506415666909	73.5963654957626	31.9766262041716	NA	28.9665038162065	24.97796543711	24.8097063750439	22.5150029243751	30.2384590893029	12.5900328795831	0	109.255809755682	135.941044144759	130.75339341544	137.008735761686	133.588148768389	126.915034661521	103.576398458181	0
"OG0007782"	0	98.4479686053266	129.001121839108	200.278123170114	89.1790928138905	NA	NA	NA	NA	0	0	0	0	80.8134618282812	117.926326797066	84.5053689075528	50.4407957126509	55.2710225768452	138.44855308006	0
"OG0007783"	0	18.772310597996	7.51972259783685	10.2705974745327	58.7844501087702	0	0.559050121539692	0	0.271656865766383	0	0	0	NA	19.6896188706051	20.5813360137534	20.0497418689827	38.6477151238036	39.6562643868567	172.574913317288	0
"OG0007785"	0	15.3588143859183	15.1816838870487	17.7314557302786	49.8554693856627	NA	NA	NA	NA	0	0	0	0	19.0463604184998	11.6186921369659	19.1819626117447	158.646686993735	146.713454558207	3.09271416971601	0
"OG0007786"	0	50.4720908471675	9.06693254583745	114.271808133808	302.368198515155	38.5381716034045	73.8122853042458	79.4434547118493	47.4417392512576	NA	NA	NA	0	1108.18315799341	776.0250090753	1086.46685114071	165.5235995549	105.431340863579	NA	NA
"OG0007787"	NA	5.60025510225432	2.40562740928859	5.28320606500143	54.512600092661	60.592489019373	41.8820016739584	43.6039057445025	44.4688001325206	6.57723498985737	7.54601831592115	0	30.1311332324759	47.4511497442166	38.2571501395892	47.1846118358271	38.8372001321451	54.875847137659	50.1060721036016	11.6434460870848
"OG0007788"	0	193.609481340663	36.5066318027577	86.0284012872066	62.4196374169532	NA	NA	NA	NA	0	0	0	0	59.9152967749328	83.2168489052385	62.4989924195139	56.7122198864666	173.032682713365	281.002323782045	0
"OG0007789"	0	31.6525938363963	93.5434748694937	95.7494192184865	64.8904598347104	NA	NA	NA	NA	0	0	0	17.7131790820288	15.8132352919953	13.7307050387173	16.0283298243022	7.41248243765825	10.8585859451238	19.9706443588927	0
"OG0007790"	NA	5308.73070321309	8614.68216782059	3455.33260276184	929.4256086139	4953.52676071028	5687.79080126902	6401.64017039508	6035.46391288899	0	0	0	0	7641.54691761215	8181.22194539285	7572.06488222795	23832.406054488	13045.0230223057	8372.85945750183	0
"OG0007791"	0	56.2073141273871	59.3021218056172	60.5014806000322	NA	92.5997370656835	90.2764782637162	85.5270486593428	87.6377780087815	0	11.5965289365471	0	0	18.7847700353563	23.057248588573	19.9591312168227	53.9559989193833	68.4975366346709	65.1716614579195	9.61435872256666
"OG0007792"	0	62.3280659559403	34.5445172518729	6.45857191971995	63.9222293709647	22.3098439460189	28.7526818535769	25.8921502512109	26.8912329879337	0	0	0	NA	35.2481768828282	25.8488751622029	35.2049809854276	47.4560313714879	59.2563499715242	127.391366040212	0
"OG0007793"	0	116.670738980695	172.870577591878	48.2630595209189	23.4372555537692	NA	NA	NA	NA	0	0	0	0	132.255200268094	132.106710406642	135.492156461603	21.1275921911764	16.910365728226	3.48950600316212	0
"OG0007794"	NA	43.3481351417335	24.6602735770631	19.642652641577	23.1874630011372	53.8040050231907	50.9093375787947	45.091564723002	43.588008459666	0	0	0	0	20.30797386274	26.5899095292213	20.4783545554069	15.8141102977867	15.2101410534487	19.2957213619268	0
"OG0007795"	NA	177.041346604477	348.003242134651	75.2552189032827	54.8562532588712	1075.34757486785	912.642456372735	906.453469635694	1067.6276038594	0	0	0	0	48.6139817762064	57.6082737942055	48.2818686450871	1322.15676092219	786.516667340515	118.38323658501	0
"OG0007796"	NA	104.518941361062	142.152401757886	54.4105220564197	30.5810211088998	73.5167127653548	78.752480301241	74.6988426075604	83.1905609803552	0	0	0	0	95.1894870212399	82.616396620709	93.8719413032481	289.287414317097	275.485980891916	91.820063737263	0
"OG0007797"	0	48.7790838393544	26.3274260928004	17.9344038357799	43.7045161834398	NA	NA	NA	NA	0	0	0	0	36.8605198357328	29.9093145989753	35.1585994408736	42.8359391631705	48.1494392482383	21.6921332706594	0
"OG0007798"	0	21.4012678811851	0	0.775239676763892	466.50161495303	NA	NA	NA	NA	0	0	0	0	240.482099482155	170.020327974318	234.73019250932	1919.32230179801	2073.5019620135	204.701562951367	0
"OG0007799"	0	53.4399087979235	31.4114618757096	9.41512335630126	NA	93.2887994762823	57.7817430011439	57.550355362221	81.2816466726636	0	0	0	0	257.907376457621	209.815184177998	252.791082638479	81.3639872789016	83.5329996633178	233.237442017954	0
"OG0007801"	0	64.9471711309675	53.8835977758674	36.3885707760962	58.142607939248	NA	NA	NA	NA	16.6727103130211	0	38.2089617411511	0	72.1385947443194	42.3404043804266	70.1713192034422	67.5826399571463	69.5988787422918	83.6804754584292	0
"OG0007802"	0	92.1249892934512	106.39324216499	404.512752786351	NA	117.038727700157	94.6106013106402	94.8753110146404	96.5865809128626	0	0	0	0	231.813059391612	242.988385654032	230.382964209139	298.313968269473	240.83141262368	51.3587227964334	0
"OG0007803"	0	0	0	0	NA	5.21540466126563	6.3125234466691	8.22428410564778	8.96718154874976	0	0	0	0	15.3770194196253	14.798051242342	15.4126705754091	28.6417588500405	29.5745225263566	0	0
"OG0007804"	0	9.13212646802474	3.50884201930601	8.43615028511519	69.2392618516744	NA	NA	NA	NA	0	0	0	0	9.7192169164266	6.84182019761063	9.58238544477091	4.02815880729267	3.14942775464969	2.2965558637443	0
"OG0007807"	0	684.607440206894	576.663304625379	245.051248295193	NA	126.151451553178	210.316493951116	188.613726321421	203.640161501285	0	0	0	0	1212.70832089994	1024.67063217594	1204.92031672304	1751.18783971166	1070.73087196359	587.186393374701	0
"OG0007808"	0	5.41217783891254	4.48318169445124	6.9036712260717	19.4318326574284	NA	NA	NA	NA	0	0	0	0	13.5455329558779	18.7791451986587	14.5346984877213	25.3115484709849	17.42785174233	39.3654324995443	0
"OG0007809"	0	87151.7487997496	161369.006696353	28909.7981168417	2.85347227101028	72017.255068172	71908.1881535139	78516.8462401154	80199.5513091797	258.157289777564	265.037053640713	223.849329091366	0	36739.4016153752	35427.5187487442	36632.949316709	NA	NA	71115.5265052344	35134.75450668
"OG0007811"	0	79.4313257249167	132.555697355465	122.576238472578	63.5380174578653	69.1653997366315	59.0106462157229	62.8276043300116	59.8015192618029	0	0	0	0	68.4200017772583	60.8088989179919	68.5968462928063	NA	NA	31.9466543823109	0
"OG0007812"	0	37.5391247567017	73.8074064362253	34.5202580019639	90.2073118566501	126.433362918895	108.784791495345	128.644263572205	139.143253775863	0	0	0	0	100.514155454831	170.013179732836	102.811497981868	NA	NA	281.109748378121	0
"OG0007820"	0	28.0454259191369	24.2137016125571	32.058009130686	24.8317365236739	79.1643741214722	91.6987241413013	96.8200586182481	91.2765295927289	221.163470094607	323.697932000272	210.460941168824	43.8173986930025	35.736256950661	29.1523158259792	37.9957890719552	NA	NA	101.113356665684	609.130347437488
"OG0007828"	0	0	18.7833011623924	2.25685900803817	83.6071979371876	863.403502437042	620.216865780839	658.663584925142	817.507013740925	0	0	0	0	144.221555575279	90.1172846830056	135.323016577571	NA	NA	43.9817159787483	0
"OG0007829"	0	40.737482038445	21.1666574998671	9.32665565130343	41.7708505209366	33.595122178491	37.5558716656109	38.3671692170655	36.0935706470512	0	0	0	0	22.5858427068877	28.9415022709247	23.2947835849591	NA	NA	27.5785572323042	0
"OG0007834"	0	135.051661618661	20.9228197432243	64.3127085957846	145.287734405761	138.768649999939	152.825526413576	208.624557124988	163.997494114709	0	0	0	0	429.615900526113	330.081964189942	402.767473356393	NA	NA	83.6788774065867	0
"OG0007835"	0	15.4211419333422	34.9960067967069	12.5563403906936	63.3398824983996	137.238115459291	140.510010748214	145.691975807053	138.642132332111	0	0	0	0	55.4199794588775	57.3359257937225	54.1443431231133	NA	NA	64.5129089762006	0
"OG0007852"	0	276.787200827126	317.061455572535	159.104443434926	103.579914369854	116.56508619484	101.722519609607	118.21394131454	119.202770128258	0	0	0	0	137.074470670673	138.137979588817	137.197719725709	NA	NA	79.1723712108928	0
"OG0007857"	36.3235120866402	179.776421608097	185.88714121953	253.975044624468	61.2980510426721	40.58558064411	40.5605288206905	42.3955615127881	40.568327348296	0	0	0	13.2159024588531	27.180080173132	31.4216799631622	27.2928380087825	NA	NA	24.5418636577317	6.39545434495312
"OG0007859"	0	189.487841520511	165.059975478411	287.91102923458	170.513904742932	957.129736232275	522.708777290985	462.989123783475	745.744272637667	70.8477711312323	272.822804615752	470.433003799925	882.369619724767	227.451353756064	166.971197915017	231.209794567599	NA	NA	15.4343131827646	1209.438656255
"OG0007860"	0	99.1650983731078	487.878711416124	80.6362885325194	40.7176933297518	6.60965614444698	4.38179338215272	4.35369779687825	4.87881651730266	0	0	0	0	425.184610768701	360.304729177925	433.019627491341	NA	NA	0.217967168856816	0
"OG0007868"	0	97.5457229105043	344.925579125579	59.1337281622918	13.8710640315613	7.2606605206739	4.86584421345967	5.88636182056237	5.03679238021685	0	0	0	0	141.541832292109	138.093303079551	142.308021640632	NA	NA	1.52467462867906	0
"OG0007871"	0	597.208870171089	789.897938256951	226.783464772202	407.215299679711	118.880025126018	128.771020931986	148.574677221462	143.448999882276	0	0	0	0	806.768049588056	711.339380526636	791.388575623839	NA	NA	609.963914578683	0
"OG0007873"	0	86.0830543301929	128.198535615759	41.7635666863351	188.90565218368	47.9236003072662	55.3415922517002	61.1115312361914	55.0641296533372	0	0	0	0	63.7039524009637	69.3373466933969	62.6935449462206	NA	NA	57.0917337812036	0
"OG0007879"	0	2.63130104786764	5.33174265464023	5.38157270495168	33.3860221147848	98.4347917878944	88.2546313105817	87.0526562588559	102.285362894151	0	0	0	0	81.4232150682258	86.2888056823401	81.7398345968001	NA	NA	442.770892276268	0
"OG0007882"	0	49.4077001932814	82.8768163291336	14.6287055828722	52.2955712931073	22.8256640531733	22.9494636508524	22.5096308660049	17.0566774973326	0	0	0	0	23.2922962900044	29.206285049172	21.8591081407353	NA	NA	115.971510012787	0
"OG0007883"	0	10.4056888787084	1.15509377189661	0	205.150252449582	64.1847806277434	70.4862268719045	68.3887765660373	64.8879962298306	0	0	0	0	167.057126571563	105.200038469859	164.658649173429	NA	NA	73.757718787335	0
"OG0007885"	0	456.619805233459	2562.8387409944	67.1004842650642	39.9933908430744	6.25144002915035	3.64117157136607	4.82924572560863	4.24743493615819	0	0	0	0	834.793113175951	844.272844629407	878.916382606889	NA	NA	1.01949492901914	0
"OG0007886"	0	41.0962024819382	34.8468092652451	80.6436506161531	29.5566387043594	47.6762619299034	45.6687923072743	38.3596346368418	50.2736727301254	4.88402808767273	9.70822952996621	2.87972729430054	0	63.4681117792158	38.4748140927312	66.4188022886099	NA	NA	11.2173029563954	0
"OG0007894"	0	755.501136411552	736.336210031233	993.365944689878	225.171200905577	2013.1468207854	2044.44622316887	2107.46555728357	2012.24466912961	0	0	0	0	963.430929803159	1197.55085243004	989.162814407371	NA	NA	1151.71152381696	0
"OG0007895"	0	58.5055516955431	58.6036027161539	51.1598492436039	23.1922587989112	78.6608182703912	41.1188591345122	38.1453482777427	46.6192524646261	0	0	0	0	12.5693728202124	9.99347986724202	12.0658116484539	NA	NA	46.3714693381374	0
"OG0007897"	0	112.206696919358	64.0730097846187	26.9709933919171	14.0302845176603	11.3733477870772	10.739270905633	12.5660135116323	16.9101764980928	0	0	0	0	32.250882458309	37.1712131210404	30.8980240862061	NA	NA	3.74922937885544	0
"OG0007900"	0	0	0	0	181.203326912944	107.482315313438	139.284299137276	150.700370667056	121.661912008631	0	0	0	0	295.05930793023	221.342676483535	288.612326860494	NA	NA	247.676284317731	0
"OG0007901"	0	67.7747261734193	101.186174089345	49.4401953432443	14.9595155539074	296.533575511448	236.911380117758	219.930774333651	247.713698165299	0	0	0	0	190.143813236631	136.396191414249	186.092755167137	NA	NA	2.34810635276183	0
"OG0007903"	0	135.258815156064	115.726438489456	454.76756268366	44.4175581369438	211.136074500724	184.060461022069	160.081575076466	196.947643750604	0	0	0	0	31.6656858334885	29.9539613239013	32.4338919986804	NA	NA	340.645080987738	0
"OG0007904"	0	322.398313360436	420.568170869505	169.972719399118	95.6216305207766	338.158232614553	388.063691346097	391.957556980053	346.533337849965	0	0	0	282.489177621525	292.721789175561	298.571324361531	289.951309573964	NA	NA	107.680728273526	0
"OG0007908"	0	39.4530782533445	39.6163054762292	9.74255202590833	91.1138546587421	53.4565548143801	42.8167209688028	40.065854818062	49.0226296477756	0	51.575771771461	23.0851943573012	0	13.0177877114126	9.98736216390659	14.2544164803847	NA	NA	28.5989133337051	0
"OG0007909"	0	1659.28168597907	1685.13415852173	2344.13650951522	1789.65744694358	406.064465247222	521.150846903637	650.70953143713	458.632381414224	0	0	0	0	613.085031538914	768.692104687843	589.542065001852	NA	NA	887.420383273988	0
"OG0007914"	0	28.6740941262648	25.5009014595531	132.211978935101	60.3832046592914	574.988219534919	348.141333859328	296.233163977307	428.433181013841	0	0	0	100.860902495182	29.1276139855829	20.8141304113666	27.7777542797557	NA	NA	84.0758157281184	0
"OG0007915"	0	29.7404033485824	8.60227687555912	2.02960375640644	15.3900630948719	105.427636511137	82.8227935400024	110.754706893138	89.2291686915111	0	0	0	0	23.6321348704922	32.8439655709339	24.1129179254964	NA	NA	7.36648630972232	0
"OG0007916"	0	2176.76625984043	3206.26237387686	3407.47905914304	4687.13869878456	111.378297091037	319.472733785067	367.333969226111	145.889844856736	0	0	0	0	1387.06028828067	1229.92642947783	1392.2934247069	NA	NA	745.104988638502	0
"OG0007919"	0	13.4328827998786	12.7504507297765	7.45472318605123	22.5489641877775	49.6288311036775	47.9614502246427	43.4249735358427	43.1590057481581	0	0	0	0	55.638006129315	76.2735236785765	54.4681113001417	NA	NA	82.4483774879044	0
"OG0007920"	0	1716.21131519433	3290.05608697584	1779.56899099823	1194.69077509301	7234.75908153315	5563.47036975425	5794.94490360475	6041.91938825034	0	0	0	0	6018.3824055004	7943.1259353468	5892.11561780181	NA	NA	5648.49179843642	0
"OG0007921"	0	103.199795931391	333.064932081572	157.591535248208	276.994317606542	215.227784897789	189.470432912387	192.524463249036	182.065405762589	401.33388311892	591.558284649363	850.052646081072	0	415.12611022354	368.248212525346	407.403544808288	NA	NA	309.966125619775	840.693459608033
"OG0007922"	0	61.7662064498539	283.646942776336	21.4260849473127	9.26375481229595	NA	NA	NA	NA	0	0	0	0	131.827471203532	123.303591452272	132.592337858684	NA	NA	2.34448410191895	0
"OG0007926"	0	8.27618568156314	41.5907603702013	2.07310753561168	39.6892002414051	54.072930707889	48.7648515581059	58.7649441838488	53.1391190985189	0	0	0	0	10.5608012516948	7.33385748632227	9.91502721670047	NA	NA	94.6790672640544	0
"OG0007927"	0	100.329202732232	47.9553155136231	96.2475868776975	85.9349411539255	66.427307849918	99.933184377018	96.8208048314818	81.0590657553636	0	0	0	0	88.6077592162413	149.539424753394	100.234128320428	NA	NA	115.508074978478	0
"OG0007929"	0	692.120969010328	588.902512570109	327.688796562129	247.051548669973	124.959987572478	125.176731980908	112.503598879663	137.287155279056	0	0	0	0	260.402092699729	276.488619361737	252.951612774719	NA	NA	169.669159241954	0
"OG0007930"	0	28.056937329726	166.552878638374	8.47529202976748	9.43350961076264	0.349154440708438	0.325483813663198	0	0.746865866682577	0	0	0	0	401.460423275978	326.753862093051	390.522884461057	NA	NA	2.86363343810157	0
"OG0007932"	0	12.3260865983359	6.48159355522895	4.77673458895857	19.0250119833941	10.5623531613692	8.34950674983564	10.1734220511935	11.6622969270399	0	0	0	0	16.6927406599016	13.7972974347929	16.8378199086234	NA	NA	32.1734001826222	0
"OG0007937"	0	38.2848774913531	64.4500861327908	27.7116803561603	106.431906794694	105.555828490429	91.9568915337594	99.22998685799	106.022961777761	0	0	0	0	174.93327934327	232.49298009736	177.348306482823	NA	NA	59.0693229362288	0
"OG0007938"	0	10.0213051562324	22.0112751173402	7.83626317036571	17.7847364653446	311.594745719272	230.298649000131	197.26784373925	306.092145703584	0	0	0	0	21.4179467401407	16.5089828411768	20.980566698758	NA	NA	14.5687727926335	830.863232007502
"OG0007941"	0	101.334636296749	230.58534158142	157.284168256503	107.921070514939	65.0290718714495	64.3781765682657	67.2584446367181	81.5268629374857	0	0	0	0	219.482031412939	172.229134592409	214.68822718673	NA	NA	355.88792092558	0
"OG0007942"	0	102.004579651755	347.747899095731	15.8139826426825	14.5031775827419	2.80981835131784	1.74661527832597	1.73908978744577	0.848932421217348	0	0	0	0	67.1204435068236	59.293489594307	67.0466056561963	NA	NA	0	0
"OG0007943"	0	1134.17987691258	1282.58196071437	435.413871824704	168.940883073039	97.6485476482317	91.4558776686346	91.089887196764	99.7576233355932	0	0	0	109.064666225122	501.550134286943	402.478996512563	501.270486903141	NA	NA	600.594048332812	41.0988715374031
"OG0007944"	0	75.6159672062371	138.145037713213	31.0809992818022	32.474676115688	27.2335258381301	22.6910795688789	21.6897381314769	27.3003668943944	1752.09940530144	3015.29910727667	3011.32657707875	0	47.5829507858429	35.903055513367	47.9595585705072	NA	NA	247.966659215569	549.439891998301
"OG0007945"	0	56.6039911139038	74.052172038213	0	101.95427594724	206.8030746119	234.256916579167	257.231293313864	205.508206431506	0	0	0	0	481.26734136005	343.297275630702	470.295669421311	NA	NA	373.953009197838	0
"OG0007948"	0	26.4425397744043	45.2622444000169	123.327784510181	163.184281470638	106.251172862957	146.113651863706	155.665151899226	126.367486378635	0	0	0	221.033825720721	242.40431362082	270.727732413638	239.550956938031	NA	NA	102.969138758052	0
"OG0008055"	0	503.324501772734	1277.2255095382	1020.17619925579	663.176618477136	7.61521955742707	6.24422312875875	8.47353381527667	6.62017895255886	0	0	0	NA	8610.70078738066	8701.9713373925	8468.72845463721	NA	NA	689.967761041266	0
"OG0008057"	0	767.416379728899	393.234032577475	166.439606382766	569.414661310349	NA	NA	NA	NA	0	0	0	NA	2.56552114904857	11.4373055093477	3.61199749886186	177.273275089148	263.5906534283	314.11218234434	0
"OG0008059"	0	34.437836666953	12.3185387217201	17.7895548402876	NA	NA	NA	NA	NA	0	0	0	50.3600737820906	17.7623407971831	24.461758902525	19.2958334696316	79.2452628958558	227.071023475967	68.2343278139647	0
"OG0008066"	0	5.82871460135551	17.9632714465594	1.51474257255606	2.47778043521347	2.84868160890164	2.59408179303319	2.42574491748482	1.90852032689271	0	0	0	NA	24.7693565362266	22.1015465729674	25.2672435849342	NA	NA	1.01927919202041	0
"OG0008068"	0	0	0	0	NA	NA	NA	NA	NA	0	0	0	0	106.197648755802	113.487983660586	105.877193096672	3.69280020108352	1.10215588390112	89.1120761095827	0
"OG0008072"	0	34.9138179388525	273.448827411237	28.6534380945782	71.43162654839	NA	NA	NA	NA	0	0	0	NA	53.7154451458039	46.1397542970509	51.8510257053415	14.4125392609907	89.3650314632146	0.765724296438933	0
"OG0008075"	0	9.43759367424303	0.683385931887812	0.401794303404621	NA	NA	NA	NA	NA	0	0	0	0	12.739611207715	5.02369476907855	14.202820483741	1.51122335908652	4.44840394818664	0.24203649302377	0
"OG0008076"	0	15.1028151333126	6.47430069081794	1.43072892815659	NA	NA	NA	NA	NA	0	0	0	0	14.7159331424158	11.4973507378006	13.8151735327761	9.64958622631891	7.01020006587984	1.86154395706639	0
"OG0008077"	NA	559.147065149801	685.579358283184	1526.63540515926	NA	2.20972450401007	3.96261359250389	2.20942871311768	3.85043609100785	0	0	0	0	1788.44301831106	2617.29883447549	1844.41627727777	0	1.25609207607207	580.643433799085	0
"OG0008078"	0	6.9631573739964	17.0963651282109	11.5048139852978	10.7903175338102	NA	NA	NA	NA	NA	NA	NA	0	8.5804559167759	8.12508442228367	8.2225104978368	13.8350216727925	9.45966667315372	NA	NA
"OG0008080"	0	15.3587625327174	6.8881846638227	16.2870149213543	NA	102.443482617417	79.2286404018448	80.2015493989661	85.1114217214611	NA	NA	NA	0	96.1967244551415	103.40288716501	92.7124026894	4.25283452427249	14.8674087642656	NA	NA
"OG0008083"	0	NA	NA	NA	NA	333.318957649067	295.908784573695	292.683087119589	340.013452349718	745.024619088467	1671.36035413612	847.989981860155	0	132.418633559711	120.44334176041	130.769918098344	367.460645110241	261.448529308331	205.389613050198	2342.41759092308
"OG0008085"	NA	0	0	1.20200125979814	NA	146.390245859712	83.747000466588	64.8854865535927	108.420170832276	0	30.8856185836962	20.0998795426287	0	29.234095353423	25.8280261245456	28.132836942703	0.998118629428059	6.24981129464348	6.91152982824412	0
"OG0008087"	0	290.199549759467	170.553747765633	58.293837121085	NA	169.97202061326	146.985570815753	140.164202046826	170.329732583998	0	0	0	NA	88.5106426592535	83.4467840062587	88.8935629431936	40.3162636193388	176.129385335068	394.891039560179	0
"OG0008090"	0	NA	NA	NA	505.633291371148	572.797834816529	430.734073892652	462.766672547161	557.135754993235	0	0	0	NA	101.163195810526	130.704404133814	98.5034995808972	5.65816409931596	18.0322414931502	56.0623220526955	0
"OG0008091"	0	9.89442037374789	7.43885159757435	13.3962314319004	NA	NA	NA	NA	NA	0	0	0	0	133.026791313362	144.002516038412	129.210095645643	77.1328431576121	77.1470322419748	54.7101482423425	0
"OG0008093"	NA	24.9675236229724	43.8226923473864	26.710927787558	NA	306.974839972031	294.515751444233	329.406051546506	377.541248916538	0	0	0	0	30.5391337724306	46.9180190884574	29.4252711797191	94.8624742867431	86.524289869187	92.0198202175686	0
"OG0008098"	0	2056.94388331196	1510.38376626106	4047.35455816269	NA	NA	NA	NA	NA	0	3.96808650637653	0	0	965.525872675323	1009.29833886783	960.471524226873	916.401945769742	835.076401234225	3600.09119065929	0
"OG0008100"	0	1270.88565563841	662.323842558317	106.972302211033	171.157911872593	NA	NA	NA	NA	0	0	0	0	NA	NA	NA	916.781436889567	263.696633595027	1492.69583569858	0
"OG0008102"	0	62.6054805804977	90.4754985658225	5.34260274225084	NA	82.6621838421766	56.8744447832077	49.1047429625038	80.3050571790186	NA	NA	NA	0	0	0	0	1.42049709551953	1.60267560881397	NA	NA
"OG0008105"	0	11.9583333272543	6.85993177307014	4.18099478132272	NA	NA	NA	NA	NA	0	0	0	0	19.0261740484402	25.2033293876547	19.1328731626435	5.72351978952713	6.6232589071477	35.3072242359851	0
"OG0008107"	0	94.4768949344198	56.4387725143128	167.282061883105	23.9886626795519	69.2924818286577	57.3374310304863	60.6287385187844	65.5953508398941	NA	NA	NA	0	NA	NA	NA	42.6160040541093	55.1807501848296	NA	NA
"OG0008108"	NA	35.3941034462754	33.7730064248161	24.6307078363236	26.4787505020816	64.31773402341	47.5964258371946	43.9837278625235	49.2688519280431	0	8.70464639820863	0.860627063922483	2.96532744060746	28.3730896733676	33.7050683940007	28.4341543865221	NA	NA	66.7334153283762	0
"OG0008110"	NA	7.26556679696046	88.7178811289563	96.3099805364928	75.3866524612651	NA	NA	NA	NA	15.725917228373	0	0	0	473.762312573975	282.044590054005	472.195368611424	1.94788063322327	8.14494485104951	68.8709783508959	0
"OG0008113"	0	68.5789693186316	99.5661561171293	18.4796274795494	168.021734173941	30.5132427109467	24.9583404700429	25.1570939920856	30.2788642484674	NA	NA	NA	0	NA	NA	NA	3.71586065187925	3.22843029143572	NA	NA
"OG0008117"	0	44.7307488892474	332.217809281668	20.6959827574631	NA	NA	NA	NA	NA	0	0	0	0	62.7058023020374	69.1612616782115	60.7138584217872	1.18205057937368	0.616068386692906	0	0
"OG0008118"	0	46.8220403328036	28.7359270391222	20.070082947208	NA	39.4575467206964	39.7364160167932	39.0500629977194	40.4629472303878	0	0	0	0	28.5437353711786	41.2231938053919	27.9045397593298	NA	NA	38.2701455228643	0
"OG0008121"	0	13.6037909498863	16.7412991273107	37.2129400909754	NA	NA	NA	NA	NA	9.71047195065977	42.3518500749823	7.14869810589941	0	21.1661373816653	11.8427301456064	21.3497443520413	47.6819073958435	87.7758020880541	155.338629344831	1.61586233628169
"OG0008124"	0	22.3175657934383	16.4951417573057	15.7705034037561	NA	NA	NA	NA	NA	0	0	0	0	8.98210224888954	7.09159166874476	8.43477549762094	2.73744040016297	12.7251900191475	68.6673998632671	0
"OG0008128"	0	9.07322123185703	125.031799453576	5.96366198251678	NA	NA	NA	NA	NA	0	0	0	57.0221268205483	311.358456461511	212.287879860302	309.004542569537	0	5.44643431827849	0.912336674917438	0
"OG0008130"	NA	NA	NA	NA	101.070314501524	57.9022637551281	46.3840374737945	47.1094557130883	36.985327888261	0	0	0	0	77.8607716510071	62.242907641795	76.9857887701278	241.979833082067	251.181747969229	599.76350527803	0
"OG0008132"	0	96.0880257281569	190.646238709696	154.413569146345	221.116669040029	NA	NA	NA	NA	NA	NA	NA	0	4.08074546389629	7.1777220217409	3.83169604379561	1.64080805840552	3.09579989778285	NA	NA
"OG0008133"	0	80.6934844868517	47.0579646317543	88.4454322408066	50.6251487733684	0.958232554382148	0.282206820192995	0.737418060233849	0.85662843937484	NA	NA	NA	0	NA	NA	NA	1.3867793701447	2.47264976494901	NA	NA
"OG0008134"	0	69.3075067906002	119.297715222021	89.0867335300233	72.2575999478777	NA	NA	NA	NA	0	0	0	0	NA	NA	NA	1.45331762144173	10.7156830453103	42.9226071201681	0
"OG0008136"	541.475744271129	448.254846872037	524.33097148167	269.195201571784	285.089624249164	NA	NA	NA	NA	NA	NA	NA	0	454.65601736602	347.067377325927	448.590772972872	18.82649383291	30.6281735589503	NA	NA
"OG0008138"	0	28.9221111529977	11.1317867500643	16.5522155790479	NA	33.0149286098734	32.502238926451	29.7526590589313	24.0766469879029	0.433983419461906	7.85810716223021	4.83463036451176	NA	6.71739963511054	8.04850292853456	6.67222125781185	58.8972764074218	117.857647887527	49.8920663277009	4.544335591925
"OG0008139"	0	76.325837525899	89.0416991543304	4.17009276247521	NA	547.394735058484	458.498988372672	456.107987274521	536.966402831796	0	0	0	NA	225.605230331017	108.414995817818	228.213863233294	878.491389115119	649.7524794344	3.73041231841065	0
"OG0008140"	0	256.346565344922	234.517828519207	828.008638222096	108.197034421138	NA	NA	NA	NA	0	0	0	0	88.0944288435917	136.249652463858	86.6911339113815	NA	NA	82.5760440739841	0
"OG0008141"	0	21.3615483293326	7.81649393140686	40.3800471194794	NA	NA	NA	NA	NA	0	0	0	NA	28.7928400927275	23.2442882838304	28.1983169531178	17.4077062660773	16.7291207180931	42.5853737910834	0
"OG0008142"	0	4.84553643064362	31.0037666311554	1.77428669599108	55.9294157779135	NA	NA	NA	NA	NA	NA	NA	0	8.57747305109699	10.4815856231383	8.40464138035088	14.5816249848588	29.7900786154674	NA	NA
"OG0008144"	0	0	0	1.39474060932738	NA	4.55428921203994	2.97802424129519	2.71544242719079	6.45107404377967	0	0	0	NA	6.54358180879324	1.79707386556677	6.52850790314462	0.749901126270502	0.294300299240422	0	0
"OG0008146"	0	22.1971626610603	32.9442623855037	42.0688477543443	NA	NA	NA	NA	NA	0	0	0	NA	20.167709806862	23.5865758703517	19.4876780917911	24.3104557466145	23.500543683331	70.8216625275404	0
"OG0008152"	0	0.475234067275258	0	1.4113237027122	NA	NA	NA	NA	NA	0	0	0	0	19.3212696511843	12.7216062290357	20.0873055032923	13.0466137159609	11.8284274833692	9.79610218451462	0
"OG0008153"	0	2.30638370600982	7.11251911131545	5.63053996823301	18.5567860789345	2.12940751196223	1.95279287351328	7.74572234482796	5.71296051147228	0	0	0	NA	1.25069476847601	6.22927547123995	1.17441125882335	NA	NA	1.93945342341846	0
"OG0008154"	0	29.5235532626199	41.6663797658116	5.86571559484062	NA	45.3704711335324	43.0442076112761	40.7862766040606	37.6058633653845	0	0	0	0	10.3607411443	10.2418216900797	9.72519616458905	NA	NA	1.08581851951349	0
"OG0008155"	0	129.171840569229	148.817114870387	79.8448031912039	NA	NA	NA	NA	NA	0	0	0	0	32.4329690657641	24.5318116690534	33.2180733822014	107.925455830556	107.012527101086	0.756278034436927	0
"OG0008157"	0	5.65718421293757	10.0792767663103	0.654753043029335	29.1732489280213	NA	NA	NA	NA	0	0	0	NA	10.8433965587353	17.1395768772908	10.5216950421278	10.6416463345784	55.1306934810808	1.87369802913476	0
"OG0008158"	0	27.7524034811231	37.7635838915096	12.7837674242767	54.619751917213	NA	NA	NA	NA	0	0	0	NA	7.642712316296	13.5547337738203	7.17460004144279	4.13959340417149	7.57631394398479	243.240802648368	0
"OG0008160"	0	57.1334122946013	105.743750423551	57.394926709415	NA	NA	NA	NA	NA	0	0	0	0	118.946277929523	85.1230466339034	119.865047619427	36.365676191747	61.4907336116353	16.2054886115995	0
"OG0008161"	0	14.433805135922	15.4731201098854	0.455616042822439	18.3317862662926	NA	NA	NA	NA	0	0	0	NA	53.895804465924	82.7553107801855	52.1788210224659	133.664531965031	216.19480886561	19.4212128218877	0
"OG0008162"	0	720.417260715186	637.792539484196	1022.35414899742	NA	NA	NA	NA	NA	0	0	0	0	302.450787116655	283.231198140099	295.56222666289	260.56005778955	414.226320406894	305.052204984916	0
"OG0008163"	0	172.601677190432	99.669425304018	98.9247007979038	102.391378658647	NA	NA	NA	NA	0	0	0	0	150.577834230127	113.63678622078	151.457267338043	NA	NA	61.7225328979765	0
"OG0008164"	0	12.4872359759433	24.5296329524995	37.6074250723457	NA	NA	NA	NA	NA	0	0	0	0	46.2310883125733	30.2993703092033	45.4275983853225	26.1859784564157	21.6241175188553	62.8580375126913	0
"OG0008165"	0	20.949419088962	11.3551569000983	15.6527714163144	554.550428666617	192.687528355223	118.995750138757	117.485840052544	160.531142145571	NA	NA	NA	0	NA	NA	NA	15.8358128250865	13.9899497588554	NA	NA
"OG0008166"	0	289.672202706804	80.7282048639216	433.962314334934	NA	NA	NA	NA	NA	0	0	0	0	105.644084380972	86.4508324892766	101.113850131054	8.45557137100137	9.95011827843111	11.6267593506929	0
"OG0008167"	0	162.458152396901	321.471504496901	123.89711897785	32.3072342619763	NA	NA	NA	NA	0	0	0	0	44.1535570516974	19.0940848046416	45.4497476558505	NA	NA	37.8202051485582	0
"OG0008168"	0	41.1292333731699	126.737179197523	10.0554688016595	NA	48.1802073328938	40.7490371548714	44.1682164126248	51.0842893004991	NA	NA	NA	0	39.4562581077984	46.9087204176622	37.6834288107505	2.42281437589951	10.594326291893	NA	NA
"OG0008170"	0	0	0	0	1.8583990420091	NA	NA	NA	NA	0	0	0	0	0.843134731731506	0	0.791688528127541	NA	NA	0	0
"OG0008171"	0	27.3847124338826	36.9021722732935	8.85581972758234	NA	NA	NA	NA	NA	0	0	0	0	24.8199466683187	29.235241458982	24.0353746486134	37.1307933357612	71.6744341587477	158.081228111999	0
"OG0008172"	0	241.426429038211	222.214784802299	407.448751739455	141.335640780667	NA	NA	NA	NA	47.6306726051474	61.6868873087058	32.5503427123118	46.6869114480839	119.49054686247	142.66126766158	120.513854605617	NA	NA	209.449286194612	16.0181607367447
"OG0008173"	0	61.7084202057606	63.69166534786	13.0388022714861	19.0185171029801	NA	NA	NA	NA	0	1.06560119697877	0	NA	76.2066685785978	51.4078295636116	76.0539293819485	28.7813097378738	29.2564874010268	82.9644150620271	16.6250157525703
"OG0008174"	0	123.685439991934	66.3124573090976	22.7166293121152	NA	1502.7891902966	1398.38239297667	1393.87133982644	2057.57158786189	0	0	0	NA	1025.19081684014	940.937322823587	1031.94423458237	599.460176973164	866.386916741629	253.925998731558	0
"OG0008175"	0	18.7105015825806	13.9257524281762	13.2128541987253	NA	14.5040067999888	21.1223045197988	18.6966985855235	13.5505250421349	0	0	0	NA	75.853303049101	95.8268234297892	82.9967189074515	408.068134822174	245.816265465803	8.7200717325361	0
"OG0008177"	0	NA	NA	NA	86.5405819013932	795.455038593879	515.747373661583	430.245489943363	591.1326511249	0	0	0	0	NA	NA	NA	332.196075133198	390.033186871487	177.902588676202	0
"OG0008178"	0	997.624472469212	1645.11618879568	2111.12042744015	1756.77745740459	2.646148825548	2.469540665522	1.63788733442269	5.60014845446107	0	0	0	NA	2115.04599946087	2226.23045670408	2107.04135829688	NA	NA	62.1797532862315	0
"OG0008180"	0	142.58074638235	115.172514818544	646.274376711236	NA	NA	NA	NA	NA	0	0	0	0	297.410437808991	355.115701548425	293.357020293081	1088.43994080968	1407.53962682791	714.173807421406	0
"OG0008182"	0	70.4340175791068	100.232070721172	55.6687635001093	NA	NA	NA	NA	NA	0	0	0	0	105.064159797816	98.5909292737114	103.013549321167	116.825310671041	110.353741107452	31.2464191381819	0
"OG0008183"	0	9.2439738222622	17.4289253124248	3.33561285273912	21.2618268743357	NA	NA	NA	NA	NA	NA	NA	0	16.6385634948962	19.2716590368025	16.9539126369081	3.25861470889263	11.2452887185034	NA	NA
"OG0008184"	0	20.6429666719276	15.872000823663	15.4130742433418	NA	17.4641871287499	15.6675143655908	14.9859178253819	18.5160915288158	NA	NA	NA	0	8.57968592121693	16.2688614960441	9.02346700286114	16.4082018284961	24.0849391401964	NA	NA
"OG0008186"	0	0.49544022258321	6.83354385146085	51.083903215853	NA	NA	NA	NA	NA	0	0	0	0	88.1803076275566	110.20640470201	88.483488987901	5.77099299264142	22.015676384852	45.3891113583235	0
"OG0008187"	0	NA	NA	NA	79.6124354141846	NA	NA	NA	NA	0	0	0	0	37.9348499655535	42.0753952411989	38.5993740522056	112.989298038412	70.5282869544279	15.0063282651606	0
"OG0008188"	0	94.6020166981444	30.7524133272188	13.9754433617787	NA	106.631309251769	117.520278566321	95.7398823609368	125.16278288274	0	0	0	NA	80.1428858760747	78.2648271789584	79.5410924811793	1.6781509545416	6.84332861585927	32.2591622981667	0
"OG0008189"	0	76.408802647262	66.8346486692139	95.0297755432961	NA	NA	NA	NA	NA	0	0	0	0	307.472059957769	240.995515497391	297.928865803789	5.10045764497703	4.89791125534724	117.84877702437	0
"OG0008190"	0	225.500236928571	198.839113105267	35.8113834192172	NA	327.325732892492	284.361698414671	310.775352985826	604.284555121979	0	0	0	NA	154.029634141349	180.244100354654	157.825703365717	283.120986727872	279.974997953995	113.740895982708	0
"OG0008191"	0	533.623571507295	466.863199922943	414.333158846685	104.604296774395	NA	NA	NA	NA	NA	NA	NA	0	133.268889016138	164.147034928906	131.413219011955	404.578756410497	345.338890308846	NA	NA
"OG0008193"	0	3.75149611651047	16.1643648918446	6.46550454847498	122.453707998293	NA	NA	NA	NA	0	0	0	0	193.727414189479	195.030833547982	200.870970650456	NA	NA	14.9848877362745	0
"OG0008195"	0	12.1726944595759	25.2623524213763	4.02339711100482	23.0768307976292	NA	NA	NA	NA	0	0	0	NA	17.9678116841815	14.0826314073024	16.8664959234449	141.285877585533	76.9652573310083	0.532151263534066	0
"OG0008196"	0	131.475864887917	486.387663946851	104.840978999088	12.7985866264868	NA	NA	NA	NA	0	0	0	0	311.43337494833	269.430922271355	315.112603159969	NA	NA	3.1255053057164	0
"OG0008198"	0	506.031238857201	1101.69943856918	331.277812333539	NA	304.048067249994	287.223955722208	328.559860229082	289.962574315175	NA	NA	NA	0	233.526472932753	257.972886861709	218.283491224158	869.541460845724	1060.83686639843	NA	NA
"OG0008199"	0	22.5683797259587	3.15425664229456	0	106.52645252224	NA	NA	NA	NA	0	0	0	NA	49.6794197753314	61.0674269849421	51.072329564365	116.555423376239	67.8715912749396	74.1342908259413	0
"OG0008202"	0	32.7554077121136	16.2833146650623	8.24817174966904	NA	73.0527798879141	82.093478154879	108.43782347437	83.8922567535382	0	0	0	0	NA	NA	NA	156.309118690152	237.716352723097	76.7304592149795	0
"OG0008203"	0	756.015022373274	927.249259948312	2293.34426751265	410.117716492575	NA	NA	NA	NA	0	0	0	0	379.385829872661	736.965826241375	381.779824445742	NA	NA	28.78508637335	0
"OG0008204"	0	0	0	0	18.9783146153541	NA	NA	NA	NA	0	0	0	0	124.699740241355	45.062156893565	127.555496533787	NA	NA	212.634425468249	0
"OG0008205"	0	26.3725898064552	32.6911461754118	46.8011337633646	44.8567682589162	NA	NA	NA	NA	0	0	0	NA	25.6434534501933	34.7202002540514	25.9905025618062	12.9611372816234	14.1865808181935	152.295539123856	0
"OG0008206"	0	42.5579960671529	24.335898844482	61.9752470420972	245.043479630575	44.9939418783368	49.8715910503537	57.2957734881261	44.3608169496474	0	0	0	NA	96.2993905296714	129.813256695663	90.2579302343383	NA	NA	204.982109830374	0
"OG0008207"	0	29.0251402960319	43.2839575047703	8.41657941278904	61.2738528173321	NA	NA	NA	NA	0	0	0	0	66.6771757931438	58.2677586396445	67.0697269950233	NA	NA	11.7634815638798	0
"OG0008209"	0	87.5931232454006	235.455601796862	25.3239725816732	21.3106069888376	NA	NA	NA	NA	0	0	0	NA	20.6369908840206	21.3167113562649	20.1811793897021	5.17742280883154	0.761080481074549	4.17609122113688	0
"OG0008210"	0	31.3398153288579	121.764113717866	99.9391810144029	107.926277381093	NA	NA	NA	NA	0	0	0	0	178.91297711069	128.389565267066	175.849932633312	NA	NA	36.403532190231	0
"OG0008214"	0	46.3021119175861	167.486016413133	8.50412556896802	7.94189592296994	NA	NA	NA	NA	0	0	0	0	236.84924656112	180.123771623032	238.072718789	NA	NA	0.130576372142862	0
"OG0008215"	0	11.5011436553435	28.2300657570764	32.4538438273891	10.5292973334751	NA	NA	NA	NA	NA	NA	NA	0	21.8145985064664	19.5493682183974	20.9460582741423	11.9189431228696	14.1392682437619	NA	NA
"OG0008217"	0	137.65624789745	288.992278198267	62.0384382599528	NA	2.29801048663214	4.12702871452073	2.60203105628995	2.77629453713933	NA	NA	NA	0	31.1127457793818	23.1332582230036	30.6080005658442	58.7859266807614	79.6320022013059	NA	NA
"OG0008218"	0	4.9316853385389	3.46808177330404	1.21343948373697	NA	3.50775432449567	3.92525145796992	2.31994071959016	3.05145233665579	0	0	0	NA	13.6069036829972	7.82226108561364	13.7765546479244	19.981419890454	27.0532922099811	0.238494144773018	0
"OG0008220"	0	86.1386788143427	73.202330651448	82.4688338503315	NA	NA	NA	NA	NA	0	0	0	9.27212697101365	7.11772795680792	5.17059112334316	7.84965981505219	3.89660276860948	19.4419007233127	38.4617341826418	0
"OG0008221"	0	37.2675176906396	21.7426638899883	5.42808266830734	48.6672077200429	64.4567030080615	59.277790231093	66.0180643674017	66.6200593098131	NA	NA	NA	0	187.387090397564	202.781910062166	184.608268007611	NA	NA	NA	NA
"OG0008222"	0	21.2976133326822	20.5252380129296	5.38391016650537	18.449817700652	NA	NA	NA	NA	0	0	2.95731348207693	0	73.599921451108	48.229780969174	73.037462583145	NA	NA	50.9829409056825	0
"OG0008223"	0	0	0	0	205.303443932765	NA	NA	NA	NA	NA	NA	NA	0	1008.64562397789	206.531758406524	994.432813257136	490.954815063975	581.12331921766	NA	NA
"OG0008226"	0	NA	NA	NA	46.7573840236164	52.0087623694578	54.1645016664368	49.6439001358145	67.0733132811523	0	0	0	NA	21.8727297027205	20.4835838114803	21.6115778917312	8.84273718344087	10.4889706511485	286.329118866532	0
"OG0008228"	0	173.291426825273	79.678264350073	150.891413364468	71.9787476011907	NA	NA	NA	NA	0	0	0	0	261.234520331052	271.210238713706	263.387460299352	NA	NA	493.078895986294	0
"OG0008230"	0	6.01160084076001	13.5498822789525	8.96640435882962	NA	15.0662201948873	17.9236386072426	17.0393807278702	13.3687506263399	0	0	0	NA	17.4422030039699	21.9431951535264	17.1229830874901	24.1113865869852	24.0599581008965	43.5803830146499	0
"OG0008233"	0	179.319776249908	376.334071896184	225.244789292767	NA	NA	NA	NA	NA	0	0	0	0	387.417369135549	441.582617581037	398.856287121778	250.1949792484	156.17880819901	351.028955517969	0
"OG0008234"	0	4.70701578988797	1.51397452774587	2.22833093395773	4.08952748701858	65.0355092175958	63.6116484428213	59.2932341741446	53.548881764633	NA	NA	NA	NA	13.4244216724172	20.4087655506302	12.6021711624811	133.63300874102	102.163934473327	NA	NA
"OG0008235"	0	51.1859020100942	51.1573097989134	124.940203527346	NA	NA	NA	NA	NA	18.0822994289984	26.7344771176409	5.15503476818724	4.71892011106353	35.8924065005034	29.2036640272951	36.5552532862362	0.241808589229786	1.41539351418357	94.7699830967908	0
"OG0008236"	NA	86.7784057536163	112.399185082603	5.67266949182664	29.8808346338863	NA	NA	NA	NA	0	0	0	0	806.831522194945	235.918179141055	802.78336852547	298.870474416436	240.686636145919	309.27494156372	0
"OG0008237"	NA	0	0.291469625269181	0.678827056511407	NA	43.137128228489	25.5445633617275	27.3624299574498	32.8728310613168	0	0	0	7.27435086946898	18.1260833839053	21.0590768307225	18.9720928179669	0.0330540402662239	0.231718064536648	115.5369286923	0
"OG0008238"	NA	36.8092909547118	74.7290352173261	47.0408922870342	NA	63.2064150022315	102.524494907401	98.2204980037961	96.9786314195408	0	0	0	0	176.121569786985	185.242508211288	170.478560946648	116.923396394983	97.5187859156233	220.947979446265	0
"OG0008240"	NA	194.147287183938	241.119188483529	408.047473190962	56.3958413671398	NA	NA	NA	NA	0	0	0	1424.5190243244	29.502830740402	30.6206897207093	29.2053060103376	9.05582213564154	8.3520225606738	145.679737667122	0
"OG0008241"	0	73.2836102319205	160.466213175753	18.251341536209	NA	NA	NA	NA	NA	0	0	0	0	96.2182288356173	66.3553386216167	101.576971242094	34.7463524229366	20.9882365184934	84.0326683283724	0
"OG0008242"	NA	2.3356859498112	3.11040667129403	0.495138775302779	NA	2.68518356071448	0.625433440071824	0.933722854214322	1.51947315357493	1.59643424571495	4.87936341427223	10.9796530318007	13.969718684495	41.1009755586645	31.0618494006693	40.7534774028657	0.213545594040555	0.501022184453319	6.15497657376766	0
"OG0008244"	NA	1051.35994451199	1731.18312298969	779.110905741259	NA	828.494516881225	968.446627432951	926.657446505379	890.708474618641	0	0	0	0	243.551329527814	186.624699463636	236.909847369555	44712.4378804843	30951.7433092372	69.9301094046406	0
"OG0008245"	0	388.370103740236	535.440063796297	85.1909642738777	NA	203.754214290537	296.345151488481	320.206618884991	268.807327017221	0	0	0	0	NA	NA	NA	1499.85074980871	1104.73915046509	619.928700013234	0
"OG0008246"	0	2.71685364395312	2.2228854850722	0.862498773031859	7.76143690387153	NA	NA	NA	NA	0	0	0	NA	19.6477893821311	15.5383112165332	20.1094546359234	18.1819045875275	17.0247236550648	20.9313274226689	0
"OG0008247"	0	7.48003163568374	26.1347126146623	3.72374803697543	35.0811236944958	NA	NA	NA	NA	0	0	0	NA	37.8180197186628	55.9066349092979	38.2323488358702	86.2519056481431	29.5958226473657	2.184869796089	0
"OG0008249"	NA	11.2173510870813	40.9198354012957	3.17748756642747	NA	18.7835767157987	14.5149312219001	15.1601115243214	17.4967526663367	0	0	0	4.76334675373302	3.82344416412324	2.79595721659461	3.59041063927831	0.66765824725754	1.47606148212584	6.00960712449995	0
"OG0008250"	0	38.7568971787075	50.451683414108	60.7961479974694	NA	NA	NA	NA	NA	0	0	0	0	143.355137149009	118.986053596846	142.296912288643	7.71333281302892	16.1869564651654	21.7058054919781	0
"OG0008252"	0	73.3494637970024	35.6131021220435	14.8683414051479	NA	NA	NA	NA	NA	0	0	0	0	28.6664490778296	12.3479319055383	28.2270581342594	0.712404251309437	0.97710874967816	28.2140047913208	0
"OG0008256"	0	32.2377572080095	20.4125975880573	26.3273018795473	NA	NA	NA	NA	NA	0	0	0	13.2562549819715	16.4908769593056	15.6050281370365	16.961064282251	326.345389005393	266.20230753693	72.3873094298466	0
"OG0008257"	NA	59.6612558361293	0	55.3974707182089	NA	192.387303849606	125.618803038371	198.305804612942	143.404357946886	0	0	0	0	358.167943239915	434.921647892933	348.972519353333	1520.35296973278	767.505528682373	91.4165556470458	0
"OG0008258"	0	15.9386368778437	6.3439105844975	12.2421021209301	NA	NA	NA	NA	NA	0	0	0	0	2.8733091846614	2.52008870718148	2.96801613744159	8.38520183555531	5.10984320125656	1.95524750246129	0
"OG0008259"	0	18.8798022833619	22.0441208425501	55.7992564325159	NA	NA	NA	NA	NA	0	0	0	0	19.3127372605233	19.7634580507981	19.2350097674921	51.417894413822	39.1073439101709	69.6550403008089	0
"OG0008262"	0	156.228508846559	156.04131872587	120.417307447007	NA	NA	NA	NA	NA	0	0	0	0	143.05476951204	264.204962060862	145.397115828063	200.88004763494	185.447123762959	287.341795441023	0
"OG0008263"	0	154.264309598291	113.443011095629	40.4491280042419	NA	NA	NA	NA	NA	30.5359831461923	0	25.7114719029501	0	35.0610541291313	26.3188124709978	34.6775242412652	5.5155821322509	10.8379860502162	0.581154897467773	0
"OG0008268"	0	9.80388468506055	6.62197655591409	43.3278254063973	33.1129282880193	NA	NA	NA	NA	0	0	0	NA	24.8571908679235	73.50298441732	24.4950102004668	9.97699976764559	12.1481658613786	73.0793324631186	0
"OG0008269"	0	569.467407715346	483.507631996245	579.292912798249	311.458290638912	NA	NA	NA	NA	0	0	0	NA	1035.45673060343	883.522647236199	1039.61315912725	1159.61816819479	894.831236489961	2314.75589861659	0
"OG0008270"	0	5.50841737969359	0.884985384894191	4.7001627840988	NA	NA	NA	NA	NA	0	0	0	0	10.1391072874601	12.0485397247799	9.52022862039266	0.500317212595237	2.34961814639684	78.1564985327166	0
"OG0008272"	NA	97.4570539370476	155.474405220129	37.7866304581284	NA	51.1547596121689	49.6411844300815	43.8737157464697	52.9169154370109	0	0	0	0	112.741917317391	86.3031021653051	112.61341810863	184.10896497276	148.916328023746	67.5629684788221	0
"OG0008274"	NA	34.5301353644693	34.8890262284386	50.7061056240523	25.3471614638718	NA	NA	NA	NA	0	0	0	0	417.410430381831	469.7991094596	454.57315901893	267.317545828981	399.015327727105	133.826632029079	0
"OG0008276"	0	6.85172640096179	25.1505470573144	9.47733296300569	NA	35.6327642112504	30.723666867842	28.9485092501975	31.7107386071321	0	0	0	NA	14.2028802456434	24.0255970347348	13.662281076028	1.32492110518161	2.67062450140098	25.8119553108106	2.62585533748812
"OG0008277"	NA	124.036486161701	183.664202489236	803.09289317791	NA	46.3964842193997	39.6602928746402	42.7586703212581	42.70491552648	0	0	0	0	119.983344020214	162.727930288594	124.596937232226	31.2122352817976	32.6509883137619	81.7106102206424	0
"OG0008279"	0	107.93430428837	77.5934793661375	89.7766221171943	NA	NA	NA	NA	NA	0	0	0	0	309.589547744948	297.806462522904	308.519897089018	0.352316129014867	1.64074330620171	47.1647689069243	0
"OG0008280"	NA	0	0	0	751.452182990393	3634.50343645938	3676.42860562642	3908.44757439331	3944.51111034804	0	0	0	0	NA	NA	NA	13947.8141931672	6319.90960492147	6264.30107592246	0
"OG0008281"	0	18.5942467062707	36.9100589587253	0	59.16589416144	NA	NA	NA	NA	0	0	0	NA	346.351633013277	368.015298990375	347.883108523915	2.88362328935544	1.13986400572318	203.563838820205	0
"OG0008282"	NA	82.5124947727349	70.9836946980555	107.423168482898	NA	47.4732080544781	48.2844812569548	53.487115632964	41.3019641118712	0	0	0	0	70.3054503622062	73.0348639532352	70.3514295725633	4.3976594899691	9.64590788735023	125.71907581162	0
"OG0008284"	NA	NA	NA	NA	145.08631089925	270.337461301413	336.63677072583	339.067701725586	298.565263892855	0	0	0	0	1050.27394244099	724.998478626101	1044.02912654287	1166.76787788682	818.516053931644	337.2706169611	0
"OG0008285"	0	23.0765410943069	25.2211560880622	38.704682287246	11.4952806234067	NA	NA	NA	NA	0	0	0	NA	17.8939337319015	14.605149989069	16.803040693553	2.03654576291262	1.32596328599279	2.26664566009321	0
"OG0008287"	NA	80.5247541712798	142.493013784003	16.8240114366633	NA	86.9294839542543	59.8617314728575	53.6136748463551	60.6660323472312	0	0	0	0	65.9721789583819	63.5675244434442	65.7367436232475	0.537308503540433	1.04867374976353	224.388229940417	0
"OG0008288"	0	62.4074013532436	30.5358542237164	4.73317559412607	NA	52.9140974128271	50.6943457250423	51.065182778385	46.0878310896133	0	0	0	NA	40.0213169208378	35.980196952699	41.6004960585743	9.02823923242858	11.4575915249736	497.26490400692	0
"OG0008289"	0	20.7332430946106	29.49945097345	21.2220649837851	65.3357565091721	NA	NA	NA	NA	0	0	0	NA	91.171636320718	92.9771769627932	91.1973648119051	0.709340436421908	0.925062079048834	0.520560948643447	0
"OG0008290"	0	40.529913675435	32.9483449050213	30.5973103870707	14.1366964191272	43.2044706383902	50.1687497212383	52.5755038737906	40.9552660389921	NA	NA	NA	NA	58.6383527884824	33.9175123042464	57.5021447617777	44.1104473585684	32.299802513741	NA	NA
"OG0008291"	NA	32.7986680151926	65.4257433483258	11.0515304959733	NA	3.48499607221141	1.71733129632591	2.55641207095129	4.18251550194569	0	0	0	0	1.93430515000974	5.3309738347387	1.81644848364555	6.38403786051578	4.20194593496124	8.20098010378112	0
"OG0008292"	NA	166.531306937079	190.970307253314	156.117547943634	179.699638776584	NA	NA	NA	NA	0	0	0	0	48.4583871781182	47.381344273881	48.5713366978495	162.955036340354	147.656687504592	63.6708244358902	0
"OG0008295"	0	262.665500107131	454.576486296553	274.303260599606	NA	68.6975822537577	81.4673805896241	85.544291256393	79.9184957441145	0	0	0	NA	173.243451251683	169.863662348493	173.473919976672	126.553620087169	150.806938498036	146.185299123611	0
"OG0008296"	NA	73.8441433331291	103.642381002023	98.6206134304052	423.236004700961	NA	NA	NA	NA	0	0	0	0	38.9355538137147	36.8737271380106	38.1413215830106	128.769703947573	173.847632345436	30.4456397989658	0.79202192754572
"OG0008298"	0	18.4066532037365	20.0496970920983	44.7964196055623	NA	NA	NA	NA	NA	0	0	0	0	12.2737292100509	18.3428046248315	13.3945456930939	5.88805327257452	24.020783289267	86.7098490677567	0
"OG0008299"	0	81.3994658164498	80.3861082852527	21.5131740407994	NA	173.194023348213	144.752806396493	133.191817424491	158.338657234201	0	0	0	NA	307.476568940772	227.462583860093	309.412811255131	90.85538754227	103.063914264166	48.7441324208781	0
"OG0008300"	NA	82.5440733720536	79.095568195015	14.5483975205683	37.0916317396189	105.055269610569	75.9078786734179	69.9892228325794	87.9043721018187	0	0	0	NA	5.30754470352546	3.78501769245193	5.91852810215557	0.915499896590351	2.34817038161923	34.1441931782841	0
"OG0008301"	NA	23.9735496158432	31.1093554314063	102.732969051983	9.84366267913595	17.4018114643667	17.5546349012127	18.6682990139113	21.9452838024386	0	0	0	0	NA	NA	NA	0	0.815633771897266	29.1376343659248	0
"OG0008302"	NA	16.7219831831127	9.9400999645735	5.83762311070851	NA	49.489695635936	29.3322974466608	30.6813192548185	30.1953649664972	0	0	0	0	498.314765559865	445.645201490254	501.246324062565	171.230030559904	300.875800834938	201.940928393544	4.73337487618049
"OG0008304"	0	197.68825411967	236.493675418981	340.049121476076	NA	NA	NA	NA	NA	0	0	0	0	112.294598455905	100.421796450887	113.020929969621	12.3805122054145	23.0853097457385	112.309751777141	0
"OG0008305"	0	7.00833343817457	1.0124722631304	0.598866239152276	365.250698928702	NA	NA	NA	NA	0	0	0	NA	21.8727297027205	8.19343352459211	21.6115778917312	2.04842759350138	17.4049240687604	73.0607107201212	0
"OG0008306"	NA	3.71741300759054	13.7672764432653	6.32501145246595	102.77339820705	NA	NA	NA	NA	0	0	0	0	70.8992487392171	84.4106052328149	70.2951190446692	44.2729132053942	41.3025527267818	21.3828214584885	0
"OG0008308"	0	NA	NA	NA	93.11109889745	NA	NA	NA	NA	0	0	0	0	61.2654943929397	43.8417137977873	58.4397740696463	139.047873035295	112.031514449672	52.4436224361375	0
"OG0008309"	0	5.5339291545127	21.8283040153236	2.38821085020207	158.147049534346	NA	NA	NA	NA	0	0	0	NA	24.5059757764742	34.3618946497414	25.8572944881135	489.692673671843	345.66661504942	48.5629754884055	0
"OG0008312"	0	36.4027100068324	15.5872450873096	39.0030307265001	NA	NA	NA	NA	NA	8.47065343286515	0	0	0	7.08104564585426	5.87577705932694	7.01861085282775	47.2112414127256	48.2650711801493	48.3468389767148	0
"OG0008313"	0	11.7997143858485	115.667984232727	1.46050855645475	NA	NA	NA	NA	NA	0	0	0	0	34.7918678029243	14.7643055856767	33.8466544044269	435.197506378703	347.91774734088	31.7422813077938	0
"OG0008315"	NA	86.6710696278529	133.713648345915	74.1061203494621	NA	95.6643466873594	81.1594247915296	78.8119264829123	95.9702266874342	0	0	0	0	16.4094377893744	23.9922981431622	18.7032884079203	26.0176080672463	14.1227088427108	8.83562863687643	0
"OG0008316"	NA	247.486512621767	225.442294834575	54.5725492470572	207.004170846242	134.246414332158	124.346100156808	123.910663546704	133.610168826032	NA	NA	NA	591.693335761587	111.783238161983	65.811476582157	104.811181339881	468.031369049527	381.346919931335	NA	NA
"OG0008317"	NA	82.752212120273	138.929252598732	28.9230498673823	NA	109.167623633414	115.482134062681	88.9093507008885	110.850075388766	0	0	0	0	65.627068336229	62.0491188152046	63.9350150309873	3.26633947748263	48.6634430568642	18.3569990754774	0
"OG0008320"	0	146.995009370869	198.339932309704	57.5090390057368	30.1646143202291	NA	NA	NA	NA	0	0	0	NA	59.2247980547499	14.422411152437	65.8312425486036	29.64916834353	52.9667109517242	0.278363762628853	0
"OG0008321"	0	12.9429737582302	3.74187037768059	2.21015885752198	NA	NA	NA	NA	NA	0	0	0	0	92.0956309914872	44.0397200868524	92.9297293876841	104.26233595731	105.788077674794	50.0607495777367	0
"OG0008322"	0	74.1020715248064	97.9229420112907	250.372500994906	38.8319856449893	NA	NA	NA	NA	0	0	0	NA	114.931063249833	79.2999699849062	113.347746275101	13.12348188528	8.38277570020273	47.4834470785051	0
"OG0008323"	0	470.094533566425	1438.59509149866	1016.44554926541	NA	NA	NA	NA	NA	0	0	0	0	1700.5178497525	1436.66548688735	1672.51988528353	441.260877274046	545.91046257113	195.505826648895	33.3330753412524
"OG0008326"	0	26.7240508018291	16.7815212230127	27.0138161783862	NA	82.7315517963394	67.0058170549836	66.8504181384534	69.659653239406	0	0	0	0	NA	NA	NA	0.56683970228026	0.232364354303385	12.5942598874049	0
"OG0008327"	0	176.785710324278	227.810156154789	79.0104950634193	104.336398029824	NA	NA	NA	NA	0	0	0	NA	28.1068496026723	29.3891608937658	27.5289047952029	45.4090829446516	36.2349028794034	13.22427850919	0
"OG0008329"	0	79.5158464423052	31.4016267150535	27.3663986337416	NA	NA	NA	NA	NA	0	0	0	0	24.161281368137	49.6181481711113	26.3420788355319	4.95072490370492	10.564935720656	44.1624290079314	6.60052361837702
"OG0008330"	0	296.370599192847	279.060621626332	23.5918583547636	NA	NA	NA	NA	NA	0	0	0	0	269.574751507222	265.771618319109	275.818825175003	1336.69381691802	1421.98888705935	991.542338875048	0
"OG0008331"	0	66.4514324876799	45.4487413143442	131.10950691096	NA	411.267616753064	598.264744314466	657.821016002056	688.050431185186	0	0	0	NA	63.5462767337971	49.1848455999141	62.9426721645731	153.285314048483	86.4558758865588	14.4328496053677	0
"OG0008332"	NA	NA	NA	NA	407.09792595476	1029.34947358393	665.355140767308	535.880623449468	811.380002422502	40.8807548492407	0	0	0	0	0	0	488.080139520512	433.781553671	547.523634451804	0
"OG0008334"	0	10.0800340915172	2.76805679084593	3.93184407945752	45.4499947412887	NA	NA	NA	NA	NA	NA	NA	0	12.6421478058809	25.9712292289115	12.4508062416314	3.31868015365779	2.92942428354232	NA	NA
"OG0008335"	0	197.856777022438	341.009143924706	876.235194078332	369.635428322133	197.470587530655	148.207887103669	133.601582672038	164.35374933432	0	0	0	NA	NA	NA	NA	703.492878367871	392.086874327329	345.417130131251	0
"OG0008336"	NA	4.07950390913906	37.6706137879494	0.69841633404664	29.1011365722346	26.6324663889004	13.4114987742757	13.8475731597864	17.2071836955646	NA	NA	NA	0	28.3999334978675	18.1872708039083	34.122374634103	138.030983463229	169.537229714352	NA	NA
"OG0008337"	0	38.8797892647264	23.4299506497102	29.861776881371	NA	NA	NA	NA	NA	0	0	0	NA	95.2775856122217	69.4398048213126	95.0536986210742	22.5102492935658	58.4034935048186	87.7676706067972	0
"OG0008338"	0	29.5940736157785	28.5735541037627	9.21088688616411	21.0395210940887	33.9794206445528	27.2788400361916	30.4220268191261	38.3198828277739	NA	NA	NA	NA	14.7652544795717	11.3352047935061	14.1542865022392	45.9955361544252	34.5620248726477	NA	NA
"OG0008339"	NA	63.8265716073581	54.7906593850531	75.7074962411773	NA	78.9984459751149	62.4472563656601	58.5137673604319	69.9488826799653	0	0	0	0	20.34730606832	15.2230141984762	23.8674706799902	38.2396106160306	35.0912633302406	99.9721700888627	0
"OG0008340"	0	0	8.64944853289443	1.13583453314061	186.892513300921	34.7804817792247	29.4104238293968	27.23685547747	25.1051154405492	NA	NA	NA	NA	8.58545048256384	25.2446104822161	8.05566886099754	17.8014070853406	17.4736692394097	NA	NA
"OG0008341"	NA	103.724031792003	50.725212221788	58.1040180647305	NA	608.662177005957	370.992686256137	316.879811924708	498.085163385476	0	0	0	176.034585328959	126.034468579213	160.609072375825	126.830333582707	420.452148798386	1076.28931785558	832.993400940061	0
"OG0008342"	0	115.064326818304	70.4035130038822	52.9830140398528	NA	NA	NA	NA	NA	0	0	0	0	23.3806723568632	27.0846274084889	25.0522136361633	0.556382478930463	3.82039576021015	32.6660884437136	0
"OG0008343"	0	40.658302262686	21.4446489086761	54.9460093801058	74.6596177400844	NA	NA	NA	NA	0	0	0	NA	62.0587979255911	42.5334069024475	61.8985319651767	1.65409630975784	2.57945317047111	36.2396430957226	94.3921168488103
"OG0008345"	0	3.71856414864946	9.99465727085431	0.905456531034271	60.6939723550509	NA	NA	NA	NA	0	0	0	NA	46.4278187094428	38.6314797185558	49.2167900484083	16.6333503925644	10.9117049130119	1.25208249662117	0
"OG0008346"	0	2.63884568859158	2.5364879331989	1.507368218783	NA	NA	NA	NA	NA	0	0	0	0	14.5896816183317	10.1749856322183	15.2127994464377	70.7462622216208	72.7105321375152	5.32892582027644	0
"OG0008347"	NA	4.58540447793011	123.984725981843	2.10553137894827	NA	0.591675597120161	0.610820648849784	0.365599566816939	0.357363735012968	0	0	0	0	0	0	0	0	0	0.411293710013005	0
"OG0008348"	NA	331.010611489921	304.316571914828	664.882043095314	NA	696.569688070107	790.461078361827	801.186690165061	767.061626749458	0	0	0	0	775.010935453061	722.895704256667	746.958111012976	969.731966206169	342.498565065474	682.674429993664	0
"OG0008349"	0	26.1074125372988	6.66924099778389	9.1589841965468	NA	NA	NA	NA	NA	0	0	0	0	47.4708505314913	49.9890823353737	47.0872661390238	101.916886847724	95.9839660010593	36.9499327493602	0
"OG0008351"	0	333.807054611862	681.074669133637	482.992564321177	NA	571.079174384192	729.009806051437	883.106413646564	765.37026328184	0	0	0	NA	1190.22583795728	1179.364534725	1158.70541244895	1072.43584246564	522.593879639704	1145.9185858881	0
"OG0008353"	0	37.9137122796555	23.6290662607282	1.22607281925233	NA	NA	NA	NA	NA	0	0	0	0	142.492880860897	68.2674932181837	147.861308966115	237.570655491017	426.859724031644	131.745613407584	0
"OG0008354"	0	53.5031697029628	85.1961513378094	110.266221130127	NA	78.3996617947817	66.1349166998432	55.2199966365139	77.587054949345	0	0	0	0	NA	NA	NA	7.03922079187098	7.48172664518095	143.933866029252	0
"OG0008355"	0	36.0296262267033	17.0850658276005	7.55733222669538	NA	251.016099809454	258.493547187655	251.697796170583	290.581525317972	0	0	0	NA	84.3755584006535	123.457874330936	81.5176475570208	17.5638917167348	19.024196928685	92.1250252971962	0
"OG0008356"	NA	329.385532175224	616.204361844136	435.502216828308	276.318247143192	973.802878958934	912.807469071604	892.52174101064	990.58505476989	NA	NA	NA	0	673.963932666074	680.095608380237	664.991923369401	351.771294033636	303.968150699794	NA	NA
"OG0008357"	NA	35.2159198723355	13.0194887659871	19.9690567545451	NA	308.361644111653	202.781593100716	201.266025266191	255.456873296794	13.8483768648362	12.924053815317	6.490773493611	0	9.33768758540328	6.71583244148168	9.16660405989395	1.62513131661851	4.65205619357041	4.63386204947094	85.12250762427
"OG0008358"	0	1705.61770626029	909.5371005659	1578.74361961135	NA	651.143112135248	938.929047208981	870.403401181057	834.33890966217	NA	NA	NA	0	686.285942678741	741.183288716047	656.334266497501	3140.36782460797	2334.86608568904	NA	NA
"OG0008360"	NA	8.91470599685291	47.7829218485385	6.82894607719004	13.5304253668092	NA	NA	NA	NA	0	0	0	0	14.9558110381756	26.4339587275449	15.4453320702567	4.89805429819267	12.5723704037331	0.255728246087204	0
"OG0008361"	0	149.688264623114	144.311497875496	56.928109256344	122.950278602099	NA	NA	NA	NA	0	0	0	NA	68.0291076353826	61.9913371965544	70.0715433358913	19.061657084032	23.5527294529292	4.22266111524545	0
"OG0008362"	NA	30.408376281956	34.8829024491622	5.74951737482267	NA	21.8645571746571	22.8800632482829	20.1234148196014	18.3275893847295	0	0	0	0	5.9793339391217	15.1240110539437	6.41526194630712	79.3640812017433	120.941349013776	36.185242747586	0
"OG0008365"	0	NA	NA	NA	NA	211.14550854249	217.84732041389	219.288886056906	237.579350071961	0	0	0	0	173.455026607978	184.254263826333	170.57715644555	1047.6100911253	1416.0653527405	288.520269894168	0
"OG0008366"	0	153.297765934412	124.623547501815	89.7965610937021	NA	NA	NA	NA	NA	0	0	0	0	196.611775932015	179.352357229713	196.909097997392	43.6783367032794	33.1261828637947	82.8758563557583	0
"OG0008368"	NA	29.5920985491364	5.85734848562581	15.5291252216871	NA	33.049415838238	22.3859283076006	21.7107697547729	24.214672307015	0	0	0	0	5.53713518114144	2.4388636049676	5.19903786393531	20.6087926698572	65.7642892097521	4.00698626297597	64.8188814511947
"OG0008370"	NA	17.0264651785148	61.0152954504622	5.2361408778384	49.7217899482805	139.64268622239	146.330952537113	144.645103843288	139.868842415875	0	0	0	NA	69.6152291179004	47.1321684895371	66.5502259226394	9.76139667702248	5.58081149217938	108.918330644842	0
"OG0008371"	0	224.964074831763	318.815083274418	32.7507198499165	NA	NA	NA	NA	NA	0	0	0	0	74.4752191054448	51.2067852719164	71.2408026327298	366.159220931265	416.218179790468	61.0908585169213	0
"OG0008372"	0	32.2733285037939	64.9728342001141	42.0992163493331	NA	121.165283007956	92.6423393454388	86.6304299747851	106.782377687126	0	0	0	NA	61.6828874810792	58.8221643352909	61.414719665391	63.0721516821387	55.619243168576	149.263812827094	0
"OG0008373"	NA	1.25128721984444	0	11.2130055303382	46.1253800906707	54.4272622177525	54.0824706622255	57.5404300017341	60.3111289608753	0	0	0	0	NA	NA	NA	49.9233298661936	42.4663474326525	60.7611271534302	0
"OG0008374"	NA	61.106923075879	90.2770324465459	119.660853353648	NA	366.562467541498	229.971815206034	210.986792920872	264.970132604513	0	0	0	0	11.6262392508197	16.8992172574419	10.9136190936085	5.54767519915746	2.54505692885927	297.726824119807	0
"OG0008375"	0	182.520674338493	95.7833306459243	237.486093854636	NA	1325.97676797617	1290.69130293317	1296.32452747689	1970.28124986238	0	0	0	NA	31.0220111675676	33.297104512245	30.6568122811457	251.441359028527	233.484716065927	484.52487959632	44.9655981713597
"OG0008377"	0	43.8697264891023	60.1881213254734	15.0016564696141	NA	NA	NA	NA	NA	0	0	0	NA	67.8545059397124	58.2525686264942	63.6896372189311	178.035894623875	173.698654511066	89.6626937499628	0
"OG0008378"	0	3.92870961574177	3.79460910708537	1.85746597091206	NA	NA	NA	NA	NA	0	0	0	0	2.18021814609659	3.85212776623674	2.04691199065661	0	0.660882857194604	0	0
"OG0008383"	NA	124.947546900668	135.975735296809	77.4509603470221	542.662331098676	NA	NA	NA	NA	0	0	0	0	77.3089415004088	86.142266731949	75.9962996185057	188.835872413207	295.542731694273	43.4053075572443	0
"OG0008386"	0	NA	NA	NA	66.8958980364724	NA	NA	NA	NA	0	0	0	0	6.55194770648805	43.2221399672922	6.68773963387144	1.03276387027076	1.05859046536442	27.7625107555012	0
"OG0008387"	NA	67.8229496502115	133.854680838341	87.9818074780047	65.4467449719433	NA	NA	NA	NA	0	0	0	0	43.1513141835838	59.6764983298069	42.3914124867386	48.2410808925306	27.221384324422	7.1517702885583	0
"OG0008388"	0	6.79370266920856	2.59771644750963	11.9735087696954	24.4120083024877	NA	NA	NA	NA	0	0	0	NA	28.7062668661946	18.3029531785666	27.9376595149469	6.2367971246714	14.0783296478938	176.344133007187	0
"OG0008389"	NA	36.6092931590262	23.3832800288611	9.70359433334687	NA	101.301741586261	104.151397886617	99.5261538190884	103.780553349912	0	0	0	225.456709339084	21.8940953452578	23.4072145778201	22.0259567209195	12.0298988092298	47.6691693051822	1.91179380944548	0
"OG0008391"	0	281.977187700388	422.98335230231	369.103584536319	NA	15023.3785463964	9521.70806994741	8963.39744643195	11683.1717475325	0	0	0	NA	1958.16113854409	1549.19667842551	1953.18377659472	17349.6550366294	17779.4977205361	11712.5658565664	0
"OG0008393"	NA	103.101793381781	143.68705795837	171.899744790228	NA	335.744782753321	270.140048404764	259.708286562385	307.527603992273	0	0	0	0	113.108879164866	80.139530947025	110.554716318176	451.52677890273	638.573653597977	170.604463473073	0
"OG0008394"	NA	13.8015590579353	24.6977585289975	7.85712240732775	120.50113319028	269.19427741681	151.800206767395	139.206151192236	168.436348639746	0	0	0	NA	150.62361774985	175.237948569748	147.185027163787	10.1963686711063	10.4304355340616	99.6685224826667	18.2884187338439
"OG0008395"	0	10.3890072783832	28.0125001082941	23.510270960487	NA	NA	NA	NA	NA	0	0	0	0	35.318239541798	27.5079224416106	33.5411472247304	0	0.14559593155013	14.6299870562649	0
"OG0008397"	NA	12.3699958888172	14.863247364675	5.10686268923132	NA	887.837670611342	870.329940872698	1044.52465223386	902.672508792577	0	0	0	0	1379.09673060767	1567.88337303432	1383.14209600599	5143.89907252756	2076.50157923247	859.886171980312	0
"OG0008399"	0	0	19.2436052380031	0	NA	NA	NA	NA	NA	0	0	0	0	178.349007390468	143.499756387477	174.412660219739	25.5132001101197	25.6183396775275	0.479348967239958	0
"OG0008401"	0	114.795986503896	167.58390038564	77.7737877143581	38.7653925673265	NA	NA	NA	NA	0	0	0	NA	22.1692820463796	28.0350456822655	20.8092049443283	292.562677291839	191.648288249258	94.8661281102784	0
"OG0008403"	0	9.8137367932224	7.45947759959173	35.8897282592187	8.8892715175382	NA	NA	NA	NA	0	0	0	NA	20.9774329745412	18.5136297256594	21.8308209532334	17.3804508016247	22.5452933430403	7.07870380709541	0
"OG0008404"	NA	6.90364182565467	10.0054202768553	15.5449168910813	53.7079748444077	116.524289402649	123.443759110484	129.653462634851	136.187454645277	0	0	0	NA	67.799288240168	102.431917696971	66.6042451466857	194.592862014422	164.423497495177	40.3368704584348	0
"OG0008405"	0	4.65709152810781	2.08257671201465	6.07407483181261	NA	NA	NA	NA	NA	26.8637998170971	222.253431391893	18.8566021560523	0	26.2728727929278	18.9609785913696	26.1737721528991	149.76683727618	213.449468346666	513.187271100433	73.7619766765322
"OG0008406"	0	NA	NA	NA	NA	46.2910671268176	49.008364125243	53.8189269543511	46.7162134872111	70.8023311267237	112.055240145458	125.874737231618	0	0	0.763908739762474	0	2.1681188502077	1.69573944272111	16.2141003354171	165.526580341393
"OG0008407"	NA	133.534455214062	106.837367687097	138.533276044592	NA	67.9533855677688	57.3016044283444	56.321479817323	59.7569153464666	11.6332404218467	32.8412154382797	19.3469501829052	3.93500259667649	35.8409763466815	67.4470657157663	36.4421670263336	66.7671102307048	116.076073972272	61.7336055852669	58.0919199071075
"OG0008408"	NA	14.3515714555198	13.8015051429644	12.0627740337535	NA	48.6935124558008	33.3123154649754	26.7728412523127	40.7587912225008	0	0	0	0	14.2347238096412	12.5747962292413	14.3869034204736	18.9995895540709	28.7223076181602	2.03360975016872	0
"OG0008409"	NA	0.244503916508768	6.27637272184138	2.48524924756342	NA	785.321695707107	603.392035481669	593.220771268238	696.325719323749	0	0	0	0	55.8911334982067	44.7260704065298	56.1370831361337	122.564477331748	177.401033785613	70.1996652381978	0
"OG0008410"	0	23.5779096933435	35.3234434189263	13.8498584851278	11.836385165657	NA	NA	NA	NA	0.8023501841454	35.5835340776534	30.7519736632456	NA	13.9574528323415	10.1579489900184	14.3173856761272	0	0.908233004719666	79.5458270484064	1.63400542548268
"OG0008411"	5.33953541713881	63.8644762971808	77.6170466378982	73.7766671068558	NA	NA	NA	NA	NA	0	0	0	7.54156313986042	96.5033352993457	81.3392441425035	95.391145187739	22.0759328090242	43.4769534850283	6.58997719424883	0
"OG0008413"	NA	8775.42829936482	5961.24860734902	5573.68627737207	2020.75186916851	465.254753175244	527.893279360704	630.626977225665	514.567468939437	0	0	0	0	NA	NA	NA	9550.70029745984	12162.1703834104	2575.11405601398	0
"OG0008414"	0	167.365539325521	312.858316160085	166.187381397477	NA	NA	NA	NA	NA	0	0	0	0	42.7519570274563	36.4097466971178	43.0982450070364	2.23924281399996	4.77986263498428	85.1872607845387	0
"OG0008415"	0	58.2922794804394	24.9041745389947	44.2883920414852	NA	69.1848227637971	55.183913450559	51.0810488655867	55.7715471393661	0	0	0	0	NA	NA	NA	29.0966632305182	31.0678966306957	62.5908077323714	0
"OG0008416"	0	24.0087781107493	28.0038234016153	53.2466764617674	20.155559648373	24.2771191260755	18.8674025944349	18.028221934336	19.5849829395785	NA	NA	NA	NA	18.0125546693651	22.8470902889877	18.4733942551986	63.663818239904	44.5169690336708	NA	NA
"OG0008417"	0	146.027947174982	240.712959667443	150.56982528121	NA	NA	NA	NA	NA	0	0	0	0	10.6903824863041	8.1830685744425	10.7060130783147	10.8028791383727	14.578695133814	159.443846966756	0
"OG0008418"	NA	51.1234707562685	48.6050856086648	10.7288871807281	47.6458398169604	52.1676982260355	37.7951061257403	44.3079683797436	53.3352921103765	0	0	0	0	NA	NA	NA	0.765925835953315	5.29370932801299	28.7536136301196	0
"OG0008419"	0	1.45960538013874	2.91599523617469	9.7449078926711	NA	NA	NA	NA	NA	0	0	0	0	25.7178516697428	21.7656804900445	25.28703756383	15.7519610492173	8.50497745619936	78.8279022581881	0
"OG0008420"	0	41.2917927666616	55.7704793438596	66.1604701748042	NA	NA	NA	NA	NA	0	0	0	199.173422525065	81.397867646852	55.2543745532505	79.0375333288996	15.1285723203564	14.8634250454984	57.1330167871334	228.190160952364
"OG0008423"	0	87.8839159957778	80.35651001875	118.487214521048	NA	NA	NA	NA	NA	0	0	0	0	186.019828013115	188.707618269927	183.546630558166	87.1938438302251	51.1514220959291	53.1330042448365	0
"OG0008424"	0	148.586384105012	92.2694875402092	48.4068042038661	69.8736773857865	NA	NA	NA	NA	0	0	0	NA	108.697706408544	55.1430835816095	103.644005046541	19.9166275407945	25.8443045525415	119.095257461477	0
"OG0008426"	0	291.074831789846	422.590873721412	48.4655781715415	23.7906373383211	NA	NA	NA	NA	NA	NA	NA	0	183.433059148777	165.875539288052	180.290201756401	571.365709789222	154.907235448584	NA	NA
"OG0008427"	0	46.0336124138511	39.0103296814674	30.3047902640265	45.3901705896271	NA	NA	NA	NA	0	0	0	NA	12.8045405629583	17.5084261377875	12.0221935552072	2.30267451946688	23.471654625383	29.0256375659668	0
"OG0008428"	0	46.3622061476493	44.7312385091239	9.08333878721094	NA	NA	NA	NA	NA	0	0	0	0	21.0024821093471	17.6517245520398	20.8092327177082	96.6196515390168	73.4003494727293	36.6569565782454	160.872215278968
"OG0008429"	NA	34.8835667814755	161.954477108992	273.829019712204	NA	51.158977183782	73.2629220392878	77.7996121611345	70.401589630406	0	0	0	0	142.329863783096	247.19750851364	140.852002195578	1638.88029201407	875.024300329878	130.237230029632	0
"OG0008430"	NA	34.2118085644397	22.6988085179198	4.47796282989552	27.9852613079885	NA	NA	NA	NA	0	0	0	0	57.0254548838236	49.1889558387666	56.6095777629144	29.2574316636089	40.2739773586368	63.5494236335234	98.7362931985824
"OG0008431"	NA	54.653273697857	51.9204625951032	31.0613057080822	NA	3477.34545279962	2560.3153055795	2415.67692159845	2983.19080595686	0	0	0	0	78.8701595229563	113.401132526574	77.9008591501137	0.741494124913111	1.16388933101959	90.7378275172964	0
"OG0008432"	0	93.5592488290136	118.617604584201	33.1568614637068	127.518070447706	73.0087173634299	66.2888606456603	91.2747017559034	65.0044425176384	0	0	0	NA	NA	NA	NA	2358.05839919079	1935.86022047682	88.814838466888	0
"OG0008434"	0	86.0633501138692	149.406296664406	126.0002208692	185.708362319107	NA	NA	NA	NA	0	0	0	NA	81.8664827819056	104.610344288761	81.813434053727	69.3112038214716	311.142629486615	1016.352093729	0
"OG0008435"	0	16.9889753142989	14.8214015396195	44.2593130381462	NA	162.820462010893	243.409349317242	245.772935542993	167.783884747423	0	0	0	NA	11.4175496436469	12.7837959299334	11.4254824865	14.4809204084606	22.0443478049576	117.341395564394	0
"OG0008437"	0	10.6253949461565	14.0213204987021	12.1762114724089	NA	NA	NA	NA	NA	0	0	0	0	13.7345703340546	9.81018704189508	13.7972597026939	3.81870395778339	3.12648304855329	24.4699912761178	0
"OG0008438"	0	88.614009063772	72.097573034622	109.218964733239	36.4346348491307	NA	NA	NA	NA	0	0	0	NA	10.6609700433307	11.2988798130392	12.0110842032183	1.72744115257785	3.38307617222315	122.097819312114	0
"OG0008439"	0	108.521572899938	91.2878373002374	358.972069097692	NA	NA	NA	NA	NA	0	0	0	0	121.949433345193	127.194641393381	120.345520357905	82.0064548328793	124.044486145602	93.6405555181102	0
"OG0008440"	0	8.68504817028003	19.9247365057028	29.6621417135049	17.89797210193	NA	NA	NA	NA	14.7909864810273	0.575150041110444	0	NA	6.25969987385817	7.39447457409381	5.87862767023186	42.170920379708	80.7289726270493	36.9857557448284	4.89071765994732
"OG0008442"	NA	43.2158057731595	51.2272693379197	15.9741877176207	61.36538404342	NA	NA	NA	NA	0	0	0	0	29.3337091933047	24.5956692929637	29.6583592711376	101.872633090939	109.760441424079	437.595113090893	0
"OG0008443"	0	18.3033502494918	14.4022010127883	78.3577236479013	34.1301855072954	NA	NA	NA	NA	0	0	0	NA	4.07078616097719	6.05676457679578	3.82068667597455	386.814207248615	262.411624073463	152.154910561721	0
"OG0008448"	0	17.6447108922715	13.9551651256099	47.7062405954263	NA	NA	NA	NA	NA	0	0	0	0	21.1159142479088	20.5672778055045	21.2054616430846	9.38939838505902	29.0212492809524	23.1511102124824	0
"OG0008449"	NA	0	0	0	65.2184649978978	168.265568940855	176.484137230801	224.499338073099	215.789684283737	0	0	0	NA	82.9299090809215	138.783704069402	83.1521109683972	737.445815491085	585.169490583058	615.645033268903	0
"OG0008450"	0	432.364952002994	307.806198257041	357.560082801527	NA	96.4159068499407	98.9274896979046	134.30244352861	93.0287632769459	0	0	0	NA	115.359902217904	81.3940473272026	113.750738018501	28.1021055036064	12.5881728035933	30.3164195513725	0
"OG0008451"	0	326.118261989548	429.687034919297	354.943230173942	NA	NA	NA	NA	NA	0	0	0	0	164.400433786194	142.061887613273	164.372791660063	297.324381521867	504.024829677052	56.1102636079688	9.80118017588417
"OG0008452"	NA	219.611787439835	341.628944615107	176.293068198616	NA	107.795580994438	101.405939691036	90.7419924445149	88.003464623193	0	0	0	0	1185.30757803554	884.606797194377	1162.18402829049	357.61278992921	546.665571259059	432.621043560297	0
"OG0008454"	NA	NA	NA	NA	909.842310960488	3.22044889277988	3.43124553956249	4.40548354633841	2.50097954770953	0	0	0	0	14.1649354194489	13.923702171675	13.2942837913935	47.1910907979925	77.6148779029852	3.98081372502304	0
"OG0008456"	NA	33.9489128361208	57.9894062116362	9.62580164961786	46.1449168631255	NA	NA	NA	NA	0	0	0	0	108.417455772665	80.1330320041439	103.324611176858	5.5710508821933	8.48885049207858	11.637901323261	0
"OG0008457"	NA	477.349159338005	546.921222094235	1070.52058117065	183.604514347022	NA	NA	NA	NA	0	0	0	0	60.9871167192312	39.615196883905	59.8412188230541	581.148821117861	693.079064095369	2.57218429430284	0
"OG0008458"	0	64.3714304296774	42.7384997157143	86.4995588603617	63.2721932383885	NA	NA	NA	NA	0	0	0	NA	11.3703163124662	11.0232086183823	11.4133108027271	7.17525562779529	18.4917412160308	43.2804819522178	0
"OG0008460"	NA	42.8947307534848	23.7541398132223	30.2471206088962	NA	112.674107123107	98.632639846675	94.1589245759346	105.714492291808	39.8212989914918	151.285807294976	0	33.1450794251377	31.3897360737048	32.9328420400329	31.4928604517652	1.838022197545	5.20662580351402	47.4896617245591	0
"OG0008461"	0	21.3074654408441	28.0380945552141	70.9530012798621	84.3402698890681	44.8115874004336	35.6264454051349	43.879801368958	46.8812000202606	NA	NA	NA	0	NA	NA	NA	0.898911418614453	1.2028654388063	NA	NA
"OG0008462"	NA	6.25085150949047	7.75847576198953	8.20522626180602	NA	30.5955066672376	22.1410958154294	21.7891678745462	27.3045168651288	0	0	0	0	25.1496504423952	27.9221630540292	25.4535389767646	1.04271330781925	2.25900098651579	9.60571206361892	0
"OG0008463"	NA	38.4969570828372	25.8473589113431	45.1368120565817	30.9907192615986	NA	NA	NA	NA	0	0	0	0	18.8043320846924	16.096588876316	19.6182824111113	27.499769438658	18.4199207280435	32.4733549968331	0
"OG0008464"	NA	45.7741389967884	20.5018563102378	43.1989275921113	86.6184108481266	99.866990316721	87.0374759136588	91.7781421210386	99.2417889159521	0	0	0	NA	116.879082645069	93.833774567112	115.213006474048	9.93592621919098	19.0606086859677	184.605306397034	0
"OG0008466"	0	13.8644051373677	9.49491976808487	19.8189131939062	NA	NA	NA	NA	NA	0	0	0	0	7.4712460980372	5.13942479047948	7.35048191346307	12.0600701719034	11.4440979787457	140.67872320685	0
"OG0008467"	0	27.031747695684	20.4549073357853	95.6561661591268	177.374910061304	NA	NA	NA	NA	0	0	0	NA	11.3478615771112	8.35831962812163	10.6559515609144	4.45149145712632	8.93395772981704	19.5218900879617	0
"OG0008470"	0	47.3828327000164	64.1145772560707	9.21524278564736	40.2207664666825	NA	NA	NA	NA	0	0	0	NA	17.971696346461	17.6748014582925	18.563588306659	35.4810860287311	22.7741915781408	69.1801081627181	0
"OG0008471"	0	27.8897107569788	9.30100009099833	2.17873503054563	8.36285734929806	NA	NA	NA	NA	0	0	0	NA	32.1946242242254	30.9054816182397	31.6039539716548	26.1420884291389	24.2355823771869	3.14575617378649	0
"OG0008472"	0	63.2189039465752	48.166678683194	36.3829265119771	NA	NA	NA	NA	NA	0	0	0	0	167.691852640448	126.928941257477	165.638355151956	41.1258042605747	48.2610022987482	66.2845270048664	0
"OG0008473"	NA	77.7912089819725	241.093190112545	172.678285134488	NA	74.9284893684758	69.8648827588804	81.7371548068529	75.5549037495891	0	0	0	0	232.875792000935	198.799148182837	237.143699228923	1454.3239397467	937.368079658517	264.822936683872	0
"OG0008476"	0	273.898459007669	422.535203000717	354.706416483726	NA	NA	NA	NA	NA	0	0	0	0	197.225691310117	210.73313733786	202.062448651272	293.927390405176	229.802851523653	153.54215273195	0
"OG0008477"	NA	27.1873072982395	34.4688978562626	20.4540156087034	NA	33.3758639489732	42.2903779939339	52.6125247439278	40.7949323273777	0	0	0	0	66.6924369663847	65.2247250938023	64.6894788979378	119.506360873175	90.0514422930696	46.0318833216179	0
"OG0008478"	NA	5.32096805861413	7.908554746529	25.2248912061035	NA	92.3421629425176	71.7020575770993	70.9615462331449	72.1414031336413	0	0	0	7.80290159870815	8.56876690901323	13.9677695413855	8.46656655113279	4.29981625236578	6.8208229704536	2.55662193528627	0
"OG0008481"	0	81.562492279928	72.9755002999774	6.78667544699344	NA	NA	NA	NA	NA	0	0	0	0	33.2568712507636	80.5714038699257	32.7693249952971	36.6187397033982	36.3541873420606	36.6255726156729	0
"OG0008482"	NA	45.5290807695626	33.9354795674729	44.5750237246364	33.7065110296551	NA	NA	NA	NA	0	23.0129356757917	32.9123233117949	0	180.943406841427	123.658144229804	198.244303239565	30.0997079605485	28.4108224456347	78.759141638634	0
"OG0008483"	NA	553.2425411688	633.525378742948	978.412325815974	NA	307.813914745584	313.707475293729	300.167533405585	356.618642690338	0	0	0	0	1573.21885423234	1708.90030688021	1544.65818723555	2052.17400743192	1447.89725281814	1300.51234551303	0
"OG0008484"	0	0	1.55697088102907	0.705434853777397	NA	NA	NA	NA	NA	0	0	0	0	5.31858130653742	5.40065727545721	5.52025089000621	37.8223165166057	23.2845997245921	0.442105925148496	0
"OG0008485"	NA	76.6442161791294	88.2960826351594	153.276740731913	50.0996440037595	282.588396950195	297.290409417803	306.963145184212	317.421765898016	NA	NA	NA	0	20.9822402441121	42.9157186824093	21.0982563963911	206.763736124099	175.336994338486	NA	NA
"OG0008486"	0	50.5948273735838	71.9833552726634	33.0826271204007	12.8204280597778	NA	NA	NA	NA	0	0	0	NA	64.8970986725275	63.6324543035769	60.893205022959	162.338541498098	152.539335723427	190.339515920686	0
"OG0008487"	0	105.547190333954	50.65645888173	201.930910945871	NA	103.428174600348	123.662417913101	118.929726435785	116.445659048143	0	0	0	NA	24.7283726919762	26.0636202500728	23.2034091648499	370.274214096391	267.442843238529	137.729696092934	0
"OG0008488"	NA	364.037989240503	307.014746177832	263.222711223976	NA	326.803530933555	295.91869891692	319.870460690398	324.866280194151	0	0	0	0	182.144183699611	129.131791007665	187.539748263699	28.9751775655413	18.8216991101174	181.056610329241	0
"OG0008489"	0	51.6785592713876	6.78689178751869	52.5859523292107	184.854984360911	NA	NA	NA	NA	NA	NA	NA	0	4.55744416493976	12.923127070163	4.27839892126486	6.18525665341345	6.15462785740181	NA	NA
"OG0008490"	0	NA	NA	NA	NA	24.4177973371176	24.6650524674034	30.9582860769662	26.7820803121052	0	0	0	0	86.491311963601	75.2566863276918	88.7991334512874	127.823036069458	86.5501225348268	44.4253973166715	0
"OG0008491"	NA	46.185490441284	29.9953843226649	22.1700498179431	NA	348.008482105669	226.700550496622	212.662838557254	271.212206939506	1.10106114385392	0	5.38296633983412	0	11.302772059271	18.1640213000327	11.4756836421631	76.889362625078	146.830600492499	4.73530282920301	1.11389326731844
"OG0008493"	0	249.303967311625	155.242443883901	181.68886199512	106.327495426013	NA	NA	NA	NA	0	0	0	NA	49.8621376404069	45.0694242724055	47.7082789152069	29.365823056939	43.6918377355821	28.4489184121601	0
"OG0008494"	0	0	11.8286734934206	8.42213778593245	NA	NA	NA	NA	NA	32.2592998567582	74.6090829495657	327.505386352724	0	66.793438185652	59.5752017911321	64.8713945367571	115.304436355681	166.608770607328	117.82835747305	213.065478051552
"OG0008495"	NA	2948.82412328398	7330.90607014732	7176.3750740019	262.492099183355	NA	NA	NA	NA	0	0	0	0	1491.84211637353	993.301765803593	1553.92060945634	0	11.638798685047	265.946012006479	0
"OG0008496"	0	1.40462543127552	2.99284866609372	3.73526356279241	4.0154529648283	NA	NA	NA	NA	NA	NA	NA	0	11.7973546702009	6.91102708889697	11.4989869584674	1.27614497818308	1.58510371867004	NA	NA
"OG0008498"	0	29.3116095265221	29.3936246937235	4.04998159749681	14.1852847017181	NA	NA	NA	NA	NA	NA	NA	0	10.7720297631431	8.51093458377287	11.1078244530656	1.48376178124618	2.95680880162339	NA	NA
"OG0008499"	0	324.799116559877	308.92054051628	237.936407970229	NA	NA	NA	NA	NA	0	0	0	0	424.212057819437	342.447826267866	427.538550953786	317.966879792782	611.165857730295	1495.4524751268	0
"OG0008501"	0	140.016605600226	190.258399355523	79.2718490324142	93.9167929234931	NA	NA	NA	NA	NA	NA	NA	0	26.4232577814234	26.7498514323921	25.7957139613697	313.731977133245	91.9339150045577	NA	NA
"OG0008502"	NA	23.4040977640881	60.0733468563078	61.097441270177	NA	151.3708649686	123.626155863226	132.934627426472	152.236544798053	0	0	0	0	10.7505253826673	17.2917748521889	11.2811997775433	63.3339155763121	60.4890317857675	41.3608665668102	0
"OG0008503"	0	150.291991440633	249.132691672602	1.83506499093574	27.6451707344104	NA	NA	NA	NA	NA	NA	NA	0	53.720231604684	34.0102607374818	51.5444075904461	100.010216767737	153.100652106485	NA	NA
"OG0008504"	NA	104.34108488214	78.3909624400891	7.94307473375074	NA	404.792534439693	371.486366223534	431.370656338356	457.905535254906	0	0	0	0	1689.24539224499	1490.1224194406	1672.40184841865	7812.56307248872	5905.69085452649	312.352993607782	0
"OG0008505"	0	7.95350321266204	11.1460205593552	12.8059763765716	25.3339798711328	NA	NA	NA	NA	0	0	0	NA	24.7804687879032	25.1644310402541	24.0711884220878	14.6076316446679	9.40872995172417	7.63562487418737	0
"OG0008506"	NA	286.094850380034	460.819029777119	83.7883646402714	NA	188.904366618274	258.885367464393	283.429753230321	244.372217863324	0	0	0	0	689.963191740113	661.75441210974	684.616593657906	9886.13164957055	5411.19591284177	255.541362802296	0
"OG0008507"	NA	28.3276110381727	27.7871123894155	136.023084229459	NA	85.6322421676105	61.8602050151581	58.0572732259209	69.211158978643	0	0	0	0	208.843606284623	265.231926087181	219.81241579164	6.35836765050145	41.5341004660505	154.144085592604	0
"OG0008508"	0	102.179791617434	73.8159518918519	136.773157850336	NA	NA	NA	NA	NA	0	0	0	0	37.7523966737268	36.0597151823238	38.6444363612108	9.6727194230162	22.627238721956	120.527733376912	0
"OG0008511"	0	56.7654404659079	30.916694316313	192.899712159521	144.035072027175	150.145549426269	140.304254173081	147.671976552361	135.031794402347	NA	NA	NA	NA	24.5707663937789	33.1959568952677	25.1040109898118	10.130376014071	18.9601357029045	NA	NA
"OG0008512"	0	48.478905659623	20.3148026887036	20.7383147383566	60.476928250076	NA	NA	NA	NA	0	0	0	NA	133.586460157488	147.824442484386	135.410919325184	285.271598064437	182.719269952212	47.7690988453421	0
"OG0008513"	0	159.734822288162	107.239437119549	10.3057514238834	NA	NA	NA	NA	NA	0	0	0	0	91.4172024719584	93.8385996301127	95.2807460023486	14.4738883046428	135.671645937339	78.3944706472211	0
"OG0008514"	0	0	0	0	NA	50.8781202109677	51.8313714986462	55.1847869635458	58.9984674324934	0	0	0	NA	35.4035633740086	66.714418618754	35.2824687155506	29.3453098038865	55.3454452564263	61.5743579799187	0
"OG0008516"	0	25.7261878046359	21.9443774679721	32.6438469358345	NA	NA	NA	NA	NA	0	0	0	0	132.248735080157	93.2043719045784	132.304744509069	44.5870542569806	55.3991450284062	82.1802599010053	0
"OG0008517"	0	0	2.19652539882326	3.34287677525767	NA	NA	NA	NA	NA	0	0	0	0	94.41810408288	95.7095922694763	98.4031682457469	38.488037869871	36.7665069657179	30.182360757923	0
"OG0008518"	0	48.727749170511	34.2192146739469	193.973725551822	719.528612550342	NA	NA	NA	NA	0	0	0	NA	30.474620631003	19.8196908837937	29.705226849841	356.753175859065	318.86214913089	16.119682105726	0
"OG0008519"	0	0.928203407168746	0	0.790252192306866	2.14329957480318	NA	NA	NA	NA	0	0	0	NA	4.6313151803228	2.60015496865331	5.10257397194613	1.251641733673	1.14188898390885	2.85374771184289	0
"OG0008523"	0	31.2423831644573	4.47268776360029	18.919143872479	NA	NA	NA	NA	NA	0	0	0	0	10.714377212777	15.0150003713357	10.0467841312896	298.842588487503	277.787264512273	220.771749840307	0
"OG0008524"	8.96196672842338	37.1451441366292	42.9875387524314	30.9667642840866	NA	52.5734175163428	63.5834672617388	69.2333015820656	63.2670538433916	0	0	0	NA	16.023316232585	18.9821552567615	15.5637438757691	1.57624364590425	2.46609981214469	4.81302141714057	0
"OG0008525"	0	2.76289928630957	0.602453693832545	2.80900301042335	NA	NA	NA	NA	NA	0	0	0	0	13.5217072004908	15.5699957969044	14.0793362175439	11.0548309311439	13.3489400754251	14.4878048326163	0
"OG0008526"	0	27.8130717261197	29.237241878978	12.6095685621184	70.8322888494254	NA	NA	NA	NA	1.16604559588114	0.359819154195815	8.20794145752465	NA	26.0579677261078	24.7977858208812	24.936745808928	71.8373052532748	69.8200177151855	73.329094648994	0
"OG0008528"	0	75.711895627813	147.337201545253	506.479451633464	NA	NA	NA	NA	NA	299.763040601667	225.887007080179	0	349.757263975649	170.985630039657	112.674156367804	171.273226781108	2.81852783177276	5.52786872139032	84.6603475798215	0
"OG0008529"	0	107.141676260149	51.5702009773991	15.9051068328582	NA	123.027895818772	140.988751294315	172.321645545539	151.160674155137	0	0	0	0	NA	NA	NA	204.726365907636	205.935550225842	160.582015001208	0
"OG0008532"	0	43.2243200687394	17.1202775584399	61.2583991734235	32.720796457453	NA	NA	NA	NA	10.2936068758267	40.9327764954012	13.4885870884928	NA	25.5803045532531	26.1505512061149	26.7232981120438	3.0313253554589	12.7200708222001	39.8018915309462	23.8743364954372
"OG0008535"	NA	7.50792865774203	13.969732297525	21.4824373416289	NA	158.407156228894	133.204022575957	125.719122185728	159.128442234824	0	0	0	0	41.3789370185573	28.071025164394	40.4990038088685	9.14310501099783	36.9159200757731	224.4357275924	0
"OG0008536"	NA	288.821291680825	273.212412417353	22.9268167998562	50.3040820117282	NA	NA	NA	NA	0	0	0	0	91.5177874774101	75.1024102087625	88.7505300363357	282.832427985002	242.239434838767	10.7979475187405	0
"OG0008537"	0	30.3941687186631	10.7346139597438	10.0062986902186	NA	NA	NA	NA	NA	0	0	0	0	2.46448288675171	6.67414955618029	2.7351655084219	32.6111389688696	50.9006654514411	42.8880714442397	0
"OG0008538"	0	34.8866261203258	3.53994339526745	4.7001627840988	NA	147.56284175688	56.5469319245066	50.3767829583368	104.51657940017	0	0	0	NA	16.2204073480947	15.7061757540138	17.4038413924611	2.55704268860166	5.99929121302768	3.38429204546872	0
"OG0008539"	0	235.42027278354	343.222982917666	10.9584001380074	92.4818902294926	NA	NA	NA	NA	0	0	0	NA	711.552202358491	489.289981235199	700.458529594168	461.538797334957	629.608299243767	2475.50659686783	0
"OG0008540"	0	61.5751574795713	46.9144586057012	98.3605048805582	235.417491361264	NA	NA	NA	NA	0	0	0	NA	243.105980745056	182.326621373221	238.421066407304	231.909084458645	294.191480319229	202.127367775163	0
"OG0008541"	NA	106.076611514652	0	110.41407630977	NA	54.1095014933236	74.1837336428515	79.49271927485	81.6746214560323	0	0	0	0	435.367281768867	392.776807485732	420.339690864937	326.570901300241	382.213686294923	54.7113023908954	0
"OG0008542"	0	357.382112379158	657.736575173073	315.875106357981	16.2019039634333	NA	NA	NA	NA	NA	NA	NA	0	9.69084500799232	18.6902687295597	9.0989064462112	282.212875390017	217.495904662481	NA	NA
"OG0008544"	NA	49.0352905047634	33.5887437620794	23.4294630599444	NA	63.1461980685818	46.9223523576389	43.1418109704187	50.3750224986553	0	0	0	10.343183156527	24.7459924101725	24.5023847416172	24.7123368987509	17.3323172634233	34.9527321123046	14.9767199157464	0
"OG0008545"	0	NA	NA	NA	54.7704769901122	NA	NA	NA	NA	0	0	0	0	17.0443025961972	21.3404196905152	18.0639452009554	5.22921789074497	12.4732032477243	53.4965610389927	0
"OG0008546"	NA	9.98200042998667	4.34770699564068	2.9649196716449	NA	16.961907646248	22.2098943902025	22.8336902635081	21.5870165519371	0	0	0	0	20.4442838873692	10.7881856140582	19.6235593533061	18.3050512105007	22.0180447631817	13.4294949999573	0
"OG0008547"	0	164.053675387113	30.581689783755	76.9988057105214	61.9726690644103	NA	NA	NA	NA	NA	NA	NA	0	335.564758290708	323.622336636929	333.531214423172	25.6511748367524	28.3000300147671	NA	NA
"OG0008548"	NA	49.379492052018	78.9976805111268	44.7331858213662	45.2816485371397	NA	NA	NA	NA	0	0	0	0	54.1647479598108	57.9111209583471	52.1916662107031	23.6220491557993	35.2235492883516	420.727542722903	0
"OG0008549"	NA	99.7474139035138	49.5844271622334	27.9780040610594	NA	98.0314088102833	74.1451627733217	68.9989761371105	83.7602235139229	0	0	0	0	19.0641188746347	16.7088953279706	18.8209086721034	66.1326928958103	88.6158841596632	10.1619761538423	0
"OG0008551"	NA	130.522284524251	217.283750716766	325.386918412671	146.335410685204	NA	NA	NA	NA	0	0	0	0	46.8478408815179	49.1454707030814	47.1718916277997	0.765925835953315	1.1991371989712	127.350083034282	0
"OG0008553"	NA	0	1.07650287038276	0.946892607700302	14.5910091934041	NA	NA	NA	NA	0	0	0	0	57.8107116160389	59.840252628435	56.5647237542589	35.053825100213	17.4659099772029	3.29643470639743	0
"OG0008554"	NA	398.761640750551	847.490226660965	386.803567359064	NA	55.9477522786374	53.7425988277243	55.2779549459265	50.9067708251236	0	0	0	0	362.989780294357	369.998340314976	355.589527131759	41.1890931949352	71.9671569680445	136.944577661774	0
"OG0008555"	0	21.9605565055732	3.25859285132988	3.36081571904502	NA	NA	NA	NA	NA	0	0	0	0	18.9172647666753	14.4648836205788	18.5667128119059	81.9317884395142	59.2557273380447	56.6154255514971	0
"OG0008556"	0	219.551119194838	421.599934893046	406.759415308556	NA	NA	NA	NA	NA	0	0	0	0	85.3807147654768	49.1046661579522	84.660205500899	435.198718810396	242.815701995345	878.981781739302	0
"OG0008557"	NA	9.14400085101982	16.1263232327033	10.3418256336883	53.2952895948096	NA	NA	NA	NA	0	0	0	0	32.0598403169203	37.6997064413128	31.6111056169977	69.9824181308839	50.6837846102462	23.0312119339701	0
"OG0008558"	0	13.4424237888353	57.4207297997398	9.26542765575015	4.09772145007255	NA	NA	NA	NA	NA	NA	NA	0	24.5240117084862	35.2112248752197	23.527385642228	1.75554046948857	0.65947199622505	NA	NA
"OG0008559"	0	1.50800515781387	3.26593210800813	1.28964073038718	53.7241709386046	NA	NA	NA	NA	0	0	0	NA	41.1056232796061	39.9575380822374	40.9206731502996	41.034023181435	44.0974957487594	90.9890767791918	0
"OG0008561"	0	34.3646199473501	69.2884284683673	13.481508900657	NA	272.986207263165	206.653755287914	199.491486727751	239.258767106166	0	0	0	NA	10.1336965078565	8.98122930464192	11.2428725131814	0.374950563135251	3.23730613039911	1.51663110107209	0
"OG0008563"	NA	76.326874589916	76.4441573373953	31.2003263873645	24.6798330547502	NA	NA	NA	NA	0	0	0	0	64.2636906140595	56.1205460356615	63.5907639862293	88.0814650724728	78.9430175674018	127.617312814602	0
"OG0008564"	0	7.43937872621588	9.05975102286784	7.53429503999172	41.2485196319441	NA	NA	NA	NA	0	0	0	NA	11.8138129437446	13.5531849881658	11.3782677405469	22.1747694441874	91.2498698034243	792.32786448603	0
"OG0008565"	NA	21.1021267654708	8.20656939286118	13.3227946476546	34.7333598444793	NA	NA	NA	NA	0	0	0	0	38.7650448872319	41.8577193743212	39.701282902611	2.26696840611598	5.84140915214913	188.765878759167	0
"OG0008566"	NA	58.9814603729614	82.0079819481583	100.105932208705	62.3020718600918	88.9474754329584	73.664249220487	69.6629175505865	72.0948393769848	0	0	0	NA	29.9984720258859	34.4651867391635	30.2763169755237	15.9794859806751	12.5346149693366	21.0016417037364	0
"OG0008567"	0	52.8179815069063	274.942008924803	102.220138576202	NA	NA	NA	NA	NA	0	0	0	0	164.487006259852	114.723914612909	161.907695887162	89.2314565330273	102.028620510452	485.125613918092	0
"OG0008568"	NA	30.7704671835045	26.3276116618694	24.1180019317826	97.4059413383161	20.2361305770948	23.0064371711614	23.9112801312618	23.3696130452626	0	0	0	NA	47.1606325008847	68.2871508822606	49.6930340814852	107.562090052245	57.4544978868677	29.6568680437325	0
"OG0008569"	0	0	29.6663703509997	6.27672845396852	14.2181975767276	NA	NA	NA	NA	0	0	0	NA	273.165157555956	88.5953049340247	268.18152062322	5.52776707076284	2.50071558410189	13.5147688218833	0
"OG0008570"	0	51.1053273212905	46.8386814763822	71.8251014369661	13.7223394914479	NA	NA	NA	NA	NA	NA	NA	0	10.7276336228059	17.9087276608071	10.6026961048173	47.3723735846895	27.8209292676204	NA	NA
"OG0008571"	0	431.132401418745	2593.48547273683	84.412423929618	67.5500448528549	NA	NA	NA	NA	0	0	0	NA	521.651180514329	462.902843489364	536.799027765247	95.1082341908594	51.6829315570947	3.50953491958743	0
"OG0008574"	NA	27.9942468098961	23.3091451858027	39.6950665880642	NA	3.75247335402679	1.96457464439958	1.8295409740728	3.28088044658121	0	0	0	0	43.3581807212405	29.5927068027559	43.4550008191639	18.5112858414341	13.8271945028104	16.6934714978215	0
"OG0008575"	0	22.9133072180253	21.955511612111	6.60532278681759	44.6684962001298	NA	NA	NA	NA	0	0	0	NA	32.7844685699875	27.5001189446589	32.3977866047162	4.91409476948749	15.793126595596	17.6100874004504	0
"OG0008576"	0	35.7794863857939	39.7228221218251	88.5339637505292	144.84983696215	NA	NA	NA	NA	0	0	0	NA	533.906873792368	364.101998970145	563.984445283641	89.5934886364765	87.167740881458	26.1115456409401	0
"OG0008578"	0	342.287645611183	238.970279963387	270.738171600005	NA	NA	NA	NA	NA	0	0	0	0	NA	NA	NA	862.860962218781	760.312124865779	550.444518097161	0
"OG0008579"	NA	26.7292879751151	24.7569550620029	40.0942142224025	229.045109324673	336.286407739424	291.215157934557	270.302558387801	311.192644011883	NA	NA	NA	0	3.98696069850291	18.9737560730196	3.74206718061765	263.245593988947	127.749628474496	NA	NA
"OG0008580"	NA	1.95149521405963	4.04620365081162	0.236693442850079	NA	0	0.135607164304461	0.134786395412205	0	0	0	0	0	2.30895307928078	1.01738538273169	2.16794143723138	0.867990760710722	1.02329528483838	0.744385865309402	0
"OG0008581"	0	2.67780818371167	13.0779801365304	4.54462649719832	NA	NA	NA	NA	NA	0	0	0	0	31.1229430178655	40.521176923132	30.2107023653389	180.99918679976	151.431559105684	23.8634862115811	0
"OG0008582"	0	199.324222606546	66.0363305344518	41.8435679951543	NA	3728.61077779479	2697.01372670323	2453.7809456012	3097.5467068458	0	0	0	NA	107.485830515275	72.797691257714	107.87250214734	713.988899531836	656.433582695047	84.5793352294753	0
"OG0008583"	0	299.438753087251	201.802651136915	149.68036287687	NA	174.120224272195	204.881260857515	194.930457568526	209.271332957044	NA	NA	NA	0	407.007859749057	367.507178158327	393.596008955004	56.3326075234728	90.9658997316853	NA	NA
"OG0008584"	0	14.3258467717484	31.0768808443344	32.5894288676424	26.1444970995086	NA	NA	NA	NA	0	0	0	NA	98.4879815103597	74.0069354418358	98.620494944031	314.09134188697	291.688645131793	177.54311579231	0
"OG0008585"	0	32.8378024482672	8.60192429432806	15.4785967876814	16.2033838096036	NA	NA	NA	NA	NA	NA	NA	0	32.7728145831489	31.4012717337297	35.3521798992813	37.5220936115432	26.5769018980284	NA	NA
"OG0008586"	0	0	0.565403901364876	0.990061596152303	NA	NA	NA	NA	NA	0	0	0	0	17.4023852156049	14.6970227627228	16.9582869442537	37.3695696333275	26.0587251203377	5.84997950157131	0
"OG0008587"	0	44.1830753818501	84.8910201176817	5.05556123644409	NA	28.475378700734	21.8624849385925	23.1730361651188	22.6049155548099	0	0	0	NA	2.65797611130091	5.74886003180527	2.49470913929677	18.7580156909047	10.3365484613594	31.1301386714795	0
"OG0008588"	NA	225.891728595003	263.142506889027	317.326663847751	34.2704968478852	105.787239985517	119.562225831746	116.846125212402	119.065700523819	0	0	0	NA	49.172401978886	71.8696112385702	46.1574828109974	111.512677479836	109.485839242077	437.274037841548	0
"OG0008589"	0	6.16596781969598	7.46375496663178	1.22017333623389	NA	0.841749601865587	0.261592662229207	1.29999763533592	1.14399046376359	0	0	0	NA	11.5953700594915	10.9856557940351	11.5107467630153	4.19604692353091	5.10693820918645	0.280437678797715	0
"OG0008590"	0	63896.1067497004	76432.4664860494	26716.0812461015	0.26299058810627	30461.9659192296	31650.3184270035	34503.8856552819	36448.5683473551	0	0	0	NA	17546.3258268546	21425.5433328359	17617.1409506492	NA	NA	9289.69731177549	0
"OG0008591"	0	104971.10127249	208664.995307881	36519.4931633815	0.700049452220023	92700.0042813485	92901.470398477	98868.9065903495	104092.418137993	191.927941245342	120.574688185292	329.320661415499	NA	42702.288845454	41524.1943404839	42865.2957825179	NA	NA	92580.470072293	143.586379341922
"OG0008592"	0	79576.5146873019	116039.122370692	32440.7147782424	1.39384792459854	34037.1902767796	35515.0788100137	38634.2845755708	39029.3123446937	21.1476716932297	43.0171891472399	48.4532880330316	NA	23770.9421780155	22014.1414502402	24445.9207513656	NA	NA	26972.9843646756	115.972535971599
"OG0008599"	0	84.6726472670224	17.1914896886619	69.2453046303374	81.957169457322	NA	NA	NA	NA	0	0	0	0	113.367625420269	149.467346651779	111.333759626402	NA	NA	64.5100236048185	0
"OG0008602"	0	77.0372640953112	43.5380294047814	249.075241844105	123.499740004213	NA	NA	NA	NA	0	0	0	0	43.6579846323271	40.7714845123773	45.8653751067689	NA	NA	92.644081413688	0
"OG0008612"	0	13.0783106124536	9.46244518101296	2.32252265898073	5.49044852821989	NA	NA	NA	NA	0	0	0	0	21.1349213454907	12.2332621984233	21.211155185979	NA	NA	55.1029138729522	0
"OG0008616"	0	87.5359810180619	40.3109832859646	37.9282892173795	87.4764475813037	NA	NA	NA	NA	0	0	0	0	292.329160809453	324.011320110935	289.981860291934	NA	NA	37.6191169583839	0
"OG0008621"	0	8.20576903480632	46.0056340903602	1.61411843147109	6.98361331403552	NA	NA	NA	NA	0	0	0	0	73.1828752078148	70.8027361973081	72.6273886278524	NA	NA	0.844952155561022	0
"OG0008622"	0	54.0761475723758	628.619860404399	5.69362688990379	20.8793962575523	5.71480953574703	4.16816644825516	5.98894802822267	2.47603665225955	0	0	0	NA	284.209522955584	254.30881741514	284.454957677424	NA	NA	0	0
"OG0008624"	0	2.85640616340572	15.3759747022732	9.02511697580807	5.5024243203757	NA	NA	NA	NA	0	0	0	0	69.5129098882169	41.0270520159801	71.9046558640795	NA	NA	0	0
"OG0008628"	0	9.2272770915879	10.2103813135463	7.08177229930935	27.040352123704	NA	NA	NA	NA	0	0	0	0	9.81808850833706	11.6987047866267	9.87808170846971	NA	NA	177.209300518555	0
"OG0008634"	NA	915.4786316797	822.245410516607	144.121989733456	648.416523156498	879.753251761394	844.757726000279	1015.85267656744	1045.07022253439	0	0	0	0	718.142254439803	702.654267125407	706.964443852706	NA	NA	685.660434251601	0
"OG0008635"	0	14.3333136326711	6.64361390935743	8.21203618916716	8.66296467171973	NA	NA	NA	NA	0	0	0	0	10.2510688038731	12.9750709582691	10.0857640700809	NA	NA	44.1817388010276	0
"OG0008641"	0	40.7906564588546	30.4068438234239	30.4698579952047	34.9062826099328	0.193998860160716	0.542503354324327	1.07884321619479	1.23031916417402	0	0	0	NA	124.230112319349	147.988852038483	129.085115435768	NA	NA	244.654989748273	0
"OG0008642"	0	295.473538818109	672.069930061269	264.759546182503	NA	760.478106768466	753.557991500424	769.251661678719	908.098704601332	0	0	0	0	421.368623768775	497.085734258648	431.612211461239	NA	NA	306.739392607906	0
"OG0008643"	0	136.051909863093	159.155167703393	75.9079903188006	52.6192191314599	NA	NA	NA	NA	0	0	0	0	303.664050389309	251.666350813779	299.915703973565	NA	NA	1898.29914944262	0
"OG0008646"	0	97.2522337936828	133.258076281563	157.765157720569	18.0337890948915	NA	NA	NA	NA	0	0	0	0	25.499755630336	23.9701385945665	25.504433695564	NA	NA	93.2170273895334	0
"OG0008647"	0	709.455503125421	961.535414387437	660.839033570812	159.17389834917	NA	NA	NA	NA	0	0	0	0	34.3418712992247	19.4189723800209	32.2227448774401	NA	NA	77.0740403611051	0
"OG0008649"	0	64.0677408445201	200.190055927458	218.806033648161	NA	165.468653029012	165.325068586729	182.323076313551	158.868072862355	0	2.61676573289297	0	0	300.237223307027	246.30933950944	292.933476248502	NA	NA	241.219267067675	163.609388294928
"OG0008651"	NA	381.561259936379	286.706067268404	157.199504294716	184.889788150471	74.644691194405	94.7293765005955	70.6908806159057	122.056207187271	0	0	0	0	279.769908921858	295.496984837268	265.857902447898	NA	NA	419.394057241041	0
"OG0008653"	NA	37.541095178334	10.5082196692629	6.17095985243159	18.5188771885986	80.3447392295062	81.7949613547856	76.0547772562682	76.0662110997257	0	0	0	307.834087953691	25.1336262104922	32.0061321005067	27.7608819514225	NA	NA	12.7580912744858	0
"OG0008655"	0	54.8166112805403	28.9491458993829	17.4448866248384	56.0168363201951	NA	NA	NA	NA	0	0	0	0	23.535157051443	24.8711148647558	23.5878899504979	NA	NA	1.4870271906908	0
"OG0008657"	0	68.7138394940473	33.4092984723735	83.5503852868133	45.4729323569281	94.0967974063704	102.917673313347	94.4647995538596	99.8809859795882	0	0	0	NA	21.7754744077942	16.8866959211118	22.3034127868439	NA	NA	157.555482372934	0
"OG0008659"	0	25.9307495635009	28.0690845897342	12.6834344944893	52.1441337016817	NA	NA	NA	NA	0	0	0	0	56.3380777672582	35.2422005883105	56.0716768262987	NA	NA	3.35645931512849	0
"OG0008660"	0	27.0616151393746	3.70015445097336	54.4330377621993	26.3359453466493	105.811879482835	98.9338729051859	109.476436379043	114.453874218135	NA	NA	NA	0	96.0933646909188	98.3157219766354	97.3394477928035	NA	NA	NA	NA
"OG0008669"	0	7.14863786432407	11.7640583632137	2.62844790930782	46.4285293191091	2.89120083514162	0.79271285659001	1.41852237808468	3.38987593249633	0	0	0	NA	11.1824998281488	17.0148996321003	11.3080705226666	NA	NA	0	0
"OG0008671"	0	0.510363573788374	3.69401211479004	8.26148485090658	690.007599772304	32.9368480406678	30.0284405258594	29.0161755764368	33.6117305431909	NA	NA	NA	0	4.74805621871901	20.9952191955898	4.45761359888183	NA	NA	NA	NA
"OG0008673"	0	16.6942935738578	42.9944975925182	2.83238376102992	6.69772594308234	0.510106407506002	0	0.0675074480235319	0.3301522626002	0	0	0	NA	171.879934791575	171.229036040329	178.570474068509	NA	NA	0.441665129181955	0
"OG0008674"	0	1482.92894988191	1350.27477354309	1162.57730193988	403.005959462017	387.984401674233	395.723540083706	366.936954806634	435.375819354641	0	0	0	NA	921.192164410413	782.178453618147	893.296050087605	NA	NA	337.989695899871	0
"OG0008679"	0	32.1635034243897	42.2696648090732	26.0420211387429	8.36135009856907	2.88300431767775	2.29278768661432	1.87584205626536	0.917431384136597	0	0	0	NA	38.019952788228	22.3894836967501	38.5700731363347	NA	NA	0.849266895535623	0
"OG0008680"	0	18.5680089866397	40.9456295018842	5.25098774649962	13.5496359624641	NA	NA	NA	NA	0	0	0	0	59.0192577987822	46.0365217763079	59.2072914251838	NA	NA	0.316388074509955	0
"OG0008683"	0	96.0917591586182	112.958675825585	72.4754188246062	17.5470841322206	NA	NA	NA	NA	0	8.02021880652859	1.14557498765642	0	102.630002665887	76.5850678698551	100.14108749752	NA	NA	1.27617756717892	0
"OG0008684"	0	33.334436850066	29.2356459849848	19.050674245171	52.8949089920719	NA	NA	NA	NA	0	0	0	0	50.3511888738095	51.8338647559682	51.17807670861	NA	NA	49.2373089755881	0
"OG0008685"	0	36.4449703655266	294.327467358852	14.1877130921741	8.55211323174204	NA	NA	NA	NA	0	0	0	0	12.2078980582071	14.1761542333651	12.5044782984281	NA	NA	0	0
"OG0008687"	0	23.3986531779986	41.27918990338	15.5730768609801	8.62100829233633	40.7167693190227	25.6945144076707	24.614821559644	37.6791767409697	0	0	0	NA	15.5815191410538	32.1925820658417	15.4404717287615	NA	NA	0.807136034322728	0
"OG0008688"	0	128.236402097911	248.423075552813	18.9623961138267	11.7364681446041	NA	NA	NA	NA	0	0	0	0	50.3737337888245	40.019608645777	49.7900326110389	NA	NA	0.511647370588922	0
"OG0008691"	0	3.47705786568193	2.64682359023442	0.701705958416947	13.8084446149114	NA	NA	NA	NA	0	0	0	0	4.87899708512621	5.10062175296535	5.03997988592945	NA	NA	24.3943945459043	0
"OG0008693"	0	10.1979482702543	16.0121982552791	11.3869961068804	11.9883434436981	12.9461135382192	7.50278109461181	4.94628528667869	8.15180603023382	0	0	0	NA	31.3157887524555	23.3792172986804	32.2187177373441	NA	NA	5.67068696291481	0
"OG0008694"	0	122.164378198145	57.6972462694304	28.0214584302557	281.031557195544	NA	NA	NA	NA	0	0	0	0	13.5939961988839	20.2041590519296	13.1259048979728	NA	NA	13.1182744036412	0
"OG0008697"	0	21.7991893445223	57.7448261787174	13.6483214456563	16.0778709307166	NA	NA	NA	NA	0	0	0	0	5.15101362435198	5.46746950584691	5.09177012713686	NA	NA	0	0
"OG0008698"	0	107.273901922321	850.982636539212	39.5291129528221	44.5252827167728	11.5463792119409	10.7527163848	8.72598572150059	12.3842890618344	0	0	0	NA	899.106471972013	849.736483869193	888.094096018772	NA	NA	0	0
"OG0008704"	0	41.8736893755109	95.2646650981187	21.479983313751	33.675543878314	NA	NA	NA	NA	0	0	0	0	106.778821980404	67.319153891305	104.434366007105	NA	NA	8.14793366067775	0
"OG0008709"	0	11.8137666032794	26.8276275182423	5.69352872878868	77.5129721714922	NA	NA	NA	NA	0	0	0	0	39.603091405067	33.3265910083603	39.4376440932229	NA	NA	1.67315228878033	0
"OG0008711"	NA	56.0667919530786	18.2244599111521	16.1694056353066	12.1282985250246	87.4485726794089	76.1278956052428	73.3969540823799	84.6694036851281	0	0	0	0	53.4655781184682	25.1392930577073	53.1408909047101	NA	NA	13.4699789799659	0
"OG0008712"	0	187.579991145609	181.28743385371	60.7098275668648	77.000780969222	NA	NA	NA	NA	0	0	0	0	33.923437676546	29.687719113018	32.9507545999669	NA	NA	180.947410120007	0
"OG0008717"	0	13.0059235440644	8.48098893207227	5.65332561707919	14.7376783916143	NA	NA	NA	NA	0	0	0	0	143.149111310257	95.181218086562	144.672230610783	NA	NA	21.9737011272324	0
"OG0008718"	0	38.4706304764077	20.4760203239269	88.8624683602153	124.491097175053	58.6244119051444	43.6774353548772	40.3663686523663	43.8669891178751	0	0	0	NA	26.0384611719471	27.9400932079063	25.9970508304692	NA	NA	41.6002116741893	0
"OG0008720"	0	126.320101127217	102.512992932569	24.2597833924275	90.133319548136	55.4577370504315	54.5282086685523	60.6789449043131	55.5621701747873	0	0	0	0	NA	NA	NA	NA	NA	182.932545630955	0
"OG0008721"	NA	8.28826747736163	17.8943325374325	32.9236674646106	108.892562121171	124.124242460724	122.519552183899	134.586439244731	150.311282739373	0	0	0	0	153.150035610917	119.439966930984	160.805787036756	NA	NA	261.448383876577	0
"OG0008722"	0	7.58913077027604	80.887144771505	1.40179593947631	22.3426626698165	NA	NA	NA	NA	0	0	0	0	51.3020293356889	66.8746583653199	50.1978152624838	NA	NA	0	0
"OG0008723"	0	1.19979491727052	0.158607738949895	1.93977406593639	40.5771079435749	NA	NA	NA	NA	0	0	0	0	26.8866494330904	18.5090608079785	25.9461693040252	NA	NA	1.41430695379378	0
"OG0008725"	0	42.794913341845	48.0642445571157	29.7671741066784	20.9077325712574	NA	NA	NA	NA	0	0	0	0	107.339461990101	138.734857752605	102.394897282281	NA	NA	187.623715595109	0
"OG0008730"	0	146.014309783158	91.0049271196291	18.6209181346188	198.208129637432	7.66626882225455	4.76400489473811	6.01237043001404	3.73988756874885	0	0	0	NA	33.6113466837689	31.9801005877746	33.921087062753	NA	NA	7.93095373273693	0
"OG0008731"	NA	9.84557465854544	10.0846582693107	1.21440637072085	42.9725404203239	124.211923554786	110.062791080822	161.123375688157	120.874642046621	0	0	0	0	25.1789865795024	3.91754608953736	24.3694745229915	NA	NA	86.0120330965559	0
"OG0008733"	0	16.9569300361725	15.4895800863042	11.2033980111963	17.6092102668138	NA	NA	NA	NA	0	0	0	0	34.9345597727271	22.9449616286189	33.2402920861793	NA	NA	3.6958411302191	0
"OG0008734"	0	181.636577263969	353.123092747873	224.182563325823	19.0835755253551	NA	NA	NA	NA	0	0	0	0	78.9384185887248	69.0591609623699	78.5417298929771	NA	NA	97.6489578325799	0
"OG0008736"	0	7.26634459497324	17.5721846336792	27.0001963236639	44.8031649420815	NA	NA	NA	NA	0	0	0	0	44.5363350241678	45.3632765660151	43.7740407752151	NA	NA	31.4291519273325	0
"OG0008738"	0	75.4131174845046	117.915225658103	38.9832144513861	18.115564298079	NA	NA	NA	NA	0	0	0	0	6.13925089756858	21.8754059968008	5.76244865005562	NA	NA	4.51347547734011	0
"OG0008741"	0	73.757029955698	52.9717113708882	40.897294845441	234.52245847383	NA	NA	NA	NA	0	0	0	0	66.0207372368758	66.3940582629802	63.0228677992434	NA	NA	53.5265689013675	0
"OG0008742"	0	85.2399212843417	112.16815159172	58.9832349026804	139.545931265062	NA	NA	NA	NA	28.0549823352006	8.85031601397797	4.18911437464095	0	17.8721518755485	23.3593213598874	16.7790097765318	NA	NA	19.0148193602882	0
"OG0008748"	0	126.920042661073	32.3698333324689	74.3821984857244	NA	114.675772160119	154.043089249261	123.203427276097	115.215176406459	0	0	0	3366.99259676572	396.642748359692	360.909351269986	377.22151845777	NA	NA	156.57268048983	0
"OG0008749"	0	51.48208749336	396.939661315983	13.2950641326345	10.3625954028485	NA	NA	NA	NA	0	0	0	0	94.9945602175716	132.400324425535	96.0965890390382	NA	NA	0.861403211472411	0
"OG0008750"	0	79.6055524797789	128.600292650106	39.3459811224348	NA	90.9339516627273	132.271327341816	145.73616901798	89.8420836016355	0	0	0	0	71.6414967104806	81.0622497850569	73.2953384161888	NA	NA	120.121561866958	0
"OG0008753"	0	32.5507949815522	31.6664337764913	15.3122750482576	60.3171596728028	NA	NA	NA	NA	0	0	0	0	48.4759840402103	61.5413315677598	48.2038671074346	NA	NA	94.599342233248	0
"OG0008755"	0	58.8103448101503	101.304938293494	7.47533702022548	96.2464544593406	NA	NA	NA	NA	0	0	0	0	24.464839977693	19.0050891981845	24.8794632127349	NA	NA	0.279439340299476	0
"OG0008759"	0	2.54525066105398	6.92338711620865	9.73009783442805	12.9345680468005	NA	NA	NA	NA	0	0	0	0	25.3478375876195	23.2045619317914	24.7526777331608	NA	NA	84.2510687468398	0
"OG0008760"	0	15.679163460781	30.0203433500835	17.2351899426729	51.1042951260294	NA	NA	NA	NA	0	0	0	0	2.46225156448595	3.46695668768838	2.31198112911329	NA	NA	3.093140316874	0
"OG0008761"	0	7.04965006861333	7.29664074155973	0.809639012542173	18.224689250858	NA	NA	NA	NA	0	0	0	0	36.4807247289414	29.9596097636497	36.3768093199135	NA	NA	1.49231984961232	0
"OG0008764"	0	50.0215383849657	29.1933547941637	26.2178522361935	97.3489398562014	NA	NA	NA	NA	0	0	0	0	88.3476255814526	92.2522261391103	89.5094376440818	NA	NA	124.642716871207	0
"OG0008766"	0	458.365391386936	395.147262668518	230.06020549615	57.8874714976677	NA	NA	NA	NA	0	0	0	0	396.493605075747	855.654036443117	409.207425837496	NA	NA	713.636684441029	0
"OG0008767"	0	21.8709283969036	20.0097920884708	85.7788248419959	17.5515154493639	NA	NA	NA	NA	0	0	0	0	351.550143570893	225.218453015343	415.744585148502	NA	NA	80.1019046992481	0
"OG0008771"	0	4.79135502107352	6.95956380620676	17.844831818237	1.18007318347766	NA	NA	NA	NA	0	0	0	0	27.3237571822985	8.59056685641253	27.3704715491503	NA	NA	4.11266631912341	0
"OG0008774"	0	4.74763758743532	7.45500538502926	3.36491394560109	10.567252647287	NA	NA	NA	NA	0	0	0	0	56.7347989025532	38.2294507038446	57.1397021531377	NA	NA	0.568276113239106	0
"OG0008777"	0	5003.68869324179	4914.62977983518	5744.9528829698	NA	851.52215924804	992.547988372244	1045.61861532402	974.948430949738	0	0	0	0	4516.72457997418	4557.48049452178	4409.69757508443	NA	NA	1240.28354718445	0
"OG0008778"	NA	0	376.125306693579	0	128.945573910855	439.385500765225	451.544008694428	518.399404794579	465.049502436721	0	0	0	0	375.225772785122	369.998340314976	359.413227219461	NA	NA	1059.33569316116	0
"OG0008779"	0	25.0099395412692	31.1215102054247	9.31364930355063	7.75820316594388	5.6688602029096	3.09865327762045	1.17718397769062	2.9224685813594	0	0	0	NA	16.7973490655712	17.4380755278639	17.5654824639006	NA	NA	0.385926412627354	0
"OG0008780"	0	19.7921014323249	6.04579377311439	5.5900021639314	41.6045048495733	NA	NA	NA	NA	0	0	0	0	19.4137045583646	23.3841614990391	19.7617458053588	NA	NA	7.14204880651676	0
"OG0008781"	0	62.5978063067716	33.1394810460731	84.1753034859172	40.5790262626846	NA	NA	NA	NA	0	0	0	0	84.687510655492	62.3130080632666	96.1476920581874	NA	NA	158.114800517789	0
"OG0008782"	0	15.2628859643423	7.6400084683512	12.2853543622779	22.6145707013267	NA	NA	NA	NA	0	0	0	0	31.4969111312377	37.5120055337183	30.4826037552688	NA	NA	27.9396308314586	0
"OG0008784"	0	0	0	0.437477095763037	3.49926837026303	NA	NA	NA	NA	0	0	0	0	0.491148951033554	1.46334629822076	0.691846004464724	NA	NA	0.789517512759776	0
"OG0008786"	0	61.5217486826939	178.960026590533	12.7217418696631	11.0820198780758	NA	NA	NA	NA	0	0	0	0	368.995051964664	275.329412867993	365.853874035063	NA	NA	0	0
"OG0008790"	0	13.4794469742436	21.7323648066597	12.4654800085148	6.37934279450326	NA	NA	NA	NA	0	0	0	0	22.5392267595336	18.610804111746	23.3235984666805	NA	NA	2.04385059905905	0
"OG0008791"	0	16.8925283607145	184.955763209353	1.54414182653314	15.3671062960414	NA	NA	NA	NA	0	0	0	0	289.254728091098	290.885475550874	282.923950106445	NA	NA	7.00421683510591	0
"OG0008792"	0	105.037991901589	124.852168594801	42.662599799399	14.604574449965	NA	NA	NA	NA	0	0	0	0	16.4306993784578	20.3525922863136	16.2473856237899	NA	NA	26.0534037153985	60.3757205343718
"OG0008796"	0	87.9824370773964	44.9631070608174	44.0258000154259	184.388832817272	NA	NA	NA	NA	77.2688216448741	314.138469043503	84.2839848726282	662.52263291929	222.127070211469	181.990654023544	217.662756181775	NA	NA	184.863968843865	480.477671110052
"OG0008798"	0	45.8888901302736	75.9234505298309	16.9266572877256	13.5155446914302	NA	NA	NA	NA	0	0	0	0	14.570466413842	26.763790503283	14.8204310208775	NA	NA	0	0
"OG0008799"	0	18.6864416973853	131.818245875329	12.5777517839281	9.17145625856422	1.84792622756048	0.574364386498075	0.489145672597437	2.46865501392876	0	0	0	NA	172.947939442564	142.082617513573	167.980345418129	NA	NA	3.96792277349399	0
"OG0008802"	0	78.8251618069585	61.4145473023777	366.03666319593	429.947381128781	NA	NA	NA	NA	0	0	0	0	99.3266523489182	111.341605018109	98.0469746476007	NA	NA	59.4031382099839	0
"OG0008803"	0	4.95911568178953	4.79555938672266	5.89910877918897	NA	2.44441016653361	3.52238959076478	2.88248407074884	2.11413517096143	0	0	0	0	7.99694495790884	26.2910535368385	8.00931508982359	NA	NA	15.8991854938031	0
"OG0008804"	0	38.327916602159	29.9194393152066	71.4642647974928	3.60348023375671	NA	NA	NA	NA	0	0	0	0	21.9211145587912	26.732608086876	23.2282316232002	NA	NA	68.5706289461413	0
"OG0008806"	0	29.8443690162904	69.7689595724971	1.62616770835151	27.1986956639243	NA	NA	NA	NA	0	0	0	0	121.425524891482	100.649027133879	117.753576407024	NA	NA	11.4792058972405	0
"OG0008808"	0	60286.6054384027	94839.7119301491	14455.4512146934	0	7613.21621091085	8822.67896618014	9127.49190995637	8399.91458946145	0	0	0	NA	30475.4530586343	31484.6678843588	30437.7497466133	NA	NA	31821.0297513631	0
"OG0008809"	0	27867.1546146082	48642.8489142027	14202.2568883924	0	7299.28459755174	8022.06179759494	8794.3040787207	8301.01069598323	0	0	0	NA	7283.04808438879	7532.93601160971	7255.03174984289	NA	NA	12743.2205142852	0
"OG0008810"	0	17030.9764069889	20175.9970251049	5118.4947813725	0.741408412223564	4475.78133623666	4935.82182094288	5590.3759791809	5306.81950096165	23.7231825680459	11.5295783477764	44.4902312131337	NA	7355.26118140611	8464.41144545764	7609.97554589029	NA	NA	8931.8224797258	15963.8854851791
"OG0008813"	0	NA	NA	NA	93.386788758062	143.14493549216	145.873942058354	186.743121885129	177.261807762621	0	0	0	0	260.789171548294	194.445273433208	254.861032647822	NA	NA	98.5589595761942	0
"OG0008830"	630.339946473393	NA	NA	NA	187.453210572106	126.107943972327	106.435839122272	110.438399419519	115.301630858801	1650.95250491702	3629.47081198516	2276.81576446115	0	10.2530111350129	18.3390517980532	10.9972169673254	NA	NA	99.7629584684894	0
"OTX"	0	46.0127674271087	140.3264021191	166.234007927157	94.5994404809329	103.85605833937	108.594897869372	131.770201521641	79.0472046296226	0	0	0	NA	80.6554185055775	141.884194243754	85.1056488555865	37.6004166276233	96.3124098927641	230.250860685741	0
