ProteinID	TPM_max
boxJellyfish__Unknown__TRINITY_DN10265_c0_g6_i2.p1	14.011505
boxJellyfish__Unknown__TRINITY_DN17724_c0_g2_i1.p1	2.847381
boxJellyfish__Unknown__TRINITY_DN1802_c0_g1_i7.p1	7.100104
boxJellyfish__Unknown__TRINITY_DN3609_c0_g1_i1.p1	4.376635
boxJellyfish__Unknown__TRINITY_DN4364_c0_g1_i7.p1	2.345905
boxJellyfish__Unknown__TRINITY_DN5166_c0_g1_i2.p1	25.614781
boxJellyfish__Unknown__TRINITY_DN8681_c0_g1_i2.p1	2.843673
boxJellyfish__Unknown__TRINITY_DN92178_c0_g1_i1.p1	2.298083
boxJellyfish__Unknown__TRINITY_DN15278_c1_g1_i2.p1	4.537729
boxJellyfish__Unknown__TRINITY_DN28307_c0_g1_i1.p1	1.848518
boxJellyfish__Unknown__TRINITY_DN3089_c0_g1_i1.p1	6.127032
boxJellyfish__Unknown__TRINITY_DN35139_c0_g2_i1.p1	3.430091
boxJellyfish__Unknown__TRINITY_DN4234_c0_g1_i4.p1	10.96691
boxJellyfish__Unknown__TRINITY_DN82393_c0_g1_i1.p1	5.94655
boxJellyfish__Unknown__TRINITY_DN1602_c0_g1_i1.p1	78.990885
boxJellyfish__Unknown__TRINITY_DN1602_c0_g1_i1.p1	78.990885
boxJellyfish__Unknown__TRINITY_DN2902_c0_g1_i2.p2	9.420684
boxJellyfish__Unknown__TRINITY_DN2902_c0_g1_i2.p2	9.420684
boxJellyfish__Unknown__TRINITY_DN24888_c0_g1_i2.p1	2.725653
boxJellyfish__Unknown__TRINITY_DN18052_c0_g1_i2.p1	2.333168
scallop__Unknown__TRINITY_DN10498_c0_g1_i1.p1	12.711414
scallop__Unknown__TRINITY_DN10709_c0_g1_i8.p1	1.841181
scallop__Unknown__TRINITY_DN12990_c0_g1_i6.p1	6.291946
scallop__Unknown__TRINITY_DN13763_c0_g1_i2.p1	3.448483
scallop__Unknown__TRINITY_DN1790_c1_g1_i7.p1	5.217902
scallop__Unknown__TRINITY_DN21274_c0_g1_i1.p1	1.443793
scallop__Unknown__TRINITY_DN26367_c0_g1_i1.p1	1.702351
scallop__Unknown__TRINITY_DN26367_c0_g2_i1.p1	2.407019
scallop__Unknown__TRINITY_DN26968_c0_g1_i7.p1	7.193036
scallop__Unknown__TRINITY_DN4157_c2_g1_i1.p1	17.782449
scallop__Unknown__TRINITY_DN5433_c1_g1_i2.p1	8.58079
scallop__Unknown__TRINITY_DN56694_c0_g1_i1.p1	3.798227
scallop__Unknown__TRINITY_DN7219_c0_g1_i4.p1	8.723386
scallop__Unknown__TRINITY_DN84685_c0_g1_i1.p1	3.604868
scallop__Unknown__TRINITY_DN87809_c0_g1_i1.p1	17.138842
scallop__Unknown__TRINITY_DN8876_c3_g1_i1.p1	4.56612
scallop__Unknown__TRINITY_DN657_c0_g1_i1.p1	35.813028
scallop__Unknown__TRINITY_DN657_c0_g1_i1.p1	35.813028
scallop__Unknown__TRINITY_DN657_c0_g2_i1.p1	35.813028
scallop__Unknown__TRINITY_DN657_c0_g2_i1.p1	35.813028
scallop__Unknown__TRINITY_DN8509_c0_g1_i1.p1	63.838157
scallop__Unknown__TRINITY_DN8509_c0_g1_i1.p1	63.838157
scallop__Unknown__TRINITY_DN4672_c0_g1_i3.p1	14.193798
octopus__Unknown__TRINITY_DN4848_c0_g1_i2.p1	16.939287
octopus__Unknown__TRINITY_DN59354_c0_g1_i1.p1	3.352959
octopus__Unknown__TRINITY_DN11527_c0_g2_i1.p1	1.760317
octopus__Unknown__TRINITY_DN7217_c0_g1_i1.p1	29.259428
octopus__Unknown__TRINITY_DN7217_c0_g2_i2.p1	2.120096
octopus__Unknown__TRINITY_DN4225_c0_g1_i2.p1	8.243738
octopus__Unknown__TRINITY_DN4225_c0_g1_i2.p1	8.243738
octopus__Unknown__TRINITY_DN5979_c0_g1_i1.p1	4.735863
octopus__Unknown__TRINITY_DN5979_c0_g1_i1.p1	4.735863
hawaiianSquid__Unknown__TRINITY_DN14340_c0_g2_i1.p2	3.81298
hawaiianSquid__Unknown__TRINITY_DN14340_c0_g2_i1.p2	3.81298
hawaiianSquid__Unknown__TRINITY_DN1268_c2_g1_i1.p1	1.831764
hawaiianSquid__Unknown__TRINITY_DN1532_c1_g1_i1.p1	1.318878
hawaiianSquid__Unknown__TRINITY_DN1925_c3_g1_i3.p1	1.762706
reefSquid__Unknown__TRINITY_DN31639_c0_g1_i1.p1	3.065696
spider__Unknown__TRINITY_DN43415_c0_g1_i1.p1	3.909302
spider__Unknown__TRINITY_DN4367_c0_g1_i2.p1	3.777711
spider__Unknown__TRINITY_DN5594_c0_g1_i1.p1	16.472335
spider__Unknown__TRINITY_DN59908_c0_g1_i1.p1	3.708609
spider__Unknown__TRINITY_DN9937_c0_g1_i1.p1	8.923721
spider__Unknown__TRINITY_DN33781_c0_g1_i1.p1	3.155506
spider__Unknown__TRINITY_DN16489_c0_g1_i1.p1	3.012126
spider__Unknown__TRINITY_DN29467_c0_g1_i1.p1	28.287101
spider__Unknown__TRINITY_DN44266_c0_g1_i1.p1	7.715934
norwayLobster__Unknown__TRINITY_DN370_c1_g1_i2.p1	3.756129
norwayLobster__Unknown__TRINITY_DN18427_c2_g2_i5.p1	1.825829
norwayLobster__Unknown__TRINITY_DN29181_c0_g3_i1.p1	1.896965
norwayLobster__Unknown__TRINITY_DN41_c4_g1_i5.p1	2.176967
norwayLobster__Unknown__TRINITY_DN5255_c1_g1_i9.p1	45.938685
norwayLobster__Unknown__TRINITY_DN602_c0_g1_i25.p1	7.542049
norwayLobster__Unknown__TRINITY_DN602_c0_g1_i25.p1	7.542049
norwayLobster__Unknown__TRINITY_DN953_c2_g1_i7.p1	1.527024
norwayLobster__Unknown__TRINITY_DN99258_c0_g1_i1.p1	1.233938
drosophila__Unknown__TRINITY_DN284_c0_g1_i5.p1	1.55633
drosophila__Unknown__TRINITY_DN54216_c0_g1_i1.p1	1.29589
drosophila__Unknown__TRINITY_DN12896_c0_g1_i2.p1	62.087586
drosophila__Unknown__TRINITY_DN1543_c0_g2_i7.p1	3.285456
drosophila__Unknown__TRINITY_DN2_c9_g1_i1.p1	25.166503
drosophila__Unknown__TRINITY_DN4403_c0_g1_i1.p2	12.129614
drosophila__Unknown__TRINITY_DN25296_c0_g1_i2.p1	3.000743
drosophila__Unknown__TRINITY_DN25296_c0_g1_i2.p1	3.000743
drosophila__Unknown__TRINITY_DN3038_c0_g1_i12.p1	7.42262
drosophila__Unknown__TRINITY_DN3038_c0_g1_i12.p1	7.42262
amphioxus__Unknown__TRINITY_DN12601_c0_g1_i10.p1	1.962648
amphioxus__Unknown__TRINITY_DN13784_c1_g1_i4.p1	3.486505
amphioxus__Unknown__TRINITY_DN1575_c0_g1_i4.p1	28.294502
amphioxus__Unknown__TRINITY_DN28818_c0_g1_i5.p1	1.391299
amphioxus__Unknown__TRINITY_DN318_c0_g1_i8.p1	17.645975
amphioxus__Unknown__TRINITY_DN38989_c0_g1_i1.p1	1.391411
amphioxus__Unknown__TRINITY_DN49760_c0_g1_i1.p1	19.565683
amphioxus__Unknown__TRINITY_DN874_c0_g1_i9.p1	13.228276
amphioxus__Unknown__TRINITY_DN879_c0_g1_i26.p1	20.806851
amphioxus__Unknown__TRINITY_DN9967_c0_g1_i3.p2	5.225217
amphioxus__Unknown__TRINITY_DN9967_c1_g1_i5.p1	10.931192
amphioxus__Unknown__TRINITY_DN10165_c0_g1_i8.p1	1.733349
amphioxus__Unknown__TRINITY_DN154777_c0_g1_i1.p1	1.13549
amphioxus__Unknown__TRINITY_DN2837_c0_g1_i3.p1	100.020042
amphioxus__Unknown__TRINITY_DN2837_c0_g1_i3.p1	100.020042
amphioxus__Unknown__TRINITY_DN5051_c0_g1_i9.p1	19.818502
amphioxus__Unknown__TRINITY_DN5051_c0_g1_i9.p1	19.818502
amphioxus__Unknown__TRINITY_DN1892_c0_g1_i9.p1	18.070407
vaseTunicate__Unknown__TRINITY_DN3750_c0_g1_i1.p1	25.831378
vaseTunicate__Unknown__TRINITY_DN4130_c0_g1_i6.p1	3.399943
vaseTunicate__Unknown__TRINITY_DN5152_c0_g1_i2.p1	6.030322
vaseTunicate__Unknown__TRINITY_DN1083_c0_g1_i4.p1	9.100462
vaseTunicate__Unknown__TRINITY_DN1083_c0_g1_i4.p1	9.100462
vaseTunicate__Unknown__TRINITY_DN8422_c0_g1_i2.p1	2.019373
vaseTunicate__Unknown__TRINITY_DN8422_c0_g1_i2.p1	2.019373
vaseTunicate__Unknown__TRINITY_DN19550_c0_g1_i1.p1	2.013547
vaseTunicate__Unknown__TRINITY_DN3977_c0_g1_i5.p1	4.609439
vaseTunicate__Unknown__TRINITY_DN6996_c0_g1_i4.p2	2.04034
broadgilledHagfish__Unknown__TRINITY_DN14002_c1_g1_i2.p2	4.396435
broadgilledHagfish__Unknown__TRINITY_DN14002_c1_g1_i2.p2	4.396435
broadgilledHagfish__Unknown__TRINITY_DN4400_c1_g1_i51.p1	2.987466
broadgilledHagfish__Unknown__TRINITY_DN4400_c1_g1_i51.p1	2.987466
broadgilledHagfish__Unknown__TRINITY_DN6543_c0_g1_i1.p1	30.335264
broadgilledHagfish__Unknown__TRINITY_DN6543_c0_g1_i1.p1	30.335264
broadgilledHagfish__Unknown__TRINITY_DN73721_c1_g2_i1.p1	3.720784
broadgilledHagfish__Unknown__TRINITY_DN73721_c1_g2_i1.p1	3.720784
broadgilledHagfish__Unknown__TRINITY_DN74_c1_g1_i3.p1	229.999733
broadgilledHagfish__Unknown__TRINITY_DN74_c1_g1_i3.p1	229.999733
broadgilledHagfish__Unknown__TRINITY_DN8575_c0_g2_i1.p1	58.640328
broadgilledHagfish__Unknown__TRINITY_DN8575_c0_g2_i1.p1	58.640328
broadgilledHagfish__Unknown__TRINITY_DN1106_c1_g1_i2.p1	4.609596
broadgilledHagfish__Unknown__TRINITY_DN1106_c1_g1_i2.p1	4.609596
broadgilledHagfish__Unknown__TRINITY_DN1106_c1_g1_i2.p1	4.609596
broadgilledHagfish__Unknown__TRINITY_DN74_c0_g1_i1.p1	65.924791
broadgilledHagfish__Unknown__TRINITY_DN74_c0_g1_i1.p1	65.924791
broadgilledHagfish__Unknown__TRINITY_DN74_c0_g1_i1.p1	65.924791
broadgilledHagfish__Unknown__TRINITY_DN74_c12_g1_i2.p1	111.655643
broadgilledHagfish__Unknown__TRINITY_DN74_c12_g1_i2.p1	111.655643
broadgilledHagfish__Unknown__TRINITY_DN74_c12_g1_i2.p1	111.655643
broadgilledHagfish__Unknown__TRINITY_DN2165_c0_g1_i4.p1	12.112349
pouchedLamprey__Unknown__TRINITY_DN1329_c2_g1_i1.p3	50.300505
pouchedLamprey__Unknown__TRINITY_DN1329_c2_g1_i1.p3	50.300505
pouchedLamprey__Unknown__TRINITY_DN29209_c0_g2_i1.p1	1.891844
pouchedLamprey__Unknown__TRINITY_DN29209_c0_g2_i1.p1	1.891844
pouchedLamprey__Unknown__TRINITY_DN334_c0_g3_i1.p1	30.77874
pouchedLamprey__Unknown__TRINITY_DN334_c0_g3_i1.p1	30.77874
pouchedLamprey__Unknown__TRINITY_DN583_c1_g1_i6.p1	47.530515
pouchedLamprey__Unknown__TRINITY_DN583_c1_g1_i6.p1	47.530515
pouchedLamprey__Unknown__TRINITY_DN7103_c0_g1_i2.p1	5.169064
pouchedLamprey__Unknown__TRINITY_DN7103_c0_g1_i2.p1	5.169064
pouchedLamprey__Unknown__TRINITY_DN89149_c0_g1_i1.p2	4.928362
pouchedLamprey__Unknown__TRINITY_DN89149_c0_g1_i1.p2	4.928362
pouchedLamprey__Unknown__TRINITY_DN1833_c0_g1_i24.p2	4.968248
pouchedLamprey__Unknown__TRINITY_DN1833_c0_g1_i24.p2	4.968248
pouchedLamprey__Unknown__TRINITY_DN7103_c1_g1_i1.p2	23.380205
pouchedLamprey__Unknown__TRINITY_DN7103_c1_g1_i1.p2	23.380205
pouchedLamprey__Unknown__TRINITY_DN4424_c2_g1_i1.p2	6.490101
pouchedLamprey__Unknown__TRINITY_DN6656_c0_g2_i2.p2	13.6565
shortheadLamprey__Unknown__TRINITY_DN19508_c0_g1_i1.p1	3.692529
shortheadLamprey__Unknown__TRINITY_DN19508_c0_g1_i1.p1	3.692529
shortheadLamprey__Unknown__TRINITY_DN19508_c0_g1_i1.p1	3.692529
shortheadLamprey__Unknown__TRINITY_DN216_c1_g1_i9.p1	37.963176
shortheadLamprey__Unknown__TRINITY_DN216_c1_g1_i9.p1	37.963176
shortheadLamprey__Unknown__TRINITY_DN216_c1_g1_i9.p1	37.963176
shortheadLamprey__Unknown__TRINITY_DN5384_c2_g1_i1.p1	44.905621
shortheadLamprey__Unknown__TRINITY_DN5384_c2_g1_i1.p1	44.905621
shortheadLamprey__Unknown__TRINITY_DN5384_c2_g1_i1.p1	44.905621
shortheadLamprey__Unknown__TRINITY_DN586_c6_g1_i3.p1	80.0414
shortheadLamprey__Unknown__TRINITY_DN586_c6_g1_i3.p1	80.0414
shortheadLamprey__Unknown__TRINITY_DN586_c6_g1_i3.p1	80.0414
shortheadLamprey__Unknown__TRINITY_DN6185_c0_g1_i3.p1	51.869894
shortheadLamprey__Unknown__TRINITY_DN6185_c0_g1_i3.p1	51.869894
shortheadLamprey__Unknown__TRINITY_DN6185_c0_g1_i3.p1	51.869894
shortheadLamprey__Unknown__TRINITY_DN7003_c0_g1_i7.p1	3.733068
shortheadLamprey__Unknown__TRINITY_DN7003_c0_g1_i7.p1	3.733068
shortheadLamprey__Unknown__TRINITY_DN7003_c0_g1_i7.p1	3.733068
shortheadLamprey__Unknown__TRINITY_DN7010_c0_g1_i2.p1	1.412443
shortheadLamprey__Unknown__TRINITY_DN7010_c0_g1_i2.p1	1.412443
shortheadLamprey__Unknown__TRINITY_DN7010_c0_g1_i2.p1	1.412443
shortheadLamprey__Unknown__TRINITY_DN945_c4_g1_i1.p1	13.626962
shortheadLamprey__Unknown__TRINITY_DN945_c4_g1_i1.p1	13.626962
shortheadLamprey__Unknown__TRINITY_DN945_c4_g1_i1.p1	13.626962
shortheadLamprey__Unknown__TRINITY_DN86006_c0_g1_i1.p1	5.368784
shortheadLamprey__Unknown__TRINITY_DN10608_c0_g1_i1.p2	7.428115
seaLamprey__Unknown__TRINITY_DN1391_c0_g1_i6.p1	4.459396
seaLamprey__Unknown__TRINITY_DN1391_c0_g1_i6.p1	4.459396
seaLamprey__Unknown__TRINITY_DN18384_c0_g1_i3.p1	1.41303
seaLamprey__Unknown__TRINITY_DN18384_c0_g1_i3.p1	1.41303
seaLamprey__Unknown__TRINITY_DN7178_c1_g1_i1.p1	24.781389
seaLamprey__Unknown__TRINITY_DN80874_c0_g1_i1.p1	2.302967
seaLamprey__Unknown__TRINITY_DN48567_c2_g1_i1.p3	1.246521
seaLamprey__Unknown__TRINITY_DN48567_c2_g2_i1.p2	2.942384
seaLamprey__Unknown__TRINITY_DN143252_c0_g2_i1.p1	2.549398
seaLamprey__Unknown__TRINITY_DN280600_c0_g1_i1.p1	1.575907
arcticLamprey__Unknown__TRINITY_DN37071_c0_g1_i2.p1	16.94888
arcticLamprey__Unknown__TRINITY_DN37071_c0_g1_i2.p1	16.94888
arcticLamprey__Unknown__TRINITY_DN4061_c0_g1_i1.p1	3.625051
arcticLamprey__Unknown__TRINITY_DN4061_c0_g1_i1.p1	3.625051
arcticLamprey__Unknown__TRINITY_DN442_c5_g1_i1.p1	25.0132
arcticLamprey__Unknown__TRINITY_DN442_c5_g1_i1.p1	25.0132
arcticLamprey__Unknown__TRINITY_DN558_c1_g2_i1.p2	21.766916
arcticLamprey__Unknown__TRINITY_DN558_c1_g2_i1.p2	21.766916
arcticLamprey__Unknown__TRINITY_DN75028_c0_g1_i1.p1	1.840788
arcticLamprey__Unknown__TRINITY_DN75028_c0_g1_i1.p1	1.840788
arcticLamprey__Unknown__TRINITY_DN2921_c0_g1_i6.p1	2.6966
arcticLamprey__Unknown__TRINITY_DN2921_c0_g1_i6.p1	2.6966
bluespottedStingray__Unknown__TRINITY_DN1087_c0_g1_i1.p2	520.49338
bluespottedStingray__Unknown__TRINITY_DN6273_c7_g1_i1.p1	2.115063
bluespottedStingray__Unknown__TRINITY_DN12122_c0_g1_i1.p1	4.827777
bluespottedStingray__Unknown__TRINITY_DN12122_c0_g1_i1.p1	4.827777
bluespottedStingray__Unknown__TRINITY_DN15987_c0_g1_i1.p1	1.837067
bluespottedStingray__Unknown__TRINITY_DN15987_c0_g1_i1.p1	1.837067
bluespottedStingray__Unknown__TRINITY_DN39650_c0_g1_i1.p1	2.069679
bluespottedStingray__Unknown__TRINITY_DN39650_c0_g1_i1.p1	2.069679
bluespottedStingray__Unknown__TRINITY_DN45315_c0_g1_i1.p1	1.193094
bluespottedStingray__Unknown__TRINITY_DN45315_c0_g1_i1.p1	1.193094
bluespottedStingray__Unknown__TRINITY_DN49010_c0_g1_i1.p1	3.171427
bluespottedStingray__Unknown__TRINITY_DN49010_c0_g1_i1.p1	3.171427
bluespottedStingray__Unknown__TRINITY_DN5071_c0_g1_i9.p1	5.210537
bluespottedStingray__Unknown__TRINITY_DN5071_c0_g1_i9.p1	5.210537
bluespottedStingray__Unknown__TRINITY_DN81789_c0_g1_i1.p1	3.814704
bluespottedStingray__Unknown__TRINITY_DN81789_c0_g1_i1.p1	3.814704
bluespottedStingray__Unknown__TRINITY_DN93101_c0_g1_i1.p1	1.648405
bluespottedStingray__Unknown__TRINITY_DN93101_c0_g1_i1.p1	1.648405
bluespottedStingray__Unknown__TRINITY_DN3460_c0_g2_i1.p1	4.500737
bluespottedStingray__Unknown__TRINITY_DN20_c12_g1_i3.p2	37.577499
bluespottedStingray__Unknown__TRINITY_DN20_c12_g1_i3.p2	37.577499
bluespottedStingray__Unknown__TRINITY_DN6522_c0_g2_i2.p1	1.154324
bluespottedStingray__Unknown__TRINITY_DN8755_c0_g1_i1.p1	2.449222
catshark__Unknown__TRINITY_DN1784_c0_g1_i1.p1	1.0
catshark__Unknown__TRINITY_DN1784_c0_g1_i1.p1	1.0
catshark__Unknown__TRINITY_DN85832_c0_g1_i1.p1	1.0
catshark__Unknown__TRINITY_DN85832_c0_g1_i1.p1	1.0
catshark__Unknown__TRINITY_DN68612_c0_g1_i1.p1	1.0
catshark__Unknown__TRINITY_DN86925_c0_g1_i1.p1	1.0
catshark__Unknown__TRINITY_DN1816_c0_g1_i1.p1	1.0
catshark__Unknown__TRINITY_DN1816_c0_g1_i1.p1	1.0
catshark__Unknown__TRINITY_DN58144_c0_g1_i1.p2	1.0
catshark__Unknown__TRINITY_DN7538_c0_g1_i1.p2	1.0
catshark__Unknown__TRINITY_DN3246_c0_g1_i1.p1	1.0
catshark__Unknown__TRINITY_DN33891_c0_g1_i1.p1	1.0
catshark__Unknown__TRINITY_DN50368_c1_g1_i1.p1	1.0
catshark__Unknown__TRINITY_DN4533_c0_g1_i2.p3	1.0
catshark__Unknown__TRINITY_DN4839_c0_g1_i1.p1	1.0
reefShark__Unknown__TRINITY_DN2645_c0_g1_i1.p1	1.57181
reefShark__Unknown__TRINITY_DN2645_c0_g1_i1.p1	1.57181
reefShark__Unknown__TRINITY_DN27_c5_g1_i2.p1	229.657207
reefShark__Unknown__TRINITY_DN27_c5_g1_i2.p1	229.657207
reefShark__Unknown__TRINITY_DN3752_c0_g1_i9.p1	10.252859
reefShark__Unknown__TRINITY_DN3752_c0_g1_i9.p1	10.252859
reefShark__Unknown__TRINITY_DN7961_c0_g1_i1.p1	8.117566
reefShark__Unknown__TRINITY_DN7961_c0_g1_i1.p1	8.117566
reefShark__Unknown__TRINITY_DN7936_c0_g1_i1.p1	1.668665
reefShark__Unknown__TRINITY_DN7936_c0_g1_i1.p1	1.668665
reefShark__Unknown__TRINITY_DN7936_c0_g1_i1.p1	1.668665
reefShark__Unknown__TRINITY_DN21881_c0_g1_i5.p2	60.448862
reefShark__Unknown__TRINITY_DN42538_c0_g1_i2.p1	13.112832
reefShark__Unknown__TRINITY_DN42538_c0_g1_i2.p1	13.112832
reefShark__Unknown__TRINITY_DN9238_c0_g2_i2.p1	1.817934
reefShark__Unknown__TRINITY_DN9238_c0_g2_i2.p1	1.817934
reefShark__Unknown__TRINITY_DN17848_c0_g1_i1.p2	2.290466
bambooShark__Unknown__TRINITY_DN49467_c0_g1_i1.p2	6.025796
bambooShark__Unknown__TRINITY_DN8580_c1_g1_i4.p1	1.119645
bambooShark__Unknown__TRINITY_DN10530_c0_g1_i1.p1	2.505554
bambooShark__Unknown__TRINITY_DN9476_c6_g1_i1.p1	6.623041
bambooShark__Unknown__TRINITY_DN1700_c1_g2_i7.p1	4.63907
bambooShark__Unknown__TRINITY_DN1700_c1_g2_i7.p1	4.63907
bambooShark__Unknown__TRINITY_DN31101_c0_g2_i1.p1	2.273468
bambooShark__Unknown__TRINITY_DN31101_c0_g2_i1.p1	2.273468
bambooShark__Unknown__TRINITY_DN510_c3_g5_i3.p1	98.849402
bambooShark__Unknown__TRINITY_DN174_c0_g2_i7.p1	6.629418
bambooShark__Unknown__TRINITY_DN174_c0_g2_i7.p1	6.629418
bambooShark__Unknown__TRINITY_DN2442_c8_g1_i1.p1	15.648228
bambooShark__Unknown__TRINITY_DN94201_c0_g1_i4.p1	8.135104
bambooShark__Unknown__TRINITY_DN74477_c0_g1_i2.p1	5.531605
nurseShark__Unknown__TRINITY_DN1882_c0_g1_i8.p1	4.447602
nurseShark__Unknown__TRINITY_DN1882_c0_g1_i8.p1	4.447602
nurseShark__Unknown__TRINITY_DN396_c4_g1_i7.p1	166.282497
nurseShark__Unknown__TRINITY_DN396_c4_g1_i7.p1	166.282497
nurseShark__Unknown__TRINITY_DN24680_c0_g1_i1.p1	5.460256
nurseShark__Unknown__TRINITY_DN24680_c0_g1_i1.p1	5.460256
nurseShark__Unknown__TRINITY_DN24680_c0_g1_i1.p1	5.460256
nurseShark__Unknown__TRINITY_DN3114_c0_g1_i7.p1	2.338677
nurseShark__Unknown__TRINITY_DN3114_c0_g1_i7.p1	2.338677
nurseShark__Unknown__TRINITY_DN3114_c0_g1_i7.p1	2.338677
nurseShark__Unknown__TRINITY_DN90521_c0_g1_i2.p1	3.448268
nurseShark__Unknown__TRINITY_DN1428_c5_g1_i3.p1	24.165508
nurseShark__Unknown__TRINITY_DN571_c0_g2_i2.p1	1.324233
nurseShark__Unknown__TRINITY_DN13088_c0_g1_i1.p1	3.772785
nurseShark__Unknown__TRINITY_DN7377_c0_g1_i1.p1	2.65151
bowfin__Unknown__TRINITY_DN10178_c0_g1_i6.p1	4.060993
bowfin__Unknown__TRINITY_DN10178_c0_g1_i6.p1	4.060993
bowfin__Unknown__TRINITY_DN692_c4_g2_i1.p1	28.657716
bowfin__Unknown__TRINITY_DN692_c4_g2_i1.p1	28.657716
bowfin__Unknown__TRINITY_DN39931_c0_g1_i1.p1	1.618448
bowfin__Unknown__TRINITY_DN4469_c0_g1_i1.p1	10.604399
bowfin__Unknown__TRINITY_DN815_c0_g1_i2.p1	5.049368
bowfin__Unknown__TRINITY_DN815_c0_g1_i2.p1	5.049368
bowfin__Unknown__TRINITY_DN815_c0_g1_i2.p1	5.049368
bowfin__Unknown__TRINITY_DN13789_c0_g1_i1.p1	11.807795
bowfin__Unknown__TRINITY_DN10945_c0_g1_i2.p1	2.131296
bowfin__Unknown__TRINITY_DN3926_c0_g1_i2.p1	3.368218
bowfin__Unknown__TRINITY_DN10924_c0_g1_i1.p1	2.204206
bowfin__Unknown__TRINITY_DN23673_c0_g1_i1.p1	1.175872
bowfin__Unknown__TRINITY_DN2421_c1_g1_i1.p1	3.71257
bowfin__Unknown__TRINITY_DN4893_c0_g1_i3.p1	6.464659
bowfin__Unknown__TRINITY_DN56309_c0_g1_i1.p1	11.682546
bowfin__Unknown__TRINITY_DN59148_c0_g1_i1.p1	2.630961
bowfin__Unknown__TRINITY_DN8079_c0_g1_i2.p1	3.075803
bowfin__Unknown__TRINITY_DN948_c1_g1_i1.p1	6.727077
spottedGar__Unknown__TRINITY_DN1707_c0_g1_i5.p1	3.001235
spottedGar__Unknown__TRINITY_DN1707_c0_g1_i5.p1	3.001235
spottedGar__Unknown__TRINITY_DN435_c1_g1_i5.p1	43.625343
spottedGar__Unknown__TRINITY_DN435_c1_g1_i5.p1	43.625343
spottedGar__Unknown__TRINITY_DN110_c4_g1_i6.p1	2.843442
spottedGar__Unknown__TRINITY_DN110_c4_g1_i6.p1	2.843442
spottedGar__Unknown__TRINITY_DN5067_c0_g2_i5.p1	8.331964
spottedGar__Unknown__TRINITY_DN3773_c0_g1_i1.p1	23.223543
spottedGar__Unknown__TRINITY_DN4874_c0_g1_i3.p2	6.659627
spottedGar__Unknown__TRINITY_DN10751_c0_g1_i1.p1	3.506196
spottedGar__Unknown__TRINITY_DN5067_c0_g1_i2.p1	23.346376
spottedGar__Unknown__TRINITY_DN29427_c0_g1_i34.p1	15.224195
spottedGar__Unknown__TRINITY_DN95_c2_g2_i2.p1	17.131646
spottedGar__Unknown__TRINITY_DN21918_c0_g2_i1.p1	2.158394
spottedGar__Unknown__TRINITY_DN25696_c0_g1_i1.p1	15.96751
spottedGar__Unknown__TRINITY_DN29491_c1_g3_i1.p1	8.916992
spottedGar__Unknown__TRINITY_DN66330_c0_g1_i1.p1	1.494154
spottedGar__Unknown__TRINITY_DN70469_c0_g1_i4.p1	1.327607
spottedGar__Unknown__TRINITY_DN86035_c0_g1_i1.p1	2.163546
spottedGar__Unknown__TRINITY_DN88363_c0_g1_i1.p1	2.988486
spottedGar__Unknown__TRINITY_DN97685_c0_g1_i1.p2	1.48724
floridaGar__Unknown__TRINITY_DN16_c0_g2_i3.p1	42.379913
floridaGar__Unknown__TRINITY_DN16_c0_g2_i3.p1	42.379913
floridaGar__Unknown__TRINITY_DN3169_c0_g1_i2.p1	16.954141
floridaGar__Unknown__TRINITY_DN3169_c0_g1_i2.p1	16.954141
floridaGar__Unknown__TRINITY_DN28528_c0_g1_i1.p1	1.900779
floridaGar__Unknown__TRINITY_DN28528_c0_g1_i1.p1	1.900779
floridaGar__Unknown__TRINITY_DN28528_c0_g1_i1.p1	1.900779
floridaGar__Unknown__TRINITY_DN7066_c0_g1_i1.p1	4.770728
floridaGar__Unknown__TRINITY_DN7066_c0_g1_i1.p1	4.770728
floridaGar__Unknown__TRINITY_DN7066_c0_g1_i1.p1	4.770728
floridaGar__Unknown__TRINITY_DN7066_c0_g2_i2.p1	3.658194
floridaGar__Unknown__TRINITY_DN7066_c0_g2_i2.p1	3.658194
floridaGar__Unknown__TRINITY_DN7066_c0_g2_i2.p1	3.658194
floridaGar__Unknown__TRINITY_DN764_c0_g1_i1.p1	21.953476
floridaGar__Unknown__TRINITY_DN46121_c0_g1_i1.p1	3.491441
floridaGar__Unknown__TRINITY_DN10496_c0_g4_i2.p2	4.116297
floridaGar__Unknown__TRINITY_DN1_c7_g1_i1.p1	3.066442
eel__Unknown__TRINITY_DN10285_c0_g1_i4.p1	20.890851
eel__Unknown__TRINITY_DN20670_c0_g2_i1.p1	6.261365
eel__Unknown__TRINITY_DN22962_c0_g3_i1.p2	2.880051
eel__Unknown__TRINITY_DN32077_c0_g1_i1.p1	3.615845
eel__Unknown__TRINITY_DN16734_c0_g1_i7.p2	6.909453
eel__Unknown__TRINITY_DN22962_c0_g1_i1.p2	25.963225
eel__Unknown__TRINITY_DN84209_c0_g2_i1.p1	1.930821
eel__Unknown__TRINITY_DN14911_c0_g1_i1.p2	12.616241
eel__Unknown__TRINITY_DN17_c1_g1_i4.p1	3.298335
eel__Unknown__TRINITY_DN24239_c0_g1_i6.p1	1.391258
eel__Unknown__TRINITY_DN65844_c1_g1_i1.p1	6.219863
eel__Unknown__TRINITY_DN16734_c0_g2_i1.p2	8.165572
eel__Unknown__TRINITY_DN465_c2_g1_i1.p1	10.293045
eel__Unknown__TRINITY_DN125207_c0_g1_i1.p1	1.084084
eel__Unknown__TRINITY_DN33521_c0_g2_i7.p1	469.303727
eel__Unknown__TRINITY_DN598_c0_g1_i10.p1	30.938109
eel__Unknown__TRINITY_DN598_c0_g1_i10.p1	30.938109
eel__Unknown__TRINITY_DN9142_c0_g1_i3.p1	338.569559
eel__Unknown__TRINITY_DN9142_c0_g1_i3.p1	338.569559
eel__Unknown__TRINITY_DN1472_c1_g1_i7.p1	25.666001
eel__Unknown__TRINITY_DN49631_c1_g1_i1.p1	1.786022
zebrafish__Unknown__TRINITY_DN1357_c3_g1_i2.p1	100.006696
zebrafish__Unknown__TRINITY_DN1357_c3_g1_i2.p1	100.006696
zebrafish__Unknown__TRINITY_DN2115_c0_g2_i1.p1	112.083438
zebrafish__Unknown__TRINITY_DN2115_c0_g2_i1.p1	112.083438
zebrafish__Unknown__TRINITY_DN3855_c0_g1_i5.p1	3.046788
zebrafish__Unknown__TRINITY_DN3855_c0_g1_i5.p1	3.046788
zebrafish__Unknown__TRINITY_DN25331_c0_g1_i2.p1	2.43242
zebrafish__Unknown__TRINITY_DN25331_c0_g1_i2.p1	2.43242
zebrafish__Unknown__TRINITY_DN25331_c0_g1_i2.p1	2.43242
zebrafish__Unknown__TRINITY_DN26423_c0_g1_i1.p1	5.277066
zebrafish__Unknown__TRINITY_DN26423_c0_g1_i1.p1	5.277066
zebrafish__Unknown__TRINITY_DN26423_c0_g1_i1.p1	5.277066
zebrafish__Unknown__TRINITY_DN13437_c0_g1_i1.p1	3.556574
zebrafish__Unknown__TRINITY_DN3154_c0_g1_i1.p2	7.590556
zebrafish__Unknown__TRINITY_DN85309_c0_g1_i1.p1	4.685103
zebrafish__Unknown__TRINITY_DN15784_c0_g1_i1.p1	1.603207
zebrafish__Unknown__TRINITY_DN52277_c0_g1_i1.p1	1.71203
zebrafish__Unknown__TRINITY_DN24357_c0_g1_i1.p2	12.500319
zebrafish__Unknown__TRINITY_DN71006_c0_g1_i1.p2	1.682622
zebrafish__Unknown__TRINITY_DN9981_c0_g1_i1.p2	3.666641
zebrafish__Unknown__TRINITY_DN112_c2_g1_i21.p1	10.225452
yangtzeCatfish__Unknown__TRINITY_DN1212_c2_g1_i1.p1	8.474871
yangtzeCatfish__Unknown__TRINITY_DN1212_c2_g1_i1.p1	8.474871
yangtzeCatfish__Unknown__TRINITY_DN418_c0_g3_i7.p1	101.773114
yangtzeCatfish__Unknown__TRINITY_DN418_c0_g3_i7.p1	101.773114
yangtzeCatfish__Unknown__TRINITY_DN425_c4_g1_i2.p1	17.617295
yangtzeCatfish__Unknown__TRINITY_DN425_c4_g1_i2.p1	17.617295
yangtzeCatfish__Unknown__TRINITY_DN5902_c0_g2_i1.p1	11.501929
yangtzeCatfish__Unknown__TRINITY_DN5902_c0_g2_i1.p1	11.501929
yangtzeCatfish__Unknown__TRINITY_DN6440_c1_g1_i1.p1	12.568228
yangtzeCatfish__Unknown__TRINITY_DN6440_c1_g1_i1.p1	12.568228
yangtzeCatfish__Unknown__TRINITY_DN89400_c0_g1_i1.p1	1.649769
yangtzeCatfish__Unknown__TRINITY_DN89400_c0_g1_i1.p1	1.649769
yangtzeCatfish__Unknown__TRINITY_DN6074_c0_g1_i4.p1	2.718112
yangtzeCatfish__Unknown__TRINITY_DN5320_c4_g1_i1.p1	4.245581
yangtzeCatfish__Unknown__TRINITY_DN9366_c1_g1_i1.p2	3.897899
yangtzeCatfish__Unknown__TRINITY_DN9366_c1_g2_i1.p1	3.187505
yangtzeCatfish__Unknown__TRINITY_DN8217_c0_g3_i7.p2	6.361946
yangtzeCatfish__Unknown__TRINITY_DN2946_c1_g1_i1.p1	17.832877
northernPike__Unknown__TRINITY_DN5580_c2_g2_i1.p1	3.834838
northernPike__Unknown__TRINITY_DN5580_c2_g2_i1.p1	3.834838
northernPike__Unknown__TRINITY_DN5726_c0_g1_i3.p3	2.327085
northernPike__Unknown__TRINITY_DN5726_c0_g1_i3.p3	2.327085
northernPike__Unknown__TRINITY_DN18254_c0_g1_i1.p1	1.801174
northernPike__Unknown__TRINITY_DN2890_c0_g2_i2.p2	12.621081
northernPike__Unknown__TRINITY_DN9584_c0_g1_i5.p1	2.097734
northernPike__Unknown__TRINITY_DN15753_c0_g1_i3.p1	1.828023
northernPike__Unknown__TRINITY_DN15753_c0_g1_i3.p1	1.828023
northernPike__Unknown__TRINITY_DN37611_c1_g1_i3.p1	7.444501
northernPike__Unknown__TRINITY_DN37611_c1_g1_i3.p1	7.444501
northernPike__Unknown__TRINITY_DN13539_c0_g1_i2.p1	1.649095
northernPike__Unknown__TRINITY_DN508_c2_g1_i2.p1	128.095533
northernPike__Unknown__TRINITY_DN508_c0_g1_i1.p1	237.210305
northernPike__Unknown__TRINITY_DN7752_c0_g2_i2.p1	4.473916
northernPike__Unknown__TRINITY_DN451_c0_g1_i12.p1	27.606537
northernPike__Unknown__TRINITY_DN114276_c0_g1_i1.p1	9.257919
northernPike__Unknown__TRINITY_DN4145_c2_g1_i2.p1	2.087555
northernPike__Unknown__TRINITY_DN2890_c0_g5_i1.p1	10.089661
northernPike__Unknown__TRINITY_DN36679_c0_g1_i1.p1	2.530312
lanternFish__Unknown__TRINITY_DN32251_c0_g1_i1.p1	32.539777
lanternFish__Unknown__TRINITY_DN32251_c0_g1_i1.p1	32.539777
lanternFish__Unknown__TRINITY_DN576_c0_g1_i3.p1	360.683813
lanternFish__Unknown__TRINITY_DN576_c0_g1_i3.p1	360.683813
lanternFish__Unknown__TRINITY_DN43567_c0_g1_i1.p2	14.995103
cod__Unknown__TRINITY_DN342_c1_g1_i1.p1	51.498548
cod__Unknown__TRINITY_DN10597_c0_g1_i1.p1	14.289941
cod__Unknown__TRINITY_DN10597_c0_g1_i1.p1	14.289941
cod__Unknown__TRINITY_DN27103_c0_g1_i1.p1	7.139587
cod__Unknown__TRINITY_DN27103_c0_g1_i1.p1	7.139587
cod__Unknown__TRINITY_DN5224_c1_g1_i1.p1	11.985567
cod__Unknown__TRINITY_DN5224_c1_g1_i1.p1	11.985567
cod__Unknown__TRINITY_DN5496_c0_g2_i1.p1	16.556789
cod__Unknown__TRINITY_DN5496_c0_g2_i1.p1	16.556789
cod__Unknown__TRINITY_DN64478_c0_g1_i1.p1	59.727433
cod__Unknown__TRINITY_DN64478_c0_g1_i1.p1	59.727433
cod__Unknown__TRINITY_DN7360_c0_g1_i2.p1	6.61633
cod__Unknown__TRINITY_DN7360_c0_g1_i2.p1	6.61633
cod__Unknown__TRINITY_DN528_c1_g1_i1.p1	317.389532
cod__Unknown__TRINITY_DN88_c1_g1_i2.p1	131.702749
cod__Unknown__TRINITY_DN200_c1_g1_i3.p1	9.430818
tuna__Unknown__TRINITY_DN1124_c0_g1_i2.p1	17.331323
tuna__Unknown__TRINITY_DN1124_c0_g1_i2.p1	17.331323
tuna__Unknown__TRINITY_DN14777_c0_g1_i1.p1	17.120525
tuna__Unknown__TRINITY_DN14777_c0_g1_i1.p1	17.120525
tuna__Unknown__TRINITY_DN177_c1_g1_i16.p1	24.994693
tuna__Unknown__TRINITY_DN177_c1_g1_i16.p1	24.994693
tuna__Unknown__TRINITY_DN2224_c0_g1_i1.p1	131.297805
tuna__Unknown__TRINITY_DN2224_c0_g1_i1.p1	131.297805
tuna__Unknown__TRINITY_DN31878_c0_g1_i1.p1	8.451639
tuna__Unknown__TRINITY_DN31878_c0_g1_i1.p1	8.451639
tuna__Unknown__TRINITY_DN45236_c0_g1_i1.p1	6.594301
tuna__Unknown__TRINITY_DN45236_c0_g1_i1.p1	6.594301
tuna__Unknown__TRINITY_DN10768_c0_g1_i1.p1	15.815307
tuna__Unknown__TRINITY_DN4544_c0_g1_i1.p1	23.448159
tuna__Unknown__TRINITY_DN2230_c0_g3_i1.p1	12.852703
tuna__Unknown__TRINITY_DN33611_c0_g1_i1.p1	6.594301
tuna__Unknown__TRINITY_DN3893_c0_g1_i1.p1	6.884602
tuna__Unknown__TRINITY_DN53792_c0_g1_i1.p1	8.835396
cichlid__Unknown__TRINITY_DN4460_c0_g1_i1.p1	531.568877
cichlid__Unknown__TRINITY_DN4460_c0_g1_i1.p1	531.568877
cichlid__Unknown__TRINITY_DN7215_c0_g1_i1.p1	192.453396
cichlid__Unknown__TRINITY_DN7215_c0_g1_i1.p1	192.453396
cichlid__Unknown__TRINITY_DN5108_c0_g1_i1.p1	24.005446
cichlid__Unknown__TRINITY_DN5108_c0_g1_i1.p1	24.005446
cichlid__Unknown__TRINITY_DN5108_c0_g1_i1.p1	24.005446
cichlid__Unknown__TRINITY_DN10095_c0_g1_i1.p1	7.918646
cichlid__Unknown__TRINITY_DN51_c1_g1_i1.p1	20.022289
cichlid__Unknown__TRINITY_DN43933_c0_g1_i1.p1	8.07648
cichlid__Unknown__TRINITY_DN48907_c0_g1_i1.p1	31.613603
cichlid__Unknown__TRINITY_DN244_c0_g1_i1.p1	42.444287
yellowPeacockFish__Unknown__TRINITY_DN36704_c0_g1_i1.p1	1.0
yellowPeacockFish__Unknown__TRINITY_DN36704_c0_g1_i1.p1	1.0
yellowPeacockFish__Unknown__TRINITY_DN4424_c0_g2_i1.p1	1.0
yellowPeacockFish__Unknown__TRINITY_DN4424_c0_g2_i1.p1	1.0
yellowPeacockFish__Unknown__TRINITY_DN64_c1_g1_i1.p1	1.0
yellowPeacockFish__Unknown__TRINITY_DN64_c1_g1_i1.p1	1.0
yellowPeacockFish__Unknown__TRINITY_DN78927_c0_g1_i2.p1	1.0
yellowPeacockFish__Unknown__TRINITY_DN78927_c0_g1_i2.p1	1.0
yellowPeacockFish__Unknown__TRINITY_DN10960_c0_g1_i5.p1	1.0
yellowPeacockFish__Unknown__TRINITY_DN10960_c0_g2_i1.p1	1.0
yellowPeacockFish__Unknown__TRINITY_DN12787_c0_g1_i2.p1	1.0
yellowPeacockFish__Unknown__TRINITY_DN12787_c0_g1_i2.p1	1.0
yellowPeacockFish__Unknown__TRINITY_DN68774_c0_g1_i1.p1	1.0
yellowPeacockFish__Unknown__TRINITY_DN68774_c0_g1_i1.p1	1.0
yellowPeacockFish__Unknown__TRINITY_DN38441_c0_g1_i2.p1	1.0
yellowPeacockFish__Unknown__TRINITY_DN6718_c0_g1_i1.p1	1.0
yellowPeacockFish__Unknown__TRINITY_DN11970_c0_g1_i2.p5	1.0
yellowPeacockFish__Unknown__TRINITY_DN17161_c0_g1_i1.p1	1.0
yellowPeacockFish__Unknown__TRINITY_DN94104_c0_g1_i1.p2	1.0
yellowPeacockFish__Unknown__TRINITY_DN83637_c0_g1_i1.p1	1.0
yellowPeacockFish__Unknown__TRINITY_DN4395_c0_g1_i2.p2	1.0
yellowPeacockFish__Unknown__TRINITY_DN97312_c0_g1_i1.p1	1.0
yellowPeacockFish__Unknown__TRINITY_DN1945_c0_g1_i2.p1	1.0
triggerfish__Unknown__TRINITY_DN22357_c0_g1_i1.p1	9.834759
triggerfish__Unknown__TRINITY_DN22357_c0_g1_i1.p1	9.834759
triggerfish__Unknown__TRINITY_DN301_c0_g1_i2.p1	14.324684
triggerfish__Unknown__TRINITY_DN301_c0_g1_i2.p1	14.324684
triggerfish__Unknown__TRINITY_DN301_c0_g2_i5.p1	16.392131
triggerfish__Unknown__TRINITY_DN301_c0_g2_i5.p1	16.392131
triggerfish__Unknown__TRINITY_DN31385_c0_g1_i1.p2	6.602561
triggerfish__Unknown__TRINITY_DN31385_c0_g1_i1.p2	6.602561
triggerfish__Unknown__TRINITY_DN44952_c0_g1_i1.p1	27.806303
triggerfish__Unknown__TRINITY_DN44952_c0_g1_i1.p1	27.806303
triggerfish__Unknown__TRINITY_DN60511_c0_g1_i1.p1	33.524707
triggerfish__Unknown__TRINITY_DN60511_c0_g1_i1.p1	33.524707
triggerfish__Unknown__TRINITY_DN6165_c0_g1_i1.p1	118.993053
triggerfish__Unknown__TRINITY_DN6165_c0_g1_i1.p1	118.993053
triggerfish__Unknown__TRINITY_DN9761_c0_g1_i2.p1	11.916987
triggerfish__Unknown__TRINITY_DN9761_c0_g1_i2.p1	11.916987
triggerfish__Unknown__TRINITY_DN8554_c0_g1_i2.p1	10.7817
giltheadBream__Unknown__TRINITY_DN2142_c0_g1_i2.p1	8.009949
giltheadBream__Unknown__TRINITY_DN2142_c0_g1_i2.p1	8.009949
giltheadBream__Unknown__TRINITY_DN36726_c0_g1_i1.p1	12.647535
giltheadBream__Unknown__TRINITY_DN36726_c0_g1_i1.p1	12.647535
giltheadBream__Unknown__TRINITY_DN4044_c0_g1_i2.p1	12.502417
giltheadBream__Unknown__TRINITY_DN4044_c0_g1_i2.p1	12.502417
giltheadBream__Unknown__TRINITY_DN47457_c0_g1_i1.p1	3.255581
giltheadBream__Unknown__TRINITY_DN47457_c0_g1_i1.p1	3.255581
giltheadBream__Unknown__TRINITY_DN955_c0_g1_i1.p1	96.221451
giltheadBream__Unknown__TRINITY_DN955_c0_g1_i1.p1	96.221451
giltheadBream__Unknown__TRINITY_DN989_c1_g2_i7.p1	125.206678
giltheadBream__Unknown__TRINITY_DN989_c1_g2_i7.p1	125.206678
giltheadBream__Unknown__TRINITY_DN35955_c0_g1_i1.p1	6.368216
giltheadBream__Unknown__TRINITY_DN9304_c2_g2_i1.p1	6.005848
giltheadBream__Unknown__TRINITY_DN3014_c0_g2_i1.p1	16.199268
bluegill__Unknown__TRINITY_DN10979_c0_g1_i6.p1	2.304629
bluegill__Unknown__TRINITY_DN271_c0_g1_i4.p1	13.219308
bluegill__Unknown__TRINITY_DN16904_c1_g1_i2.p1	2.852692
bluegill__Unknown__TRINITY_DN1735_c0_g1_i11.p1	3.320287
bluegill__Unknown__TRINITY_DN1735_c0_g1_i11.p1	3.320287
bluegill__Unknown__TRINITY_DN2248_c1_g1_i4.p1	11.998661
bluegill__Unknown__TRINITY_DN2248_c1_g1_i4.p1	11.998661
bluegill__Unknown__TRINITY_DN3176_c1_g1_i2.p1	4.986539
bluegill__Unknown__TRINITY_DN19799_c1_g1_i1.p1	3.125824
bluegill__Unknown__TRINITY_DN2316_c1_g2_i1.p1	303.453657
bluegill__Unknown__TRINITY_DN1490_c1_g1_i5.p1	250.532988
bluegill__Unknown__TRINITY_DN2873_c0_g3_i1.p1	4.446965
bluegill__Unknown__TRINITY_DN114_c13_g1_i13.p1	14.525922
bluegill__Unknown__TRINITY_DN1031_c1_g1_i8.p1	10.094051
bluegill__Unknown__TRINITY_DN16904_c1_g4_i3.p1	3.934205
bluegill__Unknown__TRINITY_DN145182_c0_g1_i1.p1	8.775828
bluegill__Unknown__TRINITY_DN9939_c0_g5_i1.p1	4.177631
bluegill__Unknown__TRINITY_DN9939_c0_g1_i1.p2	1.646768
chineseSalamander__Unknown__TRINITY_DN45281_c0_g1_i1.p1	2.231383
chineseSalamander__Unknown__TRINITY_DN98594_c0_g1_i1.p2	4.499913
chineseSalamander__Unknown__TRINITY_DN13272_c0_g1_i1.p1	2.151463
chineseSalamander__Unknown__TRINITY_DN56040_c0_g1_i2.p1	2.595681
chineseSalamander__Unknown__TRINITY_DN94097_c0_g1_i1.p2	1.13387
chineseSalamander__Unknown__TRINITY_DN94097_c0_g1_i1.p2	1.13387
chineseSalamander__Unknown__TRINITY_DN30536_c0_g1_i2.p1	17.413431
chineseSalamander__Unknown__TRINITY_DN5327_c0_g2_i1.p3	4.835482
chineseSalamander__Unknown__TRINITY_DN7869_c2_g1_i1.p1	2.081759
chineseSalamander__Unknown__TRINITY_DN10725_c1_g1_i4.p1	3.160204
chineseSalamander__Unknown__TRINITY_DN10725_c1_g1_i4.p1	3.160204
chineseSalamander__Unknown__TRINITY_DN10725_c1_g1_i4.p1	3.160204
chineseSalamander__Unknown__TRINITY_DN1080_c0_g1_i1.p1	2.682011
chineseSalamander__Unknown__TRINITY_DN1080_c0_g1_i1.p1	2.682011
chineseSalamander__Unknown__TRINITY_DN15256_c0_g3_i1.p1	3.73625
redSalamander__Unknown__TRINITY_DN22393_c0_g1_i1.p1	3.144985
redSalamander__Unknown__TRINITY_DN3785_c6_g1_i3.p1	1.617225
redSalamander__Unknown__TRINITY_DN12403_c0_g1_i2.p2	6.938406
redSalamander__Unknown__TRINITY_DN26937_c0_g1_i1.p1	7.428624
redSalamander__Unknown__TRINITY_DN278064_c0_g1_i1.p1	3.490021
redSalamander__Unknown__TRINITY_DN238021_c0_g1_i1.p1	1.844241
redSalamander__Unknown__TRINITY_DN238021_c0_g1_i1.p1	1.844241
redSalamander__Unknown__TRINITY_DN271388_c0_g1_i1.p1	1.0612
redSalamander__Unknown__TRINITY_DN271388_c0_g1_i1.p1	1.0612
redSalamander__Unknown__TRINITY_DN19329_c0_g1_i1.p1	1.391596
redSalamander__Unknown__TRINITY_DN2759_c0_g2_i1.p1	8.162979
redSalamander__Unknown__TRINITY_DN1457_c1_g1_i8.p1	55.605601
redSalamander__Unknown__TRINITY_DN1457_c1_g1_i8.p1	55.605601
redSalamander__Unknown__TRINITY_DN244441_c0_g1_i1.p2	2.054411
redSalamander__Unknown__TRINITY_DN244441_c0_g1_i1.p2	2.054411
redSalamander__Unknown__TRINITY_DN25928_c1_g1_i1.p2	1.206461
redSalamander__Unknown__TRINITY_DN25928_c1_g1_i1.p2	1.206461
redSalamander__Unknown__TRINITY_DN195585_c0_g1_i1.p1	1.485316
redSalamander__Unknown__TRINITY_DN3202_c1_g1_i9.p1	16.114561
westernFrog__Unknown__TRINITY_DN5068_c0_g1_i1.p1	17.588805
westernFrog__Unknown__TRINITY_DN144466_c0_g1_i1.p2	2.692274
westernFrog__Unknown__TRINITY_DN3796_c0_g1_i25.p1	3.033765
westernFrog__Unknown__TRINITY_DN5471_c0_g1_i11.p1	6.768547
westernFrog__Unknown__TRINITY_DN187980_c0_g1_i1.p1	2.064549
westernFrog__Unknown__TRINITY_DN187980_c0_g1_i1.p1	2.064549
westernFrog__Unknown__TRINITY_DN500_c0_g1_i16.p1	4.056258
westernFrog__Unknown__TRINITY_DN500_c0_g1_i16.p1	4.056258
westernFrog__Unknown__TRINITY_DN48255_c1_g1_i2.p1	4.581815
westernFrog__Unknown__TRINITY_DN25049_c0_g1_i1.p1	3.41693
westernFrog__Unknown__TRINITY_DN10263_c0_g1_i2.p1	2.336985
westernFrog__Unknown__TRINITY_DN19487_c0_g1_i4.p1	42.16447
westernFrog__Unknown__TRINITY_DN48255_c0_g1_i1.p1	13.97171
westernFrog__Unknown__TRINITY_DN4469_c1_g2_i2.p1	5.114615
westernFrog__Unknown__TRINITY_DN914_c0_g1_i24.p1	78.876228
africanFrog__Unknown__TRINITY_DN2775_c0_g1_i4.p1	1.0
africanFrog__Unknown__TRINITY_DN2775_c0_g1_i4.p1	1.0
africanFrog__Unknown__TRINITY_DN35711_c0_g1_i11.p1	1.0
africanFrog__Unknown__TRINITY_DN35711_c0_g1_i11.p1	1.0
africanFrog__Unknown__TRINITY_DN37798_c0_g1_i1.p1	1.0
africanFrog__Unknown__TRINITY_DN4055_c0_g1_i9.p1	1.0
africanFrog__Unknown__TRINITY_DN14060_c0_g1_i2.p1	1.0
africanFrog__Unknown__TRINITY_DN1995_c0_g1_i8.p1	1.0
africanFrog__Unknown__TRINITY_DN40255_c0_g1_i2.p1	1.0
africanFrog__Unknown__TRINITY_DN4799_c0_g1_i4.p1	1.0
africanFrog__Unknown__TRINITY_DN34057_c0_g1_i12.p1	1.0
africanFrog__Unknown__TRINITY_DN74455_c0_g1_i1.p1	1.0
africanFrog__Unknown__TRINITY_DN6850_c0_g1_i4.p1	1.0
africanFrog__Unknown__TRINITY_DN102541_c0_g1_i1.p2	1.0
africanFrog__Unknown__TRINITY_DN113225_c0_g1_i1.p1	1.0
africanFrog__Unknown__TRINITY_DN114898_c0_g1_i1.p1	1.0
africanFrog__Unknown__TRINITY_DN115967_c0_g1_i1.p1	1.0
africanFrog__Unknown__TRINITY_DN1161_c1_g1_i36.p1	1.0
africanFrog__Unknown__TRINITY_DN128176_c0_g1_i1.p1	1.0
africanFrog__Unknown__TRINITY_DN134965_c0_g1_i1.p1	1.0
africanFrog__Unknown__TRINITY_DN138327_c0_g1_i1.p1	1.0
africanFrog__Unknown__TRINITY_DN14604_c0_g1_i7.p1	1.0
africanFrog__Unknown__TRINITY_DN1648_c0_g1_i9.p1	1.0
africanFrog__Unknown__TRINITY_DN18492_c0_g1_i5.p1	1.0
africanFrog__Unknown__TRINITY_DN51215_c0_g1_i4.p1	1.0
africanFrog__Unknown__TRINITY_DN5940_c0_g1_i8.p1	1.0
africanFrog__Unknown__TRINITY_DN621_c0_g1_i6.p1	1.0
africanFrog__Unknown__TRINITY_DN96710_c0_g1_i1.p1	1.0
tokayGecko__Unknown__TRINITY_DN4063_c0_g1_i8.p1	17.034388
tokayGecko__Unknown__TRINITY_DN4063_c0_g1_i8.p1	17.034388
tokayGecko__Unknown__TRINITY_DN957_c5_g1_i3.p1	51.467728
tokayGecko__Unknown__TRINITY_DN957_c5_g1_i3.p1	51.467728
tokayGecko__Unknown__TRINITY_DN2269_c8_g1_i1.p4	7.652882
tokayGecko__Unknown__TRINITY_DN2269_c8_g1_i1.p4	7.652882
tokayGecko__Unknown__TRINITY_DN957_c7_g1_i1.p3	16.857996
tokayGecko__Unknown__TRINITY_DN957_c7_g1_i1.p3	16.857996
tokayGecko__Unknown__TRINITY_DN4607_c0_g1_i9.p1	5.003621
tokayGecko__Unknown__TRINITY_DN18467_c1_g5_i1.p1	6.142689
tokayGecko__Unknown__TRINITY_DN18467_c1_g5_i1.p1	6.142689
tokayGecko__Unknown__TRINITY_DN1916_c0_g1_i7.p1	12.389972
tokayGecko__Unknown__TRINITY_DN1916_c0_g1_i7.p1	12.389972
tokayGecko__Unknown__TRINITY_DN412_c1_g1_i1.p2	2.82103
tokayGecko__Unknown__TRINITY_DN412_c1_g1_i1.p2	2.82103
tokayGecko__Unknown__TRINITY_DN307_c4_g1_i1.p2	8.394985
tokayGecko__Unknown__TRINITY_DN2203_c0_g1_i2.p5	1.291186
tokayGecko__Unknown__TRINITY_DN2687_c0_g1_i2.p1	4.344926
tokayGecko__Unknown__TRINITY_DN6989_c0_g1_i1.p1	5.68065
tokayGecko__Unknown__TRINITY_DN1067_c0_g1_i2.p1	19.160685
tawnyDragon__Unknown__TRINITY_DN27998_c0_g1_i2.p1	64.798652
tawnyDragon__Unknown__TRINITY_DN27998_c0_g1_i2.p1	64.798652
tawnyDragon__Unknown__TRINITY_DN2840_c0_g1_i9.p2	15.815641
tawnyDragon__Unknown__TRINITY_DN2840_c0_g1_i9.p2	15.815641
tawnyDragon__Unknown__TRINITY_DN322_c0_g1_i9.p1	28.76529
tawnyDragon__Unknown__TRINITY_DN322_c0_g1_i9.p1	28.76529
tawnyDragon__Unknown__TRINITY_DN29177_c0_g1_i6.p1	1.671835
tawnyDragon__Unknown__TRINITY_DN29177_c0_g1_i6.p1	1.671835
tawnyDragon__Unknown__TRINITY_DN29177_c0_g1_i6.p1	1.671835
tawnyDragon__Unknown__TRINITY_DN5115_c0_g1_i4.p1	2.266019
tawnyDragon__Unknown__TRINITY_DN1840_c1_g1_i1.p1	9.301055
tawnyDragon__Unknown__TRINITY_DN1040_c26_g1_i1.p2	2.104414
tawnyDragon__Unknown__TRINITY_DN121779_c0_g1_i1.p2	1.641869
tawnyDragon__Unknown__TRINITY_DN7913_c3_g1_i1.p3	1.916461
tawnyDragon__Unknown__TRINITY_DN9032_c0_g1_i1.p1	18.655136
tawnyDragon__Unknown__TRINITY_DN8715_c0_g1_i33.p1	3.028695
tawnyDragon__Unknown__TRINITY_DN174348_c0_g1_i1.p1	1.056147
greenAnole__Unknown__TRINITY_DN133_c2_g1_i2.p2	23.597449
greenAnole__Unknown__TRINITY_DN133_c2_g1_i2.p2	23.597449
greenAnole__Unknown__TRINITY_DN615_c1_g1_i2.p1	19.067161
greenAnole__Unknown__TRINITY_DN615_c1_g1_i2.p1	19.067161
greenAnole__Unknown__TRINITY_DN3426_c0_g4_i2.p1	8.885963
greenAnole__Unknown__TRINITY_DN5789_c0_g1_i1.p2	7.800506
greenAnole__Unknown__TRINITY_DN17345_c0_g1_i1.p2	1.300152
greenAnole__Unknown__TRINITY_DN2134_c5_g1_i1.p2	4.17169
greenAnole__Unknown__TRINITY_DN3642_c0_g1_i1.p2	2.213879
greenAnole__Unknown__TRINITY_DN5970_c0_g1_i2.p1	9.031725
greenAnole__Unknown__TRINITY_DN6663_c0_g1_i1.p1	3.838703
greenAnole__Unknown__TRINITY_DN6610_c2_g1_i3.p1	1.477286
cobra__Unknown__TRINITY_DN34587_c0_g1_i1.p1	1.0
cobra__Unknown__TRINITY_DN34587_c0_g1_i1.p1	1.0
cobra__Unknown__TRINITY_DN41511_c0_g1_i1.p1	1.0
cobra__Unknown__TRINITY_DN41511_c0_g1_i1.p1	1.0
cobra__Unknown__TRINITY_DN10102_c0_g1_i1.p1	1.0
cobra__Unknown__TRINITY_DN10102_c0_g1_i1.p1	1.0
cobra__Unknown__TRINITY_DN10102_c0_g1_i1.p1	1.0
cobra__Unknown__TRINITY_DN1222_c0_g1_i1.p1	1.0
cobra__Unknown__TRINITY_DN1222_c0_g1_i1.p1	1.0
cobra__Unknown__TRINITY_DN1222_c0_g1_i1.p1	1.0
cobra__Unknown__TRINITY_DN14625_c0_g1_i1.p1	1.0
cobra__Unknown__TRINITY_DN14625_c0_g1_i1.p1	1.0
cobra__Unknown__TRINITY_DN14625_c0_g1_i1.p1	1.0
cobra__Unknown__TRINITY_DN16510_c0_g1_i1.p1	1.0
cobra__Unknown__TRINITY_DN16510_c0_g1_i1.p1	1.0
cobra__Unknown__TRINITY_DN16510_c0_g1_i1.p1	1.0
cobra__Unknown__TRINITY_DN20477_c0_g1_i1.p1	1.0
cobra__Unknown__TRINITY_DN20477_c0_g1_i1.p1	1.0
cobra__Unknown__TRINITY_DN20477_c0_g1_i1.p1	1.0
cobra__Unknown__TRINITY_DN26263_c0_g1_i1.p1	1.0
cobra__Unknown__TRINITY_DN26263_c0_g1_i1.p1	1.0
cobra__Unknown__TRINITY_DN26263_c0_g1_i1.p1	1.0
cobra__Unknown__TRINITY_DN3279_c0_g1_i1.p1	1.0
cobra__Unknown__TRINITY_DN3279_c0_g1_i1.p1	1.0
cobra__Unknown__TRINITY_DN3279_c0_g1_i1.p1	1.0
cobra__Unknown__TRINITY_DN37992_c0_g1_i1.p1	1.0
cobra__Unknown__TRINITY_DN37992_c0_g1_i1.p1	1.0
cobra__Unknown__TRINITY_DN37992_c0_g1_i1.p1	1.0
cobra__Unknown__TRINITY_DN56618_c0_g1_i1.p1	1.0
cobra__Unknown__TRINITY_DN56618_c0_g1_i1.p1	1.0
cobra__Unknown__TRINITY_DN56618_c0_g1_i1.p1	1.0
cobra__Unknown__TRINITY_DN55440_c0_g1_i1.p1	1.0
cobra__Unknown__TRINITY_DN21661_c0_g1_i1.p2	1.0
cobra__Unknown__TRINITY_DN44411_c0_g1_i1.p1	1.0
cobra__Unknown__TRINITY_DN26967_c0_g1_i1.p1	1.0
garterSnake__Unknown__TRINITY_DN588_c0_g1_i15.p1	19.792575
garterSnake__Unknown__TRINITY_DN588_c0_g1_i15.p1	19.792575
garterSnake__Unknown__TRINITY_DN588_c0_g3_i3.p1	40.591248
garterSnake__Unknown__TRINITY_DN588_c0_g3_i3.p1	40.591248
garterSnake__Unknown__TRINITY_DN40720_c0_g1_i1.p1	2.517903
garterSnake__Unknown__TRINITY_DN5126_c0_g1_i9.p1	2.038423
garterSnake__Unknown__TRINITY_DN5126_c0_g1_i9.p1	2.038423
garterSnake__Unknown__TRINITY_DN2443_c0_g1_i1.p2	25.484535
garterSnake__Unknown__TRINITY_DN14451_c0_g1_i1.p1	3.815891
garterSnake__Unknown__TRINITY_DN14451_c0_g2_i1.p1	1.525237
garterSnake__Unknown__TRINITY_DN1809_c0_g4_i1.p2	5.329008
garterSnake__Unknown__TRINITY_DN4386_c0_g1_i1.p3	3.122381
garterSnake__Unknown__TRINITY_DN1632_c0_g1_i2.p1	3.723308
garterSnake__Unknown__TRINITY_DN63139_c0_g1_i1.p1	1.883323
garterSnake__Unknown__TRINITY_DN7014_c0_g1_i5.p2	134.442598
americanAlligator__Unknown__TRINITY_DN6785_c1_g1_i1.p3	6.824928
americanAlligator__Unknown__TRINITY_DN6785_c1_g2_i1.p1	10.428342
americanAlligator__Unknown__TRINITY_DN17678_c2_g1_i1.p1	2.489225
americanAlligator__Unknown__TRINITY_DN25409_c0_g1_i2.p2	3.413309
americanAlligator__Unknown__TRINITY_DN16465_c2_g1_i4.p1	14.133208
americanAlligator__Unknown__TRINITY_DN223_c2_g1_i3.p2	6.003947
americanAlligator__Unknown__TRINITY_DN223_c2_g1_i3.p2	6.003947
americanAlligator__Unknown__TRINITY_DN223_c2_g2_i1.p1	102.269015
americanAlligator__Unknown__TRINITY_DN223_c2_g2_i1.p1	102.269015
americanAlligator__Unknown__TRINITY_DN16465_c2_g2_i1.p2	8.473254
americanAlligator__Unknown__TRINITY_DN223_c5_g1_i1.p2	31.116832
americanAlligator__Unknown__TRINITY_DN223_c5_g1_i1.p2	31.116832
americanAlligator__Unknown__TRINITY_DN223_c5_g1_i1.p2	31.116832
americanAlligator__Unknown__TRINITY_DN3711_c0_g2_i2.p2	2.830398
americanAlligator__Unknown__TRINITY_DN3711_c0_g2_i2.p2	2.830398
americanAlligator__Unknown__TRINITY_DN3711_c0_g2_i2.p2	2.830398
americanAlligator__Unknown__TRINITY_DN8844_c0_g2_i1.p3	30.016851
americanAlligator__Unknown__TRINITY_DN8844_c0_g2_i1.p3	30.016851
americanAlligator__Unknown__TRINITY_DN8844_c0_g2_i1.p3	30.016851
americanAlligator__Unknown__TRINITY_DN2819_c2_g1_i1.p1	5.328817
americanAlligator__Unknown__TRINITY_DN5493_c0_g1_i7.p2	2.874697
americanAlligator__Unknown__TRINITY_DN1079_c2_g1_i3.p1	48.335254
americanAlligator__Unknown__TRINITY_DN39821_c0_g1_i1.p1	3.330347
americanAlligator__Unknown__TRINITY_DN223_c0_g1_i30.p1	124.302725
americanAlligator__Unknown__TRINITY_DN223_c0_g1_i30.p1	124.302725
americanAlligator__Unknown__TRINITY_DN223_c0_g2_i16.p1	3.098067
americanAlligator__Unknown__TRINITY_DN223_c0_g2_i16.p1	3.098067
americanAlligator__Unknown__TRINITY_DN15664_c0_g1_i1.p1	5.658353
americanAlligator__Unknown__TRINITY_DN7145_c1_g1_i1.p2	2.242503
emu__Unknown__TRINITY_DN2432_c0_g2_i3.p4	47.562391
emu__Unknown__TRINITY_DN2432_c0_g2_i3.p4	47.562391
emu__Unknown__TRINITY_DN526_c0_g2_i10.p1	32.685099
emu__Unknown__TRINITY_DN526_c0_g2_i10.p1	32.685099
emu__Unknown__TRINITY_DN526_c0_g3_i1.p1	29.254743
emu__Unknown__TRINITY_DN526_c0_g3_i1.p1	29.254743
emu__Unknown__TRINITY_DN526_c0_g5_i2.p1	35.864241
emu__Unknown__TRINITY_DN526_c0_g5_i2.p1	35.864241
emu__Unknown__TRINITY_DN535_c1_g3_i1.p1	6.472139
emu__Unknown__TRINITY_DN535_c1_g3_i1.p1	6.472139
emu__Unknown__TRINITY_DN535_c2_g3_i1.p1	20.487529
emu__Unknown__TRINITY_DN6699_c1_g1_i1.p1	1.991645
emu__Unknown__TRINITY_DN8089_c0_g1_i1.p1	7.331594
emu__Unknown__TRINITY_DN401_c0_g1_i1.p1	13.102864
ostrich__Unknown__TRINITY_DN12197_c0_g2_i2.p4	46.260345
ostrich__Unknown__TRINITY_DN12197_c0_g2_i2.p4	46.260345
ostrich__Unknown__TRINITY_DN1258_c0_g3_i1.p1	107.639594
ostrich__Unknown__TRINITY_DN1258_c0_g3_i1.p1	107.639594
ostrich__Unknown__TRINITY_DN1258_c0_g2_i14.p1	18.76064
ostrich__Unknown__TRINITY_DN1258_c0_g2_i14.p1	18.76064
ostrich__Unknown__TRINITY_DN1258_c0_g2_i14.p1	18.76064
ostrich__Unknown__TRINITY_DN4561_c0_g1_i3.p2	5.453388
ostrich__Unknown__TRINITY_DN3741_c1_g3_i2.p1	16.276223
ostrich__Unknown__TRINITY_DN3741_c1_g1_i2.p2	10.848317
ostrich__Unknown__TRINITY_DN9016_c0_g2_i1.p1	4.571524
ostrich__Unknown__TRINITY_DN3741_c1_g2_i4.p2	37.794122
ostrich__Unknown__TRINITY_DN3272_c0_g1_i1.p2	22.086242
ostrich__Unknown__TRINITY_DN2430_c0_g1_i9.p2	4.007417
muscovyDuck__Unknown__TRINITY_DN317_c0_g1_i6.p3	11.582293
muscovyDuck__Unknown__TRINITY_DN317_c0_g1_i6.p3	11.582293
muscovyDuck__Unknown__TRINITY_DN902_c1_g2_i2.p1	3.701193
muscovyDuck__Unknown__TRINITY_DN317_c0_g3_i1.p1	9.946013
muscovyDuck__Unknown__TRINITY_DN317_c0_g3_i1.p1	9.946013
muscovyDuck__Unknown__TRINITY_DN5357_c1_g1_i3.p2	23.591041
muscovyDuck__Unknown__TRINITY_DN2103_c0_g1_i8.p1	11.051209
muscovyDuck__Unknown__TRINITY_DN5357_c1_g2_i1.p2	8.001566
muscovyDuck__Unknown__TRINITY_DN1182_c4_g1_i1.p2	144.440815
muscovyDuck__Unknown__TRINITY_DN4141_c0_g1_i3.p1	24.103243
quail__Unknown__TRINITY_DN823_c1_g3_i1.p2	10.876958
quail__Unknown__TRINITY_DN823_c1_g1_i1.p1	97.851679
quail__Unknown__TRINITY_DN9611_c0_g1_i3.p1	6.794366
quail__Unknown__TRINITY_DN6091_c0_g1_i2.p2	12.291364
quail__Unknown__TRINITY_DN27831_c0_g1_i3.p1	17.539429
quail__Unknown__TRINITY_DN4560_c1_g2_i1.p1	108.203951
quail__Unknown__TRINITY_DN4560_c1_g2_i1.p1	108.203951
quail__Unknown__TRINITY_DN741_c1_g1_i5.p1	8.479059
quail__Unknown__TRINITY_DN741_c1_g1_i5.p1	8.479059
quail__Unknown__TRINITY_DN43442_c0_g2_i1.p1	3.673717
quail__Unknown__TRINITY_DN9238_c0_g1_i9.p2	2.011148
quail__Unknown__TRINITY_DN877_c1_g1_i9.p1	78.12071
quail__Unknown__TRINITY_DN877_c1_g1_i9.p1	78.12071
chicken__Unknown__TRINITY_DN183466_c0_g1_i1.p2	1.0
chicken__Unknown__TRINITY_DN54315_c0_g1_i1.p1	1.0
chicken__Unknown__TRINITY_DN56476_c0_g1_i1.p2	1.0
chicken__Unknown__TRINITY_DN12272_c1_g1_i1.p1	1.0
chicken__Unknown__TRINITY_DN5636_c0_g1_i1.p2	1.0
chicken__Unknown__TRINITY_DN82238_c0_g1_i1.p1	1.0
chicken__Unknown__TRINITY_DN157257_c0_g1_i1.p1	1.0
chicken__Unknown__TRINITY_DN18633_c0_g1_i1.p1	1.0
chicken__Unknown__TRINITY_DN55578_c0_g1_i1.p1	1.0
chicken__Unknown__TRINITY_DN5230_c0_g1_i1.p1	1.0
chicken__Unknown__TRINITY_DN5230_c0_g1_i1.p1	1.0
chicken__Unknown__TRINITY_DN21257_c0_g1_i1.p3	1.0
chicken__Unknown__TRINITY_DN21257_c0_g1_i1.p3	1.0
chicken__Unknown__TRINITY_DN1827_c2_g1_i4.p3	1.0
redStreamertail__Unknown__TRINITY_DN2868_c0_g1_i5.p1	34.643133
redStreamertail__Unknown__TRINITY_DN2868_c0_g1_i5.p1	34.643133
redStreamertail__Unknown__TRINITY_DN413_c1_g2_i15.p1	29.474205
redStreamertail__Unknown__TRINITY_DN413_c1_g2_i15.p1	29.474205
redStreamertail__Unknown__TRINITY_DN68747_c0_g1_i1.p1	13.940559
redStreamertail__Unknown__TRINITY_DN68747_c0_g1_i1.p1	13.940559
redStreamertail__Unknown__TRINITY_DN68747_c0_g2_i5.p1	1.954016
redStreamertail__Unknown__TRINITY_DN68747_c0_g2_i5.p1	1.954016
redStreamertail__Unknown__TRINITY_DN68747_c0_g2_i5.p1	1.954016
redStreamertail__Unknown__TRINITY_DN12454_c0_g1_i1.p1	4.603145
redStreamertail__Unknown__TRINITY_DN13301_c0_g2_i1.p2	3.670897
redStreamertail__Unknown__TRINITY_DN13301_c0_g1_i3.p2	1.709466
redStreamertail__Unknown__TRINITY_DN4914_c0_g1_i1.p1	1.117185
redStreamertail__Unknown__TRINITY_DN13301_c0_g3_i2.p1	3.210219
redStreamertail__Unknown__TRINITY_DN15167_c0_g1_i1.p1	5.461111
redStreamertail__Unknown__TRINITY_DN9147_c0_g1_i1.p1	2.120049
redStreamertail__Unknown__TRINITY_DN48415_c0_g1_i2.p1	1.212059
blackStreamertail__Unknown__TRINITY_DN2782_c0_g2_i4.p2	1.690166
blackStreamertail__Unknown__TRINITY_DN2782_c0_g3_i1.p1	13.883032
blackStreamertail__Unknown__TRINITY_DN4329_c0_g2_i2.p2	10.494651
blackStreamertail__Unknown__TRINITY_DN7611_c0_g1_i2.p1	2.198
blackStreamertail__Unknown__TRINITY_DN11178_c0_g1_i5.p1	75.65711
blackStreamertail__Unknown__TRINITY_DN11178_c0_g1_i5.p1	75.65711
blackStreamertail__Unknown__TRINITY_DN11178_c0_g1_i5.p1	75.65711
blackStreamertail__Unknown__TRINITY_DN2782_c0_g1_i2.p2	3.482122
blackStreamertail__Unknown__TRINITY_DN35522_c0_g1_i1.p1	1.760573
blackStreamertail__Unknown__TRINITY_DN9692_c0_g1_i1.p1	4.580733
blackStreamertail__Unknown__TRINITY_DN5602_c1_g1_i2.p1	2.849086
blackStreamertail__Unknown__TRINITY_DN5602_c1_g1_i2.p1	2.849086
blackStreamertail__Unknown__TRINITY_DN898_c0_g2_i1.p1	2.934401
blackStreamertail__Unknown__TRINITY_DN898_c0_g2_i1.p1	2.934401
hybridStreamertail__Unknown__TRINITY_DN2856_c0_g3_i1.p2	2.751045
hybridStreamertail__Unknown__TRINITY_DN2856_c0_g1_i6.p1	3.093984
hybridStreamertail__Unknown__TRINITY_DN4972_c0_g1_i4.p3	5.867484
hybridStreamertail__Unknown__TRINITY_DN6429_c0_g1_i2.p1	1.040669
hybridStreamertail__Unknown__TRINITY_DN2897_c0_g1_i6.p1	33.508107
hybridStreamertail__Unknown__TRINITY_DN2897_c0_g1_i6.p1	33.508107
hybridStreamertail__Unknown__TRINITY_DN160031_c0_g1_i1.p1	14.07404
hybridStreamertail__Unknown__TRINITY_DN8613_c0_g1_i1.p1	43.742439
hybridStreamertail__Unknown__TRINITY_DN8613_c0_g1_i1.p1	43.742439
hybridStreamertail__Unknown__TRINITY_DN8613_c0_g1_i1.p1	43.742439
hybridStreamertail__Unknown__TRINITY_DN9632_c2_g1_i2.p1	2.563077
hybridStreamertail__Unknown__TRINITY_DN9632_c2_g1_i2.p1	2.563077
hybridStreamertail__Unknown__TRINITY_DN9632_c2_g1_i2.p1	2.563077
hybridStreamertail__Unknown__TRINITY_DN25847_c0_g2_i1.p1	3.126744
hybridStreamertail__Unknown__TRINITY_DN2856_c0_g2_i5.p3	2.109576
pigeon__Unknown__TRINITY_DN1663_c0_g1_i35.p2	8.143322
pigeon__Unknown__TRINITY_DN1663_c0_g1_i35.p2	8.143322
pigeon__Unknown__TRINITY_DN5016_c1_g1_i10.p1	238.044119
pigeon__Unknown__TRINITY_DN5016_c1_g1_i10.p1	238.044119
pigeon__Unknown__TRINITY_DN17169_c0_g1_i35.p6	2.991973
pigeon__Unknown__TRINITY_DN17169_c0_g1_i35.p6	2.991973
pigeon__Unknown__TRINITY_DN6590_c0_g1_i2.p1	3.949532
pigeon__Unknown__TRINITY_DN6590_c0_g1_i2.p1	3.949532
pigeon__Unknown__TRINITY_DN6590_c0_g1_i2.p1	3.949532
pigeon__Unknown__TRINITY_DN2568_c2_g1_i1.p1	4.445849
pigeon__Unknown__TRINITY_DN6403_c0_g2_i5.p2	1.262349
pigeon__Unknown__TRINITY_DN4010_c2_g1_i1.p2	30.903683
pigeon__Unknown__TRINITY_DN3003_c0_g1_i5.p1	70.048239
pigeon__Unknown__TRINITY_DN4784_c0_g1_i2.p2	6.606467
kite__Unknown__TRINITY_DN1455_c0_g1_i1.p1	203.715283
kite__Unknown__TRINITY_DN1455_c0_g1_i1.p1	203.715283
kite__Unknown__TRINITY_DN5860_c1_g1_i3.p4	153.303421
kite__Unknown__TRINITY_DN5860_c1_g1_i3.p4	153.303421
kite__Unknown__TRINITY_DN9052_c0_g2_i6.p2	74.066278
kite__Unknown__TRINITY_DN9052_c0_g2_i6.p2	74.066278
kite__Unknown__TRINITY_DN2790_c1_g1_i2.p2	13.614171
kite__Unknown__TRINITY_DN2790_c1_g1_i2.p2	13.614171
kite__Unknown__TRINITY_DN5577_c0_g2_i1.p1	2.645455
kite__Unknown__TRINITY_DN5577_c0_g2_i1.p1	2.645455
kite__Unknown__TRINITY_DN5577_c0_g2_i1.p1	2.645455
kite__Unknown__TRINITY_DN5243_c1_g1_i2.p2	11.236956
kite__Unknown__TRINITY_DN7220_c0_g5_i1.p1	9.336105
kite__Unknown__TRINITY_DN104870_c0_g1_i1.p1	65.205215
kite__Unknown__TRINITY_DN227_c1_g1_i1.p4	41.521184
kite__Unknown__TRINITY_DN2790_c1_g2_i7.p2	3.246778
vulture__Unknown__TRINITY_DN675_c2_g2_i1.p2	16.184606
vulture__Unknown__TRINITY_DN675_c2_g1_i6.p1	28.123389
vulture__Unknown__TRINITY_DN3575_c0_g1_i1.p2	33.60541
vulture__Unknown__TRINITY_DN4416_c1_g1_i4.p1	6.925637
vulture__Unknown__TRINITY_DN840_c0_g2_i1.p2	5.882992
vulture__Unknown__TRINITY_DN840_c0_g2_i1.p2	5.882992
vulture__Unknown__TRINITY_DN2269_c1_g3_i1.p2	10.435216
vulture__Unknown__TRINITY_DN1591_c9_g1_i1.p1	5.676955
vulture__Unknown__TRINITY_DN4263_c0_g1_i12.p2	2.355385
vulture__Unknown__TRINITY_DN840_c0_g3_i1.p1	4.939035
vulture__Unknown__TRINITY_DN840_c0_g3_i1.p1	4.939035
harrier__Unknown__TRINITY_DN11420_c0_g2_i6.p1	29.048957
harrier__Unknown__TRINITY_DN11420_c0_g2_i6.p1	29.048957
harrier__Unknown__TRINITY_DN152_c0_g3_i5.p1	71.79826
harrier__Unknown__TRINITY_DN152_c0_g3_i5.p1	71.79826
harrier__Unknown__TRINITY_DN8312_c0_g1_i2.p1	4.235774
harrier__Unknown__TRINITY_DN8312_c0_g1_i2.p1	4.235774
harrier__Unknown__TRINITY_DN152_c0_g2_i1.p1	7.287241
harrier__Unknown__TRINITY_DN152_c0_g2_i1.p1	7.287241
harrier__Unknown__TRINITY_DN152_c0_g4_i1.p1	6.794265
harrier__Unknown__TRINITY_DN152_c0_g4_i1.p1	6.794265
harrier__Unknown__TRINITY_DN1038_c0_g1_i2.p2	16.278888
harrier__Unknown__TRINITY_DN835_c0_g2_i3.p2	12.234099
harrier__Unknown__TRINITY_DN2231_c2_g2_i1.p2	15.673154
harrier__Unknown__TRINITY_DN835_c0_g1_i7.p3	2.026662
harrier__Unknown__TRINITY_DN1038_c0_g3_i1.p1	7.999907
harrier__Unknown__TRINITY_DN1038_c0_g4_i1.p1	7.999907
harrier__Unknown__TRINITY_DN3748_c0_g1_i5.p3	4.798302
greyfacedBuzzard__Unknown__TRINITY_DN968_c0_g2_i1.p2	7.872879
greyfacedBuzzard__Unknown__TRINITY_DN10809_c0_g1_i1.p1	18.957023
greyfacedBuzzard__Unknown__TRINITY_DN10809_c0_g3_i1.p1	9.805852
greyfacedBuzzard__Unknown__TRINITY_DN10809_c0_g2_i7.p1	5.980731
greyfacedBuzzard__Unknown__TRINITY_DN968_c0_g1_i6.p1	26.370196
greyfacedBuzzard__Unknown__TRINITY_DN397_c0_g1_i3.p3	25.55555
greyfacedBuzzard__Unknown__TRINITY_DN2471_c0_g2_i1.p1	121.577739
greyfacedBuzzard__Unknown__TRINITY_DN2471_c0_g2_i1.p1	121.577739
greyfacedBuzzard__Unknown__TRINITY_DN2471_c0_g3_i1.p1	53.376273
greyfacedBuzzard__Unknown__TRINITY_DN2471_c0_g3_i1.p1	53.376273
greyfacedBuzzard__Unknown__TRINITY_DN1263_c0_g2_i1.p2	4.194692
greyfacedBuzzard__Unknown__TRINITY_DN12774_c0_g1_i26.p2	2.455783
greyfacedBuzzard__Unknown__TRINITY_DN1117_c2_g1_i1.p1	2.572252
greyfacedBuzzard__Unknown__TRINITY_DN1117_c2_g1_i1.p1	2.572252
greyfacedBuzzard__Unknown__TRINITY_DN1117_c2_g1_i1.p1	2.572252
redTailHawk__Unknown__TRINITY_DN3447_c1_g1_i1.p1	64.375661
redTailHawk__Unknown__TRINITY_DN3447_c1_g1_i1.p1	64.375661
redTailHawk__Unknown__TRINITY_DN3447_c1_g1_i1.p1	64.375661
redTailHawk__Unknown__TRINITY_DN3447_c3_g1_i5.p1	4.176408
redTailHawk__Unknown__TRINITY_DN3447_c3_g1_i5.p1	4.176408
redTailHawk__Unknown__TRINITY_DN3447_c3_g1_i5.p1	4.176408
redTailHawk__Unknown__TRINITY_DN3447_c3_g2_i1.p5	14.869418
redTailHawk__Unknown__TRINITY_DN3447_c3_g2_i1.p5	14.869418
redTailHawk__Unknown__TRINITY_DN3447_c3_g2_i1.p5	14.869418
redTailHawk__Unknown__TRINITY_DN8395_c0_g1_i1.p2	15.880605
redTailHawk__Unknown__TRINITY_DN8395_c0_g1_i1.p2	15.880605
redTailHawk__Unknown__TRINITY_DN8395_c0_g1_i1.p2	15.880605
redTailHawk__Unknown__TRINITY_DN5369_c2_g1_i2.p2	3.01576
redTailHawk__Unknown__TRINITY_DN17370_c0_g1_i1.p2	2.20165
redTailHawk__Unknown__TRINITY_DN17370_c0_g1_i1.p2	2.20165
redTailHawk__Unknown__TRINITY_DN17370_c0_g1_i1.p2	2.20165
redTailHawk__Unknown__TRINITY_DN80566_c0_g1_i1.p1	1.27582
redTailHawk__Unknown__TRINITY_DN80566_c0_g1_i1.p1	1.27582
redTailHawk__Unknown__TRINITY_DN80566_c0_g1_i1.p1	1.27582
redTailHawk__Unknown__TRINITY_DN11161_c1_g2_i1.p1	3.632234
redTailHawk__Unknown__TRINITY_DN11161_c1_g3_i1.p2	8.140735
redTailHawk__Unknown__TRINITY_DN88199_c0_g1_i1.p2	1.417008
redTailHawk__Unknown__TRINITY_DN11161_c1_g1_i4.p2	22.701976
redTailHawk__Unknown__TRINITY_DN12211_c0_g1_i1.p2	10.47541
redTailHawk__Unknown__TRINITY_DN958_c1_g1_i1.p1	5.994797
coopersHawk__Unknown__TRINITY_DN5896_c1_g2_i1.p1	44.731394
coopersHawk__Unknown__TRINITY_DN5896_c1_g2_i1.p1	44.731394
coopersHawk__Unknown__TRINITY_DN862_c1_g1_i1.p1	75.262517
coopersHawk__Unknown__TRINITY_DN862_c1_g1_i1.p1	75.262517
coopersHawk__Unknown__TRINITY_DN941_c0_g1_i1.p4	18.358312
coopersHawk__Unknown__TRINITY_DN941_c0_g1_i1.p4	18.358312
coopersHawk__Unknown__TRINITY_DN5736_c0_g2_i1.p1	4.982725
coopersHawk__Unknown__TRINITY_DN4098_c0_g2_i1.p2	4.448916
coopersHawk__Unknown__TRINITY_DN4098_c0_g1_i3.p2	19.146746
coopersHawk__Unknown__TRINITY_DN96406_c0_g1_i1.p2	9.814598
coopersHawk__Unknown__TRINITY_DN5736_c0_g1_i2.p1	3.646971
besra__Unknown__TRINITY_DN8404_c0_g1_i1.p2	5.541647
besra__Unknown__TRINITY_DN150_c0_g1_i9.p1	17.951747
besra__Unknown__TRINITY_DN2833_c0_g1_i1.p2	42.680225
besra__Unknown__TRINITY_DN1175_c1_g1_i7.p1	1.989627
besra__Unknown__TRINITY_DN131_c2_g2_i4.p2	50.294102
besra__Unknown__TRINITY_DN131_c2_g2_i4.p2	50.294102
besra__Unknown__TRINITY_DN257_c3_g1_i1.p1	187.684594
besra__Unknown__TRINITY_DN257_c3_g1_i1.p1	187.684594
besra__Unknown__TRINITY_DN4430_c1_g2_i1.p2	8.177473
besra__Unknown__TRINITY_DN583_c0_g1_i6.p3	1.391483
besra__Unknown__TRINITY_DN131_c4_g1_i1.p1	10.663837
besra__Unknown__TRINITY_DN131_c4_g1_i1.p1	10.663837
besra__Unknown__TRINITY_DN1166_c0_g1_i1.p4	71.09834
besra__Unknown__TRINITY_DN1166_c0_g1_i1.p4	71.09834
barnOwl__Unknown__TRINITY_DN1118_c0_g1_i19.p3	3.877238
barnOwl__Unknown__TRINITY_DN1118_c0_g1_i19.p3	3.877238
barnOwl__Unknown__TRINITY_DN1489_c3_g2_i1.p1	46.996375
barnOwl__Unknown__TRINITY_DN1489_c3_g2_i1.p1	46.996375
barnOwl__Unknown__TRINITY_DN12357_c0_g1_i1.p1	1.122359
barnOwl__Unknown__TRINITY_DN12357_c0_g1_i1.p1	1.122359
barnOwl__Unknown__TRINITY_DN22983_c0_g1_i4.p2	1.998308
barnOwl__Unknown__TRINITY_DN22983_c0_g1_i4.p2	1.998308
barnOwl__Unknown__TRINITY_DN600_c3_g1_i1.p3	4.564741
barnOwl__Unknown__TRINITY_DN600_c3_g1_i1.p3	4.564741
barnOwl__Unknown__TRINITY_DN600_c3_g1_i1.p3	4.564741
barnOwl__Unknown__TRINITY_DN5433_c0_g5_i1.p2	6.055186
barnOwl__Unknown__TRINITY_DN5433_c0_g4_i4.p1	8.09092
barnOwl__Unknown__TRINITY_DN97191_c0_g1_i2.p3	4.734776
barnOwl__Unknown__TRINITY_DN85_c1_g1_i2.p1	12.981291
grassOwl__Unknown__TRINITY_DN2597_c0_g2_i3.p1	262.951375
grassOwl__Unknown__TRINITY_DN2597_c0_g2_i3.p1	262.951375
grassOwl__Unknown__TRINITY_DN655_c0_g1_i3.p3	154.659538
grassOwl__Unknown__TRINITY_DN655_c0_g1_i3.p3	154.659538
grassOwl__Unknown__TRINITY_DN3390_c0_g1_i4.p2	3.41973
grassOwl__Unknown__TRINITY_DN3390_c0_g1_i4.p2	3.41973
grassOwl__Unknown__TRINITY_DN1634_c10_g1_i1.p3	3.558341
grassOwl__Unknown__TRINITY_DN1634_c10_g1_i1.p3	3.558341
grassOwl__Unknown__TRINITY_DN1634_c10_g1_i1.p3	3.558341
grassOwl__Unknown__TRINITY_DN13745_c0_g1_i1.p2	5.455311
grassOwl__Unknown__TRINITY_DN3346_c1_g5_i1.p1	4.894353
grassOwl__Unknown__TRINITY_DN1060_c0_g2_i4.p1	101.539966
grassOwl__Unknown__TRINITY_DN7552_c1_g1_i3.p1	13.505223
grassOwl__Unknown__TRINITY_DN6135_c1_g2_i2.p5	21.475333
borealOwl__Unknown__TRINITY_DN1134_c0_g1_i18.p1	37.381074
borealOwl__Unknown__TRINITY_DN1134_c0_g1_i18.p1	37.381074
borealOwl__Unknown__TRINITY_DN2059_c0_g1_i10.p1	11.059976
borealOwl__Unknown__TRINITY_DN2059_c0_g1_i10.p1	11.059976
borealOwl__Unknown__TRINITY_DN2434_c0_g2_i1.p1	12.22876
borealOwl__Unknown__TRINITY_DN2434_c0_g2_i1.p1	12.22876
borealOwl__Unknown__TRINITY_DN2_c0_g1_i3.p2	459.589191
borealOwl__Unknown__TRINITY_DN2_c0_g1_i3.p2	459.589191
borealOwl__Unknown__TRINITY_DN2_c0_g2_i1.p1	396.792343
borealOwl__Unknown__TRINITY_DN2_c0_g2_i1.p1	396.792343
borealOwl__Unknown__TRINITY_DN363_c0_g1_i1.p1	22.346777
borealOwl__Unknown__TRINITY_DN363_c0_g1_i1.p1	22.346777
borealOwl__Unknown__TRINITY_DN513_c0_g1_i48.p1	18.590504
borealOwl__Unknown__TRINITY_DN513_c0_g1_i48.p1	18.590504
borealOwl__Unknown__TRINITY_DN53056_c0_g1_i1.p1	7.19495
borealOwl__Unknown__TRINITY_DN13169_c0_g1_i4.p1	5.528159
borealOwl__Unknown__TRINITY_DN13169_c0_g1_i4.p1	5.528159
borealOwl__Unknown__TRINITY_DN15094_c0_g1_i1.p2	4.821659
borealOwl__Unknown__TRINITY_DN196784_c0_g1_i1.p1	2.89082
borealOwl__Unknown__TRINITY_DN52015_c0_g1_i1.p3	12.048327
borealOwl__Unknown__TRINITY_DN5782_c0_g1_i3.p1	373.882291
borealOwl__Unknown__TRINITY_DN37190_c0_g1_i1.p1	6.191002
borealOwl__Unknown__TRINITY_DN337_c1_g1_i1.p1	9.937106
littleOwl__Unknown__TRINITY_DN5436_c0_g1_i1.p1	210.054872
littleOwl__Unknown__TRINITY_DN5436_c0_g1_i1.p1	210.054872
littleOwl__Unknown__TRINITY_DN5436_c0_g3_i1.p2	200.380201
littleOwl__Unknown__TRINITY_DN5436_c0_g3_i1.p2	200.380201
littleOwl__Unknown__TRINITY_DN722_c0_g1_i4.p3	99.974986
littleOwl__Unknown__TRINITY_DN722_c0_g1_i4.p3	99.974986
littleOwl__Unknown__TRINITY_DN722_c3_g1_i1.p1	138.344648
littleOwl__Unknown__TRINITY_DN722_c3_g1_i1.p1	138.344648
littleOwl__Unknown__TRINITY_DN5212_c2_g1_i1.p1	2.602511
littleOwl__Unknown__TRINITY_DN5212_c2_g1_i1.p1	2.602511
littleOwl__Unknown__TRINITY_DN5212_c2_g1_i1.p1	2.602511
littleOwl__Unknown__TRINITY_DN1431_c1_g1_i3.p2	5.489108
littleOwl__Unknown__TRINITY_DN6483_c0_g2_i1.p1	7.362908
littleOwl__Unknown__TRINITY_DN6537_c0_g1_i8.p2	4.433634
littleOwl__Unknown__TRINITY_DN7852_c6_g1_i1.p1	7.604298
littleOwl__Unknown__TRINITY_DN10802_c0_g1_i7.p3	6.58184
littleOwl__Unknown__TRINITY_DN10802_c0_g2_i8.p3	6.58184
littleOwl__Unknown__TRINITY_DN6483_c0_g1_i7.p2	122.454949
littleOwl__Unknown__TRINITY_DN1431_c1_g2_i1.p1	13.460279
eurasianScopsOwl__Unknown__TRINITY_DN4554_c0_g1_i15.p2	8.675681
eurasianScopsOwl__Unknown__TRINITY_DN1996_c0_g1_i7.p2	65.42315
eurasianScopsOwl__Unknown__TRINITY_DN3313_c0_g1_i1.p1	38.118372
eurasianScopsOwl__Unknown__TRINITY_DN1943_c0_g1_i4.p1	4.451124
eurasianScopsOwl__Unknown__TRINITY_DN2515_c0_g1_i3.p1	17.662639
eurasianScopsOwl__Unknown__TRINITY_DN2515_c0_g1_i3.p1	17.662639
eurasianScopsOwl__Unknown__TRINITY_DN2515_c0_g2_i2.p1	72.669059
eurasianScopsOwl__Unknown__TRINITY_DN2515_c0_g2_i2.p1	72.669059
eurasianScopsOwl__Unknown__TRINITY_DN5778_c0_g2_i1.p1	4.470151
eurasianScopsOwl__Unknown__TRINITY_DN5778_c0_g2_i1.p1	4.470151
eurasianScopsOwl__Unknown__TRINITY_DN5778_c0_g2_i1.p1	4.470151
eurasianScopsOwl__Unknown__TRINITY_DN2515_c0_g4_i1.p2	55.508224
eurasianScopsOwl__Unknown__TRINITY_DN2515_c0_g4_i1.p2	55.508224
eurasianScopsOwl__Unknown__TRINITY_DN2515_c0_g5_i1.p3	55.508224
eurasianScopsOwl__Unknown__TRINITY_DN2515_c0_g5_i1.p3	55.508224
eurasianScopsOwl__Unknown__TRINITY_DN7221_c0_g1_i2.p3	3.55298
eurasianScopsOwl__Unknown__TRINITY_DN879_c2_g1_i2.p1	7.702706
indianScopsOwl__Unknown__TRINITY_DN984_c0_g1_i1.p2	5.977599
indianScopsOwl__Unknown__TRINITY_DN2608_c3_g1_i2.p1	7.646539
indianScopsOwl__Unknown__TRINITY_DN984_c0_g3_i6.p1	5.806083
indianScopsOwl__Unknown__TRINITY_DN984_c0_g4_i2.p1	12.406669
indianScopsOwl__Unknown__TRINITY_DN697_c0_g1_i2.p3	24.079425
indianScopsOwl__Unknown__TRINITY_DN2608_c0_g1_i3.p1	10.495612
indianScopsOwl__Unknown__TRINITY_DN1435_c0_g2_i4.p1	25.319202
indianScopsOwl__Unknown__TRINITY_DN1435_c0_g2_i4.p1	25.319202
indianScopsOwl__Unknown__TRINITY_DN3192_c0_g1_i1.p1	6.346487
indianScopsOwl__Unknown__TRINITY_DN6268_c1_g2_i1.p2	6.97384
indianScopsOwl__Unknown__TRINITY_DN28499_c0_g1_i2.p1	4.168825
indianScopsOwl__Unknown__TRINITY_DN28499_c0_g1_i2.p1	4.168825
indianScopsOwl__Unknown__TRINITY_DN28499_c0_g1_i2.p1	4.168825
shortearOwl__Unknown__TRINITY_DN135819_c0_g1_i3.p2	355.64664
shortearOwl__Unknown__TRINITY_DN135819_c0_g1_i3.p2	355.64664
shortearOwl__Unknown__TRINITY_DN181_c2_g1_i1.p2	25.905441
shortearOwl__Unknown__TRINITY_DN181_c2_g1_i1.p2	25.905441
shortearOwl__Unknown__TRINITY_DN3653_c0_g1_i10.p1	7.192247
shortearOwl__Unknown__TRINITY_DN3653_c0_g1_i10.p1	7.192247
shortearOwl__Unknown__TRINITY_DN5106_c0_g1_i2.p1	3.941828
shortearOwl__Unknown__TRINITY_DN5106_c0_g1_i2.p1	3.941828
shortearOwl__Unknown__TRINITY_DN5106_c1_g2_i1.p1	53.926598
shortearOwl__Unknown__TRINITY_DN5106_c1_g2_i1.p1	53.926598
shortearOwl__Unknown__TRINITY_DN5484_c0_g1_i4.p1	22.100359
shortearOwl__Unknown__TRINITY_DN5484_c0_g1_i4.p1	22.100359
shortearOwl__Unknown__TRINITY_DN7041_c3_g1_i18.p1	17.057372
shortearOwl__Unknown__TRINITY_DN7041_c3_g1_i18.p1	17.057372
shortearOwl__Unknown__TRINITY_DN10907_c0_g2_i1.p1	8.81532
shortearOwl__Unknown__TRINITY_DN10907_c0_g2_i1.p1	8.81532
shortearOwl__Unknown__TRINITY_DN181_c0_g1_i1.p3	2.14091
shortearOwl__Unknown__TRINITY_DN181_c0_g1_i1.p3	2.14091
shortearOwl__Unknown__TRINITY_DN181_c0_g1_i1.p3	2.14091
shortearOwl__Unknown__TRINITY_DN660_c0_g1_i25.p2	5.547615
shortearOwl__Unknown__TRINITY_DN26776_c0_g1_i1.p1	3.721733
shortearOwl__Unknown__TRINITY_DN8216_c0_g1_i2.p2	609.486933
shortearOwl__Unknown__TRINITY_DN10907_c0_g1_i2.p2	14.103839
shortearOwl__Unknown__TRINITY_DN186447_c0_g1_i1.p1	4.510018
longearOwl__Unknown__TRINITY_DN4268_c0_g1_i2.p3	1.263511
longearOwl__Unknown__TRINITY_DN4268_c0_g3_i2.p1	19.315682
longearOwl__Unknown__TRINITY_DN1510_c3_g1_i6.p2	73.383699
longearOwl__Unknown__TRINITY_DN2823_c0_g2_i2.p1	17.474611
longearOwl__Unknown__TRINITY_DN46_c3_g1_i3.p1	77.047193
longearOwl__Unknown__TRINITY_DN46_c3_g1_i3.p1	77.047193
longearOwl__Unknown__TRINITY_DN1510_c3_g2_i1.p2	6.697066
longearOwl__Unknown__TRINITY_DN5209_c0_g2_i1.p2	11.02626
longearOwl__Unknown__TRINITY_DN2823_c1_g1_i1.p1	9.13563
longearOwl__Unknown__TRINITY_DN5209_c0_g3_i2.p2	5.624205
longearOwl__Unknown__TRINITY_DN6072_c0_g1_i1.p1	5.447151
longearOwl__Unknown__TRINITY_DN1034_c0_g1_i1.p1	7.912012
longearOwl__Unknown__TRINITY_DN1034_c0_g1_i1.p1	7.912012
longearOwl__Unknown__TRINITY_DN1034_c0_g1_i1.p1	7.912012
longearOwl__Unknown__TRINITY_DN15173_c1_g1_i5.p1	19.488065
screechOwl__Unknown__TRINITY_DN35490_c0_g1_i1.p1	10.467181
screechOwl__Unknown__TRINITY_DN35490_c0_g1_i1.p1	10.467181
screechOwl__Unknown__TRINITY_DN740_c0_g2_i6.p1	64.458772
screechOwl__Unknown__TRINITY_DN740_c0_g2_i6.p1	64.458772
screechOwl__Unknown__TRINITY_DN15052_c0_g2_i1.p1	6.351164
screechOwl__Unknown__TRINITY_DN15052_c0_g2_i1.p1	6.351164
screechOwl__Unknown__TRINITY_DN11427_c1_g2_i1.p1	2.202318
screechOwl__Unknown__TRINITY_DN11427_c1_g2_i1.p1	2.202318
screechOwl__Unknown__TRINITY_DN11427_c1_g2_i1.p1	2.202318
screechOwl__Unknown__TRINITY_DN3374_c0_g2_i1.p2	12.380765
screechOwl__Unknown__TRINITY_DN15528_c0_g1_i1.p1	1.079436
screechOwl__Unknown__TRINITY_DN6815_c1_g1_i1.p2	9.775787
screechOwl__Unknown__TRINITY_DN3374_c0_g1_i4.p1	9.133177
screechOwl__Unknown__TRINITY_DN7326_c0_g1_i3.p1	7.991131
screechOwl__Unknown__TRINITY_DN15052_c0_g1_i4.p2	8.714903
barredOwl__Unknown__TRINITY_DN27630_c0_g1_i5.p2	2.552492
barredOwl__Unknown__TRINITY_DN27630_c0_g1_i5.p2	2.552492
barredOwl__Unknown__TRINITY_DN4571_c1_g1_i2.p1	1.414404
barredOwl__Unknown__TRINITY_DN4571_c1_g1_i2.p1	1.414404
barredOwl__Unknown__TRINITY_DN5402_c0_g1_i5.p2	62.478105
barredOwl__Unknown__TRINITY_DN5042_c0_g1_i1.p1	7.217998
barredOwl__Unknown__TRINITY_DN10510_c0_g1_i4.p1	6.610272
barredOwl__Unknown__TRINITY_DN4621_c1_g1_i7.p1	38.461725
barredOwl__Unknown__TRINITY_DN4621_c1_g1_i7.p1	38.461725
barredOwl__Unknown__TRINITY_DN10510_c0_g3_i1.p1	7.259999
barredOwl__Unknown__TRINITY_DN31196_c0_g1_i3.p1	1.561314
barredOwl__Unknown__TRINITY_DN31196_c0_g1_i3.p1	1.561314
barredOwl__Unknown__TRINITY_DN5256_c0_g1_i6.p4	10.313533
barredOwl__Unknown__TRINITY_DN5256_c0_g1_i6.p4	10.313533
barredOwl__Unknown__TRINITY_DN645_c0_g1_i37.p2	14.959419
barredOwl__Unknown__TRINITY_DN645_c0_g1_i37.p2	14.959419
barredOwl__Unknown__TRINITY_DN8093_c0_g1_i3.p1	3.205208
barredOwl__Unknown__TRINITY_DN8093_c0_g2_i2.p1	3.205208
barredOwl__Unknown__TRINITY_DN310134_c0_g1_i1.p1	2.370309
barredOwl__Unknown__TRINITY_DN5402_c0_g3_i1.p1	5.943659
tawnyOwl__Unknown__TRINITY_DN2720_c0_g1_i5.p1	11.283608
tawnyOwl__Unknown__TRINITY_DN2720_c0_g1_i5.p1	11.283608
tawnyOwl__Unknown__TRINITY_DN2720_c0_g2_i1.p3	149.254062
tawnyOwl__Unknown__TRINITY_DN2720_c0_g2_i1.p3	149.254062
tawnyOwl__Unknown__TRINITY_DN774_c0_g1_i1.p4	458.380614
tawnyOwl__Unknown__TRINITY_DN774_c0_g1_i1.p4	458.380614
tawnyOwl__Unknown__TRINITY_DN14114_c0_g1_i1.p2	6.149906
tawnyOwl__Unknown__TRINITY_DN14114_c0_g1_i1.p2	6.149906
tawnyOwl__Unknown__TRINITY_DN185_c0_g1_i2.p2	48.841222
tawnyOwl__Unknown__TRINITY_DN185_c0_g1_i2.p2	48.841222
tawnyOwl__Unknown__TRINITY_DN3158_c0_g1_i9.p1	11.351049
tawnyOwl__Unknown__TRINITY_DN3158_c0_g1_i9.p1	11.351049
tawnyOwl__Unknown__TRINITY_DN5674_c0_g2_i1.p1	5.550199
tawnyOwl__Unknown__TRINITY_DN13035_c0_g1_i1.p2	10.853857
tawnyOwl__Unknown__TRINITY_DN92_c1_g1_i1.p2	323.024865
tawnyOwl__Unknown__TRINITY_DN18693_c0_g1_i1.p1	8.130727
tawnyOwl__Unknown__TRINITY_DN5674_c0_g1_i1.p1	4.734397
eagleOwl__Unknown__TRINITY_DN296_c1_g2_i8.p1	70.109603
eagleOwl__Unknown__TRINITY_DN296_c1_g2_i8.p1	70.109603
eagleOwl__Unknown__TRINITY_DN296_c1_g3_i6.p1	257.415346
eagleOwl__Unknown__TRINITY_DN296_c1_g3_i6.p1	257.415346
eagleOwl__Unknown__TRINITY_DN37_c0_g1_i25.p4	50.380889
eagleOwl__Unknown__TRINITY_DN37_c0_g1_i25.p4	50.380889
eagleOwl__Unknown__TRINITY_DN16114_c0_g1_i3.p1	3.819802
eagleOwl__Unknown__TRINITY_DN1503_c0_g2_i1.p1	2.453681
eagleOwl__Unknown__TRINITY_DN1503_c0_g4_i3.p3	3.999299
eagleOwl__Unknown__TRINITY_DN5775_c4_g1_i1.p1	7.558071
eagleOwl__Unknown__TRINITY_DN1503_c0_g3_i8.p2	95.114936
eagleOwl__Unknown__TRINITY_DN2538_c0_g1_i1.p2	21.78257
eagleOwl__Unknown__TRINITY_DN16114_c0_g2_i4.p1	5.380194
hornedOwl__Unknown__TRINITY_DN3969_c0_g1_i1.p2	11.130081
hornedOwl__Unknown__TRINITY_DN6225_c1_g1_i7.p1	8.600993
hornedOwl__Unknown__TRINITY_DN6225_c0_g1_i1.p2	5.972714
hornedOwl__Unknown__TRINITY_DN1551_c1_g1_i4.p1	6.607919
hornedOwl__Unknown__TRINITY_DN1551_c1_g1_i4.p1	6.607919
hornedOwl__Unknown__TRINITY_DN6111_c0_g2_i1.p2	4.236722
hornedOwl__Unknown__TRINITY_DN1551_c1_g2_i1.p1	50.857354
hornedOwl__Unknown__TRINITY_DN1551_c1_g2_i1.p1	50.857354
hornedOwl__Unknown__TRINITY_DN1551_c1_g2_i1.p1	50.857354
hornedOwl__Unknown__TRINITY_DN9572_c0_g1_i1.p1	1.787012
hornedOwl__Unknown__TRINITY_DN76_c0_g2_i1.p3	54.545302
hornedOwl__Unknown__TRINITY_DN76_c0_g2_i1.p3	54.545302
hoopoe__Unknown__TRINITY_DN3516_c0_g1_i15.p1	69.644002
hoopoe__Unknown__TRINITY_DN3516_c0_g1_i15.p1	69.644002
hoopoe__Unknown__TRINITY_DN544_c4_g1_i1.p1	258.808761
hoopoe__Unknown__TRINITY_DN544_c4_g1_i1.p1	258.808761
hoopoe__Unknown__TRINITY_DN6292_c1_g1_i1.p3	247.595265
hoopoe__Unknown__TRINITY_DN6292_c1_g1_i1.p3	247.595265
hoopoe__Unknown__TRINITY_DN690_c1_g1_i7.p2	27.840389
hoopoe__Unknown__TRINITY_DN690_c1_g1_i7.p2	27.840389
hoopoe__Unknown__TRINITY_DN3516_c2_g1_i7.p1	5.563564
hoopoe__Unknown__TRINITY_DN3516_c2_g1_i7.p1	5.563564
hoopoe__Unknown__TRINITY_DN3516_c2_g1_i7.p1	5.563564
hoopoe__Unknown__TRINITY_DN755_c0_g1_i71.p2	1.091289
hoopoe__Unknown__TRINITY_DN3174_c1_g1_i1.p2	7.200926
hoopoe__Unknown__TRINITY_DN10526_c6_g1_i1.p1	7.442238
hoopoe__Unknown__TRINITY_DN755_c0_g2_i1.p2	12.17343
hoopoe__Unknown__TRINITY_DN11735_c0_g1_i1.p2	212.818217
hoopoe__Unknown__TRINITY_DN3185_c0_g3_i1.p1	41.650417
hoopoe__Unknown__TRINITY_DN1239_c0_g1_i5.p1	4.268808
woodpecker__Unknown__TRINITY_DN2795_c1_g1_i1.p1	34.717756
woodpecker__Unknown__TRINITY_DN1751_c0_g1_i3.p1	8.015718
woodpecker__Unknown__TRINITY_DN3984_c0_g1_i1.p2	33.774469
woodpecker__Unknown__TRINITY_DN175_c5_g1_i2.p1	154.258492
woodpecker__Unknown__TRINITY_DN175_c5_g1_i2.p1	154.258492
woodpecker__Unknown__TRINITY_DN235_c9_g1_i1.p1	13.547531
woodpecker__Unknown__TRINITY_DN3194_c0_g1_i1.p2	8.191358
woodpecker__Unknown__TRINITY_DN6025_c1_g1_i1.p1	10.954416
woodpecker__Unknown__TRINITY_DN1110_c11_g1_i1.p1	16.852606
woodpecker__Unknown__TRINITY_DN3861_c1_g3_i1.p2	8.401107
woodpecker__Unknown__TRINITY_DN3851_c0_g1_i4.p1	5.705995
woodpecker__Unknown__TRINITY_DN3851_c0_g1_i4.p1	5.705995
woodpecker__Unknown__TRINITY_DN3851_c0_g1_i4.p1	5.705995
woodpecker__Unknown__TRINITY_DN3851_c0_g3_i2.p2	162.763609
budgerigar__Unknown__TRINITY_DN1982_c0_g2_i5.p1	13.287548
budgerigar__Unknown__TRINITY_DN6568_c0_g1_i3.p4	22.723079
budgerigar__Unknown__TRINITY_DN2964_c1_g1_i3.p1	2.072202
budgerigar__Unknown__TRINITY_DN2464_c0_g1_i4.p1	64.604215
budgerigar__Unknown__TRINITY_DN2464_c0_g1_i4.p1	64.604215
budgerigar__Unknown__TRINITY_DN1982_c0_g3_i1.p1	6.809183
budgerigar__Unknown__TRINITY_DN2964_c0_g1_i2.p1	4.663377
budgerigar__Unknown__TRINITY_DN5162_c0_g1_i2.p1	3.173524
budgerigar__Unknown__TRINITY_DN8103_c4_g1_i1.p1	2.120969
budgerigar__Unknown__TRINITY_DN45182_c1_g1_i1.p1	1.762509
budgerigar__Unknown__TRINITY_DN45182_c1_g1_i1.p1	1.762509
budgerigar__Unknown__TRINITY_DN45182_c1_g1_i1.p1	1.762509
commonKestrel__Unknown__TRINITY_DN680_c0_g1_i5.p1	145.804892
commonKestrel__Unknown__TRINITY_DN680_c0_g1_i5.p1	145.804892
commonKestrel__Unknown__TRINITY_DN4675_c0_g1_i2.p1	1.728779
commonKestrel__Unknown__TRINITY_DN4675_c0_g1_i2.p1	1.728779
commonKestrel__Unknown__TRINITY_DN4675_c0_g1_i2.p1	1.728779
commonKestrel__Unknown__TRINITY_DN4675_c0_g3_i2.p1	1.728779
commonKestrel__Unknown__TRINITY_DN4675_c0_g3_i2.p1	1.728779
commonKestrel__Unknown__TRINITY_DN4675_c0_g3_i2.p1	1.728779
commonKestrel__Unknown__TRINITY_DN7385_c0_g1_i3.p1	1.716969
commonKestrel__Unknown__TRINITY_DN7385_c0_g1_i3.p1	1.716969
commonKestrel__Unknown__TRINITY_DN7385_c0_g1_i3.p1	1.716969
commonKestrel__Unknown__TRINITY_DN4236_c1_g1_i1.p2	14.743411
commonKestrel__Unknown__TRINITY_DN3104_c0_g3_i1.p1	6.4043
commonKestrel__Unknown__TRINITY_DN3161_c0_g1_i1.p1	6.521611
commonKestrel__Unknown__TRINITY_DN3161_c0_g2_i1.p2	11.374383
commonKestrel__Unknown__TRINITY_DN3161_c1_g2_i1.p1	6.142053
commonKestrel__Unknown__TRINITY_DN3772_c0_g1_i2.p4	15.192196
commonKestrel__Unknown__TRINITY_DN30535_c0_g1_i2.p1	6.823734
eurasianHobby__Unknown__TRINITY_DN4604_c0_g2_i8.p2	33.377191
eurasianHobby__Unknown__TRINITY_DN4604_c0_g2_i8.p2	33.377191
eurasianHobby__Unknown__TRINITY_DN472_c1_g1_i1.p1	146.626048
eurasianHobby__Unknown__TRINITY_DN472_c1_g1_i1.p1	146.626048
eurasianHobby__Unknown__TRINITY_DN3632_c3_g1_i1.p1	4.101418
eurasianHobby__Unknown__TRINITY_DN3632_c3_g1_i1.p1	4.101418
eurasianHobby__Unknown__TRINITY_DN3632_c3_g1_i1.p1	4.101418
eurasianHobby__Unknown__TRINITY_DN9387_c1_g1_i3.p1	1.924638
eurasianHobby__Unknown__TRINITY_DN9387_c1_g1_i3.p1	1.924638
eurasianHobby__Unknown__TRINITY_DN9387_c1_g1_i3.p1	1.924638
eurasianHobby__Unknown__TRINITY_DN18289_c2_g1_i1.p1	6.28819
eurasianHobby__Unknown__TRINITY_DN2652_c1_g2_i1.p1	7.128264
eurasianHobby__Unknown__TRINITY_DN2872_c5_g1_i1.p1	9.590003
eurasianHobby__Unknown__TRINITY_DN2652_c1_g1_i3.p1	90.29724
eurasianHobby__Unknown__TRINITY_DN1933_c1_g1_i4.p5	1.071247
eurasianHobby__Unknown__TRINITY_DN2360_c0_g2_i3.p1	9.463989
carrionCrow__Unknown__TRINITY_DN551_c0_g2_i1.p1	25.29915
carrionCrow__Unknown__TRINITY_DN551_c0_g1_i1.p2	338.309232
carrionCrow__Unknown__TRINITY_DN8472_c0_g1_i4.p1	15.517458
carrionCrow__Unknown__TRINITY_DN1241_c0_g1_i1.p3	33.756283
carrionCrow__Unknown__TRINITY_DN10479_c0_g1_i4.p3	4.749771
carrionCrow__Unknown__TRINITY_DN249_c1_g2_i2.p1	15.513278
carrionCrow__Unknown__TRINITY_DN249_c1_g2_i2.p1	15.513278
carrionCrow__Unknown__TRINITY_DN13513_c0_g1_i1.p1	3.085957
carrionCrow__Unknown__TRINITY_DN13513_c0_g1_i1.p1	3.085957
carrionCrow__Unknown__TRINITY_DN13513_c0_g1_i1.p1	3.085957
carrionCrow__Unknown__TRINITY_DN3225_c0_g1_i12.p3	8.09286
carrionCrow__Unknown__TRINITY_DN3225_c0_g1_i12.p3	8.09286
carrionCrow__Unknown__TRINITY_DN3225_c0_g1_i12.p3	8.09286
carrionCrow__Unknown__TRINITY_DN5972_c0_g1_i1.p2	9.425552
carrionCrow__Unknown__TRINITY_DN5972_c0_g1_i1.p2	9.425552
carrionCrow__Unknown__TRINITY_DN5972_c0_g1_i1.p2	9.425552
carrionCrow__Unknown__TRINITY_DN4005_c0_g1_i1.p1	18.100404
carrionCrow__Unknown__TRINITY_DN5324_c0_g1_i4.p2	14.03547
carrionCrow__Unknown__TRINITY_DN5647_c0_g1_i1.p3	124.414509
carrionCrow__Unknown__TRINITY_DN5647_c0_g1_i1.p3	124.414509
hoodedCrow__Unknown__TRINITY_DN1269_c0_g1_i4.p2	159.939283
hoodedCrow__Unknown__TRINITY_DN5062_c0_g1_i3.p1	14.439415
hoodedCrow__Unknown__TRINITY_DN860_c0_g1_i2.p3	20.652908
hoodedCrow__Unknown__TRINITY_DN941_c1_g1_i3.p1	8.052811
hoodedCrow__Unknown__TRINITY_DN941_c1_g1_i3.p1	8.052811
hoodedCrow__Unknown__TRINITY_DN1269_c0_g2_i1.p1	86.298064
hoodedCrow__Unknown__TRINITY_DN8811_c0_g1_i6.p4	5.858769
hoodedCrow__Unknown__TRINITY_DN6978_c0_g1_i2.p2	10.209585
hoodedCrow__Unknown__TRINITY_DN6978_c0_g1_i2.p2	10.209585
hoodedCrow__Unknown__TRINITY_DN9383_c0_g2_i2.p1	7.730283
hoodedCrow__Unknown__TRINITY_DN9383_c0_g2_i2.p1	7.730283
hoodedCrow__Unknown__TRINITY_DN149_c1_g1_i3.p2	30.056827
hoodedCrow__Unknown__TRINITY_DN8765_c1_g2_i1.p1	30.898764
hoodedCrow__Unknown__TRINITY_DN4121_c0_g1_i1.p3	175.710318
hoodedCrow__Unknown__TRINITY_DN9383_c0_g1_i7.p2	11.449361
whiteWagtail__Unknown__TRINITY_DN154_c1_g1_i5.p1	50.380985
whiteWagtail__Unknown__TRINITY_DN154_c1_g1_i5.p1	50.380985
whiteWagtail__Unknown__TRINITY_DN154_c1_g2_i1.p1	50.380985
whiteWagtail__Unknown__TRINITY_DN154_c1_g2_i1.p1	50.380985
whiteWagtail__Unknown__TRINITY_DN4836_c1_g1_i4.p1	6.542894
whiteWagtail__Unknown__TRINITY_DN4836_c1_g1_i4.p1	6.542894
whiteWagtail__Unknown__TRINITY_DN4836_c1_g1_i4.p1	6.542894
whiteWagtail__Unknown__TRINITY_DN26_c2_g1_i2.p1	8.903275
whiteWagtail__Unknown__TRINITY_DN5683_c0_g1_i4.p1	2.640668
whiteWagtail__Unknown__TRINITY_DN2744_c0_g2_i1.p1	10.77659
whiteWagtail__Unknown__TRINITY_DN2388_c0_g1_i2.p4	21.984134
whiteWagtail__Unknown__TRINITY_DN856_c1_g1_i2.p1	9.867981
canary__Unknown__TRINITY_DN1082_c0_g2_i1.p1	205.6494
canary__Unknown__TRINITY_DN1082_c0_g2_i1.p1	205.6494
canary__Unknown__TRINITY_DN15387_c0_g2_i1.p1	2.969654
canary__Unknown__TRINITY_DN15387_c0_g2_i1.p1	2.969654
canary__Unknown__TRINITY_DN15387_c0_g2_i1.p1	2.969654
canary__Unknown__TRINITY_DN5851_c0_g1_i1.p1	19.527945
canary__Unknown__TRINITY_DN5639_c0_g1_i2.p1	7.405979
canary__Unknown__TRINITY_DN5639_c0_g2_i2.p2	2.209171
canary__Unknown__TRINITY_DN821_c1_g1_i1.p1	3.359375
canary__Unknown__TRINITY_DN5639_c0_g3_i2.p2	17.528481
canary__Unknown__TRINITY_DN666_c0_g1_i1.p3	17.099682
canary__Unknown__TRINITY_DN5851_c0_g2_i1.p1	14.57672
zebrafinch__Unknown__TRINITY_DN665_c0_g1_i7.p2	11.356982
zebrafinch__Unknown__TRINITY_DN8261_c0_g1_i5.p1	2.963975
zebrafinch__Unknown__TRINITY_DN2005_c0_g2_i2.p1	7.003951
zebrafinch__Unknown__TRINITY_DN8388_c2_g1_i1.p1	111.701701
zebrafinch__Unknown__TRINITY_DN8388_c2_g1_i1.p1	111.701701
zebrafinch__Unknown__TRINITY_DN665_c0_g3_i1.p3	4.641959
zebrafinch__Unknown__TRINITY_DN1857_c0_g3_i1.p1	2.456945
zebrafinch__Unknown__TRINITY_DN665_c0_g2_i3.p3	5.290104
zebrafinch__Unknown__TRINITY_DN4465_c0_g1_i9.p5	1.884625
zebrafinch__Unknown__TRINITY_DN8388_c2_g2_i1.p2	2.903792
zebrafinch__Unknown__TRINITY_DN8388_c2_g2_i1.p2	2.903792
zebrafinch__Unknown__TRINITY_DN10782_c0_g1_i34.p1	8.653078
zebrafinch__Unknown__TRINITY_DN20395_c0_g1_i4.p3	7.192445
zebrafinch__Unknown__TRINITY_DN536_c1_g1_i19.p2	15.423198
opossum__Unknown__TRINITY_DN2615_c0_g1_i15.p1	3.815555
opossum__Unknown__TRINITY_DN2615_c0_g1_i15.p1	3.815555
opossum__Unknown__TRINITY_DN50648_c0_g1_i3.p1	45.657844
opossum__Unknown__TRINITY_DN50648_c0_g1_i3.p1	45.657844
opossum__Unknown__TRINITY_DN13992_c0_g4_i2.p1	3.742317
opossum__Unknown__TRINITY_DN13992_c0_g4_i2.p1	3.742317
opossum__Unknown__TRINITY_DN1555_c0_g4_i2.p1	10.130851
opossum__Unknown__TRINITY_DN1555_c0_g4_i2.p1	10.130851
opossum__Unknown__TRINITY_DN1555_c0_g5_i1.p1	18.892847
opossum__Unknown__TRINITY_DN1555_c0_g5_i1.p1	18.892847
opossum__Unknown__TRINITY_DN18842_c0_g1_i1.p1	30.183865
opossum__Unknown__TRINITY_DN18842_c0_g1_i1.p1	30.183865
opossum__Unknown__TRINITY_DN22339_c0_g1_i1.p1	3.096873
opossum__Unknown__TRINITY_DN22339_c0_g1_i1.p1	3.096873
opossum__Unknown__TRINITY_DN28817_c0_g6_i1.p1	5.185091
opossum__Unknown__TRINITY_DN28817_c0_g6_i1.p1	5.185091
opossum__Unknown__TRINITY_DN2911_c0_g1_i3.p1	24.225465
opossum__Unknown__TRINITY_DN2911_c0_g1_i3.p1	24.225465
opossum__Unknown__TRINITY_DN40388_c0_g1_i2.p1	1.532897
opossum__Unknown__TRINITY_DN40388_c0_g1_i2.p1	1.532897
opossum__Unknown__TRINITY_DN4462_c0_g1_i2.p1	2.606619
opossum__Unknown__TRINITY_DN4462_c0_g1_i2.p1	2.606619
opossum__Unknown__TRINITY_DN6195_c0_g1_i1.p1	3.42089
opossum__Unknown__TRINITY_DN6195_c0_g1_i1.p1	3.42089
opossum__Unknown__TRINITY_DN7348_c0_g2_i2.p1	22.766447
opossum__Unknown__TRINITY_DN7348_c0_g2_i2.p1	22.766447
opossum__Unknown__TRINITY_DN85533_c0_g1_i1.p1	3.80147
opossum__Unknown__TRINITY_DN85533_c0_g1_i1.p1	3.80147
opossum__Unknown__TRINITY_DN6872_c0_g1_i2.p1	6.749572
opossum__Unknown__TRINITY_DN6872_c0_g2_i1.p1	2.549476
opossum__Unknown__TRINITY_DN427_c0_g1_i3.p1	11.528936
tombBat__Unknown__TRINITY_DN1276_c13_g1_i1.p1	38.378504
tombBat__Unknown__TRINITY_DN1276_c13_g1_i1.p1	38.378504
tombBat__Unknown__TRINITY_DN5718_c1_g1_i3.p1	354.734955
tombBat__Unknown__TRINITY_DN5718_c1_g1_i3.p1	354.734955
tombBat__Unknown__TRINITY_DN9209_c0_g1_i1.p1	21.108945
tombBat__Unknown__TRINITY_DN9209_c0_g1_i1.p1	21.108945
tombBat__Unknown__TRINITY_DN21905_c0_g1_i1.p1	1.869302
tombBat__Unknown__TRINITY_DN6817_c1_g2_i4.p1	3.055068
tombBat__Unknown__TRINITY_DN7550_c0_g2_i9.p1	10.742964
tombBat__Unknown__TRINITY_DN129_c0_g1_i61.p2	25.879994
tombBat__Unknown__TRINITY_DN129_c0_g1_i61.p2	25.879994
tombBat__Unknown__TRINITY_DN25551_c0_g2_i1.p2	22.926762
tombBat__Unknown__TRINITY_DN25551_c0_g3_i1.p1	16.58802
tombBat__Unknown__TRINITY_DN3752_c0_g3_i5.p1	7.57585
tombBat__Unknown__TRINITY_DN3752_c0_g3_i5.p1	7.57585
tombBat__Unknown__TRINITY_DN3752_c0_g3_i5.p1	7.57585
tombBat__Unknown__TRINITY_DN368_c0_g1_i9.p1	307.527915
tombBat__Unknown__TRINITY_DN368_c0_g1_i9.p1	307.527915
tombBat__Unknown__TRINITY_DN11139_c1_g1_i5.p1	6.309032
tombBat__Unknown__TRINITY_DN1225_c1_g1_i35.p1	9.647081
tombBat__Unknown__TRINITY_DN194_c1_g1_i7.p2	19.546285
tombBat__Unknown__TRINITY_DN20951_c2_g1_i1.p1	2.478033
tombBat__Unknown__TRINITY_DN3988_c0_g1_i1.p1	6.752358
tombBat__Unknown__TRINITY_DN4584_c0_g1_i3.p1	14.061891
tombBat__Unknown__TRINITY_DN843_c1_g1_i1.p1	12.670892
tombBat__Unknown__TRINITY_DN9165_c0_g1_i4.p1	6.791853
myotisBat__Unknown__TRINITY_DN155749_c0_g3_i1.p2	3.192156
myotisBat__Unknown__TRINITY_DN155749_c1_g1_i1.p2	1.749527
myotisBat__Unknown__TRINITY_DN46536_c0_g1_i1.p2	5.041426
myotisBat__Unknown__TRINITY_DN620_c0_g1_i8.p1	15.872821
myotisBat__Unknown__TRINITY_DN620_c0_g1_i8.p1	15.872821
myotisBat__Unknown__TRINITY_DN164508_c0_g1_i1.p1	4.587694
myotisBat__Unknown__TRINITY_DN164508_c0_g1_i1.p1	4.587694
myotisBat__Unknown__TRINITY_DN164508_c0_g1_i1.p1	4.587694
myotisBat__Unknown__TRINITY_DN1682_c0_g1_i3.p1	4.590368
myotisBat__Unknown__TRINITY_DN1682_c0_g1_i3.p1	4.590368
myotisBat__Unknown__TRINITY_DN1682_c0_g1_i3.p1	4.590368
myotisBat__Unknown__TRINITY_DN168323_c0_g1_i2.p2	2.526267
myotisBat__Unknown__TRINITY_DN168323_c0_g1_i2.p2	2.526267
myotisBat__Unknown__TRINITY_DN168323_c0_g1_i2.p2	2.526267
myotisBat__Unknown__TRINITY_DN2000_c0_g1_i1.p1	3.132321
myotisBat__Unknown__TRINITY_DN2000_c0_g1_i1.p1	3.132321
myotisBat__Unknown__TRINITY_DN2000_c0_g1_i1.p1	3.132321
myotisBat__Unknown__TRINITY_DN225713_c0_g1_i1.p2	10.138883
myotisBat__Unknown__TRINITY_DN225713_c0_g1_i1.p2	10.138883
myotisBat__Unknown__TRINITY_DN225713_c0_g1_i1.p2	10.138883
myotisBat__Unknown__TRINITY_DN23575_c0_g1_i1.p2	10.310826
myotisBat__Unknown__TRINITY_DN23575_c0_g1_i1.p2	10.310826
myotisBat__Unknown__TRINITY_DN23575_c0_g1_i1.p2	10.310826
myotisBat__Unknown__TRINITY_DN26232_c1_g1_i2.p2	2.985204
myotisBat__Unknown__TRINITY_DN26232_c1_g1_i2.p2	2.985204
myotisBat__Unknown__TRINITY_DN26232_c1_g1_i2.p2	2.985204
myotisBat__Unknown__TRINITY_DN4415_c0_g1_i2.p1	16.505963
myotisBat__Unknown__TRINITY_DN4415_c0_g1_i2.p1	16.505963
myotisBat__Unknown__TRINITY_DN4415_c0_g1_i2.p1	16.505963
myotisBat__Unknown__TRINITY_DN78997_c0_g1_i1.p1	1.846803
myotisBat__Unknown__TRINITY_DN78997_c0_g1_i1.p1	1.846803
myotisBat__Unknown__TRINITY_DN78997_c0_g1_i1.p1	1.846803
myotisBat__Unknown__TRINITY_DN79055_c1_g1_i1.p1	2.48272
myotisBat__Unknown__TRINITY_DN79055_c1_g1_i1.p1	2.48272
myotisBat__Unknown__TRINITY_DN79055_c1_g1_i1.p1	2.48272
myotisBat__Unknown__TRINITY_DN13887_c0_g3_i2.p1	6.275526
myotisBat__Unknown__TRINITY_DN46536_c0_g2_i2.p1	8.179694
myotisBat__Unknown__TRINITY_DN142985_c0_g1_i1.p1	7.826838
myotisBat__Unknown__TRINITY_DN46536_c0_g4_i1.p2	8.758986
myotisBat__Unknown__TRINITY_DN428_c0_g1_i6.p1	30.448089
myotisBat__Unknown__TRINITY_DN124_c0_g1_i6.p1	38.854198
myotisBat__Unknown__TRINITY_DN124_c0_g1_i6.p1	38.854198
roundleafBat__Unknown__TRINITY_DN279243_c0_g1_i1.p2	5.33563
roundleafBat__Unknown__TRINITY_DN16162_c0_g1_i1.p1	3.052383
roundleafBat__Unknown__TRINITY_DN560_c0_g2_i2.p1	84.481025
roundleafBat__Unknown__TRINITY_DN560_c0_g2_i2.p1	84.481025
roundleafBat__Unknown__TRINITY_DN14194_c0_g1_i1.p2	1.614597
roundleafBat__Unknown__TRINITY_DN14194_c0_g1_i1.p2	1.614597
roundleafBat__Unknown__TRINITY_DN14194_c0_g1_i1.p2	1.614597
roundleafBat__Unknown__TRINITY_DN146118_c0_g2_i1.p1	1.530027
roundleafBat__Unknown__TRINITY_DN146118_c0_g2_i1.p1	1.530027
roundleafBat__Unknown__TRINITY_DN146118_c0_g2_i1.p1	1.530027
roundleafBat__Unknown__TRINITY_DN19361_c0_g1_i1.p1	1.258378
roundleafBat__Unknown__TRINITY_DN19361_c0_g1_i1.p1	1.258378
roundleafBat__Unknown__TRINITY_DN19361_c0_g1_i1.p1	1.258378
roundleafBat__Unknown__TRINITY_DN25483_c0_g1_i1.p1	3.433931
roundleafBat__Unknown__TRINITY_DN25483_c0_g1_i1.p1	3.433931
roundleafBat__Unknown__TRINITY_DN25483_c0_g1_i1.p1	3.433931
roundleafBat__Unknown__TRINITY_DN29_c0_g1_i1.p1	26.791221
roundleafBat__Unknown__TRINITY_DN29_c0_g1_i1.p1	26.791221
roundleafBat__Unknown__TRINITY_DN29_c0_g1_i1.p1	26.791221
roundleafBat__Unknown__TRINITY_DN3334_c0_g2_i1.p1	11.273084
roundleafBat__Unknown__TRINITY_DN3334_c0_g2_i1.p1	11.273084
roundleafBat__Unknown__TRINITY_DN3334_c0_g2_i1.p1	11.273084
roundleafBat__Unknown__TRINITY_DN3661_c0_g1_i2.p1	10.776247
roundleafBat__Unknown__TRINITY_DN3661_c0_g1_i2.p1	10.776247
roundleafBat__Unknown__TRINITY_DN3661_c0_g1_i2.p1	10.776247
roundleafBat__Unknown__TRINITY_DN9173_c2_g1_i9.p1	3.843989
roundleafBat__Unknown__TRINITY_DN9173_c2_g1_i9.p1	3.843989
roundleafBat__Unknown__TRINITY_DN9173_c2_g1_i9.p1	3.843989
roundleafBat__Unknown__TRINITY_DN10795_c0_g1_i5.p1	17.248587
roundleafBat__Unknown__TRINITY_DN10795_c1_g1_i1.p2	2.583356
roundleafBat__Unknown__TRINITY_DN202056_c0_g1_i1.p1	1.631077
roundleafBat__Unknown__TRINITY_DN2744_c0_g4_i5.p1	16.997541
roundleafBat__Unknown__TRINITY_DN5718_c0_g1_i17.p1	24.266767
roundleafBat__Unknown__TRINITY_DN1376_c0_g1_i4.p1	109.202254
roundleafBat__Unknown__TRINITY_DN1376_c0_g1_i4.p1	109.202254
fruitBat__Unknown__TRINITY_DN10212_c0_g1_i1.p1	7.676855
fruitBat__Unknown__TRINITY_DN10212_c0_g1_i1.p1	7.676855
fruitBat__Unknown__TRINITY_DN124410_c0_g1_i1.p1	6.101248
fruitBat__Unknown__TRINITY_DN124410_c0_g1_i1.p1	6.101248
fruitBat__Unknown__TRINITY_DN136703_c0_g1_i1.p1	3.140321
fruitBat__Unknown__TRINITY_DN136703_c0_g1_i1.p1	3.140321
fruitBat__Unknown__TRINITY_DN152202_c0_g1_i1.p1	1.759822
fruitBat__Unknown__TRINITY_DN152202_c0_g1_i1.p1	1.759822
fruitBat__Unknown__TRINITY_DN158248_c0_g1_i1.p3	1.666509
fruitBat__Unknown__TRINITY_DN158248_c0_g1_i1.p3	1.666509
fruitBat__Unknown__TRINITY_DN183367_c0_g1_i1.p1	1.96704
fruitBat__Unknown__TRINITY_DN183367_c0_g1_i1.p1	1.96704
fruitBat__Unknown__TRINITY_DN2509_c2_g1_i1.p3	3.207571
fruitBat__Unknown__TRINITY_DN2509_c2_g1_i1.p3	3.207571
fruitBat__Unknown__TRINITY_DN38400_c2_g1_i1.p1	14.643976
fruitBat__Unknown__TRINITY_DN38400_c2_g1_i1.p1	14.643976
fruitBat__Unknown__TRINITY_DN70682_c2_g1_i3.p1	7.500547
fruitBat__Unknown__TRINITY_DN70682_c2_g1_i3.p1	7.500547
fruitBat__Unknown__TRINITY_DN66218_c0_g1_i2.p2	2.141705
fruitBat__Unknown__TRINITY_DN182502_c0_g1_i1.p1	3.209845
fruitBat__Unknown__TRINITY_DN8295_c1_g1_i1.p1	1.311141
fruitBat__Unknown__TRINITY_DN2219_c0_g2_i4.p1	11.193568
fruitBat__Unknown__TRINITY_DN828_c0_g1_i2.p1	42.517487
nectarBat__Unknown__TRINITY_DN278_c2_g1_i1.p2	23.321947
nectarBat__Unknown__TRINITY_DN154_c0_g1_i2.p1	32.135748
nectarBat__Unknown__TRINITY_DN43961_c0_g1_i1.p1	1.771741
nectarBat__Unknown__TRINITY_DN43961_c0_g1_i1.p1	1.771741
nectarBat__Unknown__TRINITY_DN136_c0_g1_i1.p1	20.942386
nectarBat__Unknown__TRINITY_DN3304_c3_g1_i3.p1	15.500474
nectarBat__Unknown__TRINITY_DN3304_c3_g1_i3.p1	15.500474
nectarBat__Unknown__TRINITY_DN3304_c3_g1_i3.p1	15.500474
nectarBat__Unknown__TRINITY_DN46223_c0_g1_i1.p1	12.853086
nectarBat__Unknown__TRINITY_DN9159_c0_g1_i1.p1	3.31913
nectarBat__Unknown__TRINITY_DN1103_c0_g1_i4.p1	179.127169
nectarBat__Unknown__TRINITY_DN4685_c0_g1_i3.p1	50.79448
nectarBat__Unknown__TRINITY_DN4685_c0_g1_i3.p1	50.79448
horse__Unknown__TRINITY_DN10619_c1_g1_i1.p1	13.011888
horse__Unknown__TRINITY_DN11938_c0_g2_i1.p2	11.686117
horse__Unknown__TRINITY_DN947_c0_g1_i5.p2	11.176157
horse__Unknown__TRINITY_DN1673_c0_g1_i2.p5	6.954152
horse__Unknown__TRINITY_DN887_c2_g1_i8.p1	9.192687
horse__Unknown__TRINITY_DN887_c2_g1_i8.p1	9.192687
horse__Unknown__TRINITY_DN887_c2_g1_i8.p1	9.192687
horse__Unknown__TRINITY_DN5851_c2_g1_i1.p1	23.407699
horse__Unknown__TRINITY_DN695_c0_g2_i1.p2	28.981878
horse__Unknown__TRINITY_DN18979_c0_g2_i5.p1	6.009344
horse__Unknown__TRINITY_DN18979_c0_g2_i5.p1	6.009344
horse__Unknown__TRINITY_DN3320_c0_g1_i2.p1	9.912281
pig__Unknown__TRINITY_DN10608_c0_g2_i1.p2	1.389645
pig__Unknown__TRINITY_DN27559_c0_g1_i1.p1	1.821765
pig__Unknown__TRINITY_DN9744_c1_g1_i3.p4	3.462036
pig__Unknown__TRINITY_DN715_c0_g1_i4.p1	8.273289
pig__Unknown__TRINITY_DN715_c0_g1_i4.p1	8.273289
pig__Unknown__TRINITY_DN9744_c1_g2_i2.p1	6.838902
pig__Unknown__TRINITY_DN1074_c0_g1_i2.p1	249.369941
pig__Unknown__TRINITY_DN1074_c0_g1_i2.p1	249.369941
pig__Unknown__TRINITY_DN620_c0_g1_i16.p1	99.110026
pig__Unknown__TRINITY_DN1008_c3_g1_i1.p1	7.444884
pig__Unknown__TRINITY_DN26333_c0_g2_i9.p1	3.517633
bowheadWhale__Unknown__TRINITY_DN27949_c0_g1_i1.p3	2.03774
bowheadWhale__Unknown__TRINITY_DN7254_c1_g1_i2.p2	2.826237
bowheadWhale__Unknown__TRINITY_DN2151_c0_g1_i6.p1	145.102701
bowheadWhale__Unknown__TRINITY_DN2151_c0_g1_i6.p1	145.102701
bowheadWhale__Unknown__TRINITY_DN5181_c0_g1_i3.p3	5.448788
bowheadWhale__Unknown__TRINITY_DN2161_c4_g1_i1.p1	6.472137
bowheadWhale__Unknown__TRINITY_DN62345_c2_g1_i1.p3	9.705185
bowheadWhale__Unknown__TRINITY_DN70539_c0_g1_i1.p2	1.090608
bowheadWhale__Unknown__TRINITY_DN1186_c0_g1_i9.p1	49.899947
bowheadWhale__Unknown__TRINITY_DN1153_c9_g1_i1.p1	246.488677
bowheadWhale__Unknown__TRINITY_DN1153_c9_g1_i1.p1	246.488677
bowheadWhale__Unknown__TRINITY_DN42269_c0_g1_i1.p1	2.702993
bowheadWhale__Unknown__TRINITY_DN42269_c0_g1_i1.p1	2.702993
bowheadWhale__Unknown__TRINITY_DN96338_c0_g1_i1.p1	38.160857
bowheadWhale__Unknown__TRINITY_DN96338_c0_g1_i1.p1	38.160857
bowheadWhale__Unknown__TRINITY_DN45065_c0_g1_i1.p1	1.837515
bowheadWhale__Unknown__TRINITY_DN8796_c0_g1_i11.p1	33.16294
cow__Unknown__TRINITY_DN1150_c0_g2_i5.p1	219.536955
cow__Unknown__TRINITY_DN1150_c0_g2_i5.p1	219.536955
cow__Unknown__TRINITY_DN18834_c3_g1_i1.p1	4.55426
cow__Unknown__TRINITY_DN18834_c3_g1_i1.p1	4.55426
cow__Unknown__TRINITY_DN2589_c2_g1_i3.p2	4.491764
cow__Unknown__TRINITY_DN2589_c2_g1_i3.p2	4.491764
cow__Unknown__TRINITY_DN11642_c0_g1_i1.p1	3.877831
cow__Unknown__TRINITY_DN8518_c0_g1_i1.p2	4.988501
cow__Unknown__TRINITY_DN8518_c0_g2_i3.p3	1.759046
cow__Unknown__TRINITY_DN413_c0_g1_i5.p1	103.933843
cow__Unknown__TRINITY_DN413_c0_g1_i5.p1	103.933843
cow__Unknown__TRINITY_DN22950_c0_g1_i1.p1	1.165025
cow__Unknown__TRINITY_DN1029_c0_g1_i5.p1	339.511965
cow__Unknown__TRINITY_DN1029_c0_g1_i5.p1	339.511965
cat__Unknown__TRINITY_DN11589_c0_g2_i1.p1	13.508434
cat__Unknown__TRINITY_DN11589_c0_g2_i1.p1	13.508434
cat__Unknown__TRINITY_DN44643_c3_g1_i3.p1	260.097866
cat__Unknown__TRINITY_DN44643_c3_g1_i3.p1	260.097866
cat__Unknown__TRINITY_DN8391_c2_g2_i2.p2	1.162703
cat__Unknown__TRINITY_DN8391_c2_g2_i2.p2	1.162703
cat__Unknown__TRINITY_DN2726_c0_g2_i3.p1	11.107817
cat__Unknown__TRINITY_DN2726_c0_g1_i3.p1	3.213329
cat__Unknown__TRINITY_DN1413_c0_g1_i8.p1	7.319689
cat__Unknown__TRINITY_DN1413_c0_g1_i8.p1	7.319689
cat__Unknown__TRINITY_DN25123_c0_g2_i1.p1	16.193859
cat__Unknown__TRINITY_DN76942_c0_g2_i1.p2	3.393205
cat__Unknown__TRINITY_DN3222_c0_g1_i1.p1	1.815383
cat__Unknown__TRINITY_DN3222_c0_g1_i1.p1	1.815383
cat__Unknown__TRINITY_DN1955_c0_g1_i6.p1	317.038668
cat__Unknown__TRINITY_DN1955_c0_g1_i6.p1	317.038668
dog__Unknown__TRINITY_DN931_c0_g1_i16.p1	4.069494
dog__Unknown__TRINITY_DN931_c0_g1_i16.p1	4.069494
dog__Unknown__TRINITY_DN8598_c0_g1_i1.p1	12.240276
dog__Unknown__TRINITY_DN271073_c0_g1_i1.p1	53.266832
groundSquirrel__Unknown__TRINITY_DN24594_c0_g1_i2.p1	2.744149
groundSquirrel__Unknown__TRINITY_DN2585_c2_g1_i1.p1	2.664562
groundSquirrel__Unknown__TRINITY_DN50601_c0_g1_i1.p1	1.360704
groundSquirrel__Unknown__TRINITY_DN9766_c0_g1_i5.p1	1.224233
groundSquirrel__Unknown__TRINITY_DN36295_c1_g1_i1.p1	3.033456
groundSquirrel__Unknown__TRINITY_DN3863_c1_g1_i29.p1	14.835137
groundSquirrel__Unknown__TRINITY_DN3863_c1_g1_i29.p1	14.835137
groundSquirrel__Unknown__TRINITY_DN1548_c0_g1_i7.p3	4.035216
groundSquirrel__Unknown__TRINITY_DN20967_c0_g1_i1.p1	3.084296
groundSquirrel__Unknown__TRINITY_DN4278_c0_g1_i1.p1	9.262923
groundSquirrel__Unknown__TRINITY_DN1475_c0_g1_i5.p1	200.10732
groundSquirrel__Unknown__TRINITY_DN1475_c0_g1_i5.p1	200.10732
groundSquirrel__Unknown__TRINITY_DN23618_c0_g1_i1.p1	2.681025
groundSquirrel__Unknown__TRINITY_DN23618_c0_g1_i1.p1	2.681025
groundSquirrel__Unknown__TRINITY_DN5166_c0_g1_i6.p1	4.96218
zokor__Unknown__TRINITY_DN1136_c0_g1_i5.p1	12.715031
zokor__Unknown__TRINITY_DN41325_c1_g1_i8.p1	1.259758
zokor__Unknown__TRINITY_DN41325_c1_g1_i8.p1	1.259758
zokor__Unknown__TRINITY_DN51399_c0_g1_i1.p1	25.862363
zokor__Unknown__TRINITY_DN224_c0_g1_i8.p1	22.418225
zokor__Unknown__TRINITY_DN224_c0_g1_i8.p1	22.418225
zokor__Unknown__TRINITY_DN279_c0_g1_i21.p1	74.120274
zokor__Unknown__TRINITY_DN138_c0_g1_i4.p1	16.536318
zokor__Unknown__TRINITY_DN1863_c0_g1_i4.p1	9.796318
zokor__Unknown__TRINITY_DN3143_c0_g1_i3.p1	27.736398
zokor__Unknown__TRINITY_DN3185_c2_g1_i1.p1	12.079279
zokor__Unknown__TRINITY_DN3600_c1_g1_i2.p1	11.20507
zokor__Unknown__TRINITY_DN75680_c0_g1_i1.p2	3.151575
zokor__Unknown__TRINITY_DN94490_c0_g1_i1.p1	4.955564
zokor__Unknown__TRINITY_DN94597_c0_g1_i1.p1	4.328023
sandRat__Unknown__TRINITY_DN6054_c1_g1_i1.p1	1.993679
sandRat__Unknown__TRINITY_DN6054_c1_g2_i1.p1	8.15708
sandRat__Unknown__TRINITY_DN273514_c0_g1_i1.p1	2.776736
sandRat__Unknown__TRINITY_DN5807_c0_g2_i3.p2	1.012243
sandRat__Unknown__TRINITY_DN5807_c0_g1_i1.p3	4.457163
sandRat__Unknown__TRINITY_DN3448_c0_g1_i13.p1	46.673181
sandRat__Unknown__TRINITY_DN3448_c0_g1_i13.p1	46.673181
sandRat__Unknown__TRINITY_DN2383_c0_g1_i7.p1	2.181932
sandRat__Unknown__TRINITY_DN288_c2_g1_i1.p2	1.309545
sandRat__Unknown__TRINITY_DN161_c4_g1_i1.p1	4.798908
sandRat__Unknown__TRINITY_DN505_c2_g2_i5.p1	175.938167
sandRat__Unknown__TRINITY_DN441_c1_g2_i6.p1	502.278563
sandRat__Unknown__TRINITY_DN441_c1_g2_i6.p1	502.278563
brownRat__Unknown__TRINITY_DN120753_c0_g1_i1.p2	1.0
brownRat__Unknown__TRINITY_DN179795_c0_g1_i1.p2	1.0
brownRat__Unknown__TRINITY_DN769_c0_g1_i30.p1	1.0
brownRat__Unknown__TRINITY_DN769_c0_g1_i30.p1	1.0
brownRat__Unknown__TRINITY_DN10390_c0_g1_i3.p1	1.0
brownRat__Unknown__TRINITY_DN62859_c0_g1_i1.p2	1.0
brownRat__Unknown__TRINITY_DN110556_c0_g1_i1.p1	1.0
brownRat__Unknown__TRINITY_DN35_c0_g1_i1.p1	1.0
brownRat__Unknown__TRINITY_DN364_c0_g2_i2.p1	1.0
brownRat__Unknown__TRINITY_DN85115_c0_g1_i1.p1	1.0
brownRat__Unknown__TRINITY_DN272_c0_g1_i2.p1	1.0
brownRat__Unknown__TRINITY_DN587_c0_g1_i1.p1	1.0
brownRat__Unknown__TRINITY_DN706_c1_g1_i1.p1	1.0
labMouse__Unknown__TRINITY_DN78582_c0_g1_i1.p2	4.659666
labMouse__Unknown__TRINITY_DN2938_c0_g1_i1.p1	179.543534
labMouse__Unknown__TRINITY_DN2938_c0_g1_i1.p1	179.543534
labMouse__Unknown__TRINITY_DN3886_c0_g1_i2.p1	5.141271
labMouse__Unknown__TRINITY_DN2768_c0_g1_i1.p1	94.834617
labMouse__Unknown__TRINITY_DN2768_c0_g1_i1.p1	94.834617
labMouse__Unknown__TRINITY_DN3574_c0_g1_i1.p1	68.860333
labMouse__Unknown__TRINITY_DN3574_c0_g1_i1.p1	68.860333
labMouse__Unknown__TRINITY_DN46659_c0_g1_i1.p1	16.128669
labMouse__Unknown__TRINITY_DN46659_c0_g1_i1.p1	16.128669
labMouse__Unknown__TRINITY_DN500_c0_g1_i1.p2	715.123788
labMouse__Unknown__TRINITY_DN500_c0_g1_i1.p2	715.123788
labMouse__Unknown__TRINITY_DN76627_c0_g1_i1.p1	672.522886
labMouse__Unknown__TRINITY_DN76627_c0_g1_i1.p1	672.522886
labMouse__Unknown__TRINITY_DN80485_c0_g1_i1.p1	112.501115
labMouse__Unknown__TRINITY_DN80485_c0_g1_i1.p1	112.501115
labMouse__Unknown__TRINITY_DN815_c0_g1_i2.p1	56.859712
labMouse__Unknown__TRINITY_DN815_c0_g1_i2.p1	56.859712
labMouse__Unknown__TRINITY_DN33128_c0_g1_i1.p3	13.822806
labMouse__Unknown__TRINITY_DN2_c0_g1_i2.p1	409.600121
marmoset__Unknown__TRINITY_DN151009_c0_g1_i1.p1	3.359445
marmoset__Unknown__TRINITY_DN91344_c0_g1_i1.p3	1.265295
marmoset__Unknown__TRINITY_DN5994_c1_g1_i1.p1	3.586793
marmoset__Unknown__TRINITY_DN63898_c0_g1_i5.p1	3.044037
marmoset__Unknown__TRINITY_DN25299_c0_g1_i29.p1	21.243051
marmoset__Unknown__TRINITY_DN25299_c0_g1_i29.p1	21.243051
marmoset__Unknown__TRINITY_DN1525_c0_g2_i2.p1	14.40789
marmoset__Unknown__TRINITY_DN1525_c0_g2_i2.p1	14.40789
marmoset__Unknown__TRINITY_DN1525_c0_g2_i2.p1	14.40789
marmoset__Unknown__TRINITY_DN5403_c0_g1_i13.p1	239.051347
marmoset__Unknown__TRINITY_DN5403_c0_g1_i13.p1	239.051347
marmoset__Unknown__TRINITY_DN4866_c0_g1_i4.p1	375.02643
marmoset__Unknown__TRINITY_DN1847_c1_g1_i22.p4	8.299584
marmoset__Unknown__TRINITY_DN553_c0_g1_i16.p1	25.288548
nancymaMonkey__Unknown__TRINITY_DN9414_c0_g1_i5.p1	5.142018
nancymaMonkey__Unknown__TRINITY_DN163_c0_g1_i7.p1	2.86329
nancymaMonkey__Unknown__TRINITY_DN163_c0_g1_i7.p1	2.86329
nancymaMonkey__Unknown__TRINITY_DN5405_c0_g1_i3.p2	19.820952
nancymaMonkey__Unknown__TRINITY_DN575_c0_g1_i5.p1	21.070048
nancymaMonkey__Unknown__TRINITY_DN575_c0_g1_i5.p1	21.070048
nancymaMonkey__Unknown__TRINITY_DN463_c0_g2_i3.p1	61.320887
nancymaMonkey__Unknown__TRINITY_DN15948_c0_g2_i1.p1	1.909251
nancymaMonkey__Unknown__TRINITY_DN241526_c0_g1_i1.p3	3.3971
nancymaMonkey__Unknown__TRINITY_DN4340_c1_g1_i2.p1	6.742766
oliveBaboon__Unknown__TRINITY_DN1125_c0_g1_i2.p1	1.0
oliveBaboon__Unknown__TRINITY_DN1125_c0_g1_i2.p1	1.0
oliveBaboon__Unknown__TRINITY_DN29338_c0_g1_i1.p1	1.0
oliveBaboon__Unknown__TRINITY_DN29338_c0_g1_i1.p1	1.0
oliveBaboon__Unknown__TRINITY_DN2996_c0_g1_i3.p1	1.0
oliveBaboon__Unknown__TRINITY_DN2996_c0_g1_i3.p1	1.0
oliveBaboon__Unknown__TRINITY_DN45924_c0_g1_i1.p1	1.0
oliveBaboon__Unknown__TRINITY_DN45924_c0_g1_i1.p1	1.0
oliveBaboon__Unknown__TRINITY_DN34300_c0_g1_i1.p1	1.0
crabMacaque__Unknown__TRINITY_DN4772_c6_g1_i1.p1	15.378271
crabMacaque__Unknown__TRINITY_DN21938_c0_g4_i1.p1	3.877819
crabMacaque__Unknown__TRINITY_DN21938_c0_g4_i1.p1	3.877819
crabMacaque__Unknown__TRINITY_DN24195_c0_g1_i1.p2	1.715435
crabMacaque__Unknown__TRINITY_DN6099_c0_g2_i2.p1	2.317718
crabMacaque__Unknown__TRINITY_DN2132_c0_g1_i46.p1	6.074532
crabMacaque__Unknown__TRINITY_DN2132_c0_g1_i46.p1	6.074532
crabMacaque__Unknown__TRINITY_DN6099_c0_g1_i7.p1	2.352099
crabMacaque__Unknown__TRINITY_DN4021_c0_g2_i1.p1	6.925846
crabMacaque__Unknown__TRINITY_DN4021_c0_g2_i1.p1	6.925846
crabMacaque__Unknown__TRINITY_DN4021_c0_g2_i1.p1	6.925846
crabMacaque__Unknown__TRINITY_DN28280_c0_g1_i1.p1	36.730272
crabMacaque__Unknown__TRINITY_DN28639_c0_g2_i1.p1	2.435306
crabMacaque__Unknown__TRINITY_DN3324_c0_g1_i5.p1	1144.345016
crabMacaque__Unknown__TRINITY_DN562_c0_g3_i8.p1	150.250372
crabMacaque__Unknown__TRINITY_DN562_c0_g3_i8.p1	150.250372
crabMacaque__Unknown__TRINITY_DN4772_c0_g2_i2.p1	23.24708
crabMacaque__Unknown__TRINITY_DN4999_c0_g4_i1.p1	24.520006
rhesusMacaque__Unknown__TRINITY_DN261237_c0_g1_i1.p2	15.662095
rhesusMacaque__Unknown__TRINITY_DN1841_c0_g2_i1.p1	151.856532
rhesusMacaque__Unknown__TRINITY_DN1841_c0_g2_i1.p1	151.856532
rhesusMacaque__Unknown__TRINITY_DN189059_c0_g1_i1.p1	1.860449
rhesusMacaque__Unknown__TRINITY_DN189059_c0_g1_i1.p1	1.860449
rhesusMacaque__Unknown__TRINITY_DN189059_c0_g1_i1.p1	1.860449
rhesusMacaque__Unknown__TRINITY_DN7101_c0_g1_i1.p1	6.76062
rhesusMacaque__Unknown__TRINITY_DN8873_c0_g1_i2.p1	20.576445
rhesusMacaque__Unknown__TRINITY_DN105627_c0_g1_i1.p2	16.905668
rhesusMacaque__Unknown__TRINITY_DN105627_c0_g1_i1.p2	16.905668
rhesusMacaque__Unknown__TRINITY_DN1307_c16_g1_i11.p1	332.57748
rhesusMacaque__Unknown__TRINITY_DN1307_c16_g1_i11.p1	332.57748
rhesusMacaque__Unknown__TRINITY_DN783_c0_g1_i6.p1	189.257006
human__Unknown__TRINITY_DN152954_c0_g1_i1.p2	2.495171
human__Unknown__TRINITY_DN983_c0_g1_i13.p1	94.362812
human__Unknown__TRINITY_DN983_c0_g1_i13.p1	94.362812
human__Unknown__TRINITY_DN150135_c0_g1_i1.p1	4.216747
human__Unknown__TRINITY_DN1615_c0_g1_i3.p1	11.613048
human__Unknown__TRINITY_DN10086_c0_g1_i2.p1	2.300535
human__Unknown__TRINITY_DN1434_c0_g1_i1.p1	123.898428
human__Unknown__TRINITY_DN1434_c0_g1_i1.p1	123.898428
human__Unknown__TRINITY_DN1334_c0_g1_i6.p1	252.140876
human__Unknown__TRINITY_DN107_c0_g1_i2.p1	35.343939
human__Unknown__TRINITY_DN2663_c0_g1_i4.p1	27.011613
human__Unknown__TRINITY_DN2825_c0_g1_i10.p1	26.334294
human__Unknown__TRINITY_DN48510_c0_g1_i3.p1	22.448813
human__Unknown__TRINITY_DN663_c0_g1_i33.p1	79.23545
