AnnotationType	ProteinID	OrganismShortName	SpeciesGroup	GeneGroup	ProteinLen
annotated	blindMoleRat__Maf__XP_008833613.2	blindMoleRat	mammal	CMAF	
annotated	brownRat__Maf__NP_062191.2	brownRat	mammal	CMAF	
annotated	cat__MAF__XP_023101135.2	cat	mammal	CMAF	
annotated	cow__MAF__XP_059733001.1	cow	mammal	CMAF	
annotated	crabMacaque__MAF__XP_005592920.2	crabMacaque	mammal	CMAF	
annotated	daubentonBat__MAF__XP_059523362.1	daubentonBat	mammal	CMAF	
annotated	deerMouse__Maf__XP_076428302.1	deerMouse	mammal	CMAF	
annotated	dog__MAF__XP_038394157.1	dog	mammal	CMAF	
annotated	egyptianBat__MAF__XP_016007494.2	egyptianBat	mammal	CMAF	
annotated	europeanHedgehog__MAF__XP_060041113.1	europeanHedgehog	mammal	CMAF	
annotated	ferret__MAF__XP_004754127.3	ferret	mammal	CMAF	
annotated	gerbil__Maf__XP_060247904.1	gerbil	mammal	CMAF	
annotated	grassMouse__Maf__Maf-T1	grassMouse	mammal	CMAF	
annotated	guineapig__Maf__XP_013000126.2	guineapig	mammal	CMAF	
annotated	hamster__Maf__XP_040592400.1	hamster	mammal	CMAF	
annotated	horse__MAF__XP_014593763.2	horse	mammal	CMAF	
annotated	human__MAF__NP_005351.2	human	mammal	CMAF	
annotated	labMouse__Maf__NP_001020748.2	labMouse	mammal	CMAF	
annotated	marmoset__MAF__XP_002761235.1	marmoset	mammal	CMAF	
annotated	minkeWhale__MAF__XP_057389759.1	minkeWhale	mammal	CMAF	
annotated	nancymaMonkey__MAF__XP_021526730.2	nancymaMonkey	mammal	CMAF	
annotated	oliveBaboon__MAF__XP_003917264.3	oliveBaboon	mammal	CMAF	
annotated	opossum__MAF__XP_016284180.1	opossum	mammal	CMAF	
annotated	pig__MAF__XP_020952724.1	pig	mammal	CMAF	
annotated	platypus__MAF__XP_028908667.1	platypus	mammal	CMAF	
annotated	rhesusMacaque__MAF__XP_014982165.2	rhesusMacaque	mammal	CMAF	
annotated	roundleafBat__MAF__XP_019490287.1	roundleafBat	mammal	CMAF	
annotated	sacwingedBat__MAF__XP_066098959.1	sacwingedBat	mammal	CMAF	
annotated	sandRat__Maf__XP_055477398.1	sandRat	mammal	CMAF	
annotated	sheep__MAF__XP_027833450.2	sheep	mammal	CMAF	
annotated	treeShrew__MAF__TSDBTID.15625.1	treeShrew	mammal	CMAF	
annotated	blindMoleRat__Mafa__XP_008832750.1	blindMoleRat	mammal	MAFA	
annotated	brownRat__Mafa__NP_001386702.1	brownRat	mammal	MAFA	
annotated	cat__MAFA__XP_023104341.2	cat	mammal	MAFA	
annotated	cow__MAFA__XP_059730327.1	cow	mammal	MAFA	
annotated	crabMacaque__MAFA__XP_015310804.3	crabMacaque	mammal	MAFA	
annotated	daubentonBat__MAFA__XP_059528455.1	daubentonBat	mammal	MAFA	
annotated	deerMouse__Mafa__XP_076412222.1	deerMouse	mammal	MAFA	
annotated	dog__MAFA__XP_038411032.1	dog	mammal	MAFA	
annotated	egyptianBat__MAFA__XP_015994715.2	egyptianBat	mammal	MAFA	
annotated	europeanHedgehog__MAFA__XP_007516052.1	europeanHedgehog	mammal	MAFA	
annotated	ferret__MAFA__XP_044930139.1	ferret	mammal	MAFA	
annotated	gerbil__Mafa__XP_021515761.1	gerbil	mammal	MAFA	
annotated	grassMouse__Mafa__Mafa-T1	grassMouse	mammal	MAFA	
annotated	groundSquirrel__Mafa__XP_005316155.1	groundSquirrel	mammal	MAFA	
annotated	guineapig__Mafa__XP_005008726.2	guineapig	mammal	MAFA	
annotated	hamster__Mafa__XP_005086026.1	hamster	mammal	MAFA	
annotated	horse__MAFA__XP_023504885.1	horse	mammal	MAFA	
annotated	human__MAFA__NP_963883.2	human	mammal	MAFA	
annotated	labMouse__Mafa__NP_919331.1	labMouse	mammal	MAFA	
annotated	marmoset__MAFA__XP_008981332.2	marmoset	mammal	MAFA	
annotated	minkeWhale__MAFA__XP_057388115.1	minkeWhale	mammal	MAFA	
annotated	nancymaMonkey__MAFA__XP_021527743.2	nancymaMonkey	mammal	MAFA	
annotated	oliveBaboon__MAFA__XP_003919735.1	oliveBaboon	mammal	MAFA	
annotated	opossum__MAFA__XP_056678923.1	opossum	mammal	MAFA	
annotated	pig__MAFA__XP_020946195.1	pig	mammal	MAFA	
annotated	platypus__MAFA__XP_007656620.2	platypus	mammal	MAFA	
annotated	rhesusMacaque__MAFA__XP_015001613.2	rhesusMacaque	mammal	MAFA	
annotated	roundleafBat__MAFA__XP_019513343.1	roundleafBat	mammal	MAFA	
annotated	sacwingedBat__MAFA__XP_066121610.1	sacwingedBat	mammal	MAFA	
annotated	sandRat__Mafa__XP_055482483.1	sandRat	mammal	MAFA	
annotated	sheep__MAFA__XP_027829230.1	sheep	mammal	MAFA	
annotated	treeShrew__MAFA__TSDBTID.8045.1	treeShrew	mammal	MAFA	
annotated	blindMoleRat__Mafb__XP_008847806.1	blindMoleRat	mammal	MAFB	
annotated	brownRat__Mafb__NP_062189.1	brownRat	mammal	MAFB	
annotated	cat__MAFB__XP_023107022.1	cat	mammal	MAFB	
annotated	cow__MAFB__XP_002692508.1	cow	mammal	MAFB	
annotated	crabMacaque__MAFB__XP_045218909.1	crabMacaque	mammal	MAFB	
annotated	daubentonBat__MAFB__XP_059563059.1	daubentonBat	mammal	MAFB	
annotated	deerMouse__Mafb__XP_015854992.2	deerMouse	mammal	MAFB	
annotated	dog__MAFB__XP_038427303.1	dog	mammal	MAFB	
annotated	egyptianBat__MAFB__XP_015993032.1	egyptianBat	mammal	MAFB	
annotated	europeanHedgehog__MAFB__XP_007521706.2	europeanHedgehog	mammal	MAFB	
annotated	ferret__MAFB__XP_012908766.2	ferret	mammal	MAFB	
annotated	gerbil__Mafb__XP_021500039.1	gerbil	mammal	MAFB	
annotated	grassMouse__Mafb__Mafb-T1	grassMouse	mammal	MAFB	
annotated	groundSquirrel__Mafb__XP_005329891.1	groundSquirrel	mammal	MAFB	
annotated	guineapig__Mafb__XP_005002829.1	guineapig	mammal	MAFB	
annotated	hamster__Mafb__XP_005082705.2	hamster	mammal	MAFB	
annotated	horse__MAFB__XP_023482332.1	horse	mammal	MAFB	
annotated	human__MAFB__NP_005452.2	human	mammal	MAFB	
annotated	labMouse__Mafb__NP_034788.1	labMouse	mammal	MAFB	
annotated	marmoset__MAFB__XP_002747609.1	marmoset	mammal	MAFB	
annotated	minkeWhale__MAFB__XP_057386227.1	minkeWhale	mammal	MAFB	
annotated	nancymaMonkey__MAFB__XP_012310439.2	nancymaMonkey	mammal	MAFB	
annotated	oliveBaboon__MAFB__XP_003904790.1	oliveBaboon	mammal	MAFB	
annotated	opossum__MAFB__XP_007474403.2	opossum	mammal	MAFB	
annotated	pig__MAFB__XP_013840831.2	pig	mammal	MAFB	
annotated	platypus__MAFB__XP_028926613.1	platypus	mammal	MAFB	
annotated	rhesusMacaque__MAFB__XP_001101624.3	rhesusMacaque	mammal	MAFB	
annotated	roundleafBat__MAFB__XP_019492655.1	roundleafBat	mammal	MAFB	
annotated	sacwingedBat__MAFB__XP_066091476.1	sacwingedBat	mammal	MAFB	
annotated	sandRat__Mafb__XP_055458414.1	sandRat	mammal	MAFB	
annotated	sheep__MAFB__XP_012044596.3	sheep	mammal	MAFB	
annotated	treeShrew__MAFB__TSDBTID.5231.1	treeShrew	mammal	MAFB	
annotated	blindMoleRat__Nrl__XP_008838065.1	blindMoleRat	mammal	NRL	
annotated	brownRat__Nrl__NP_001099506.1	brownRat	mammal	NRL	
annotated	cat__NRL__XP_023111367.1	cat	mammal	NRL	
annotated	cow__NRL__XP_010807337.1	cow	mammal	NRL	
annotated	crabMacaque__NRL__XP_065403554.1	crabMacaque	mammal	NRL	
annotated	daubentonBat__NRL__XP_059564454.1	daubentonBat	mammal	NRL	
annotated	deerMouse__Nrl__XP_006988587.1	deerMouse	mammal	NRL	
annotated	dog__NRL__XP_038399950.1	dog	mammal	NRL	
annotated	egyptianBat__NRL__XP_015976087.1	egyptianBat	mammal	NRL	
annotated	europeanHedgehog__NRL__XP_016049314.2	europeanHedgehog	mammal	NRL	
annotated	ferret__NRL__XP_004755334.1	ferret	mammal	NRL	
annotated	gerbil__Nrl__XP_060247157.1	gerbil	mammal	NRL	
annotated	grassMouse__Nrl__Nrl-T1	grassMouse	mammal	NRL	
annotated	groundSquirrel__Nrl__XP_040131621.1	groundSquirrel	mammal	NRL	
annotated	guineapig__Nrl__NP_001166521.1	guineapig	mammal	NRL	
annotated	hamster__Nrl__XP_005085649.1	hamster	mammal	NRL	
annotated	horse__NRL__XP_001491313.1	horse	mammal	NRL	
annotated	human__NRL__NP_001341697.1	human	mammal	NRL	
annotated	human__NRL__XP_054188315.1	human	mammal	NRL	
annotated	labMouse__Nrl__NP_032762.1	labMouse	mammal	NRL	
annotated	marmoset__NRL__XP_035116064.1	marmoset	mammal	NRL	
annotated	minkeWhale__NRL__XP_007180659.1	minkeWhale	mammal	NRL	
annotated	nancymaMonkey__NRL__XP_064230808.1	nancymaMonkey	mammal	NRL	
annotated	oliveBaboon__NRL__XP_009209537.1	oliveBaboon	mammal	NRL	
annotated	opossum__NRL__XP_056666074.1	opossum	mammal	NRL	
annotated	pig__NRL__XP_001925889.3	pig	mammal	NRL	
annotated	platypus__NRL__XP_028934270.1	platypus	mammal	NRL	
annotated	rhesusMacaque__NRL__XP_028707272.1	rhesusMacaque	mammal	NRL	
annotated	roundleafBat__NRL__XP_019518658.1	roundleafBat	mammal	NRL	
annotated	sacwingedBat__NRL__XP_066133605.1	sacwingedBat	mammal	NRL	
annotated	sandRat__Nrl__XP_055473835.1	sandRat	mammal	NRL	
annotated	sheep__NRL__XP_042108879.1	sheep	mammal	NRL	
annotated	treeShrew__NRL__TSDBTID.22451.1	treeShrew	mammal	NRL	
annotated	blindMoleRat__Maff__XP_008849486.1	blindMoleRat	mammal	MAFF	
annotated	brownRat__Maff__NP_001124045.1	brownRat	mammal	MAFF	
annotated	cat__MAFF__XP_023113493.1	cat	mammal	MAFF	
annotated	cow__MAFF__XP_024847998.1	cow	mammal	MAFF	
annotated	crabMacaque__MAFF__XP_005567368.3	crabMacaque	mammal	MAFF	
annotated	daubentonBat__MAFF__XP_059537548.1	daubentonBat	mammal	MAFF	
annotated	deerMouse__Maff__XP_006979206.1	deerMouse	mammal	MAFF	
annotated	dog__MAFF__XP_038407500.1	dog	mammal	MAFF	
annotated	egyptianBat__MAFF__XP_036093375.1	egyptianBat	mammal	MAFF	
annotated	europeanHedgehog__MAFF__XP_060044945.1	europeanHedgehog	mammal	MAFF	
annotated	ferret__MAFF__XP_004743278.1	ferret	mammal	MAFF	
annotated	gerbil__Maff__XP_021517277.2	gerbil	mammal	MAFF	
annotated	grassMouse__Maff__Maff-T1	grassMouse	mammal	MAFF	
annotated	groundSquirrel__Maff__XP_005322482.1	groundSquirrel	mammal	MAFF	
annotated	guineapig__Maff__XP_063099865.1	guineapig	mammal	MAFF	
annotated	hamster__Maff__XP_040610079.1	hamster	mammal	MAFF	
annotated	horse__MAFF__XP_023487201.1	horse	mammal	MAFF	
annotated	human__MAFF__NP_036455.1	human	mammal	MAFF	
annotated	labMouse__Maff__NP_034885.1	labMouse	mammal	MAFF	
annotated	marmoset__MAFF__XP_035128467.1	marmoset	mammal	MAFF	
annotated	minkeWhale__MAFF__XP_057413363.1	minkeWhale	mammal	MAFF	
annotated	nancymaMonkey__MAFF__XP_012314355.1	nancymaMonkey	mammal	MAFF	
annotated	oliveBaboon__MAFF__XP_017800799.1	oliveBaboon	mammal	MAFF	
annotated	opossum__MAFF__XP_056654910.1	opossum	mammal	MAFF	
annotated	pig__MAFF__XP_013843663.1	pig	mammal	MAFF	
annotated	platypus__MAFF__XP_028935268.1	platypus	mammal	MAFF	
annotated	rhesusMacaque__MAFF__XP_001092994.2	rhesusMacaque	mammal	MAFF	
annotated	roundleafBat__MAFF__XP_019520114.1	roundleafBat	mammal	MAFF	
annotated	sacwingedBat__MAFF__XP_066114419.1	sacwingedBat	mammal	MAFF	
annotated	sandRat__Maff__XP_055458888.1	sandRat	mammal	MAFF	
annotated	sheep__MAFF__XP_042103658.1	sheep	mammal	MAFF	
annotated	treeShrew__MAFF__TSDBTID.24461.1	treeShrew	mammal	MAFF	
annotated	blindMoleRat__Mafg__XP_029416972.1	blindMoleRat	mammal	MAFG	
annotated	brownRat__Mafg__NP_071781.1	brownRat	mammal	MAFG	
annotated	cat__MAFG__XP_019673944.2	cat	mammal	MAFG	
annotated	cow__MAFG__XP_059734011.1	cow	mammal	MAFG	
annotated	crabMacaque__MAFG__XP_065388225.1	crabMacaque	mammal	MAFG	
annotated	daubentonBat__MAFG__XP_059527539.1	daubentonBat	mammal	MAFG	
annotated	deerMouse__Mafg__XP_042139187.1	deerMouse	mammal	MAFG	
annotated	dog__MAFG__XP_038402227.1	dog	mammal	MAFG	
annotated	egyptianBat__MAFG__XP_016019320.1	egyptianBat	mammal	MAFG	
annotated	europeanHedgehog__MAFG__XP_060027730.1	europeanHedgehog	mammal	MAFG	
annotated	ferret__MAFG__XP_004748742.1	ferret	mammal	MAFG	
annotated	gerbil__Mafg__XP_021493069.1	gerbil	mammal	MAFG	
annotated	grassMouse__Mafg__Mafg-T1	grassMouse	mammal	MAFG	
annotated	groundSquirrel__Mafg__XP_021586965.2	groundSquirrel	mammal	MAFG	
annotated	guineapig__Mafg__XP_005001512.1	guineapig	mammal	MAFG	
annotated	hamster__Mafg__XP_012968772.1	hamster	mammal	MAFG	
annotated	horse__MAFG__XP_005597102.2	horse	mammal	MAFG	
annotated	human__MAFG__NP_002350.1	human	mammal	MAFG	
annotated	labMouse__Mafg__NP_034886.1	labMouse	mammal	MAFG	
annotated	marmoset__MAFG__XP_035158027.1	marmoset	mammal	MAFG	
annotated	minkeWhale__MAFG__XP_028023182.1	minkeWhale	mammal	MAFG	
annotated	nancymaMonkey__MAFG__XP_012308133.2	nancymaMonkey	mammal	MAFG	
annotated	oliveBaboon__MAFG__XP_021784144.1	oliveBaboon	mammal	MAFG	
annotated	opossum__MAFG__XP_007482908.1	opossum	mammal	MAFG	
annotated	pig__MAFG__XP_020922083.1	pig	mammal	MAFG	
annotated	platypus__MAFG__XP_028912595.1	platypus	mammal	MAFG	
annotated	rhesusMacaque__MAFG__NP_001181498.1	rhesusMacaque	mammal	MAFG	
annotated	roundleafBat__MAFG__XP_019517383.1	roundleafBat	mammal	MAFG	
annotated	sacwingedBat__MAFG__XP_066093539.1	sacwingedBat	mammal	MAFG	
annotated	sandRat__Mafg__XP_055448662.1	sandRat	mammal	MAFG	
annotated	sheep__MAFG__XP_042112177.1	sheep	mammal	MAFG	
annotated	blindMoleRat__Mafk__XP_017658288.1	blindMoleRat	mammal	MAFK	
annotated	brownRat__Mafk__NP_663706.2	brownRat	mammal	MAFK	
annotated	cat__MAFK__XP_044903301.1	cat	mammal	MAFK	
annotated	cow__MAFK__XP_005225295.1	cow	mammal	MAFK	
annotated	crabMacaque__MAFK__XP_065397606.1	crabMacaque	mammal	MAFK	
annotated	daubentonBat__MAFK__XP_059555425.1	daubentonBat	mammal	MAFK	
annotated	deerMouse__Mafk__XP_015864857.1	deerMouse	mammal	MAFK	
annotated	dog__MAFK__XP_038395595.1	dog	mammal	MAFK	
annotated	egyptianBat__MAFK__XP_015974595.1	egyptianBat	mammal	MAFK	
annotated	europeanHedgehog__MAFK__XP_007525129.1	europeanHedgehog	mammal	MAFK	
annotated	ferret__MAFK__XP_044931115.1	ferret	mammal	MAFK	
annotated	gerbil__Mafk__XP_021496398.1	gerbil	mammal	MAFK	
annotated	grassMouse__Mafk__Mafk-T1	grassMouse	mammal	MAFK	
annotated	groundSquirrel__Mafk__XP_005339892.1	groundSquirrel	mammal	MAFK	
annotated	guineapig__Mafk__XP_063090094.1	guineapig	mammal	MAFK	
annotated	hamster__Mafk__XP_005080042.1	hamster	mammal	MAFK	
annotated	horse__MAFK__XP_023510876.1	horse	mammal	MAFK	
annotated	human__MAFK__NP_002351.1	human	mammal	MAFK	
annotated	labMouse__Mafk__NP_034887.1	labMouse	mammal	MAFK	
annotated	marmoset__MAFK__XP_035145692.2	marmoset	mammal	MAFK	
annotated	minkeWhale__MAFK__XP_057385102.1	minkeWhale	mammal	MAFK	
annotated	nancymaMonkey__MAFK__XP_012326328.2	nancymaMonkey	mammal	MAFK	
annotated	oliveBaboon__MAFK__XP_003895698.1	oliveBaboon	mammal	MAFK	
annotated	opossum__MAFK__XP_007498385.1	opossum	mammal	MAFK	
annotated	pig__MAFK__XP_003124297.1	pig	mammal	MAFK	
annotated	platypus__MAFK__XP_001514510.2	platypus	mammal	MAFK	
annotated	rhesusMacaque__MAFK__XP_028701319.1	rhesusMacaque	mammal	MAFK	
annotated	roundleafBat__MAFK__XP_019493117.1	roundleafBat	mammal	MAFK	
annotated	sacwingedBat__MAFK__XP_066129634.1	sacwingedBat	mammal	MAFK	
annotated	sandRat__Mafk__XP_055454539.1	sandRat	mammal	MAFK	
annotated	sheep__MAFK__XP_027817076.1	sheep	mammal	MAFK	
annotated	treeShrew__MAFK__TSDBTID.12800.2	treeShrew	mammal	MAFK	
annotated	blindMoleRat__Otx1__XP_008848847.1	blindMoleRat	mammal	OTX1	
annotated	brownRat__Otx1__NP_037241.2	brownRat	mammal	OTX1	
annotated	cat__OTX1__XP_044910197.1	cat	mammal	OTX1	
annotated	cow__OTX1__XP_005212853.1	cow	mammal	OTX1	
annotated	crabMacaque__OTX1__XP_005575818.1	crabMacaque	mammal	OTX1	
annotated	daubentonBat__OTX1__XP_059515653.1	daubentonBat	mammal	OTX1	
annotated	deerMouse__Otx1__XP_076402182.1	deerMouse	mammal	OTX1	
annotated	dog__OTX1__XP_038407327.1	dog	mammal	OTX1	
annotated	egyptianBat__OTX1__XP_016018485.1	egyptianBat	mammal	OTX1	
annotated	europeanHedgehog__OTX1__XP_060043185.1	europeanHedgehog	mammal	OTX1	
annotated	ferret__OTX1__XP_004742108.1	ferret	mammal	OTX1	
annotated	gerbil__Otx1__XP_021515851.1	gerbil	mammal	OTX1	
annotated	grassMouse__OTX1__Otx1-T1	grassMouse	mammal	OTX1	
annotated	groundSquirrel__Otx1__XP_005322113.1	groundSquirrel	mammal	OTX1	
annotated	guineapig__Otx1__XP_003467541.3	guineapig	mammal	OTX1	
annotated	hamster__Otx1__XP_040589169.1	hamster	mammal	OTX1	
annotated	horse__OTX1__XP_023474792.1	horse	mammal	OTX1	
annotated	human__OTX1__NP_055377.1	human	mammal	OTX1	
annotated	labMouse__Otx1__NP_035153.1	labMouse	mammal	OTX1	
annotated	marmoset__OTX1__XP_008978870.1	marmoset	mammal	OTX1	
annotated	minkeWhale__OTX1__XP_007189783.2	minkeWhale	mammal	OTX1	
annotated	nancymaMonkey__OTX1__XP_012332543.1	nancymaMonkey	mammal	OTX1	
annotated	oliveBaboon__OTX1__XP_003908766.1	oliveBaboon	mammal	OTX1	
annotated	opossum__OTX1__XP_001374919.2	opossum	mammal	OTX1	
annotated	pig__OTX1__XP_003125144.1	pig	mammal	OTX1	
annotated	platypus__OTX1__XP_028927478.1	platypus	mammal	OTX1	
annotated	rhesusMacaque__OTX1__XP_001084150.1	rhesusMacaque	mammal	OTX1	
annotated	roundleafBat__OTX1__XP_019491596.1	roundleafBat	mammal	OTX1	
annotated	sacwingedBat__OTX1__XP_066123323.1	sacwingedBat	mammal	OTX1	
annotated	sandRat__Otx1__XP_055468085.1	sandRat	mammal	OTX1	
annotated	sheep__OTX1__XP_042101940.1	sheep	mammal	OTX1	
annotated	treeShrew__OTX1__TSDBTID.7135.1	treeShrew	mammal	OTX1	
annotated	blindMoleRat__Otx2__XP_029422537.1	blindMoleRat	mammal	OTX2	
annotated	brownRat__Otx2__NP_001094036.1	brownRat	mammal	OTX2	
annotated	cat__OTX2__XP_003987729.1	cat	mammal	OTX2	
annotated	cow__OTX2__XP_059746555.1	cow	mammal	OTX2	
annotated	crabMacaque__OTX2__XP_005561397.1	crabMacaque	mammal	OTX2	
annotated	daubentonBat__OTX2__XP_059551101.1	daubentonBat	mammal	OTX2	
annotated	deerMouse__Otx2__XP_042140690.1	deerMouse	mammal	OTX2	
annotated	dog__OTX2__XP_038399965.1	dog	mammal	OTX2	
annotated	egyptianBat__OTX2__XP_016011594.1	egyptianBat	mammal	OTX2	
annotated	europeanHedgehog__OTX2__XP_007535826.1	europeanHedgehog	mammal	OTX2	
annotated	ferret__OTX2__XP_012911979.1	ferret	mammal	OTX2	
annotated	gerbil__Otx2__XP_021508022.1	gerbil	mammal	OTX2	
annotated	grassMouse__OTX2__Otx2-T1	grassMouse	mammal	OTX2	
annotated	groundSquirrel__Otx2__XP_040130602.1	groundSquirrel	mammal	OTX2	
annotated	guineapig__Otx2__XP_063097393.1	guineapig	mammal	OTX2	
annotated	hamster__Otx2__XP_040591726.1	hamster	mammal	OTX2	
annotated	horse__OTX2__XP_014591350.1	horse	mammal	OTX2	
annotated	human__OTX2__NP_068374.1	human	mammal	OTX2	
annotated	labMouse__Otx2__NP_001273411.1	labMouse	mammal	OTX2	
annotated	marmoset__OTX2__XP_035116504.1	marmoset	mammal	OTX2	
annotated	minkeWhale__LOC103019289__XP_057384495.1	minkeWhale	mammal	OTX2	
annotated	minkeWhale__OTX2__XP_007192978.1	minkeWhale	mammal	OTX2	
annotated	nancymaMonkey__OTX2__XP_012306408.1	nancymaMonkey	mammal	OTX2	
annotated	oliveBaboon__OTX2__XP_031523944.1	oliveBaboon	mammal	OTX2	
annotated	opossum__OTX2__XP_056666776.1	opossum	mammal	OTX2	
annotated	pig__OTX2__XP_005660049.1	pig	mammal	OTX2	
annotated	platypus__CRX__XP_028922525.1	platypus	mammal	OTX2	
annotated	platypus__OTX2__XP_039769946.1	platypus	mammal	OTX2	
annotated	rhesusMacaque__OTX2__NP_001171116.1	rhesusMacaque	mammal	OTX2	
annotated	roundleafBat__OTX2__XP_019500461.1	roundleafBat	mammal	OTX2	
annotated	sacwingedBat__OTX2__XP_066132606.1	sacwingedBat	mammal	OTX2	
annotated	sandRat__Otx2__XP_055462205.1	sandRat	mammal	OTX2	
annotated	sheep__LOC101106129__XP_004020461.2	sheep	mammal	OTX2	
annotated	sheep__LOC114118382__XP_027834964.1	sheep	mammal	OTX2	
annotated	sheep__OTX2__XP_042108500.1	sheep	mammal	OTX2	
annotated	treeShrew__OTX2__TSDBTID.21986.1	treeShrew	mammal	OTX2	
annotated	blindMoleRat__Crx__XP_008825396.1	blindMoleRat	mammal	CRX	
annotated	brownRat__Crx__NP_068627.2	brownRat	mammal	CRX	
annotated	cat__CRX__XP_044901347.1	cat	mammal	CRX	
annotated	cow__CRX__NP_776329.1	cow	mammal	CRX	
annotated	crabMacaque__CRX__XP_065390758.1	crabMacaque	mammal	CRX	
annotated	daubentonBat__LOC132216657__XP_059521972.1	daubentonBat	mammal	CRX	
annotated	deerMouse__Crx__XP_006996974.1	deerMouse	mammal	CRX	
annotated	dog__CRX__NP_001003049.1	dog	mammal	CRX	
annotated	egyptianBat__CRX__XP_016010792.1	egyptianBat	mammal	CRX	
annotated	europeanHedgehog__CRX__XP_007538635.1	europeanHedgehog	mammal	CRX	
annotated	ferret__CRX__XP_004767515.1	ferret	mammal	CRX	
annotated	gerbil__LOC110555202__XP_021503974.1	gerbil	mammal	CRX	
annotated	groundSquirrel__LOC101960714__XP_021589808.1	groundSquirrel	mammal	CRX	
annotated	guineapig__Crx__XP_063109068.1	guineapig	mammal	CRX	
annotated	hamster__Crx__XP_040590377.1	hamster	mammal	CRX	
annotated	horse__CRX__XP_023507330.1	horse	mammal	CRX	
annotated	human__CRX__NP_000545.1	human	mammal	CRX	
annotated	labMouse__Crx__NP_031796.1	labMouse	mammal	CRX	
annotated	marmoset__CRX__XP_054105526.1	marmoset	mammal	CRX	
annotated	minkeWhale__LOC103005484__XP_007168269.1	minkeWhale	mammal	CRX	
annotated	nancymaMonkey__CRX__XP_012302187.2	nancymaMonkey	mammal	CRX	
annotated	oliveBaboon__CRX__XP_017808056.1	oliveBaboon	mammal	CRX	
annotated	pig__CRX__XP_003127313.2	pig	mammal	CRX	
annotated	rhesusMacaque__CRX__XP_014979851.1	rhesusMacaque	mammal	CRX	
annotated	roundleafBat__CRX__XP_019490603.1	roundleafBat	mammal	CRX	
annotated	sacwingedBat__CRX__XP_066127770.1	sacwingedBat	mammal	CRX	
annotated	sandRat__Crx__XP_055471636.1	sandRat	mammal	CRX	
annotated	sheep__CRX__XP_012045975.3	sheep	mammal	CRX	
annotated	treeShrew__CRX__TSDBTID.18795.1	treeShrew	mammal	CRX	
annotated	barnOwl__MAF__XP_032846531.2	barnOwl	bird	CMAF	
annotated	budgerigar__MAF__XP_033928568.1	budgerigar	bird	CMAF	
annotated	canary__MAF__XP_050834999.1	canary	bird	CMAF	
annotated	chicken__MAF__XP_015148000.1	chicken	bird	CMAF	
annotated	commonBuzzard__MAF__XP_074896084.1	commonBuzzard	bird	CMAF	
annotated	commonKestrel__gene_ENSFTIG00000003636__ENSFTIP00000005211	commonKestrel	bird	CMAF	
annotated	eagleOwl__gene_ENSBOBG00000000091__ENSBOBP00000000082	eagleOwl	bird	CMAF	
annotated	emu__MAF__XP_064375807.1	emu	bird	CMAF	
annotated	goldenEagle__MAF__XP_029880100.1	goldenEagle	bird	CMAF	
annotated	gosHwak__MAF__XP_049662322.1	gosHwak	bird	CMAF	
annotated	harpyEagle__MAF__XP_052651390.1	harpyEagle	bird	CMAF	
annotated	hawaiianCrow__MAF__XP_048173038.1	hawaiianCrow	bird	CMAF	
annotated	honeyguide__MAF__XP_054245698.1	honeyguide	bird	CMAF	
annotated	hoodedCrow__MAF__XP_039414468.1	hoodedCrow	bird	CMAF	
annotated	littleOwl__MAF__XP_074769062.1	littleOwl	bird	CMAF	
annotated	mallardDuck__MAF__XP_038041342.1	mallardDuck	bird	CMAF	
annotated	mousebird__MAF__XP_061863169.1	mousebird	bird	CMAF	
annotated	ostrich__MAF__XP_068812426.1	ostrich	bird	CMAF	
annotated	peregrineFalcon__MAF__XP_055674912.1	peregrineFalcon	bird	CMAF	
annotated	pigeon__MAF__XP_064884597.1	pigeon	bird	CMAF	
annotated	quail__MAF__XP_015729607.1	quail	bird	CMAF	
annotated	sparrowHawk__gene_ENSANIG00000002392__ENSANIP00000003522	sparrowHawk	bird	CMAF	
annotated	tawnyOwl__MAF__XP_074695275.1	tawnyOwl	bird	CMAF	
annotated	uralOwl__MAF__XP_074738276.1	uralOwl	bird	CMAF	
annotated	whiteWagtail__MAF__XP_038004334.1	whiteWagtail	bird	CMAF	
annotated	zebrafinch__MAF__XP_030138184.2	zebrafinch	bird	CMAF	
annotated	barnOwl__MAFA__XP_042642191.1	barnOwl	bird	MAFA	
annotated	budgerigar__MAFA__XP_033921063.1	budgerigar	bird	MAFA	
annotated	canary__MAFA__XP_030085722.1	canary	bird	MAFA	
annotated	chicken__MAFA__NP_990356.1	chicken	bird	MAFA	
annotated	commonBuzzard__MAFA__XP_074880177.1	commonBuzzard	bird	MAFA	
annotated	commonKestrel__gene_ENSFTIG00000002193__ENSFTIP00000003181	commonKestrel	bird	MAFA	
annotated	eagleOwl__gene_ENSBOBG00000014832__ENSBOBP00000025026	eagleOwl	bird	MAFA	
annotated	emu__MAFA__XP_025969455.2	emu	bird	MAFA	
annotated	goldenEagle__MAFA__XP_029868500.1	goldenEagle	bird	MAFA	
annotated	gosHwak__MAFA__XP_049682097.1	gosHwak	bird	MAFA	
annotated	harpyEagle__MAFA__XP_052644556.1	harpyEagle	bird	MAFA	
annotated	hawaiianCrow__MAFA__XP_048143014.1	hawaiianCrow	bird	MAFA	
annotated	honeyguide__MAFA__XP_054241450.1	honeyguide	bird	MAFA	
annotated	hoodedCrow__MAFA__XP_039406043.1	hoodedCrow	bird	MAFA	
annotated	littleOwl__MAFA__XP_074754432.1	littleOwl	bird	MAFA	
annotated	mallardDuck__MAFA__XP_027308589.1	mallardDuck	bird	MAFA	
annotated	mousebird__MAFA__XP_010203193.2	mousebird	bird	MAFA	
annotated	ostrich__MAFA__XP_068789949.1	ostrich	bird	MAFA	
annotated	peregrineFalcon__MAFA__XP_005235862.2	peregrineFalcon	bird	MAFA	
annotated	pigeon__MAFA__XP_064910682.1	pigeon	bird	MAFA	
annotated	quail__MAFA__XP_015711959.1	quail	bird	MAFA	
annotated	sparrowHawk__gene_ENSANIG00000009040__ENSANIP00000013306	sparrowHawk	bird	MAFA	
annotated	tawnyOwl__MAFA__XP_074685104.1	tawnyOwl	bird	MAFA	
annotated	uralOwl__MAFA__XP_074745166.1	uralOwl	bird	MAFA	
annotated	whiteWagtail__MAFA__XP_037985746.1	whiteWagtail	bird	MAFA	
annotated	zebrafinch__MAFA__XP_030122661.1	zebrafinch	bird	MAFA	
annotated	barnOwl__MAFB__XP_032859530.2	barnOwl	bird	MAFB	
annotated	budgerigar__MAFB__XP_030903509.1	budgerigar	bird	MAFB	
annotated	canary__MAFB__XP_009091206.1	canary	bird	MAFB	
annotated	chicken__MAFB__NP_001026023.1	chicken	bird	MAFB	
annotated	commonBuzzard__MAFB__XP_074915426.1	commonBuzzard	bird	MAFB	
annotated	commonKestrel__gene_ENSFTIG00000008212__ENSFTIP00000012252	commonKestrel	bird	MAFB	
annotated	eagleOwl__gene_ENSBOBG00000006688__ENSBOBP00000010424	eagleOwl	bird	MAFB	
annotated	emu__MAFB__XP_025948812.1	emu	bird	MAFB	
annotated	goldenEagle__MAFB__XP_029866112.1	goldenEagle	bird	MAFB	
annotated	gosHwak__MAFB__XP_049672993.1	gosHwak	bird	MAFB	
annotated	harpyEagle__MAFB__XP_052645446.1	harpyEagle	bird	MAFB	
annotated	hawaiianCrow__MAFB__XP_048178000.1	hawaiianCrow	bird	MAFB	
annotated	honeyguide__MAFB__XP_054247952.1	honeyguide	bird	MAFB	
annotated	hoodedCrow__MAFB__XP_010395328.1	hoodedCrow	bird	MAFB	
annotated	littleOwl__MAFB__XP_074776558.1	littleOwl	bird	MAFB	
annotated	mallardDuck__MAFB__XP_005012103.1	mallardDuck	bird	MAFB	
annotated	mousebird__MAFB__XP_061864958.1	mousebird	bird	MAFB	
annotated	ostrich__MAFB__XP_009669433.1	ostrich	bird	MAFB	
annotated	peregrineFalcon__MAFB__XP_005235943.1	peregrineFalcon	bird	MAFB	
annotated	pigeon__MAFB__XP_005502756.1	pigeon	bird	MAFB	
annotated	quail__MAFB__XP_015736936.1	quail	bird	MAFB	
annotated	sparrowHawk__gene_ENSANIG00000007633__ENSANIP00000011272	sparrowHawk	bird	MAFB	
annotated	tawnyOwl__MAFB__XP_074699417.1	tawnyOwl	bird	MAFB	
annotated	uralOwl__MAFB__XP_074744481.1	uralOwl	bird	MAFB	
annotated	whiteWagtail__MAFB__XP_038015228.1	whiteWagtail	bird	MAFB	
annotated	zebrafinch__MAFB__XP_072773087.1	zebrafinch	bird	MAFB	
annotated	barnOwl__MAFF__XP_042648826.1	barnOwl	bird	MAFF	
annotated	budgerigar__MAFF__XP_033918644.1	budgerigar	bird	MAFF	
annotated	canary__MAFF__XP_009084748.1	canary	bird	MAFF	
annotated	chicken__MAFF__XP_046760163.1	chicken	bird	MAFF	
annotated	commonBuzzard__MAFF__XP_074907107.1	commonBuzzard	bird	MAFF	
annotated	commonKestrel__gene_ENSFTIG00000014670__ENSFTIP00000022774	commonKestrel	bird	MAFF	
annotated	eagleOwl__gene_ENSBOBG00000006606__ENSBOBP00000010285	eagleOwl	bird	MAFF	
annotated	emu__MAFF__XP_025957942.2	emu	bird	MAFF	
annotated	goldenEagle__MAFF__XP_029896324.1	goldenEagle	bird	MAFF	
annotated	gosHwak__MAFF__XP_049677759.1	gosHwak	bird	MAFF	
annotated	harpyEagle__MAFF__XP_052646533.1	harpyEagle	bird	MAFF	
annotated	hawaiianCrow__MAFF__XP_048158218.1	hawaiianCrow	bird	MAFF	
annotated	honeyguide__MAFF__XP_054242609.1	honeyguide	bird	MAFF	
annotated	hoodedCrow__MAFF__XP_039427476.1	hoodedCrow	bird	MAFF	
annotated	littleOwl__MAFF__XP_074758587.1	littleOwl	bird	MAFF	
annotated	mallardDuck__MAFF__XP_027306343.1	mallardDuck	bird	MAFF	
annotated	mousebird__MAFF__XP_061868468.1	mousebird	bird	MAFF	
annotated	ostrich__MAFF__XP_068798295.1	ostrich	bird	MAFF	
annotated	peregrineFalcon__MAFF__XP_055665148.1	peregrineFalcon	bird	MAFF	
annotated	pigeon__MAFF__XP_064903426.1	pigeon	bird	MAFF	
annotated	quail__MAFF__XP_015718579.1	quail	bird	MAFF	
annotated	tawnyOwl__MAFF__XP_074682748.1	tawnyOwl	bird	MAFF	
annotated	uralOwl__MAFF__XP_074727268.1	uralOwl	bird	MAFF	
annotated	whiteWagtail__MAFF__XP_038009455.1	whiteWagtail	bird	MAFF	
annotated	zebrafinch__MAFF__XP_030118873.1	zebrafinch	bird	MAFF	
annotated	barnOwl__MAFG__XP_032857737.1	barnOwl	bird	MAFG	
annotated	budgerigar__MAFG__XP_033923786.1	budgerigar	bird	MAFG	
annotated	canary__MAFG__XP_030087135.1	canary	bird	MAFG	
annotated	chicken__MAFG__XP_015150912.1	chicken	bird	MAFG	
annotated	commonBuzzard__MAFG__XP_074900176.1	commonBuzzard	bird	MAFG	
annotated	commonKestrel__gene_ENSFTIG00000000206__ENSFTIP00000000282	commonKestrel	bird	MAFG	
annotated	eagleOwl__gene_ENSBOBG00000014112__ENSBOBP00000023575	eagleOwl	bird	MAFG	
annotated	emu__MAFG__XP_064379007.1	emu	bird	MAFG	
annotated	goldenEagle__MAFG__XP_040979213.1	goldenEagle	bird	MAFG	
annotated	gosHwak__MAFG__XP_049668419.1	gosHwak	bird	MAFG	
annotated	harpyEagle__MAFG__XP_052662950.1	harpyEagle	bird	MAFG	
annotated	honeyguide__MAFG__XP_054249713.1	honeyguide	bird	MAFG	
annotated	hoodedCrow__MAFG__XP_039418133.1	hoodedCrow	bird	MAFG	
annotated	littleOwl__MAFG__XP_074778000.1	littleOwl	bird	MAFG	
annotated	mallardDuck__MAFG__XP_005011602.1	mallardDuck	bird	MAFG	
annotated	mousebird__MAFG__XP_061867004.1	mousebird	bird	MAFG	
annotated	ostrich__MAFG__XP_009667074.2	ostrich	bird	MAFG	
annotated	peregrineFalcon__MAFG__XP_055653462.1	peregrineFalcon	bird	MAFG	
annotated	pigeon__MAFG__XP_064890380.1	pigeon	bird	MAFG	
annotated	quail__MAFG__XP_015735390.1	quail	bird	MAFG	
annotated	sparrowHawk__gene_ENSANIG00000017332__ENSANIP00000025770	sparrowHawk	bird	MAFG	
annotated	tawnyOwl__MAFG__XP_074703746.1	tawnyOwl	bird	MAFG	
annotated	uralOwl__MAFG__XP_074745849.1	uralOwl	bird	MAFG	
annotated	whiteWagtail__MAFG__XP_038012979.1	whiteWagtail	bird	MAFG	
annotated	zebrafinch__MAFG__XP_030143375.1	zebrafinch	bird	MAFG	
annotated	barnOwl__MAFK__XP_032848226.1	barnOwl	bird	MAFK	
annotated	budgerigar__MAFK__XP_030901453.1	budgerigar	bird	MAFK	
annotated	canary__MAFK__XP_018771431.1	canary	bird	MAFK	
annotated	chicken__MAFK__XP_040503249.1	chicken	bird	MAFK	
annotated	commonBuzzard__MAFK__XP_074914901.1	commonBuzzard	bird	MAFK	
annotated	commonKestrel__gene_ENSFTIG00000004082__ENSFTIP00000005895	commonKestrel	bird	MAFK	
annotated	eagleOwl__gene_ENSBOBG00000007138__ENSBOBP00000011205	eagleOwl	bird	MAFK	
annotated	emu__MAFK__XP_064376262.1	emu	bird	MAFK	
annotated	goldenEagle__MAFK__XP_029857514.1	goldenEagle	bird	MAFK	
annotated	gosHwak__MAFK__XP_049647588.1	gosHwak	bird	MAFK	
annotated	harpyEagle__MAFK__XP_052628487.1	harpyEagle	bird	MAFK	
annotated	hawaiianCrow__MAFK__XP_048176356.1	hawaiianCrow	bird	MAFK	
annotated	honeyguide__MAFK__XP_054247354.1	honeyguide	bird	MAFK	
annotated	hoodedCrow__MAFK__XP_010390714.1	hoodedCrow	bird	MAFK	
annotated	littleOwl__MAFK__XP_074774914.1	littleOwl	bird	MAFK	
annotated	mallardDuck__MAFK__XP_071880198.1	mallardDuck	bird	MAFK	
annotated	mousebird__MAFK__XP_061848223.1	mousebird	bird	MAFK	
annotated	ostrich__MAFK__XP_068764117.1	ostrich	bird	MAFK	
annotated	peregrineFalcon__MAFK__XP_055660914.1	peregrineFalcon	bird	MAFK	
annotated	pigeon__MAFK__XP_064887576.1	pigeon	bird	MAFK	
annotated	quail__MAFK__XP_015732262.1	quail	bird	MAFK	
annotated	sparrowHawk__gene_ENSANIG00000015949__ENSANIP00000023462	sparrowHawk	bird	MAFK	
annotated	tawnyOwl__MAFK__XP_074697581.1	tawnyOwl	bird	MAFK	
annotated	uralOwl__MAFK__XP_074742748.1	uralOwl	bird	MAFK	
annotated	whiteWagtail__MAFK__XP_038006777.1	whiteWagtail	bird	MAFK	
annotated	zebrafinch__MAFK__XP_072792010.1	zebrafinch	bird	MAFK	
annotated	barnOwl__OTX1__XP_042651876.1	barnOwl	bird	OTX1	
annotated	budgerigar__OTX1__XP_033916893.1	budgerigar	bird	OTX1	
annotated	canary__OTX1__XP_050828896.1	canary	bird	OTX1	
annotated	chicken__OTX1__XP_015133598.2	chicken	bird	OTX1	
annotated	commonBuzzard__OTX1__XP_074892886.1	commonBuzzard	bird	OTX1	
annotated	commonKestrel__gene_ENSFTIG00000009220__ENSFTIP00000013841	commonKestrel	bird	OTX1	
annotated	emu__OTX1__XP_064366196.1	emu	bird	OTX1	
annotated	goldenEagle__OTX1__XP_029879450.1	goldenEagle	bird	OTX1	
annotated	gosHwak__OTX1__XP_049655724.1	gosHwak	bird	OTX1	
annotated	harpyEagle__OTX1__XP_052641625.1	harpyEagle	bird	OTX1	
annotated	hawaiianCrow__OTX1__XP_048155630.1	hawaiianCrow	bird	OTX1	
annotated	honeyguide__OTX1__XP_054239553.1	honeyguide	bird	OTX1	
annotated	hoodedCrow__OTX1__XP_039425961.1	hoodedCrow	bird	OTX1	
annotated	littleOwl__OTX1__XP_074783297.1	littleOwl	bird	OTX1	
annotated	mallardDuck__OTX1__XP_038032674.1	mallardDuck	bird	OTX1	
annotated	mousebird__OTX1__XP_061846423.1	mousebird	bird	OTX1	
annotated	ostrich__OTX1__XP_068792634.1	ostrich	bird	OTX1	
annotated	peregrineFalcon__OTX1__XP_027635620.2	peregrineFalcon	bird	OTX1	
annotated	pigeon__OTX1__XP_064915312.1	pigeon	bird	OTX1	
annotated	quail__OTX1__XP_015712084.1	quail	bird	OTX1	
annotated	sparrowHawk__gene_ENSANIG00000004090__ENSANIP00000005991	sparrowHawk	bird	OTX1	
annotated	tawnyOwl__OTX1__XP_074676687.1	tawnyOwl	bird	OTX1	
annotated	uralOwl__OTX1__XP_074721005.1	uralOwl	bird	OTX1	
annotated	whiteWagtail__OTX1__XP_037990010.1	whiteWagtail	bird	OTX1	
annotated	zebrafinch__OTX1__XP_030125146.3	zebrafinch	bird	OTX1	
annotated	barnOwl__OTX2__XP_042655204.1	barnOwl	bird	OTX2	
annotated	canary__OTX2__XP_009099887.1	canary	bird	OTX2	
annotated	chicken__OTX2__NP_989851.2	chicken	bird	OTX2	
annotated	commonBuzzard__OTX2__XP_074887128.1	commonBuzzard	bird	OTX2	
annotated	eagleOwl__gene_ENSBOBG00000012921__ENSBOBP00000021265	eagleOwl	bird	OTX2	
annotated	emu__OTX2__XP_064369577.1	emu	bird	OTX2	
annotated	goldenEagle__OTX2__XP_029893759.1	goldenEagle	bird	OTX2	
annotated	gosHwak__OTX2__XP_049684633.1	gosHwak	bird	OTX2	
annotated	harpyEagle__OTX2__XP_052639501.1	harpyEagle	bird	OTX2	
annotated	hawaiianCrow__OTX2__XP_048164168.1	hawaiianCrow	bird	OTX2	
annotated	honeyguide__OTX2__XP_054256273.1	honeyguide	bird	OTX2	
annotated	hoodedCrow__OTX2__XP_039408898.1	hoodedCrow	bird	OTX2	
annotated	littleOwl__OTX2__XP_074765007.1	littleOwl	bird	OTX2	
annotated	mallardDuck__OTX2__XP_027315034.1	mallardDuck	bird	OTX2	
annotated	ostrich__OTX2__XP_009668952.1	ostrich	bird	OTX2	
annotated	peregrineFalcon__OTX2__XP_055649825.1	peregrineFalcon	bird	OTX2	
annotated	pigeon__OTX2__XP_064919169.1	pigeon	bird	OTX2	
annotated	quail__OTX2__XP_015721371.1	quail	bird	OTX2	
annotated	tawnyOwl__OTX2__XP_074677150.1	tawnyOwl	bird	OTX2	
annotated	uralOwl__OTX2__XP_074725217.1	uralOwl	bird	OTX2	
annotated	whiteWagtail__OTX2__XP_037994591.1	whiteWagtail	bird	OTX2	
annotated	zebrafinch__OTX2__XP_030131074.1	zebrafinch	bird	OTX2	
annotated	budgerigar__OTX2__XP_033918106.1	budgerigar	bird	CRX	
annotated	commonBuzzard__LOC142026825__XP_074876327.1	commonBuzzard	bird	CRX	
annotated	eagleOwl__gene_ENSBOBG00000007943__ENSBOBP00000012515	eagleOwl	bird	CRX	
annotated	emu__LOC135325254__XP_064359194.1	emu	bird	CRX	
annotated	gosHwak__LOC126037476__XP_049653753.1	gosHwak	bird	CRX	
annotated	harpyEagle__LOC128138109__XP_052635385.1	harpyEagle	bird	CRX	
annotated	hawaiianCrow__LOC125334224__XP_048176825.1	hawaiianCrow	bird	CRX	
annotated	hoodedCrow__CRX__XP_039428352.1	hoodedCrow	bird	CRX	
annotated	littleOwl__CRX__XP_074786787.1	littleOwl	bird	CRX	
annotated	mallardDuck__LOC140000269__XP_071886214.1	mallardDuck	bird	CRX	
annotated	mousebird__OTX2__XP_061854290.1	mousebird	bird	CRX	
annotated	ostrich__CRX__XP_068766418.1	ostrich	bird	CRX	
annotated	pigeon__LOC102094696__XP_064900299.1	pigeon	bird	CRX	
annotated	sparrowHawk__gene_ENSANIG00000015598__ENSANIP00000022914	sparrowHawk	bird	CRX	
annotated	sparrowHawk__gene_ENSANIG00000016085__ENSANIP00000023696	sparrowHawk	bird	CRX	
annotated	sparrowHawk__gene_ENSANIG00000017996__ENSANIP00000026851	sparrowHawk	bird	CRX	
annotated	uralOwl__LOC141938950__XP_074714081.1	uralOwl	bird	CRX	
annotated	zebrafinch__CRX__XP_072777012.1	zebrafinch	bird	CRX	
annotated	americanAlligator__MAF__XP_059569876.1	americanAlligator	reptile	CMAF	
annotated	beardedDragon__MAF__XP_020657363.1	beardedDragon	reptile	CMAF	
annotated	brownAnole__MAF__XP_060644362.2	brownAnole	reptile	CMAF	
annotated	chineseAlligator__LOC102381322__XP_025066811.1	chineseAlligator	reptile	CMAF	
annotated	cornSnake__MAF__XP_034281304.1	cornSnake	reptile	CMAF	
annotated	garterSnake__LOC106551874__XP_013925512.1	garterSnake	reptile	CMAF	
annotated	greenAnole__maf__XP_008112130.2	greenAnole	reptile	CMAF	
annotated	greenTurtle__MAF__XP_043381875.1	greenTurtle	reptile	CMAF	
annotated	groundBoa__MAF__XP_063169066.1	groundBoa	reptile	CMAF	
annotated	japaneseGecko__MAF__XP_015285014.1	japaneseGecko	reptile	CMAF	
annotated	python__LOC103049108__XP_025027841.1	python	reptile	CMAF	
annotated	redTurtle__MAF__XP_034643984.1	redTurtle	reptile	CMAF	
annotated	sandLizard__MAF__XP_033013070.1	sandLizard	reptile	CMAF	
annotated	americanAlligator__MAFA__XP_006262735.1	americanAlligator	reptile	MAFA	
annotated	beardedDragon__MAFA__XP_020669048.1	beardedDragon	reptile	MAFA	
annotated	brownAnole__MAFA__XP_060631969.2	brownAnole	reptile	MAFA	
annotated	chineseAlligator__MAFA__XP_006039548.2	chineseAlligator	reptile	MAFA	
annotated	cornSnake__MAFA__XP_034275836.1	cornSnake	reptile	MAFA	
annotated	garterSnake__MAFA__XP_013917130.1	garterSnake	reptile	MAFA	
annotated	greenAnole__mafa__XP_062835983.1	greenAnole	reptile	MAFA	
annotated	greenTurtle__MAFA__XP_043394915.1	greenTurtle	reptile	MAFA	
annotated	groundBoa__MAFA__XP_063156075.1	groundBoa	reptile	MAFA	
annotated	japaneseGecko__MAFA__XP_015273594.1	japaneseGecko	reptile	MAFA	
annotated	redTurtle__MAFA__XP_034619612.1	redTurtle	reptile	MAFA	
annotated	sandLizard__MAFA__XP_033011850.1	sandLizard	reptile	MAFA	
annotated	americanAlligator__MAFB__XP_006265382.1	americanAlligator	reptile	MAFB	
annotated	beardedDragon__MAFB__XP_020644911.1	beardedDragon	reptile	MAFB	
annotated	brownAnole__MAFB__XP_060628215.2	brownAnole	reptile	MAFB	
annotated	chineseAlligator__MAFB__XP_006016713.1	chineseAlligator	reptile	MAFB	
annotated	cornSnake__MAFB__XP_034269821.1	cornSnake	reptile	MAFB	
annotated	garterSnake__MAFB__XP_013914637.1	garterSnake	reptile	MAFB	
annotated	greenAnole__mafb__XP_008115790.2	greenAnole	reptile	MAFB	
annotated	greenTurtle__MAFB__XP_037771984.1	greenTurtle	reptile	MAFB	
annotated	groundBoa__MAFB__XP_063153241.1	groundBoa	reptile	MAFB	
annotated	japaneseGecko__MAFB__XP_015260977.1	japaneseGecko	reptile	MAFB	
annotated	python__MAFB__XP_015744577.1	python	reptile	MAFB	
annotated	redTurtle__MAFB__XP_034643486.1	redTurtle	reptile	MAFB	
annotated	sandLizard__MAFB__XP_033009283.1	sandLizard	reptile	MAFB	
annotated	americanAlligator__NRL__XP_059586442.1	americanAlligator	reptile	NRL	
annotated	beardedDragon__NRL__XP_020664985.1	beardedDragon	reptile	NRL	
annotated	brownAnole__NRL__XP_060635977.1	brownAnole	reptile	NRL	
annotated	chineseAlligator__NRL__XP_014381666.2	chineseAlligator	reptile	NRL	
annotated	cornSnake__NRL__XP_060540776.1	cornSnake	reptile	NRL	
annotated	garterSnake__LOC106552296__XP_013926010.1	garterSnake	reptile	NRL	
annotated	greenAnole__nrl__XP_062814062.1	greenAnole	reptile	NRL	
annotated	greenTurtle__NRL__XP_037733020.2	greenTurtle	reptile	NRL	
annotated	groundBoa__NRL__XP_063157679.1	groundBoa	reptile	NRL	
annotated	japaneseGecko__NRL__XP_015269140.1	japaneseGecko	reptile	NRL	
annotated	python__NRL__XP_007437369.1	python	reptile	NRL	
annotated	sandLizard__NRL__XP_033026288.1	sandLizard	reptile	NRL	
annotated	americanAlligator__MAFF__XP_059582394.1	americanAlligator	reptile	MAFF	
annotated	beardedDragon__MAFF__XP_020643246.1	beardedDragon	reptile	MAFF	
annotated	brownAnole__MAFF__XP_060633020.1	brownAnole	reptile	MAFF	
annotated	chineseAlligator__MAFF__XP_014378316.1	chineseAlligator	reptile	MAFF	
annotated	cornSnake__MAFF__XP_034259519.1	cornSnake	reptile	MAFF	
annotated	garterSnake__MAFF__XP_013910419.1	garterSnake	reptile	MAFF	
annotated	greenAnole__maff__XP_003227196.2	greenAnole	reptile	MAFF	
annotated	greenTurtle__MAFF__XP_043399227.1	greenTurtle	reptile	MAFF	
annotated	groundBoa__MAFF__XP_063164167.1	groundBoa	reptile	MAFF	
annotated	japaneseGecko__MAFF__XP_015274659.1	japaneseGecko	reptile	MAFF	
annotated	python__MAFF__XP_025025777.1	python	reptile	MAFF	
annotated	redTurtle__MAFF__XP_034632554.1	redTurtle	reptile	MAFF	
annotated	sandLizard__MAFF__XP_033018043.1	sandLizard	reptile	MAFF	
annotated	americanAlligator__MAFG__XP_006270717.1	americanAlligator	reptile	MAFG	
annotated	beardedDragon__MAFG__XP_020670010.1	beardedDragon	reptile	MAFG	
annotated	brownAnole__MAFG__XP_060620842.1	brownAnole	reptile	MAFG	
annotated	chineseAlligator__MAFG__XP_006038228.1	chineseAlligator	reptile	MAFG	
annotated	cornSnake__MAFG__XP_034268786.1	cornSnake	reptile	MAFG	
annotated	garterSnake__MAFG__XP_013916963.1	garterSnake	reptile	MAFG	
annotated	greenAnole__mafg__XP_008102792.1	greenAnole	reptile	MAFG	
annotated	greenTurtle__MAFG__XP_037770029.1	greenTurtle	reptile	MAFG	
annotated	groundBoa__MAFG__XP_063149356.1	groundBoa	reptile	MAFG	
annotated	japaneseGecko__MAFG__XP_015275850.1	japaneseGecko	reptile	MAFG	
annotated	python__MAFG__XP_007427839.1	python	reptile	MAFG	
annotated	redTurtle__MAFG__XP_034645930.1	redTurtle	reptile	MAFG	
annotated	sandLizard__MAFG__XP_032994994.1	sandLizard	reptile	MAFG	
annotated	americanAlligator__MAFK__XP_019350258.2	americanAlligator	reptile	MAFK	
annotated	beardedDragon__MAFK__XP_020659950.1	beardedDragon	reptile	MAFK	
annotated	brownAnole__LOC132782144__XP_060642834.2	brownAnole	reptile	MAFK	
annotated	brownAnole__LOC137095487__XP_067318314.1	brownAnole	reptile	MAFK	
annotated	chineseAlligator__MAFK__XP_025068149.1	chineseAlligator	reptile	MAFK	
annotated	cornSnake__MAFK__XP_034297459.1	cornSnake	reptile	MAFK	
annotated	garterSnake__MAFK__XP_013916685.1	garterSnake	reptile	MAFK	
annotated	greenAnole__mafk__XP_008116599.1	greenAnole	reptile	MAFK	
annotated	greenTurtle__MAFK__XP_007065416.2	greenTurtle	reptile	MAFK	
annotated	groundBoa__MAFK__XP_063170913.1	groundBoa	reptile	MAFK	
annotated	japaneseGecko__MAFK__XP_015276628.1	japaneseGecko	reptile	MAFK	
annotated	python__MAFK__XP_007442315.1	python	reptile	MAFK	
annotated	redTurtle__MAFK__XP_034638928.1	redTurtle	reptile	MAFK	
annotated	sandLizard__MAFK__XP_033022525.1	sandLizard	reptile	MAFK	
annotated	americanAlligator__OTX1__XP_019356250.2	americanAlligator	reptile	OTX1	
annotated	beardedDragon__OTX1__XP_020646291.1	beardedDragon	reptile	OTX1	
annotated	brownAnole__OTX1__XP_067325612.1	brownAnole	reptile	OTX1	
annotated	cornSnake__OTX1__XP_060545338.1	cornSnake	reptile	OTX1	
annotated	garterSnake__OTX1__XP_013919834.1	garterSnake	reptile	OTX1	
annotated	greenAnole__otx1__XP_062815107.1	greenAnole	reptile	OTX1	
annotated	greenTurtle__OTX1__XP_037752009.1	greenTurtle	reptile	OTX1	
annotated	groundBoa__OTX1__XP_063147491.1	groundBoa	reptile	OTX1	
annotated	japaneseGecko__LOC107107343__XP_015263117.1	japaneseGecko	reptile	OTX1	
annotated	python__LOC103067230__XP_025022551.1	python	reptile	OTX1	
annotated	redTurtle__OTX1__XP_034622837.1	redTurtle	reptile	OTX1	
annotated	sandLizard__OTX1__XP_033001507.1	sandLizard	reptile	OTX1	
annotated	americanAlligator__OTX2__XP_019335474.1	americanAlligator	reptile	OTX2	
annotated	beardedDragon__OTX2__XP_020658164.1	beardedDragon	reptile	OTX2	
annotated	brownAnole__OTX2__XP_067319192.1	brownAnole	reptile	OTX2	
annotated	chineseAlligator__OTX2__XP_014372934.1	chineseAlligator	reptile	OTX2	
annotated	cornSnake__OTX2__XP_034289343.1	cornSnake	reptile	OTX2	
annotated	garterSnake__LOC106538813__XP_013908912.1	garterSnake	reptile	OTX2	
annotated	garterSnake__LOC106538819__XP_013908919.1	garterSnake	reptile	OTX2	
annotated	greenAnole__otx2__XP_062824717.1	greenAnole	reptile	OTX2	
annotated	greenTurtle__OTX2__XP_043405691.1	greenTurtle	reptile	OTX2	
annotated	groundBoa__OTX2__XP_063150066.1	groundBoa	reptile	OTX2	
annotated	japaneseGecko__OTX2__XP_015262914.1	japaneseGecko	reptile	OTX2	
annotated	python__OTX2__XP_007422992.1	python	reptile	OTX2	
annotated	redTurtle__OTX2__XP_034626473.1	redTurtle	reptile	OTX2	
annotated	sandLizard__OTX2__XP_033024617.1	sandLizard	reptile	OTX2	
annotated	americanAlligator__LOC102576692__XP_006265011.1	americanAlligator	reptile	CRX	
annotated	beardedDragon__LOC110088518__XP_020666511.1	beardedDragon	reptile	CRX	
annotated	brownAnole__LOC132780209__XP_060639772.1	brownAnole	reptile	CRX	
annotated	brownAnole__LOC137095319__XP_067317913.1	brownAnole	reptile	CRX	
annotated	chineseAlligator__LOC102370507__XP_025049174.1	chineseAlligator	reptile	CRX	
annotated	cornSnake__LOC117677699__XP_034293968.1	cornSnake	reptile	CRX	
annotated	garterSnake__LOC106555201__XP_013929460.1	garterSnake	reptile	CRX	
annotated	greenAnole__LOC100559672__XP_062818439.1	greenAnole	reptile	CRX	
annotated	greenTurtle__CRX__XP_037740430.1	greenTurtle	reptile	CRX	
annotated	groundBoa__LOC134503250__XP_063168066.1	groundBoa	reptile	CRX	
annotated	japaneseGecko__LOC107121371__XP_015279773.1	japaneseGecko	reptile	CRX	
annotated	python__CRX__XP_007427043.1	python	reptile	CRX	
annotated	redTurtle__CRX__XP_034648312.1	redTurtle	reptile	CRX	
annotated	sandLizard__LOC117052044__XP_033014662.1	sandLizard	reptile	CRX	
annotated	africanFrog__maf.L__XP_041446090.1	africanFrog	fish	CMAF	
annotated	africanFrog__maf.S__XP_041417067.1	africanFrog	fish	CMAF	
annotated	axolotl__MAF__XP_069508968.1	axolotl	fish	CMAF	
annotated	bambooShark__mafa__XP_072451968.1	bambooShark	fish	CMAF	
annotated	catshark__mafa__XP_072373938.1	catshark	fish	CMAF	
annotated	coelacanth__LOC102348657__XP_014344902.1	coelacanth	fish	CMAF	
annotated	himalayaFrog__MAF__XP_018411242.1	himalayaFrog	fish	CMAF	
annotated	lungfish__MAF__XP_043937739.1	lungfish	fish	CMAF	
annotated	redStingray__LOC140740842__XP_072926494.1	redStingray	fish	CMAF	
annotated	spottedGar__mafa__XP_006641197.2	spottedGar	fish	CMAF	
annotated	tinyCaecilian__MAF__XP_030060362.1	tinyCaecilian	fish	CMAF	
annotated	twolinedCaecilian__MAF__XP_029464021.1	twolinedCaecilian	fish	CMAF	
annotated	westernFrog__maf__NP_001027476.1	westernFrog	fish	CMAF	
annotated	whaleShark__mafa__XP_048462041.1	whaleShark	fish	CMAF	
annotated	zebraShark__LOC125460078__XP_048403134.2	zebraShark	fish	CMAF	
annotated	africanFrog__mafa.L__XP_018123804.1	africanFrog	fish	MAFA	
annotated	africanFrog__mafa.S__XP_018079484.1	africanFrog	fish	MAFA	
annotated	axolotl__MAFA__XP_069477854.1	axolotl	fish	MAFA	
annotated	bambooShark__mafaa__XP_072426116.1	bambooShark	fish	MAFA	
annotated	catshark__mafaa__XP_072324324.1	catshark	fish	MAFA	
annotated	coelacanth__MAFAA__XP_006007664.1	coelacanth	fish	MAFA	
annotated	himalayaFrog__MAFA__XP_018414465.1	himalayaFrog	fish	MAFA	
annotated	lungfish__MAFA__XP_043923271.1	lungfish	fish	MAFA	
annotated	redStingray__mafaa__XP_072904721.1	redStingray	fish	MAFA	
annotated	spottedGar__mafaa__XP_069047236.1	spottedGar	fish	MAFA	
annotated	tinyCaecilian__MAFA__XP_030075691.1	tinyCaecilian	fish	MAFA	
annotated	twolinedCaecilian__MAFA__XP_029448037.1	twolinedCaecilian	fish	MAFA	
annotated	westernFrog__mafa__NP_001027475.1	westernFrog	fish	MAFA	
annotated	whaleShark__LOC109920499__XP_020376119.1	whaleShark	fish	MAFA	
annotated	zebraShark__mafaa__XP_048385419.1	zebraShark	fish	MAFA	
annotated	africanFrog__mafb.L__XP_018090693.1	africanFrog	fish	MAFB	
annotated	africanFrog__mafb.S__NP_001083852.1	africanFrog	fish	MAFB	
annotated	axolotl__MAFB__XP_069508371.1	axolotl	fish	MAFB	
annotated	bambooShark__LOC140462900__XP_072412445.1	bambooShark	fish	MAFB	
annotated	catshark__LOC140428545__XP_072371246.1	catshark	fish	MAFB	
annotated	coelacanth__LOC102365976__XP_005990472.1	coelacanth	fish	MAFB	
annotated	himalayaFrog__MAFB__XP_018411672.1	himalayaFrog	fish	MAFB	
annotated	lungfish__MAFB__XP_043946392.1	lungfish	fish	MAFB	
annotated	redStingray__mafba__XP_072918127.1	redStingray	fish	MAFB	
annotated	spottedGar__mafba__XP_006639587.2	spottedGar	fish	MAFB	
annotated	tinyCaecilian__MAFB__XP_030068487.1	tinyCaecilian	fish	MAFB	
annotated	twolinedCaecilian__LOC115097897__XP_029469921.1	twolinedCaecilian	fish	MAFB	
annotated	westernFrog__mafb__NP_001025694.1	westernFrog	fish	MAFB	
annotated	whaleShark__LOC109915489__XP_048464344.1	whaleShark	fish	MAFB	
annotated	zebraShark__LOC125461481__XP_048406268.1	zebraShark	fish	MAFB	
annotated	africanFrog__nrl.L__XP_018115091.1	africanFrog	fish	NRL	
annotated	africanFrog__nrl.S__NP_001079206.1	africanFrog	fish	NRL	
annotated	axolotl__LOC138521230__XP_069490020.1	axolotl	fish	NRL	
annotated	coelacanth__LOC102354056__XP_005994483.1	coelacanth	fish	NRL	
annotated	himalayaFrog__LOC108786756__XP_018411616.1	himalayaFrog	fish	NRL	
annotated	lungfish__LOC122790346__XP_043913796.1	lungfish	fish	NRL	
annotated	spottedGar__nrl__XP_069044909.1	spottedGar	fish	NRL	
annotated	tinyCaecilian__NRL__XP_030043638.1	tinyCaecilian	fish	NRL	
annotated	twolinedCaecilian__NRL__XP_029436441.1	twolinedCaecilian	fish	NRL	
annotated	westernFrog__nrl__XP_012808720.1	westernFrog	fish	NRL	
annotated	africanFrog__maff.L__XP_018114367.1	africanFrog	fish	MAFF	
annotated	africanFrog__maff.S__XP_018115181.1	africanFrog	fish	MAFF	
annotated	axolotl__MAFF__XP_069509081.1	axolotl	fish	MAFF	
annotated	bambooShark__LOC140488943__XP_072444262.1	bambooShark	fish	MAFF	
annotated	catshark__LOC140403927__XP_072348285.1	catshark	fish	MAFF	
annotated	coelacanth__LOC102353766__XP_014352934.1	coelacanth	fish	MAFF	
annotated	himalayaFrog__MAFF__XP_018426547.1	himalayaFrog	fish	MAFF	
annotated	lungfish__MAFF__XP_043924399.1	lungfish	fish	MAFF	
annotated	redStingray__LOC140719078__XP_072889555.1	redStingray	fish	MAFF	
annotated	spottedGar__maff__XP_069053156.1	spottedGar	fish	MAFF	
annotated	tinyCaecilian__MAFF__XP_030064149.1	tinyCaecilian	fish	MAFF	
annotated	twolinedCaecilian__MAFF__XP_029446022.1	twolinedCaecilian	fish	MAFF	
annotated	westernFrog__maff__XP_002934281.1	westernFrog	fish	MAFF	
annotated	whaleShark__LOC109925329__XP_048473543.1	whaleShark	fish	MAFF	
annotated	zebraShark__LOC125447181__XP_048377337.1	zebraShark	fish	MAFF	
annotated	africanFrog__mafg.L__XP_041432720.1	africanFrog	fish	MAFG	
annotated	axolotl__MAFG__XP_069511406.1	axolotl	fish	MAFG	
annotated	bambooShark__LOC140464029__XP_072414753.1	bambooShark	fish	MAFG	
annotated	catshark__LOC140395576__XP_072339627.1	catshark	fish	MAFG	
annotated	coelacanth__LOC102359190__XP_064423458.1	coelacanth	fish	MAFG	
annotated	himalayaFrog__MAFG__XP_018409131.1	himalayaFrog	fish	MAFG	
annotated	lungfish__MAFG__XP_043924159.1	lungfish	fish	MAFG	
annotated	redStingray__mafga__XP_072882308.1	redStingray	fish	MAFG	
annotated	spottedGar__mafgb__XP_006635210.2	spottedGar	fish	MAFG	
annotated	tinyCaecilian__LOC115462212__XP_030048085.1	tinyCaecilian	fish	MAFG	
annotated	tinyCaecilian__MAFG__XP_030061033.1	tinyCaecilian	fish	MAFG	
annotated	twolinedCaecilian__MAFG__XP_029454938.1	twolinedCaecilian	fish	MAFG	
annotated	westernFrog__mafg__XP_004916428.1	westernFrog	fish	MAFG	
annotated	whaleShark__LOC125481030__XP_048466689.1	whaleShark	fish	MAFG	
annotated	zebraShark__LOC125463828__XP_048411544.1	zebraShark	fish	MAFG	
annotated	africanFrog__mafk.L__XP_041432184.1	africanFrog	fish	MAFK	
annotated	africanFrog__mafk.S__XP_018094625.1	africanFrog	fish	MAFK	
annotated	axolotl__MAFK__XP_069503740.1	axolotl	fish	MAFK	
annotated	bambooShark__mafk__XP_072415341.1	bambooShark	fish	MAFK	
annotated	catshark__mafk__XP_072337129.1	catshark	fish	MAFK	
annotated	himalayaFrog__MAFK__XP_018412616.1	himalayaFrog	fish	MAFK	
annotated	redStingray__mafk__XP_072917087.1	redStingray	fish	MAFK	
annotated	spottedGar__mafk__XP_015215295.1	spottedGar	fish	MAFK	
annotated	tinyCaecilian__MAFK__XP_030068393.1	tinyCaecilian	fish	MAFK	
annotated	twolinedCaecilian__MAFK__XP_029432539.1	twolinedCaecilian	fish	MAFK	
annotated	westernFrog__mafk__XP_031748285.1	westernFrog	fish	MAFK	
annotated	whaleShark__mafk__XP_020382141.1	whaleShark	fish	MAFK	
annotated	zebraShark__mafk__XP_048408027.1	zebraShark	fish	MAFK	
annotated	africanFrog__otx1.L__XP_018117180.1	africanFrog	fish	OTX1	
annotated	axolotl__OTX1__XP_069464308.1	axolotl	fish	OTX1	
annotated	bambooShark__otx1__XP_072437691.1	bambooShark	fish	OTX1	
annotated	catshark__otx1__XP_072363412.1	catshark	fish	OTX1	
annotated	coelacanth__OTX1__XP_005989615.1	coelacanth	fish	OTX1	
annotated	himalayaFrog__OTX1__XP_018411224.1	himalayaFrog	fish	OTX1	
annotated	lungfish__OTX1__XP_043911449.1	lungfish	fish	OTX1	
annotated	redStingray__otx1__XP_072907299.1	redStingray	fish	OTX1	
annotated	spottedGar__otx1__XP_006638669.2	spottedGar	fish	OTX1	
annotated	tinyCaecilian__OTX1__XP_030050515.1	tinyCaecilian	fish	OTX1	
annotated	twolinedCaecilian__OTX1__XP_029449529.1	twolinedCaecilian	fish	OTX1	
annotated	westernFrog__otx1__XP_031757465.1	westernFrog	fish	OTX1	
annotated	whaleShark__otx1__XP_048457470.1	whaleShark	fish	OTX1	
annotated	zebraShark__otx1__XP_048391779.1	zebraShark	fish	OTX1	
annotated	africanFrog__otx2.L__XP_018084329.1	africanFrog	fish	OTX2	
annotated	africanFrog__otx2.S__NP_001084160.1	africanFrog	fish	OTX2	
annotated	axolotl__OTX2__XP_069494173.1	axolotl	fish	OTX2	
annotated	bambooShark__otx2b__XP_072424894.1	bambooShark	fish	OTX2	
annotated	catshark__otx2b__XP_072345682.1	catshark	fish	OTX2	
annotated	coelacanth__OTX2B__XP_005986517.1	coelacanth	fish	OTX2	
annotated	himalayaFrog__OTX2__XP_018418283.1	himalayaFrog	fish	OTX2	
annotated	lungfish__OTX2__XP_043930372.1	lungfish	fish	OTX2	
annotated	redStingray__otx2b__XP_072896008.1	redStingray	fish	OTX2	
annotated	spottedGar__otx2b__XP_006632284.1	spottedGar	fish	OTX2	
annotated	tinyCaecilian__OTX2__XP_030070658.1	tinyCaecilian	fish	OTX2	
annotated	twolinedCaecilian__OTX2__XP_029453271.1	twolinedCaecilian	fish	OTX2	
annotated	westernFrog__otx2__XP_012823826.1	westernFrog	fish	OTX2	
annotated	whaleShark__otx2b__XP_020382934.1	whaleShark	fish	OTX2	
annotated	zebraShark__otx2b__XP_048394529.1	zebraShark	fish	OTX2	
annotated	africanFrog__crx.L__NP_001081916.1	africanFrog	fish	CRX	
annotated	africanFrog__crx.S__XP_041429996.1	africanFrog	fish	CRX	
annotated	axolotl__LOC138566747__XP_069500480.1	axolotl	fish	CRX	
annotated	bambooShark__LOC140454601__XP_072405569.1	bambooShark	fish	CRX	
annotated	catshark__LOC140402323__XP_072346133.1	catshark	fish	CRX	
annotated	coelacanth__LOC102351276__XP_005987868.1	coelacanth	fish	CRX	
annotated	himalayaFrog__CRX__XP_018411526.1	himalayaFrog	fish	CRX	
annotated	lungfish__LOC122811864__XP_043940051.1	lungfish	fish	CRX	
annotated	spottedGar__LOC102686928__XP_069042592.1	spottedGar	fish	CRX	
annotated	tinyCaecilian__CRX__XP_030075057.1	tinyCaecilian	fish	CRX	
annotated	twolinedCaecilian__LOC115100559__XP_029474937.1	twolinedCaecilian	fish	CRX	
annotated	twolinedCaecilian__LOC115100686__XP_029475258.1	twolinedCaecilian	fish	CRX	
annotated	westernFrog__crx__XP_012823813.2	westernFrog	fish	CRX	
annotated	whaleShark__LOC109936750__XP_048474331.1	whaleShark	fish	CRX	
annotated	zebraShark__LOC125447748__XP_048378383.1	zebraShark	fish	CRX	
annotated	channelCatfish__mafa__XP_017322189.1	channelCatfish	teleost	CMAF	
annotated	channelCatfish__mafb__XP_047015791.1	channelCatfish	teleost	CMAF	
annotated	cod__mafa__XP_030233636.1	cod	teleost	CMAF	
annotated	flavescentPeacockFish__LOC115781690__XP_030587350.1	flavescentPeacockFish	teleost	CMAF	
annotated	flavescentPeacockFish__mafa__XP_030613676.1	flavescentPeacockFish	teleost	CMAF	
annotated	giltheadBream__LOC115586770__XP_030281966.1	giltheadBream	teleost	CMAF	
annotated	giltheadBream__mafa__XP_030270417.1	giltheadBream	teleost	CMAF	
annotated	grassCarp__mafa__XP_051727005.1	grassCarp	teleost	CMAF	
annotated	grassCarp__mafb__XP_051739567.1	grassCarp	teleost	CMAF	
annotated	northernPike__LOC105022181__XP_010888682.1	northernPike	teleost	CMAF	
annotated	northernPike__mafa__XP_019895967.1	northernPike	teleost	CMAF	
annotated	oceanJacket__LOC142903523__XP_075905321.1	oceanJacket	teleost	CMAF	
annotated	oceanJacket__mafa__XP_075879646.1	oceanJacket	teleost	CMAF	
annotated	oldwife__LOC139286594__XP_070763562.1	oldwife	teleost	CMAF	
annotated	oldwife__mafa__XP_070760746.1	oldwife	teleost	CMAF	
annotated	piranha__mafa__XP_017564729.1	piranha	teleost	CMAF	
annotated	piranha__mafb__XP_017554927.1	piranha	teleost	CMAF	
annotated	snakeheadFish__LOC137125426__XP_067356963.1	snakeheadFish	teleost	CMAF	
annotated	snakeheadFish__mafa__XP_067343238.1	snakeheadFish	teleost	CMAF	
annotated	tuna__mafa__XP_044203536.1	tuna	teleost	CMAF	
annotated	tuna__mafb__XP_044212074.1	tuna	teleost	CMAF	
annotated	yangtzeCatfish__mafa__XP_046721024.1	yangtzeCatfish	teleost	CMAF	
annotated	yangtzeCatfish__mafb__XP_046715288.1	yangtzeCatfish	teleost	CMAF	
annotated	zebrafish__mafa__XP_021323247.1	zebrafish	teleost	CMAF	
annotated	zebrafish__mafb__NP_001303598.2	zebrafish	teleost	CMAF	
annotated	channelCatfish__mafaa__XP_053539678.1	channelCatfish	teleost	MAFA	
annotated	cod__mafaa__XP_030229457.1	cod	teleost	MAFA	
annotated	flavescentPeacockFish__mafaa__XP_030584217.1	flavescentPeacockFish	teleost	MAFA	
annotated	giltheadBream__mafaa__XP_030287986.1	giltheadBream	teleost	MAFA	
annotated	grassCarp__mafaa__XP_051754161.1	grassCarp	teleost	MAFA	
annotated	northernPike__mafaa__XP_010870766.1	northernPike	teleost	MAFA	
annotated	oceanJacket__mafaa__XP_075901712.1	oceanJacket	teleost	MAFA	
annotated	oldwife__mafaa__XP_070765312.1	oldwife	teleost	MAFA	
annotated	piranha__mafaa__XP_017577129.1	piranha	teleost	MAFA	
annotated	snakeheadFish__mafaa__XP_067370396.1	snakeheadFish	teleost	MAFA	
annotated	tuna__mafaa__XP_044217031.1	tuna	teleost	MAFA	
annotated	yangtzeCatfish__mafaa__XP_046709800.1	yangtzeCatfish	teleost	MAFA	
annotated	zebrafish__mafaa__NP_001076409.1	zebrafish	teleost	MAFA	
annotated	channelCatfish__mafba__XP_017343290.1	channelCatfish	teleost	MAFB	
annotated	cod__mafba__XP_030211285.1	cod	teleost	MAFB	
annotated	cod__mafbb__XP_030229769.1	cod	teleost	MAFB	
annotated	flavescentPeacockFish__LOC115780235__XP_030585184.1	flavescentPeacockFish	teleost	MAFB	
annotated	flavescentPeacockFish__mafba__XP_030590400.1	flavescentPeacockFish	teleost	MAFB	
annotated	giltheadBream__mafba__XP_030279318.1	giltheadBream	teleost	MAFB	
annotated	giltheadBream__mafbb__XP_030276052.1	giltheadBream	teleost	MAFB	
annotated	grassCarp__mafba__XP_051736520.1	grassCarp	teleost	MAFB	
annotated	northernPike__mafba__XP_019907591.2	northernPike	teleost	MAFB	
annotated	northernPike__mafbb__XP_010880215.1	northernPike	teleost	MAFB	
annotated	oceanJacket__mafba__XP_075882207.1	oceanJacket	teleost	MAFB	
annotated	oceanJacket__mafbb__XP_075903975.1	oceanJacket	teleost	MAFB	
annotated	oldwife__mafba__XP_070766159.1	oldwife	teleost	MAFB	
annotated	oldwife__mafbb__XP_070758187.1	oldwife	teleost	MAFB	
annotated	piranha__mafba__XP_017553718.1	piranha	teleost	MAFB	
annotated	snakeheadFish__LOC137127917__XP_067361581.1	snakeheadFish	teleost	MAFB	
annotated	snakeheadFish__mafba__XP_067383503.1	snakeheadFish	teleost	MAFB	
annotated	tuna__mafba__XP_044207803.1	tuna	teleost	MAFB	
annotated	tuna__mafbb__XP_044204647.1	tuna	teleost	MAFB	
annotated	yangtzeCatfish__mafba__XP_046725730.1	yangtzeCatfish	teleost	MAFB	
annotated	zebrafish__mafba__NP_571090.2	zebrafish	teleost	MAFB	
annotated	channelCatfish__nrl__XP_053541635.1	channelCatfish	teleost	NRL	
annotated	cod__nrl__XP_030229459.1	cod	teleost	NRL	
annotated	flavescentPeacockFish__nrl__XP_030583765.1	flavescentPeacockFish	teleost	NRL	
annotated	giltheadBream__nrl__XP_030288310.1	giltheadBream	teleost	NRL	
annotated	grassCarp__nrl__XP_051731548.1	grassCarp	teleost	NRL	
annotated	northernPike__nrl__XP_010870577.1	northernPike	teleost	NRL	
annotated	oceanJacket__nrl__XP_075895450.1	oceanJacket	teleost	NRL	
annotated	oldwife__nrl__XP_070764973.1	oldwife	teleost	NRL	
annotated	piranha__nrl__XP_017553181.1	piranha	teleost	NRL	
annotated	snakeheadFish__nrl__XP_067370542.1	snakeheadFish	teleost	NRL	
annotated	tuna__nrl__XP_044216424.1	tuna	teleost	NRL	
annotated	yangtzeCatfish__nrl__XP_046729803.1	yangtzeCatfish	teleost	NRL	
annotated	zebrafish__nrl__NP_001035421.1	zebrafish	teleost	NRL	
annotated	channelCatfish__maff__XP_017339225.1	channelCatfish	teleost	MAFF	
annotated	cod__LOC115531400__XP_074930269.1	cod	teleost	MAFF	
annotated	flavescentPeacockFish__LOC115798469__XP_074930552.1	flavescentPeacockFish	teleost	MAFF	
annotated	giltheadBream__maff__XP_030257020.1	giltheadBream	teleost	MAFF	
annotated	grassCarp__maff__XP_051771291.1	grassCarp	teleost	MAFF	
annotated	northernPike__maff__XP_010893859.1	northernPike	teleost	MAFF	
annotated	oceanJacket__maff__XP_075890875.1	oceanJacket	teleost	MAFF	
annotated	oldwife__maff__XP_070783430.1	oldwife	teleost	MAFF	
annotated	piranha__maff__XP_017560970.1	piranha	teleost	MAFF	
annotated	snakeheadFish__maff__XP_067343664.1	snakeheadFish	teleost	MAFF	
annotated	tuna__maff__XP_044193825.1	tuna	teleost	MAFF	
annotated	yangtzeCatfish__maff__XP_046709373.1	yangtzeCatfish	teleost	MAFF	
annotated	zebrafish__maff__NP_956630.1	zebrafish	teleost	MAFF	
annotated	channelCatfish__mafga__XP_053530046.1	channelCatfish	teleost	MAFG	
annotated	channelCatfish__mafgb__XP_017333948.1	channelCatfish	teleost	MAFG	
annotated	cod__LOC115539323__XP_030206232.1	cod	teleost	MAFG	
annotated	cod__mafgb__XP_030208298.1	cod	teleost	MAFG	
annotated	flavescentPeacockFish__LOC115785214__XP_030592582.1	flavescentPeacockFish	teleost	MAFG	
annotated	flavescentPeacockFish__mafgb__XP_030592808.1	flavescentPeacockFish	teleost	MAFG	
annotated	giltheadBream__LOC115576097__XP_030264467.1	giltheadBream	teleost	MAFG	
annotated	giltheadBream__mafgb__XP_030252038.1	giltheadBream	teleost	MAFG	
annotated	grassCarp__mafga__XP_051743368.1	grassCarp	teleost	MAFG	
annotated	grassCarp__mafgb__XP_051767641.1	grassCarp	teleost	MAFG	
annotated	northernPike__LOC105013039__XP_010872589.1	northernPike	teleost	MAFG	
annotated	northernPike__mafgb__XP_028978188.1	northernPike	teleost	MAFG	
annotated	oceanJacket__LOC142886990__XP_075880409.1	oceanJacket	teleost	MAFG	
annotated	oceanJacket__mafgb__XP_075895695.1	oceanJacket	teleost	MAFG	
annotated	oldwife__LOC139300464__XP_070779677.1	oldwife	teleost	MAFG	
annotated	oldwife__mafgb__XP_070778961.1	oldwife	teleost	MAFG	
annotated	piranha__mafga__XP_017569580.1	piranha	teleost	MAFG	
annotated	piranha__mafgb__XP_037400945.1	piranha	teleost	MAFG	
annotated	snakeheadFish__LOC137099843__XP_067333265.1	snakeheadFish	teleost	MAFG	
annotated	snakeheadFish__mafgb__XP_067354826.1	snakeheadFish	teleost	MAFG	
annotated	tuna__LOC122966582__XP_044186748.1	tuna	teleost	MAFG	
annotated	tuna__mafgb__XP_044202054.1	tuna	teleost	MAFG	
annotated	yangtzeCatfish__mafga__XP_046721846.1	yangtzeCatfish	teleost	MAFG	
annotated	yangtzeCatfish__mafgb__XP_046713108.1	yangtzeCatfish	teleost	MAFG	
annotated	zebrafish__mafga__XP_021325832.2	zebrafish	teleost	MAFG	
annotated	zebrafish__mafgb__XP_005169479.2	zebrafish	teleost	MAFG	
annotated	channelCatfish__mafk__XP_017310124.1	channelCatfish	teleost	MAFK	
annotated	cod__mafk__XP_030206167.1	cod	teleost	MAFK	
annotated	flavescentPeacockFish__mafk__XP_030591848.1	flavescentPeacockFish	teleost	MAFK	
annotated	giltheadBream__mafk__XP_030264057.1	giltheadBream	teleost	MAFK	
annotated	grassCarp__mafk__XP_051742255.1	grassCarp	teleost	MAFK	
annotated	northernPike__mafk__XP_010872892.1	northernPike	teleost	MAFK	
annotated	oceanJacket__mafk__XP_075894952.1	oceanJacket	teleost	MAFK	
annotated	oldwife__mafk__XP_070778581.1	oldwife	teleost	MAFK	
annotated	piranha__mafk__XP_017562994.1	piranha	teleost	MAFK	
annotated	snakeheadFish__mafk__XP_067332667.1	snakeheadFish	teleost	MAFK	
annotated	tuna__mafk__XP_044186196.1	tuna	teleost	MAFK	
annotated	yangtzeCatfish__mafk__XP_046690455.1	yangtzeCatfish	teleost	MAFK	
annotated	zebrafish__mafk__XP_005164260.1	zebrafish	teleost	MAFK	
annotated	channelCatfish__otx1__XP_017330959.1	channelCatfish	teleost	OTX1	
annotated	cod__otx1__XP_030235839.1	cod	teleost	OTX1	
annotated	flavescentPeacockFish__otx1__XP_030603933.1	flavescentPeacockFish	teleost	OTX1	
annotated	giltheadBream__otx1__XP_030296709.1	giltheadBream	teleost	OTX1	
annotated	grassCarp__otx1__XP_051725101.1	grassCarp	teleost	OTX1	
annotated	northernPike__otx1__XP_010865940.1	northernPike	teleost	OTX1	
annotated	oceanJacket__otx1__XP_075906938.1	oceanJacket	teleost	OTX1	
annotated	oldwife__otx1__XP_070772027.1	oldwife	teleost	OTX1	
annotated	piranha__otx1__XP_017560465.1	piranha	teleost	OTX1	
annotated	snakeheadFish__otx1__XP_067369269.1	snakeheadFish	teleost	OTX1	
annotated	tuna__otx1__XP_044229764.1	tuna	teleost	OTX1	
annotated	yangtzeCatfish__otx1__XP_046711104.1	yangtzeCatfish	teleost	OTX1	
annotated	zebrafish__otx1__NP_571325.2	zebrafish	teleost	OTX1	
annotated	channelCatfish__otx2a__XP_017312368.1	channelCatfish	teleost	OTX2	
annotated	channelCatfish__otx5__XP_017345917.1	channelCatfish	teleost	OTX2	
annotated	cod__LOC115539721__XP_030206357.1	cod	teleost	OTX2	
annotated	cod__LOC115528900__XP_030193154.1	cod	teleost	OTX2	
annotated	flavescentPeacockFish__LOC115784140__XP_030591115.1	flavescentPeacockFish	teleost	OTX2	
annotated	flavescentPeacockFish__LOC115790034__XP_030599542.1	flavescentPeacockFish	teleost	OTX2	
annotated	giltheadBream__LOC115592924__XP_030292055.1	giltheadBream	teleost	OTX2	
annotated	giltheadBream__LOC115594333__XP_030294209.1	giltheadBream	teleost	OTX2	
annotated	grassCarp__otx2a__XP_051764913.1	grassCarp	teleost	OTX2	
annotated	grassCarp__otx5__XP_051718509.1	grassCarp	teleost	OTX2	
annotated	northernPike__LOC105021530__XP_019905224.2	northernPike	teleost	OTX2	
annotated	northernPike__otx5__XP_010896957.3	northernPike	teleost	OTX2	
annotated	oceanJacket__LOC142881380__XP_075871769.1	oceanJacket	teleost	OTX2	
annotated	oceanJacket__LOC142903351__XP_075905034.1	oceanJacket	teleost	OTX2	
annotated	oceanJacket__LOC142903970__XP_075905998.1	oceanJacket	teleost	OTX2	
annotated	oldwife__LOC139294521__XP_070772537.1	oldwife	teleost	OTX2	
annotated	oldwife__LOC139285196__XP_070761798.1	oldwife	teleost	OTX2	
annotated	piranha__otx2a__XP_017572022.1	piranha	teleost	OTX2	
annotated	piranha__otx5__XP_017578892.1	piranha	teleost	OTX2	
annotated	snakeheadFish__LOC137124486__XP_067355659.1	snakeheadFish	teleost	OTX2	
annotated	snakeheadFish__LOC137129553__XP_067364930.1	snakeheadFish	teleost	OTX2	
annotated	tuna__LOC122976959__XP_044201435.1	tuna	teleost	OTX2	
annotated	tuna__LOC122983364__XP_044208999.1	tuna	teleost	OTX2	
annotated	yangtzeCatfish__otx2a__XP_046693058.1	yangtzeCatfish	teleost	OTX2	
annotated	yangtzeCatfish__otx5__XP_046719411.1	yangtzeCatfish	teleost	OTX2	
annotated	zebrafish__otx2a__NP_571290.1	zebrafish	teleost	OTX2	
annotated	zebrafish__otx5__NP_851848.2	zebrafish	teleost	OTX2	
annotated	channelCatfish__crx__XP_017315072.1	channelCatfish	teleost	CRX	
annotated	cod__crx__XP_030218380.1	cod	teleost	CRX	
annotated	flavescentPeacockFish__crx__XP_030601988.1	flavescentPeacockFish	teleost	CRX	
annotated	giltheadBream__crx__XP_030293809.1	giltheadBream	teleost	CRX	
annotated	grassCarp__crx__XP_051750357.1	grassCarp	teleost	CRX	
annotated	northernPike__crx__XP_010869096.1	northernPike	teleost	CRX	
annotated	oceanJacket__LOC142884405__XP_075876083.1	oceanJacket	teleost	CRX	
annotated	oldwife__crx__XP_070773366.1	oldwife	teleost	CRX	
annotated	piranha__crx__XP_017569370.1	piranha	teleost	CRX	
annotated	snakeheadFish__crx__XP_067350591.1	snakeheadFish	teleost	CRX	
annotated	tuna__crx__XP_044225469.1	tuna	teleost	CRX	
annotated	yangtzeCatfish__crx__XP_046695462.1	yangtzeCatfish	teleost	CRX	
annotated	zebrafish__crx__NP_694419.1	zebrafish	teleost	CRX	
annotated	acornWorm__maf-like__NP_001164706.1	acornWorm	invertebrate	MAFL	
annotated	amphioxus__LOC136438471__XP_066289367.1	amphioxus	invertebrate	MAFL	
annotated	drosophila__tj__NP_001260582.1	drosophila	invertebrate	MAFL	
annotated	echinoderm__LOC117114910__XP_033114416.1	echinoderm	invertebrate	MAFL	
annotated	octopus__LOC106877814__XP_014782317.1	octopus	invertebrate	MAFL	
annotated	plastererBee__LOC122403542__XP_043263048.1	plastererBee	invertebrate	MAFL	
annotated	scallop__LOC110466773__XP_021379197.1	scallop	invertebrate	MAFL	
annotated	tardigrade__LOC129584033__XP_055332096.1	tardigrade	invertebrate	MAFL	
annotated	americanLobster__LOC121867327__XP_042223182.1	americanLobster	invertebrate	MAFS	
annotated	drosophila__maf-S__NP_001286639.1	drosophila	invertebrate	MAFS	
annotated	plastererBee__LOC122396420__XP_043250725.1	plastererBee	invertebrate	MAFS	
annotated	seaSquirt__LOC120331304__XP_039254309.1	seaSquirt	invertebrate	MAFS	
annotated	seaSquirt__LOC120347869__XP_039273915.1	seaSquirt	invertebrate	MAFS	
annotated	vaseTunicate__LOC778757__NP_001071818.1	vaseTunicate	invertebrate	MAFS	
annotated	acornWorm__Dmbx__NP_001161526.1	acornWorm	invertebrate	OTX	
annotated	acornWorm__LOC100369471__XP_002735289.1	acornWorm	invertebrate	OTX	
annotated	acornWorm__LOC102804715__XP_006821810.1	acornWorm	invertebrate	OTX	
annotated	acornWorm__PHox2__NP_001164681.1	acornWorm	invertebrate	OTX	
annotated	acornWorm__drgx__NP_001158481.1	acornWorm	invertebrate	OTX	
annotated	acornWorm__otx__NP_001158360.1	acornWorm	invertebrate	OTX	
annotated	americanLobster__LOC121854528__XP_042205135.1	americanLobster	invertebrate	OTX	
annotated	americanLobster__LOC121854966__XP_042205720.1	americanLobster	invertebrate	OTX	
annotated	americanLobster__LOC121878533__XP_042240735.1	americanLobster	invertebrate	OTX	
annotated	americanLobster__LOC121879871__XP_042242588.1	americanLobster	invertebrate	OTX	
annotated	amphioxus__LOC136433338__XP_066281542.1	amphioxus	invertebrate	OTX	
annotated	amphioxus__LOC136436046__XP_066285834.1	amphioxus	invertebrate	OTX	
annotated	amphioxus__LOC136448406__XP_066303959.1	amphioxus	invertebrate	OTX	
annotated	amphioxus__LOC136449157__XP_066305108.1	amphioxus	invertebrate	OTX	
annotated	drosophila__Drgx__NP_001097075.2	drosophila	invertebrate	OTX	
annotated	drosophila__PHDP__NP_523834.1	drosophila	invertebrate	OTX	
annotated	drosophila__oc__NP_001356934.1	drosophila	invertebrate	OTX	
annotated	echinoderm__LOC117104664__XP_033101438.1	echinoderm	invertebrate	OTX	
annotated	echinoderm__LOC117107729__XP_033105362.1	echinoderm	invertebrate	OTX	
annotated	echinoderm__LOC117117484__XP_033117682.1	echinoderm	invertebrate	OTX	
annotated	echinoderm__LOC117119230__XP_033119929.1	echinoderm	invertebrate	OTX	
annotated	flameJellyfish__LOC135681342__XP_065051838.1	flameJellyfish	invertebrate	OTX	
annotated	flameJellyfish__LOC135681422__XP_065051962.1	flameJellyfish	invertebrate	OTX	
annotated	flameJellyfish__LOC135681476__XP_065052046.1	flameJellyfish	invertebrate	OTX	
annotated	flameJellyfish__LOC135681547__XP_065052147.1	flameJellyfish	invertebrate	OTX	
annotated	flameJellyfish__LOC135681548__XP_065052148.1	flameJellyfish	invertebrate	OTX	
annotated	hydra__LOC100209084__XP_065655724.1	hydra	invertebrate	OTX	
annotated	hydra__LOC100211908__NP_001296697.1	hydra	invertebrate	OTX	
annotated	hydra__LOC105846072__XP_065655683.1	hydra	invertebrate	OTX	
annotated	octopus__LOC106873941__NP_001310717.1	octopus	invertebrate	OTX	
annotated	octopus__LOC106877685__XP_014782118.1	octopus	invertebrate	OTX	
annotated	octopus__LOC106879885__XP_052832725.1	octopus	invertebrate	OTX	
annotated	octopus__LOC106883503__XP_014790018.1	octopus	invertebrate	OTX	
annotated	plastererBee__LOC122399734__XP_043256577.1	plastererBee	invertebrate	OTX	
annotated	plastererBee__LOC122399790__XP_043256686.1	plastererBee	invertebrate	OTX	
annotated	plastererBee__LOC122401243__XP_043259183.1	plastererBee	invertebrate	OTX	
annotated	plastererBee__LOC122403419__XP_043262867.1	plastererBee	invertebrate	OTX	
annotated	scallop__LOC110448536__XP_021350497.1	scallop	invertebrate	OTX	
annotated	scallop__LOC110450433__XP_021353636.1	scallop	invertebrate	OTX	
annotated	scallop__LOC110452824__XP_021357195.1	scallop	invertebrate	OTX	
annotated	scallop__LOC110454873__XP_021360300.1	scallop	invertebrate	OTX	
annotated	seaSquirt__LOC120326315__XP_039248511.1	seaSquirt	invertebrate	OTX	
annotated	seaSquirt__LOC120331221__XP_039254229.1	seaSquirt	invertebrate	OTX	
annotated	seaSquirt__LOC120341627__XP_039266104.1	seaSquirt	invertebrate	OTX	
annotated	seaSquirt__LOC120348055__XP_039274099.1	seaSquirt	invertebrate	OTX	
annotated	seaurchin__LOC121407968__XP_041455186.1	seaurchin	invertebrate	OTX	
annotated	seaurchin__LOC121418261__XP_041467961.1	seaurchin	invertebrate	OTX	
annotated	seaurchin__LOC121431990__XP_041485726.1	seaurchin	invertebrate	OTX	
annotated	seaurchin__LOC121432035__XP_041485789.1	seaurchin	invertebrate	OTX	
annotated	tardigrade__LOC129584993__XP_055333443.1	tardigrade	invertebrate	OTX	
annotated	tardigrade__LOC129586666__XP_055335966.1	tardigrade	invertebrate	OTX	
annotated	tardigrade__LOC129589245__XP_055339840.1	tardigrade	invertebrate	OTX	
annotated	tardigrade__LOC129598308__XP_055352121.1	tardigrade	invertebrate	OTX	
annotated	vaseTunicate__LOC100178876__XP_002119140.1	vaseTunicate	invertebrate	OTX	
annotated	vaseTunicate__otx2__NP_001027662.2	vaseTunicate	invertebrate	OTX	
annotated	vaseTunicate__phox2__NP_001037829.1	vaseTunicate	invertebrate	OTX	
denovo	boxJellyfishDenovo__Unknown__TRINITY_DN1602_c0_g1_i1.p1	boxJellyfish		MAFL	260.0
denovo	boxJellyfishDenovo__Unknown__TRINITY_DN1602_c0_g1_i1.p1	boxJellyfish		MAFS	260.0
denovo	boxJellyfishDenovo__Unknown__TRINITY_DN35139_c0_g2_i1.p1	boxJellyfish		OTX	520.0
denovo	scallopDenovo__Unknown__TRINITY_DN657_c0_g1_i1.p1	scallop		MAFL	293.0
denovo	scallopDenovo__Unknown__TRINITY_DN657_c0_g1_i1.p1	scallop		MAFS	293.0
denovo	scallopDenovo__Unknown__TRINITY_DN5433_c1_g1_i2.p1	scallop		OTX	431.0
denovo	octopusDenovo__Unknown__TRINITY_DN5979_c0_g1_i1.p1	octopus		MAFL	266.0
denovo	octopusDenovo__Unknown__TRINITY_DN5979_c0_g1_i1.p1	octopus		MAFS	266.0
denovo	octopusDenovo__Unknown__TRINITY_DN1929_c0_g1_i21.p1	octopus		OTX	549.0
denovo	hawaiianSquidDenovo__Unknown__TRINITY_DN14340_c0_g2_i1.p2	hawaiianSquid		MAFL	103.0
denovo	hawaiianSquidDenovo__Unknown__TRINITY_DN14340_c0_g2_i1.p2	hawaiianSquid		MAFS	103.0
denovo	hawaiianSquidDenovo__Unknown__TRINITY_DN20443_c0_g1_i1.p1	hawaiianSquid		OTX	437.0
denovo	reefSquidDenovo__Unknown__TRINITY_DN31639_c0_g1_i1.p1	reefSquid		OTX	122.0
denovo	spiderDenovo__Unknown__TRINITY_DN44266_c0_g1_i1.p1	spider		MAFL	346.0
denovo	spiderDenovo__Unknown__TRINITY_DN29467_c0_g1_i1.p1	spider		MAFS	142.0
denovo	spiderDenovo__Unknown__TRINITY_DN9937_c0_g1_i1.p1	spider		OTX	358.0
denovo	norwayLobsterDenovo__Unknown__TRINITY_DN7289_c1_g1_i1.p1	norwayLobster		MAFL	304.0
denovo	norwayLobsterDenovo__Unknown__TRINITY_DN7289_c1_g1_i1.p1	norwayLobster		MAFS	304.0
denovo	norwayLobsterDenovo__Unknown__TRINITY_DN18427_c2_g2_i5.p1	norwayLobster		OTX	504.0
denovo	drosophilaDenovo__Unknown__TRINITY_DN25296_c0_g1_i2.p1	drosophila		MAFL	512.0
denovo	drosophilaDenovo__Unknown__TRINITY_DN25296_c0_g1_i2.p1	drosophila		MAFS	512.0
denovo	drosophilaDenovo__Unknown__TRINITY_DN284_c0_g1_i5.p1	drosophila		OTX	588.0
denovo	amphioxusDenovo__Unknown__TRINITY_DN2837_c0_g1_i3.p1	amphioxus		MAFL	350.0
denovo	amphioxusDenovo__Unknown__TRINITY_DN2837_c0_g1_i3.p1	amphioxus		MAFS	350.0
denovo	amphioxusDenovo__Unknown__TRINITY_DN28818_c0_g1_i5.p1	amphioxus		OTX	499.0
denovo	vaseTunicateDenovo__Unknown__TRINITY_DN8422_c0_g1_i2.p1	vaseTunicate		MAFL	430.0
denovo	vaseTunicateDenovo__Unknown__TRINITY_DN8422_c0_g1_i2.p1	vaseTunicate		MAFS	430.0
denovo	vaseTunicateDenovo__Unknown__TRINITY_DN5152_c0_g1_i2.p1	vaseTunicate		OTX	521.0
denovo	broadgilledHagfishDenovo__Unknown__TRINITY_DN4400_c1_g1_i51.p1	broadgilledHagfish		CRX	447.0
denovo	broadgilledHagfishDenovo__Unknown__TRINITY_DN2165_c0_g1_i4.p1	broadgilledHagfish		MAFF	164.0
denovo	broadgilledHagfishDenovo__Unknown__TRINITY_DN2198_c0_g1_i5.p1	broadgilledHagfish		NRL	630.0
denovo	broadgilledHagfishDenovo__Unknown__TRINITY_DN1106_c1_g1_i2.p1	broadgilledHagfish		OTX1	377.0
denovo	broadgilledHagfishDenovo__Unknown__TRINITY_DN4400_c1_g1_i51.p1	broadgilledHagfish		OTX2	447.0
denovo	pouchedLampreyDenovo__Unknown__TRINITY_DN4424_c2_g1_i1.p2	pouchedLamprey		CMAF	252.0
denovo	pouchedLampreyDenovo__Unknown__TRINITY_DN583_c1_g1_i6.p1	pouchedLamprey		CRX	410.0
denovo	pouchedLampreyDenovo__Unknown__TRINITY_DN6656_c0_g2_i2.p2	pouchedLamprey		NRL	178.0
denovo	pouchedLampreyDenovo__Unknown__TRINITY_DN1833_c0_g1_i24.p2	pouchedLamprey		OTX1	309.0
denovo	pouchedLampreyDenovo__Unknown__TRINITY_DN583_c1_g1_i6.p1	pouchedLamprey		OTX2	410.0
denovo	shortheadLampreyDenovo__Unknown__TRINITY_DN86006_c0_g1_i1.p1	shortheadLamprey		MAFG	152.0
denovo	shortheadLampreyDenovo__Unknown__TRINITY_DN10608_c0_g1_i1.p2	shortheadLamprey		NRL	373.0
denovo	shortheadLampreyDenovo__Unknown__TRINITY_DN216_c1_g1_i9.p1	shortheadLamprey		OTX1	482.0
denovo	seaLampreyDenovo__Unknown__TRINITY_DN7178_c1_g1_i1.p1	seaLamprey		CMAF	411.0
denovo	seaLampreyDenovo__Unknown__TRINITY_DN18384_c0_g1_i3.p1	seaLamprey		CRX	277.0
denovo	seaLampreyDenovo__Unknown__TRINITY_DN99007_c4_g1_i1.p2	seaLamprey		MAFB	178.0
denovo	seaLampreyDenovo__Unknown__TRINITY_DN48567_c2_g2_i1.p2	seaLamprey		MAFG	151.0
denovo	seaLampreyDenovo__Unknown__TRINITY_DN143252_c0_g2_i1.p1	seaLamprey		NRL	105.0
denovo	seaLampreyDenovo__Unknown__TRINITY_DN18384_c0_g1_i3.p1	seaLamprey		OTX2	277.0
denovo	arcticLampreyDenovo__Unknown__TRINITY_DN37071_c0_g1_i2.p1	arcticLamprey		CRX	346.0
denovo	arcticLampreyDenovo__Unknown__TRINITY_DN11446_c0_g1_i1.p1	arcticLamprey		MAFG	136.0
denovo	arcticLampreyDenovo__Unknown__TRINITY_DN2921_c0_g1_i6.p1	arcticLamprey		OTX1	210.0
denovo	arcticLampreyDenovo__Unknown__TRINITY_DN37071_c0_g1_i2.p1	arcticLamprey		OTX2	346.0
denovo	bluespottedStingrayDenovo__Unknown__TRINITY_DN6522_c0_g2_i2.p1	bluespottedStingray		CMAF	691.0
denovo	bluespottedStingrayDenovo__Unknown__TRINITY_DN20_c12_g1_i3.p2	bluespottedStingray		CRX	294.0
denovo	bluespottedStingrayDenovo__Unknown__TRINITY_DN1087_c0_g1_i1.p2	bluespottedStingray		MAFB	307.0
denovo	bluespottedStingrayDenovo__Unknown__TRINITY_DN3460_c0_g2_i1.p1	bluespottedStingray		MAFG	163.0
denovo	bluespottedStingrayDenovo__Unknown__TRINITY_DN6273_c7_g1_i1.p1	bluespottedStingray		MAFK	142.0
denovo	bluespottedStingrayDenovo__Unknown__TRINITY_DN8755_c0_g1_i1.p1	bluespottedStingray		OTX1	321.0
denovo	bluespottedStingrayDenovo__Unknown__TRINITY_DN15987_c0_g1_i1.p1	bluespottedStingray		OTX2	343.0
denovo	catsharkDenovo__Unknown__TRINITY_DN68612_c0_g1_i1.p1	catshark		CMAF	107.0
denovo	catsharkDenovo__Unknown__TRINITY_DN1784_c0_g1_i1.p1	catshark		CRX	328.0
denovo	catsharkDenovo__Unknown__TRINITY_DN50368_c1_g1_i1.p1	catshark		MAFA	160.0
denovo	catsharkDenovo__Unknown__TRINITY_DN58144_c0_g1_i1.p2	catshark		MAFB	184.0
denovo	catsharkDenovo__Unknown__TRINITY_DN33891_c0_g1_i1.p1	catshark		MAFF	181.0
denovo	catsharkDenovo__Unknown__TRINITY_DN86925_c0_g1_i1.p1	catshark		MAFG	163.0
denovo	catsharkDenovo__Unknown__TRINITY_DN4533_c0_g1_i2.p3	catshark		NRL	172.0
denovo	catsharkDenovo__Unknown__TRINITY_DN1816_c0_g1_i1.p1	catshark		OTX1	317.0
denovo	catsharkDenovo__Unknown__TRINITY_DN1784_c0_g1_i1.p1	catshark		OTX2	328.0
denovo	reefSharkDenovo__Unknown__TRINITY_DN3752_c0_g1_i9.p1	reefShark		CRX	291.0
denovo	reefSharkDenovo__Unknown__TRINITY_DN17848_c0_g1_i1.p2	reefShark		MAFA	102.0
denovo	reefSharkDenovo__Unknown__TRINITY_DN21881_c0_g1_i5.p2	reefShark		MAFB	131.0
denovo	reefSharkDenovo__Unknown__TRINITY_DN9238_c0_g2_i2.p1	reefShark		MAFF	172.0
denovo	reefSharkDenovo__Unknown__TRINITY_DN7961_c0_g1_i1.p1	reefShark		MAFG	217.0
denovo	reefSharkDenovo__Unknown__TRINITY_DN7936_c0_g1_i1.p1	reefShark		OTX1	317.0
denovo	reefSharkDenovo__Unknown__TRINITY_DN3752_c0_g1_i9.p1	reefShark		OTX2	291.0
denovo	bambooSharkDenovo__Unknown__TRINITY_DN2442_c8_g1_i1.p1	bambooShark		CMAF	159.0
denovo	bambooSharkDenovo__Unknown__TRINITY_DN174_c0_g2_i7.p1	bambooShark		CRX	311.0
denovo	bambooSharkDenovo__Unknown__TRINITY_DN49467_c0_g1_i1.p2	bambooShark		MAFA	224.0
denovo	bambooSharkDenovo__Unknown__TRINITY_DN510_c3_g5_i3.p1	bambooShark		MAFB	333.0
denovo	bambooSharkDenovo__Unknown__TRINITY_DN10530_c0_g1_i1.p1	bambooShark		MAFF	159.0
denovo	bambooSharkDenovo__Unknown__TRINITY_DN94201_c0_g1_i4.p1	bambooShark		MAFG	163.0
denovo	bambooSharkDenovo__Unknown__TRINITY_DN9476_c6_g1_i1.p1	bambooShark		MAFK	180.0
denovo	bambooSharkDenovo__Unknown__TRINITY_DN74477_c0_g1_i2.p1	bambooShark		OTX1	316.0
denovo	bambooSharkDenovo__Unknown__TRINITY_DN1700_c1_g2_i7.p1	bambooShark		OTX2	291.0
denovo	nurseSharkDenovo__Unknown__TRINITY_DN7377_c0_g1_i1.p1	nurseShark		CMAF	209.0
denovo	nurseSharkDenovo__Unknown__TRINITY_DN1882_c0_g1_i8.p1	nurseShark		CRX	291.0
denovo	nurseSharkDenovo__Unknown__TRINITY_DN1428_c5_g1_i3.p1	nurseShark		MAFB	320.0
denovo	nurseSharkDenovo__Unknown__TRINITY_DN90521_c0_g1_i2.p1	nurseShark		MAFG	163.0
denovo	nurseSharkDenovo__Unknown__TRINITY_DN571_c0_g2_i2.p1	nurseShark		MAFK	141.0
denovo	nurseSharkDenovo__Unknown__TRINITY_DN3114_c0_g1_i7.p1	nurseShark		OTX1	169.0
denovo	nurseSharkDenovo__Unknown__TRINITY_DN1882_c0_g1_i8.p1	nurseShark		OTX2	291.0
denovo	bowfinDenovo__Unknown__TRINITY_DN10945_c0_g1_i2.p1	bowfin		CMAF	320.0
denovo	bowfinDenovo__Unknown__TRINITY_DN8079_c0_g1_i2.p1	bowfin		CRX	366.0
denovo	bowfinDenovo__Unknown__TRINITY_DN13789_c0_g1_i1.p1	bowfin		MAFB	346.0
denovo	bowfinDenovo__Unknown__TRINITY_DN3926_c0_g1_i2.p1	bowfin		MAFF	168.0
denovo	bowfinDenovo__Unknown__TRINITY_DN39931_c0_g1_i1.p1	bowfin		MAFG	215.0
denovo	bowfinDenovo__Unknown__TRINITY_DN815_c0_g1_i2.p1	bowfin		OTX1	330.0
denovo	bowfinDenovo__Unknown__TRINITY_DN692_c4_g2_i1.p1	bowfin		OTX2	297.0
denovo	spottedGarDenovo__Unknown__TRINITY_DN4874_c0_g1_i3.p2	spottedGar		CMAF	330.0
denovo	spottedGarDenovo__Unknown__TRINITY_DN1707_c0_g1_i5.p1	spottedGar		CRX	439.0
denovo	spottedGarDenovo__Unknown__TRINITY_DN10751_c0_g1_i1.p1	spottedGar		MAFA	300.0
denovo	spottedGarDenovo__Unknown__TRINITY_DN3773_c0_g1_i1.p1	spottedGar		MAFB	390.0
denovo	spottedGarDenovo__Unknown__TRINITY_DN5067_c0_g1_i2.p1	spottedGar		MAFF	163.0
denovo	spottedGarDenovo__Unknown__TRINITY_DN5067_c0_g2_i5.p1	spottedGar		MAFG	221.0
denovo	spottedGarDenovo__Unknown__TRINITY_DN29427_c0_g1_i34.p1	spottedGar		MAFK	176.0
denovo	spottedGarDenovo__Unknown__TRINITY_DN95_c2_g2_i2.p1	spottedGar		NRL	300.0
denovo	spottedGarDenovo__Unknown__TRINITY_DN110_c4_g1_i6.p1	spottedGar		OTX1	339.0
denovo	spottedGarDenovo__Unknown__TRINITY_DN1707_c0_g1_i5.p1	spottedGar		OTX2	439.0
denovo	floridaGarDenovo__Unknown__TRINITY_DN46121_c0_g1_i1.p1	floridaGar		CMAF	322.0
denovo	floridaGarDenovo__Unknown__TRINITY_DN3169_c0_g1_i2.p1	floridaGar		CRX	378.0
denovo	floridaGarDenovo__Unknown__TRINITY_DN764_c0_g1_i1.p1	floridaGar		MAFB	390.0
denovo	floridaGarDenovo__Unknown__TRINITY_DN10496_c0_g4_i2.p2	floridaGar		MAFF	163.0
denovo	floridaGarDenovo__Unknown__TRINITY_DN1_c7_g1_i1.p1	floridaGar		NRL	106.0
denovo	floridaGarDenovo__Unknown__TRINITY_DN7066_c0_g1_i1.p1	floridaGar		OTX1	200.0
denovo	floridaGarDenovo__Unknown__TRINITY_DN3169_c0_g1_i2.p1	floridaGar		OTX2	378.0
denovo	eelDenovo__Unknown__TRINITY_DN49631_c1_g1_i1.p1	eel		CMAF	324.0
denovo	eelDenovo__Unknown__TRINITY_DN598_c0_g1_i10.p1	eel		CRX	349.0
denovo	eelDenovo__Unknown__TRINITY_DN22962_c0_g1_i1.p2	eel		MAFA	289.0
denovo	eelDenovo__Unknown__TRINITY_DN10285_c0_g1_i4.p1	eel		MAFB	378.0
denovo	eelDenovo__Unknown__TRINITY_DN17_c1_g1_i4.p1	eel		MAFF	160.0
denovo	eelDenovo__Unknown__TRINITY_DN16734_c0_g1_i7.p2	eel		MAFG	234.0
denovo	eelDenovo__Unknown__TRINITY_DN24239_c0_g1_i6.p1	eel		MAFK	162.0
denovo	eelDenovo__Unknown__TRINITY_DN33521_c0_g2_i7.p1	eel		NRL	263.0
denovo	eelDenovo__Unknown__TRINITY_DN57211_c0_g1_i1.p1	eel		OTX1	255.0
denovo	eelDenovo__Unknown__TRINITY_DN73270_c0_g1_i6.p1	eel		OTX2	291.0
denovo	zebrafishDenovo__Unknown__TRINITY_DN15784_c0_g1_i1.p1	zebrafish		CMAF	152.0
denovo	zebrafishDenovo__Unknown__TRINITY_DN3855_c0_g1_i5.p1	zebrafish		CRX	290.0
denovo	zebrafishDenovo__Unknown__TRINITY_DN52277_c0_g1_i1.p1	zebrafish		MAFA	114.0
denovo	zebrafishDenovo__Unknown__TRINITY_DN85309_c0_g1_i1.p1	zebrafish		MAFB	147.0
denovo	zebrafishDenovo__Unknown__TRINITY_DN24357_c0_g1_i1.p2	zebrafish		MAFF	109.0
denovo	zebrafishDenovo__Unknown__TRINITY_DN54466_c0_g1_i2.p1	zebrafish		MAFG	206.0
denovo	zebrafishDenovo__Unknown__TRINITY_DN71006_c0_g1_i1.p2	zebrafish		MAFK	103.0
denovo	zebrafishDenovo__Unknown__TRINITY_DN112_c2_g1_i21.p1	zebrafish		NRL	413.0
denovo	zebrafishDenovo__Unknown__TRINITY_DN25331_c0_g1_i2.p1	zebrafish		OTX1	339.0
denovo	zebrafishDenovo__Unknown__TRINITY_DN3855_c0_g1_i5.p1	zebrafish		OTX2	290.0
denovo	yangtzeCatfishDenovo__Unknown__TRINITY_DN9366_c1_g1_i1.p2	yangtzeCatfish		CMAF	226.0
denovo	yangtzeCatfishDenovo__Unknown__TRINITY_DN418_c0_g3_i7.p1	yangtzeCatfish		CRX	265.0
denovo	yangtzeCatfishDenovo__Unknown__TRINITY_DN5320_c4_g1_i1.p1	yangtzeCatfish		MAFB	406.0
denovo	yangtzeCatfishDenovo__Unknown__TRINITY_DN8217_c0_g3_i7.p2	yangtzeCatfish		MAFF	160.0
denovo	yangtzeCatfishDenovo__Unknown__TRINITY_DN6074_c0_g1_i4.p1	yangtzeCatfish		MAFG	237.0
denovo	yangtzeCatfishDenovo__Unknown__TRINITY_DN18419_c0_g1_i1.p1	yangtzeCatfish		MAFK	171.0
denovo	yangtzeCatfishDenovo__Unknown__TRINITY_DN2946_c1_g1_i1.p1	yangtzeCatfish		NRL	418.0
denovo	yangtzeCatfishDenovo__Unknown__TRINITY_DN6440_c1_g1_i1.p1	yangtzeCatfish		OTX1	353.0
denovo	yangtzeCatfishDenovo__Unknown__TRINITY_DN418_c0_g3_i7.p1	yangtzeCatfish		OTX2	265.0
denovo	northernPikeDenovo__Unknown__TRINITY_DN5580_c2_g2_i1.p1	northernPike		CMAF	333.0
denovo	northernPikeDenovo__Unknown__TRINITY_DN508_c0_g1_i1.p1	northernPike		CRX	304.0
denovo	northernPikeDenovo__Unknown__TRINITY_DN18254_c0_g1_i1.p1	northernPike		MAFA	309.0
denovo	northernPikeDenovo__Unknown__TRINITY_DN4145_c2_g1_i2.p1	northernPike		MAFB	467.0
denovo	northernPikeDenovo__Unknown__TRINITY_DN2890_c0_g2_i2.p2	northernPike		MAFF	159.0
denovo	northernPikeDenovo__Unknown__TRINITY_DN2890_c0_g5_i1.p1	northernPike		MAFG	171.0
denovo	northernPikeDenovo__Unknown__TRINITY_DN9584_c0_g1_i5.p1	northernPike		MAFK	161.0
denovo	northernPikeDenovo__Unknown__TRINITY_DN451_c0_g1_i12.p1	northernPike		NRL	438.0
denovo	northernPikeDenovo__Unknown__TRINITY_DN7752_c0_g2_i2.p1	northernPike		OTX1	337.0
denovo	northernPikeDenovo__Unknown__TRINITY_DN508_c2_g1_i2.p1	northernPike		OTX2	296.0
denovo	lanternFishDenovo__Unknown__TRINITY_DN576_c0_g1_i3.p1	lanternFish		CRX	293.0
denovo	lanternFishDenovo__Unknown__TRINITY_DN43567_c0_g1_i1.p2	lanternFish		NRL	101.0
denovo	lanternFishDenovo__Unknown__TRINITY_DN576_c0_g1_i3.p1	lanternFish		OTX2	293.0
denovo	codDenovo__Unknown__TRINITY_DN528_c1_g1_i1.p1	cod		CRX	296.0
denovo	codDenovo__Unknown__TRINITY_DN342_c1_g1_i1.p1	cod		MAFB	395.0
denovo	codDenovo__Unknown__TRINITY_DN200_c1_g1_i3.p1	cod		NRL	472.0
denovo	codDenovo__Unknown__TRINITY_DN7360_c0_g1_i2.p1	cod		OTX2	452.0
denovo	tunaDenovo__Unknown__TRINITY_DN177_c1_g1_i16.p1	tuna		CRX	450.0
denovo	tunaDenovo__Unknown__TRINITY_DN4544_c0_g1_i1.p1	tuna		MAFB	409.0
denovo	tunaDenovo__Unknown__TRINITY_DN2230_c0_g3_i1.p1	tuna		MAFF	207.0
denovo	tunaDenovo__Unknown__TRINITY_DN45236_c0_g1_i1.p1	tuna		MAFG	128.0
denovo	tunaDenovo__Unknown__TRINITY_DN33611_c0_g1_i1.p1	tuna		MAFK	128.0
denovo	tunaDenovo__Unknown__TRINITY_DN3893_c0_g1_i1.p1	tuna		NRL	253.0
denovo	tunaDenovo__Unknown__TRINITY_DN177_c1_g1_i16.p1	tuna		OTX2	450.0
denovo	cichlidDenovo__Unknown__TRINITY_DN43933_c0_g1_i1.p1	cichlid		CMAF	141.0
denovo	cichlidDenovo__Unknown__TRINITY_DN7215_c0_g1_i1.p1	cichlid		CRX	297.0
denovo	cichlidDenovo__Unknown__TRINITY_DN51_c1_g1_i1.p1	cichlid		MAFB	424.0
denovo	cichlidDenovo__Unknown__TRINITY_DN48907_c0_g1_i1.p1	cichlid		MAFF	159.0
denovo	cichlidDenovo__Unknown__TRINITY_DN244_c0_g1_i1.p1	cichlid		NRL	428.0
denovo	cichlidDenovo__Unknown__TRINITY_DN5108_c0_g1_i1.p1	cichlid		OTX1	108.0
denovo	cichlidDenovo__Unknown__TRINITY_DN7215_c0_g1_i1.p1	cichlid		OTX2	297.0
denovo	yellowPeacockFishDenovo__Unknown__TRINITY_DN17161_c0_g1_i1.p1	yellowPeacockFish		CMAF	245.0
denovo	yellowPeacockFishDenovo__Unknown__TRINITY_DN4424_c0_g2_i1.p1	yellowPeacockFish		CRX	296.0
denovo	yellowPeacockFishDenovo__Unknown__TRINITY_DN83637_c0_g1_i1.p1	yellowPeacockFish		MAFA	145.0
denovo	yellowPeacockFishDenovo__Unknown__TRINITY_DN6718_c0_g1_i1.p1	yellowPeacockFish		MAFB	409.0
denovo	yellowPeacockFishDenovo__Unknown__TRINITY_DN4395_c0_g1_i2.p2	yellowPeacockFish		MAFF	159.0
denovo	yellowPeacockFishDenovo__Unknown__TRINITY_DN10960_c0_g1_i5.p1	yellowPeacockFish		MAFG	228.0
denovo	yellowPeacockFishDenovo__Unknown__TRINITY_DN97312_c0_g1_i1.p1	yellowPeacockFish		MAFK	156.0
denovo	yellowPeacockFishDenovo__Unknown__TRINITY_DN1945_c0_g1_i2.p1	yellowPeacockFish		NRL	431.0
denovo	yellowPeacockFishDenovo__Unknown__TRINITY_DN12787_c0_g1_i2.p1	yellowPeacockFish		OTX1	294.0
denovo	yellowPeacockFishDenovo__Unknown__TRINITY_DN4424_c0_g2_i1.p1	yellowPeacockFish		OTX2	296.0
denovo	triggerfishDenovo__Unknown__TRINITY_DN301_c0_g1_i2.p1	triggerfish		CRX	297.0
denovo	triggerfishDenovo__Unknown__TRINITY_DN8554_c0_g1_i2.p1	triggerfish		MAFF	158.0
denovo	triggerfishDenovo__Unknown__TRINITY_DN301_c0_g1_i2.p1	triggerfish		OTX2	297.0
denovo	giltheadBreamDenovo__Unknown__TRINITY_DN4044_c0_g1_i2.p1	giltheadBream		CRX	356.0
denovo	giltheadBreamDenovo__Unknown__TRINITY_DN9304_c2_g2_i1.p1	giltheadBream		MAFB	228.0
denovo	giltheadBreamDenovo__Unknown__TRINITY_DN3014_c0_g2_i1.p1	giltheadBream		NRL	448.0
denovo	giltheadBreamDenovo__Unknown__TRINITY_DN4044_c0_g1_i2.p1	giltheadBream		OTX2	356.0
denovo	bluegillDenovo__Unknown__TRINITY_DN9939_c0_g1_i1.p2	bluegill		CMAF	388.0
denovo	bluegillDenovo__Unknown__TRINITY_DN2316_c1_g2_i1.p1	bluegill		CRX	296.0
denovo	bluegillDenovo__Unknown__TRINITY_DN10979_c0_g1_i6.p1	bluegill		MAFA	312.0
denovo	bluegillDenovo__Unknown__TRINITY_DN1031_c1_g1_i8.p1	bluegill		MAFB	409.0
denovo	bluegillDenovo__Unknown__TRINITY_DN271_c0_g1_i4.p1	bluegill		MAFF	208.0
denovo	bluegillDenovo__Unknown__TRINITY_DN3176_c1_g1_i2.p1	bluegill		MAFG	183.0
denovo	bluegillDenovo__Unknown__TRINITY_DN16904_c1_g1_i2.p1	bluegill		MAFK	161.0
denovo	bluegillDenovo__Unknown__TRINITY_DN114_c13_g1_i13.p1	bluegill		NRL	429.0
denovo	bluegillDenovo__Unknown__TRINITY_DN2873_c0_g3_i1.p1	bluegill		OTX1	289.0
denovo	bluegillDenovo__Unknown__TRINITY_DN2248_c1_g1_i4.p1	bluegill		OTX2	357.0
denovo	chineseSalamanderDenovo__Unknown__TRINITY_DN7869_c2_g1_i1.p1	chineseSalamander		CMAF	197.0
denovo	chineseSalamanderDenovo__Unknown__TRINITY_DN1080_c0_g1_i1.p1	chineseSalamander		CRX	296.0
denovo	chineseSalamanderDenovo__Unknown__TRINITY_DN45281_c0_g1_i1.p1	chineseSalamander		MAFA	166.0
denovo	chineseSalamanderDenovo__Unknown__TRINITY_DN30536_c0_g1_i2.p1	chineseSalamander		MAFB	321.0
denovo	chineseSalamanderDenovo__Unknown__TRINITY_DN98594_c0_g1_i1.p2	chineseSalamander		MAFF	104.0
denovo	chineseSalamanderDenovo__Unknown__TRINITY_DN13272_c0_g1_i1.p1	chineseSalamander		MAFG	127.0
denovo	chineseSalamanderDenovo__Unknown__TRINITY_DN56040_c0_g1_i2.p1	chineseSalamander		MAFK	176.0
denovo	chineseSalamanderDenovo__Unknown__TRINITY_DN15256_c0_g3_i1.p1	chineseSalamander		NRL	273.0
denovo	chineseSalamanderDenovo__Unknown__TRINITY_DN10725_c1_g1_i4.p1	chineseSalamander		OTX1	279.0
denovo	chineseSalamanderDenovo__Unknown__TRINITY_DN94097_c0_g1_i1.p2	chineseSalamander		OTX2	106.0
denovo	redSalamanderDenovo__Unknown__TRINITY_DN19329_c0_g1_i1.p1	redSalamander		CMAF	332.0
denovo	redSalamanderDenovo__Unknown__TRINITY_DN1457_c1_g1_i8.p1	redSalamander		CRX	296.0
denovo	redSalamanderDenovo__Unknown__TRINITY_DN3785_c6_g1_i3.p1	redSalamander		MAFA	319.0
denovo	redSalamanderDenovo__Unknown__TRINITY_DN22393_c0_g1_i1.p1	redSalamander		MAFB	322.0
denovo	redSalamanderDenovo__Unknown__TRINITY_DN12403_c0_g1_i2.p2	redSalamander		MAFF	156.0
denovo	redSalamanderDenovo__Unknown__TRINITY_DN278064_c0_g1_i1.p1	redSalamander		MAFG	194.0
denovo	redSalamanderDenovo__Unknown__TRINITY_DN26937_c0_g1_i1.p1	redSalamander		MAFK	220.0
denovo	redSalamanderDenovo__Unknown__TRINITY_DN3202_c1_g1_i9.p1	redSalamander		NRL	285.0
denovo	redSalamanderDenovo__Unknown__TRINITY_DN2759_c0_g2_i1.p1	redSalamander		OTX1	331.0
denovo	redSalamanderDenovo__Unknown__TRINITY_DN271388_c0_g1_i1.p1	redSalamander		OTX2	117.0
denovo	westernFrogDenovo__Unknown__TRINITY_DN48255_c1_g1_i2.p1	westernFrog		CMAF	362.0
denovo	westernFrogDenovo__Unknown__TRINITY_DN4469_c1_g2_i2.p1	westernFrog		CRX	300.0
denovo	westernFrogDenovo__Unknown__TRINITY_DN144466_c0_g1_i1.p2	westernFrog		MAFA	290.0
denovo	westernFrogDenovo__Unknown__TRINITY_DN5068_c0_g1_i1.p1	westernFrog		MAFB	317.0
denovo	westernFrogDenovo__Unknown__TRINITY_DN3796_c0_g1_i25.p1	westernFrog		MAFF	149.0
denovo	westernFrogDenovo__Unknown__TRINITY_DN25049_c0_g1_i1.p1	westernFrog		MAFG	221.0
denovo	westernFrogDenovo__Unknown__TRINITY_DN5471_c0_g1_i11.p1	westernFrog		MAFK	201.0
denovo	westernFrogDenovo__Unknown__TRINITY_DN48255_c0_g1_i1.p1	westernFrog		NRL	263.0
denovo	westernFrogDenovo__Unknown__TRINITY_DN10263_c0_g1_i2.p1	westernFrog		OTX1	407.0
denovo	westernFrogDenovo__Unknown__TRINITY_DN500_c0_g1_i16.p1	westernFrog		OTX2	307.0
denovo	africanFrogDenovo__Unknown__TRINITY_DN1995_c0_g1_i8.p1	africanFrog		CMAF	397.0
denovo	africanFrogDenovo__Unknown__TRINITY_DN1648_c0_g1_i9.p1	africanFrog		CRX	368.0
denovo	africanFrogDenovo__Unknown__TRINITY_DN4799_c0_g1_i4.p1	africanFrog		MAFA	189.0
denovo	africanFrogDenovo__Unknown__TRINITY_DN4055_c0_g1_i9.p1	africanFrog		MAFB	314.0
denovo	africanFrogDenovo__Unknown__TRINITY_DN34057_c0_g1_i12.p1	africanFrog		MAFF	133.0
denovo	africanFrogDenovo__Unknown__TRINITY_DN37798_c0_g1_i1.p1	africanFrog		MAFG	164.0
denovo	africanFrogDenovo__Unknown__TRINITY_DN74455_c0_g1_i1.p1	africanFrog		MAFK	125.0
denovo	africanFrogDenovo__Unknown__TRINITY_DN6850_c0_g1_i4.p1	africanFrog		NRL	268.0
denovo	africanFrogDenovo__Unknown__TRINITY_DN35711_c0_g1_i11.p1	africanFrog		OTX2	309.0
denovo	tokayGeckoDenovo__Unknown__TRINITY_DN1916_c0_g1_i7.p1	tokayGecko		CMAF	1171.0
denovo	tokayGeckoDenovo__Unknown__TRINITY_DN4063_c0_g1_i8.p1	tokayGecko		CRX	291.0
denovo	tokayGeckoDenovo__Unknown__TRINITY_DN2203_c0_g1_i2.p5	tokayGecko		MAFA	170.0
denovo	tokayGeckoDenovo__Unknown__TRINITY_DN307_c4_g1_i1.p2	tokayGecko		MAFB	322.0
denovo	tokayGeckoDenovo__Unknown__TRINITY_DN2687_c0_g1_i2.p1	tokayGecko		MAFF	181.0
denovo	tokayGeckoDenovo__Unknown__TRINITY_DN4607_c0_g1_i9.p1	tokayGecko		MAFG	163.0
denovo	tokayGeckoDenovo__Unknown__TRINITY_DN6989_c0_g1_i1.p1	tokayGecko		MAFK	194.0
denovo	tokayGeckoDenovo__Unknown__TRINITY_DN1067_c0_g1_i2.p1	tokayGecko		NRL	266.0
denovo	tokayGeckoDenovo__Unknown__TRINITY_DN957_c7_g1_i1.p3	tokayGecko		OTX1	122.0
denovo	tokayGeckoDenovo__Unknown__TRINITY_DN4063_c0_g1_i8.p1	tokayGecko		OTX2	291.0
denovo	tawnyDragonDenovo__Unknown__TRINITY_DN1040_c26_g1_i1.p2	tawnyDragon		CMAF	165.0
denovo	tawnyDragonDenovo__Unknown__TRINITY_DN2840_c0_g1_i9.p2	tawnyDragon		CRX	293.0
denovo	tawnyDragonDenovo__Unknown__TRINITY_DN7913_c3_g1_i1.p3	tawnyDragon		MAFA	145.0
denovo	tawnyDragonDenovo__Unknown__TRINITY_DN1840_c1_g1_i1.p1	tawnyDragon		MAFB	325.0
denovo	tawnyDragonDenovo__Unknown__TRINITY_DN9032_c0_g1_i1.p1	tawnyDragon		MAFF	165.0
denovo	tawnyDragonDenovo__Unknown__TRINITY_DN5115_c0_g1_i4.p1	tawnyDragon		MAFG	207.0
denovo	tawnyDragonDenovo__Unknown__TRINITY_DN8715_c0_g1_i33.p1	tawnyDragon		MAFK	196.0
denovo	tawnyDragonDenovo__Unknown__TRINITY_DN174348_c0_g1_i1.p1	tawnyDragon		NRL	176.0
denovo	tawnyDragonDenovo__Unknown__TRINITY_DN29177_c0_g1_i6.p1	tawnyDragon		OTX1	172.0
denovo	tawnyDragonDenovo__Unknown__TRINITY_DN2840_c0_g1_i9.p2	tawnyDragon		OTX2	293.0
denovo	greenAnoleDenovo__Unknown__TRINITY_DN17345_c0_g1_i1.p2	greenAnole		CMAF	271.0
denovo	greenAnoleDenovo__Unknown__TRINITY_DN615_c1_g1_i2.p1	greenAnole		CRX	346.0
denovo	greenAnoleDenovo__Unknown__TRINITY_DN3642_c0_g1_i1.p2	greenAnole		MAFA	232.0
denovo	greenAnoleDenovo__Unknown__TRINITY_DN5789_c0_g1_i1.p2	greenAnole		MAFB	177.0
denovo	greenAnoleDenovo__Unknown__TRINITY_DN5970_c0_g1_i2.p1	greenAnole		MAFF	150.0
denovo	greenAnoleDenovo__Unknown__TRINITY_DN3426_c0_g4_i2.p1	greenAnole		MAFG	163.0
denovo	greenAnoleDenovo__Unknown__TRINITY_DN6663_c0_g1_i1.p1	greenAnole		MAFK	127.0
denovo	greenAnoleDenovo__Unknown__TRINITY_DN6610_c2_g1_i3.p1	greenAnole		NRL	268.0
denovo	greenAnoleDenovo__Unknown__TRINITY_DN615_c1_g1_i2.p1	greenAnole		OTX2	346.0
denovo	cobraDenovo__Unknown__TRINITY_DN21661_c0_g1_i1.p2	cobra		CMAF	131.0
denovo	cobraDenovo__Unknown__TRINITY_DN34587_c0_g1_i1.p1	cobra		CRX	329.0
denovo	cobraDenovo__Unknown__TRINITY_DN55440_c0_g1_i1.p1	cobra		MAFB	192.0
denovo	cobraDenovo__Unknown__TRINITY_DN26967_c0_g1_i1.p1	cobra		MAFF	284.0
denovo	cobraDenovo__Unknown__TRINITY_DN10102_c0_g1_i1.p1	cobra		OTX1	692.0
denovo	cobraDenovo__Unknown__TRINITY_DN34587_c0_g1_i1.p1	cobra		OTX2	329.0
denovo	garterSnakeDenovo__Unknown__TRINITY_DN14451_c0_g1_i1.p1	garterSnake		CMAF	225.0
denovo	garterSnakeDenovo__Unknown__TRINITY_DN588_c0_g1_i15.p1	garterSnake		CRX	448.0
denovo	garterSnakeDenovo__Unknown__TRINITY_DN1809_c0_g4_i1.p2	garterSnake		MAFA	315.0
denovo	garterSnakeDenovo__Unknown__TRINITY_DN2443_c0_g1_i1.p2	garterSnake		MAFB	343.0
denovo	garterSnakeDenovo__Unknown__TRINITY_DN1632_c0_g1_i2.p1	garterSnake		MAFF	150.0
denovo	garterSnakeDenovo__Unknown__TRINITY_DN40720_c0_g1_i1.p1	garterSnake		MAFG	189.0
denovo	garterSnakeDenovo__Unknown__TRINITY_DN63139_c0_g1_i1.p1	garterSnake		MAFK	200.0
denovo	garterSnakeDenovo__Unknown__TRINITY_DN7014_c0_g1_i5.p2	garterSnake		NRL	270.0
denovo	garterSnakeDenovo__Unknown__TRINITY_DN5126_c0_g1_i9.p1	garterSnake		OTX1	355.0
denovo	garterSnakeDenovo__Unknown__TRINITY_DN588_c0_g1_i15.p1	garterSnake		OTX2	448.0
denovo	americanAlligatorDenovo__Unknown__TRINITY_DN2819_c2_g1_i1.p1	americanAlligator		CMAF	216.0
denovo	americanAlligatorDenovo__Unknown__TRINITY_DN223_c0_g1_i30.p1	americanAlligator		CRX	291.0
denovo	americanAlligatorDenovo__Unknown__TRINITY_DN17678_c2_g1_i1.p1	americanAlligator		MAFA	291.0
denovo	americanAlligatorDenovo__Unknown__TRINITY_DN6785_c1_g2_i1.p1	americanAlligator		MAFB	181.0
denovo	americanAlligatorDenovo__Unknown__TRINITY_DN25409_c0_g1_i2.p2	americanAlligator		MAFF	150.0
denovo	americanAlligatorDenovo__Unknown__TRINITY_DN16465_c2_g2_i1.p2	americanAlligator		MAFG	163.0
denovo	americanAlligatorDenovo__Unknown__TRINITY_DN16465_c2_g1_i4.p1	americanAlligator		MAFK	195.0
denovo	americanAlligatorDenovo__Unknown__TRINITY_DN39821_c0_g1_i1.p1	americanAlligator		NRL	263.0
denovo	americanAlligatorDenovo__Unknown__TRINITY_DN3711_c0_g2_i2.p2	americanAlligator		OTX1	143.0
denovo	americanAlligatorDenovo__Unknown__TRINITY_DN223_c0_g1_i30.p1	americanAlligator		OTX2	291.0
denovo	emuDenovo__Unknown__TRINITY_DN6699_c1_g1_i1.p1	emu		CMAF	196.0
denovo	emuDenovo__Unknown__TRINITY_DN526_c0_g2_i10.p1	emu		CRX	405.0
denovo	emuDenovo__Unknown__TRINITY_DN680_c2_g1_i16.p2	emu		MAFA	392.0
denovo	emuDenovo__Unknown__TRINITY_DN535_c2_g3_i1.p1	emu		MAFB	314.0
denovo	emuDenovo__Unknown__TRINITY_DN8089_c0_g1_i1.p1	emu		MAFF	234.0
denovo	emuDenovo__Unknown__TRINITY_DN6252_c1_g1_i1.p1	emu		MAFG	190.0
denovo	emuDenovo__Unknown__TRINITY_DN401_c0_g1_i1.p1	emu		MAFK	194.0
denovo	emuDenovo__Unknown__TRINITY_DN535_c1_g3_i1.p1	emu		OTX1	147.0
denovo	emuDenovo__Unknown__TRINITY_DN526_c0_g2_i10.p1	emu		OTX2	405.0
denovo	ostrichDenovo__Unknown__TRINITY_DN9016_c0_g2_i1.p1	ostrich		CMAF	199.0
denovo	ostrichDenovo__Unknown__TRINITY_DN1258_c0_g3_i1.p1	ostrich		CRX	290.0
denovo	ostrichDenovo__Unknown__TRINITY_DN3741_c1_g2_i4.p2	ostrich		MAFA	249.0
denovo	ostrichDenovo__Unknown__TRINITY_DN3741_c1_g3_i2.p1	ostrich		MAFB	312.0
denovo	ostrichDenovo__Unknown__TRINITY_DN3272_c0_g1_i1.p2	ostrich		MAFF	202.0
denovo	ostrichDenovo__Unknown__TRINITY_DN4561_c0_g1_i3.p2	ostrich		MAFG	163.0
denovo	ostrichDenovo__Unknown__TRINITY_DN2430_c0_g1_i9.p2	ostrich		MAFK	189.0
denovo	ostrichDenovo__Unknown__TRINITY_DN1258_c0_g2_i14.p1	ostrich		OTX1	343.0
denovo	ostrichDenovo__Unknown__TRINITY_DN1258_c0_g3_i1.p1	ostrich		OTX2	290.0
denovo	muscovyDuckDenovo__Unknown__TRINITY_DN2103_c0_g1_i8.p1	muscovyDuck		CMAF	328.0
denovo	muscovyDuckDenovo__Unknown__TRINITY_DN317_c0_g1_i6.p3	muscovyDuck		CRX	291.0
denovo	muscovyDuckDenovo__Unknown__TRINITY_DN5357_c1_g2_i1.p2	muscovyDuck		MAFA	338.0
denovo	muscovyDuckDenovo__Unknown__TRINITY_DN5357_c1_g1_i3.p2	muscovyDuck		MAFB	312.0
denovo	muscovyDuckDenovo__Unknown__TRINITY_DN1182_c4_g1_i1.p2	muscovyDuck		MAFF	150.0
denovo	muscovyDuckDenovo__Unknown__TRINITY_DN902_c1_g2_i2.p1	muscovyDuck		MAFG	163.0
denovo	muscovyDuckDenovo__Unknown__TRINITY_DN4141_c0_g1_i3.p1	muscovyDuck		MAFK	186.0
denovo	muscovyDuckDenovo__Unknown__TRINITY_DN317_c0_g3_i1.p1	muscovyDuck		OTX1	334.0
denovo	muscovyDuckDenovo__Unknown__TRINITY_DN317_c0_g1_i6.p3	muscovyDuck		OTX2	291.0
denovo	quailDenovo__Unknown__TRINITY_DN43442_c0_g2_i1.p1	quail		CMAF	294.0
denovo	quailDenovo__Unknown__TRINITY_DN877_c1_g1_i9.p1	quail		CRX	328.0
denovo	quailDenovo__Unknown__TRINITY_DN823_c1_g1_i1.p1	quail		MAFA	287.0
denovo	quailDenovo__Unknown__TRINITY_DN823_c1_g3_i1.p2	quail		MAFB	153.0
denovo	quailDenovo__Unknown__TRINITY_DN6091_c0_g1_i2.p2	quail		MAFF	220.0
denovo	quailDenovo__Unknown__TRINITY_DN9611_c0_g1_i3.p1	quail		MAFG	163.0
denovo	quailDenovo__Unknown__TRINITY_DN27831_c0_g1_i3.p1	quail		MAFK	194.0
denovo	quailDenovo__Unknown__TRINITY_DN45856_c0_g1_i1.p1	quail		NRL	251.0
denovo	quailDenovo__Unknown__TRINITY_DN741_c1_g1_i5.p1	quail		OTX1	316.0
denovo	quailDenovo__Unknown__TRINITY_DN4560_c1_g2_i1.p1	quail		OTX2	214.0
denovo	chickenDenovo__Unknown__TRINITY_DN54315_c0_g1_i1.p1	chicken		CMAF	125.0
denovo	chickenDenovo__Unknown__TRINITY_DN21257_c0_g1_i1.p3	chicken		CRX	151.0
denovo	chickenDenovo__Unknown__TRINITY_DN12272_c1_g1_i1.p1	chicken		MAFA	183.0
denovo	chickenDenovo__Unknown__TRINITY_DN183466_c0_g1_i1.p2	chicken		MAFB	119.0
denovo	chickenDenovo__Unknown__TRINITY_DN18633_c0_g1_i1.p1	chicken		MAFF	285.0
denovo	chickenDenovo__Unknown__TRINITY_DN82238_c0_g1_i1.p1	chicken		MAFG	163.0
denovo	chickenDenovo__Unknown__TRINITY_DN55578_c0_g1_i1.p1	chicken		MAFK	182.0
denovo	chickenDenovo__Unknown__TRINITY_DN5230_c0_g1_i1.p1	chicken		OTX2	290.0
denovo	redStreamertailDenovo__Unknown__TRINITY_DN4914_c0_g1_i1.p1	redStreamertail		CMAF	195.0
denovo	redStreamertailDenovo__Unknown__TRINITY_DN2868_c0_g1_i5.p1	redStreamertail		CRX	290.0
denovo	redStreamertailDenovo__Unknown__TRINITY_DN13301_c0_g3_i2.p1	redStreamertail		MAFA	290.0
denovo	redStreamertailDenovo__Unknown__TRINITY_DN13301_c0_g2_i1.p2	redStreamertail		MAFB	311.0
denovo	redStreamertailDenovo__Unknown__TRINITY_DN9147_c0_g1_i1.p1	redStreamertail		MAFF	269.0
denovo	redStreamertailDenovo__Unknown__TRINITY_DN12454_c0_g1_i1.p1	redStreamertail		MAFG	224.0
denovo	redStreamertailDenovo__Unknown__TRINITY_DN48415_c0_g1_i2.p1	redStreamertail		MAFK	184.0
denovo	redStreamertailDenovo__Unknown__TRINITY_DN68747_c0_g2_i5.p1	redStreamertail		OTX1	334.0
denovo	redStreamertailDenovo__Unknown__TRINITY_DN2868_c0_g1_i5.p1	redStreamertail		OTX2	290.0
denovo	blackStreamertailDenovo__Unknown__TRINITY_DN35522_c0_g1_i1.p1	blackStreamertail		CMAF	171.0
denovo	blackStreamertailDenovo__Unknown__TRINITY_DN2782_c0_g3_i1.p1	blackStreamertail		MAFA	290.0
denovo	blackStreamertailDenovo__Unknown__TRINITY_DN2782_c0_g2_i4.p2	blackStreamertail		MAFB	311.0
denovo	blackStreamertailDenovo__Unknown__TRINITY_DN4329_c0_g2_i2.p2	blackStreamertail		MAFF	150.0
denovo	blackStreamertailDenovo__Unknown__TRINITY_DN9692_c0_g1_i1.p1	blackStreamertail		MAFG	224.0
denovo	blackStreamertailDenovo__Unknown__TRINITY_DN7611_c0_g1_i2.p1	blackStreamertail		MAFK	191.0
denovo	blackStreamertailDenovo__Unknown__TRINITY_DN5602_c1_g1_i2.p1	blackStreamertail		OTX1	334.0
denovo	blackStreamertailDenovo__Unknown__TRINITY_DN11178_c0_g1_i5.p1	blackStreamertail		OTX2	257.0
denovo	hybridStreamertailDenovo__Unknown__TRINITY_DN25847_c0_g2_i1.p1	hybridStreamertail		CMAF	180.0
denovo	hybridStreamertailDenovo__Unknown__TRINITY_DN2856_c0_g1_i6.p1	hybridStreamertail		MAFA	290.0
denovo	hybridStreamertailDenovo__Unknown__TRINITY_DN2856_c0_g3_i1.p2	hybridStreamertail		MAFB	281.0
denovo	hybridStreamertailDenovo__Unknown__TRINITY_DN4972_c0_g1_i4.p3	hybridStreamertail		MAFF	150.0
denovo	hybridStreamertailDenovo__Unknown__TRINITY_DN160031_c0_g1_i1.p1	hybridStreamertail		MAFG	163.0
denovo	hybridStreamertailDenovo__Unknown__TRINITY_DN6429_c0_g1_i2.p1	hybridStreamertail		MAFK	189.0
denovo	hybridStreamertailDenovo__Unknown__TRINITY_DN9632_c2_g1_i2.p1	hybridStreamertail		OTX1	334.0
denovo	hybridStreamertailDenovo__Unknown__TRINITY_DN2897_c0_g1_i6.p1	hybridStreamertail		OTX2	290.0
denovo	pigeonDenovo__Unknown__TRINITY_DN2568_c2_g1_i1.p1	pigeon		CMAF	190.0
denovo	pigeonDenovo__Unknown__TRINITY_DN1663_c0_g1_i35.p2	pigeon		CRX	566.0
denovo	pigeonDenovo__Unknown__TRINITY_DN3003_c0_g1_i5.p1	pigeon		MAFA	349.0
denovo	pigeonDenovo__Unknown__TRINITY_DN4010_c2_g1_i1.p2	pigeon		MAFB	312.0
denovo	pigeonDenovo__Unknown__TRINITY_DN4784_c0_g1_i2.p2	pigeon		MAFF	192.0
denovo	pigeonDenovo__Unknown__TRINITY_DN17169_c0_g1_i35.p6	pigeon		MAFG	163.0
denovo	pigeonDenovo__Unknown__TRINITY_DN1812_c0_g1_i3.p1	pigeon		MAFK	211.0
denovo	pigeonDenovo__Unknown__TRINITY_DN6590_c0_g1_i2.p1	pigeon		OTX1	334.0
denovo	pigeonDenovo__Unknown__TRINITY_DN1663_c0_g1_i35.p2	pigeon		OTX2	566.0
denovo	kiteDenovo__Unknown__TRINITY_DN7220_c0_g5_i1.p1	kite		CMAF	247.0
denovo	kiteDenovo__Unknown__TRINITY_DN9052_c0_g2_i6.p2	kite		CRX	536.0
denovo	kiteDenovo__Unknown__TRINITY_DN104870_c0_g1_i1.p1	kite		MAFA	289.0
denovo	kiteDenovo__Unknown__TRINITY_DN5243_c1_g1_i2.p2	kite		MAFB	312.0
denovo	kiteDenovo__Unknown__TRINITY_DN227_c1_g1_i1.p4	kite		MAFF	150.0
denovo	kiteDenovo__Unknown__TRINITY_DN2790_c1_g1_i2.p2	kite		MAFG	163.0
denovo	kiteDenovo__Unknown__TRINITY_DN2790_c1_g2_i7.p2	kite		MAFK	193.0
denovo	kiteDenovo__Unknown__TRINITY_DN5577_c0_g2_i1.p1	kite		OTX1	267.0
denovo	kiteDenovo__Unknown__TRINITY_DN9052_c0_g2_i6.p2	kite		OTX2	536.0
denovo	vultureDenovo__Unknown__TRINITY_DN1591_c9_g1_i1.p1	vulture		CMAF	167.0
denovo	vultureDenovo__Unknown__TRINITY_DN1131_c0_g1_i6.p2	vulture		CRX	551.0
denovo	vultureDenovo__Unknown__TRINITY_DN675_c2_g1_i6.p1	vulture		MAFA	289.0
denovo	vultureDenovo__Unknown__TRINITY_DN675_c2_g2_i1.p2	vulture		MAFB	312.0
denovo	vultureDenovo__Unknown__TRINITY_DN3575_c0_g1_i1.p2	vulture		MAFF	173.0
denovo	vultureDenovo__Unknown__TRINITY_DN2269_c1_g3_i1.p2	vulture		MAFG	163.0
denovo	vultureDenovo__Unknown__TRINITY_DN4416_c1_g1_i4.p1	vulture		MAFK	190.0
denovo	vultureDenovo__Unknown__TRINITY_DN840_c0_g3_i1.p1	vulture		OTX1	258.0
denovo	vultureDenovo__Unknown__TRINITY_DN840_c0_g2_i1.p2	vulture		OTX2	271.0
denovo	harrierDenovo__Unknown__TRINITY_DN2231_c2_g2_i1.p2	harrier		CMAF	305.0
denovo	harrierDenovo__Unknown__TRINITY_DN11420_c0_g2_i6.p1	harrier		CRX	320.0
denovo	harrierDenovo__Unknown__TRINITY_DN835_c0_g2_i3.p2	harrier		MAFB	312.0
denovo	harrierDenovo__Unknown__TRINITY_DN3748_c0_g1_i5.p3	harrier		MAFF	151.0
denovo	harrierDenovo__Unknown__TRINITY_DN1038_c0_g1_i2.p2	harrier		MAFG	163.0
denovo	harrierDenovo__Unknown__TRINITY_DN1038_c0_g3_i1.p1	harrier		MAFK	196.0
denovo	harrierDenovo__Unknown__TRINITY_DN152_c0_g2_i1.p1	harrier		OTX1	296.0
denovo	harrierDenovo__Unknown__TRINITY_DN11420_c0_g2_i6.p1	harrier		OTX2	320.0
denovo	greyfacedBuzzardDenovo__Unknown__TRINITY_DN1263_c0_g2_i1.p2	greyfacedBuzzard		CMAF	199.0
denovo	greyfacedBuzzardDenovo__Unknown__TRINITY_DN3997_c0_g1_i6.p3	greyfacedBuzzard		CRX	406.0
denovo	greyfacedBuzzardDenovo__Unknown__TRINITY_DN968_c0_g1_i6.p1	greyfacedBuzzard		MAFA	289.0
denovo	greyfacedBuzzardDenovo__Unknown__TRINITY_DN968_c0_g2_i1.p2	greyfacedBuzzard		MAFB	312.0
denovo	greyfacedBuzzardDenovo__Unknown__TRINITY_DN397_c0_g1_i3.p3	greyfacedBuzzard		MAFF	151.0
denovo	greyfacedBuzzardDenovo__Unknown__TRINITY_DN10809_c0_g2_i7.p1	greyfacedBuzzard		MAFG	178.0
denovo	greyfacedBuzzardDenovo__Unknown__TRINITY_DN10809_c0_g1_i1.p1	greyfacedBuzzard		MAFK	110.0
denovo	greyfacedBuzzardDenovo__Unknown__TRINITY_DN1117_c2_g1_i1.p1	greyfacedBuzzard		OTX1	144.0
denovo	greyfacedBuzzardDenovo__Unknown__TRINITY_DN2471_c0_g2_i1.p1	greyfacedBuzzard		OTX2	290.0
denovo	redTailHawkDenovo__Unknown__TRINITY_DN88199_c0_g1_i1.p2	redTailHawk		CMAF	161.0
denovo	redTailHawkDenovo__Unknown__TRINITY_DN3447_c1_g1_i1.p1	redTailHawk		CRX	290.0
denovo	redTailHawkDenovo__Unknown__TRINITY_DN11161_c1_g1_i4.p2	redTailHawk		MAFA	289.0
denovo	redTailHawkDenovo__Unknown__TRINITY_DN11161_c1_g3_i1.p2	redTailHawk		MAFB	209.0
denovo	redTailHawkDenovo__Unknown__TRINITY_DN12211_c0_g1_i1.p2	redTailHawk		MAFF	150.0
denovo	redTailHawkDenovo__Unknown__TRINITY_DN5369_c2_g1_i2.p2	redTailHawk		MAFG	179.0
denovo	redTailHawkDenovo__Unknown__TRINITY_DN958_c1_g1_i1.p1	redTailHawk		MAFK	114.0
denovo	redTailHawkDenovo__Unknown__TRINITY_DN80566_c0_g1_i1.p1	redTailHawk		OTX1	176.0
denovo	redTailHawkDenovo__Unknown__TRINITY_DN3447_c1_g1_i1.p1	redTailHawk		OTX2	290.0
denovo	coopersHawkDenovo__Unknown__TRINITY_DN941_c0_g1_i1.p4	coopersHawk		CRX	367.0
denovo	coopersHawkDenovo__Unknown__TRINITY_DN4098_c0_g1_i3.p2	coopersHawk		MAFA	289.0
denovo	coopersHawkDenovo__Unknown__TRINITY_DN4098_c0_g2_i1.p2	coopersHawk		MAFB	295.0
denovo	coopersHawkDenovo__Unknown__TRINITY_DN96406_c0_g1_i1.p2	coopersHawk		MAFF	151.0
denovo	coopersHawkDenovo__Unknown__TRINITY_DN5736_c0_g2_i1.p1	coopersHawk		MAFG	163.0
denovo	coopersHawkDenovo__Unknown__TRINITY_DN5736_c0_g1_i2.p1	coopersHawk		MAFK	193.0
denovo	coopersHawkDenovo__Unknown__TRINITY_DN7920_c0_g1_i1.p1	coopersHawk		OTX1	286.0
denovo	coopersHawkDenovo__Unknown__TRINITY_DN941_c0_g1_i1.p4	coopersHawk		OTX2	367.0
denovo	besraDenovo__Unknown__TRINITY_DN4430_c1_g2_i1.p2	besra		CMAF	197.0
denovo	besraDenovo__Unknown__TRINITY_DN1166_c0_g1_i1.p4	besra		CRX	350.0
denovo	besraDenovo__Unknown__TRINITY_DN150_c0_g1_i9.p1	besra		MAFA	289.0
denovo	besraDenovo__Unknown__TRINITY_DN8404_c0_g1_i1.p2	besra		MAFB	320.0
denovo	besraDenovo__Unknown__TRINITY_DN2833_c0_g1_i1.p2	besra		MAFF	151.0
denovo	besraDenovo__Unknown__TRINITY_DN1175_c1_g1_i7.p1	besra		MAFK	200.0
denovo	besraDenovo__Unknown__TRINITY_DN131_c4_g1_i1.p1	besra		OTX1	212.0
denovo	besraDenovo__Unknown__TRINITY_DN257_c3_g1_i1.p1	besra		OTX2	197.0
denovo	barnOwlDenovo__Unknown__TRINITY_DN12357_c0_g1_i1.p1	barnOwl		CMAF	154.0
denovo	barnOwlDenovo__Unknown__TRINITY_DN1489_c3_g2_i1.p1	barnOwl		CRX	341.0
denovo	barnOwlDenovo__Unknown__TRINITY_DN5433_c0_g4_i4.p1	barnOwl		MAFA	318.0
denovo	barnOwlDenovo__Unknown__TRINITY_DN5433_c0_g5_i1.p2	barnOwl		MAFB	187.0
denovo	barnOwlDenovo__Unknown__TRINITY_DN97191_c0_g1_i2.p3	barnOwl		MAFF	150.0
denovo	barnOwlDenovo__Unknown__TRINITY_DN85_c1_g1_i2.p1	barnOwl		MAFK	191.0
denovo	barnOwlDenovo__Unknown__TRINITY_DN600_c3_g1_i1.p3	barnOwl		OTX1	135.0
denovo	barnOwlDenovo__Unknown__TRINITY_DN1489_c3_g2_i1.p1	barnOwl		OTX2	341.0
denovo	grassOwlDenovo__Unknown__TRINITY_DN3346_c1_g5_i1.p1	grassOwl		CMAF	192.0
denovo	grassOwlDenovo__Unknown__TRINITY_DN2597_c0_g2_i3.p1	grassOwl		CRX	348.0
denovo	grassOwlDenovo__Unknown__TRINITY_DN1060_c0_g2_i4.p1	grassOwl		MAFA	369.0
denovo	grassOwlDenovo__Unknown__TRINITY_DN13745_c0_g1_i1.p2	grassOwl		MAFB	312.0
denovo	grassOwlDenovo__Unknown__TRINITY_DN6135_c1_g2_i2.p5	grassOwl		MAFF	150.0
denovo	grassOwlDenovo__Unknown__TRINITY_DN3390_c0_g1_i4.p2	grassOwl		MAFG	163.0
denovo	grassOwlDenovo__Unknown__TRINITY_DN7552_c1_g1_i3.p1	grassOwl		MAFK	210.0
denovo	grassOwlDenovo__Unknown__TRINITY_DN1634_c10_g1_i1.p3	grassOwl		OTX1	106.0
denovo	grassOwlDenovo__Unknown__TRINITY_DN2597_c0_g2_i3.p1	grassOwl		OTX2	348.0
denovo	borealOwlDenovo__Unknown__TRINITY_DN196784_c0_g1_i1.p1	borealOwl		CMAF	184.0
denovo	borealOwlDenovo__Unknown__TRINITY_DN2434_c0_g2_i1.p1	borealOwl		CRX	3598.0
denovo	borealOwlDenovo__Unknown__TRINITY_DN5782_c0_g1_i3.p1	borealOwl		MAFA	289.0
denovo	borealOwlDenovo__Unknown__TRINITY_DN15094_c0_g1_i1.p2	borealOwl		MAFB	287.0
denovo	borealOwlDenovo__Unknown__TRINITY_DN37190_c0_g1_i1.p1	borealOwl		MAFF	177.0
denovo	borealOwlDenovo__Unknown__TRINITY_DN53056_c0_g1_i1.p1	borealOwl		MAFG	163.0
denovo	borealOwlDenovo__Unknown__TRINITY_DN337_c1_g1_i1.p1	borealOwl		MAFK	191.0
denovo	borealOwlDenovo__Unknown__TRINITY_DN13169_c0_g1_i4.p1	borealOwl		OTX1	207.0
denovo	borealOwlDenovo__Unknown__TRINITY_DN2434_c0_g2_i1.p1	borealOwl		OTX2	3598.0
denovo	littleOwlDenovo__Unknown__TRINITY_DN7852_c6_g1_i1.p1	littleOwl		CMAF	255.0
denovo	littleOwlDenovo__Unknown__TRINITY_DN5436_c0_g1_i1.p1	littleOwl		CRX	221.0
denovo	littleOwlDenovo__Unknown__TRINITY_DN6483_c0_g1_i7.p2	littleOwl		MAFA	289.0
denovo	littleOwlDenovo__Unknown__TRINITY_DN6483_c0_g2_i1.p1	littleOwl		MAFB	312.0
denovo	littleOwlDenovo__Unknown__TRINITY_DN10802_c0_g1_i7.p3	littleOwl		MAFF	150.0
denovo	littleOwlDenovo__Unknown__TRINITY_DN1431_c1_g1_i3.p2	littleOwl		MAFG	163.0
denovo	littleOwlDenovo__Unknown__TRINITY_DN1431_c1_g2_i1.p1	littleOwl		MAFK	195.0
denovo	littleOwlDenovo__Unknown__TRINITY_DN5212_c2_g1_i1.p1	littleOwl		OTX1	293.0
denovo	littleOwlDenovo__Unknown__TRINITY_DN5436_c0_g1_i1.p1	littleOwl		OTX2	221.0
denovo	eurasianScopsOwlDenovo__Unknown__TRINITY_DN879_c2_g1_i2.p1	eurasianScopsOwl		CMAF	207.0
denovo	eurasianScopsOwlDenovo__Unknown__TRINITY_DN2515_c0_g4_i1.p2	eurasianScopsOwl		CRX	189.0
denovo	eurasianScopsOwlDenovo__Unknown__TRINITY_DN1996_c0_g1_i7.p2	eurasianScopsOwl		MAFA	289.0
denovo	eurasianScopsOwlDenovo__Unknown__TRINITY_DN4554_c0_g1_i15.p2	eurasianScopsOwl		MAFB	312.0
denovo	eurasianScopsOwlDenovo__Unknown__TRINITY_DN3313_c0_g1_i1.p1	eurasianScopsOwl		MAFF	192.0
denovo	eurasianScopsOwlDenovo__Unknown__TRINITY_DN1943_c0_g1_i4.p1	eurasianScopsOwl		MAFK	193.0
denovo	eurasianScopsOwlDenovo__Unknown__TRINITY_DN5778_c0_g2_i1.p1	eurasianScopsOwl		OTX1	315.0
denovo	eurasianScopsOwlDenovo__Unknown__TRINITY_DN2515_c0_g1_i3.p1	eurasianScopsOwl		OTX2	297.0
denovo	indianScopsOwlDenovo__Unknown__TRINITY_DN3192_c0_g1_i1.p1	indianScopsOwl		CMAF	152.0
denovo	indianScopsOwlDenovo__Unknown__TRINITY_DN984_c0_g3_i6.p1	indianScopsOwl		MAFA	289.0
denovo	indianScopsOwlDenovo__Unknown__TRINITY_DN984_c0_g1_i1.p2	indianScopsOwl		MAFB	312.0
denovo	indianScopsOwlDenovo__Unknown__TRINITY_DN697_c0_g1_i2.p3	indianScopsOwl		MAFF	206.0
denovo	indianScopsOwlDenovo__Unknown__TRINITY_DN2608_c3_g1_i2.p1	indianScopsOwl		MAFG	163.0
denovo	indianScopsOwlDenovo__Unknown__TRINITY_DN2608_c0_g1_i3.p1	indianScopsOwl		MAFK	191.0
denovo	indianScopsOwlDenovo__Unknown__TRINITY_DN28499_c0_g1_i2.p1	indianScopsOwl		OTX1	315.0
denovo	indianScopsOwlDenovo__Unknown__TRINITY_DN1435_c0_g2_i4.p1	indianScopsOwl		OTX2	290.0
denovo	shortearOwlDenovo__Unknown__TRINITY_DN26776_c0_g1_i1.p1	shortearOwl		CMAF	153.0
denovo	shortearOwlDenovo__Unknown__TRINITY_DN575_c0_g1_i7.p1	shortearOwl		CRX	423.0
denovo	shortearOwlDenovo__Unknown__TRINITY_DN8216_c0_g1_i2.p2	shortearOwl		MAFA	289.0
denovo	shortearOwlDenovo__Unknown__TRINITY_DN660_c0_g1_i25.p2	shortearOwl		MAFB	312.0
denovo	shortearOwlDenovo__Unknown__TRINITY_DN186447_c0_g1_i1.p1	shortearOwl		MAFF	203.0
denovo	shortearOwlDenovo__Unknown__TRINITY_DN10907_c0_g2_i1.p1	shortearOwl		MAFG	163.0
denovo	shortearOwlDenovo__Unknown__TRINITY_DN10907_c0_g1_i2.p2	shortearOwl		MAFK	178.0
denovo	shortearOwlDenovo__Unknown__TRINITY_DN181_c0_g1_i1.p3	shortearOwl		OTX1	117.0
denovo	shortearOwlDenovo__Unknown__TRINITY_DN575_c0_g1_i7.p1	shortearOwl		OTX2	423.0
denovo	longearOwlDenovo__Unknown__TRINITY_DN6072_c0_g1_i1.p1	longearOwl		CMAF	207.0
denovo	longearOwlDenovo__Unknown__TRINITY_DN15173_c1_g1_i5.p1	longearOwl		CRX	194.0
denovo	longearOwlDenovo__Unknown__TRINITY_DN1510_c3_g1_i6.p2	longearOwl		MAFA	289.0
denovo	longearOwlDenovo__Unknown__TRINITY_DN1510_c3_g2_i1.p2	longearOwl		MAFB	268.0
denovo	longearOwlDenovo__Unknown__TRINITY_DN4268_c0_g3_i2.p1	longearOwl		MAFF	192.0
denovo	longearOwlDenovo__Unknown__TRINITY_DN2823_c1_g1_i1.p1	longearOwl		MAFG	163.0
denovo	longearOwlDenovo__Unknown__TRINITY_DN2823_c0_g2_i2.p1	longearOwl		MAFK	193.0
denovo	longearOwlDenovo__Unknown__TRINITY_DN1034_c0_g1_i1.p1	longearOwl		OTX1	315.0
denovo	longearOwlDenovo__Unknown__TRINITY_DN46_c3_g1_i3.p1	longearOwl		OTX2	290.0
denovo	screechOwlDenovo__Unknown__TRINITY_DN15528_c0_g1_i1.p1	screechOwl		CMAF	142.0
denovo	screechOwlDenovo__Unknown__TRINITY_DN740_c0_g2_i6.p1	screechOwl		CRX	290.0
denovo	screechOwlDenovo__Unknown__TRINITY_DN3374_c0_g1_i4.p1	screechOwl		MAFA	289.0
denovo	screechOwlDenovo__Unknown__TRINITY_DN3374_c0_g2_i1.p2	screechOwl		MAFB	312.0
denovo	screechOwlDenovo__Unknown__TRINITY_DN7326_c0_g1_i3.p1	screechOwl		MAFF	195.0
denovo	screechOwlDenovo__Unknown__TRINITY_DN15052_c0_g2_i1.p1	screechOwl		MAFG	163.0
denovo	screechOwlDenovo__Unknown__TRINITY_DN15052_c0_g1_i4.p2	screechOwl		MAFK	184.0
denovo	screechOwlDenovo__Unknown__TRINITY_DN11427_c1_g2_i1.p1	screechOwl		OTX1	276.0
denovo	screechOwlDenovo__Unknown__TRINITY_DN740_c0_g2_i6.p1	screechOwl		OTX2	290.0
denovo	barredOwlDenovo__Unknown__TRINITY_DN4571_c1_g1_i2.p1	barredOwl		CMAF	154.0
denovo	barredOwlDenovo__Unknown__TRINITY_DN31196_c0_g1_i3.p1	barredOwl		CRX	200.0
denovo	barredOwlDenovo__Unknown__TRINITY_DN5402_c0_g1_i5.p2	barredOwl		MAFA	289.0
denovo	barredOwlDenovo__Unknown__TRINITY_DN5402_c0_g3_i1.p1	barredOwl		MAFB	409.0
denovo	barredOwlDenovo__Unknown__TRINITY_DN5042_c0_g1_i1.p1	barredOwl		MAFF	197.0
denovo	barredOwlDenovo__Unknown__TRINITY_DN10510_c0_g3_i1.p1	barredOwl		MAFG	163.0
denovo	barredOwlDenovo__Unknown__TRINITY_DN10510_c0_g1_i4.p1	barredOwl		MAFK	191.0
denovo	barredOwlDenovo__Unknown__TRINITY_DN8093_c0_g1_i3.p1	barredOwl		NRL	429.0
denovo	barredOwlDenovo__Unknown__TRINITY_DN49675_c0_g1_i1.p2	barredOwl		OTX1	124.0
denovo	barredOwlDenovo__Unknown__TRINITY_DN4621_c1_g1_i7.p1	barredOwl		OTX2	376.0
denovo	tawnyOwlDenovo__Unknown__TRINITY_DN2720_c0_g1_i5.p1	tawnyOwl		CRX	297.0
denovo	tawnyOwlDenovo__Unknown__TRINITY_DN92_c1_g1_i1.p2	tawnyOwl		MAFA	289.0
denovo	tawnyOwlDenovo__Unknown__TRINITY_DN13035_c0_g1_i1.p2	tawnyOwl		MAFB	312.0
denovo	tawnyOwlDenovo__Unknown__TRINITY_DN18693_c0_g1_i1.p1	tawnyOwl		MAFF	185.0
denovo	tawnyOwlDenovo__Unknown__TRINITY_DN5674_c0_g2_i1.p1	tawnyOwl		MAFG	163.0
denovo	tawnyOwlDenovo__Unknown__TRINITY_DN5674_c0_g1_i1.p1	tawnyOwl		MAFK	157.0
denovo	tawnyOwlDenovo__Unknown__TRINITY_DN3158_c0_g1_i9.p1	tawnyOwl		OTX1	437.0
denovo	tawnyOwlDenovo__Unknown__TRINITY_DN2720_c0_g1_i5.p1	tawnyOwl		OTX2	297.0
denovo	eagleOwlDenovo__Unknown__TRINITY_DN5775_c4_g1_i1.p1	eagleOwl		CMAF	208.0
denovo	eagleOwlDenovo__Unknown__TRINITY_DN296_c1_g3_i6.p1	eagleOwl		CRX	290.0
denovo	eagleOwlDenovo__Unknown__TRINITY_DN1503_c0_g3_i8.p2	eagleOwl		MAFA	289.0
denovo	eagleOwlDenovo__Unknown__TRINITY_DN1503_c0_g2_i1.p1	eagleOwl		MAFB	384.0
denovo	eagleOwlDenovo__Unknown__TRINITY_DN2538_c0_g1_i1.p2	eagleOwl		MAFF	192.0
denovo	eagleOwlDenovo__Unknown__TRINITY_DN16114_c0_g1_i3.p1	eagleOwl		MAFG	163.0
denovo	eagleOwlDenovo__Unknown__TRINITY_DN16114_c0_g2_i4.p1	eagleOwl		MAFK	201.0
denovo	eagleOwlDenovo__Unknown__TRINITY_DN13634_c0_g1_i2.p2	eagleOwl		OTX1	243.0
denovo	eagleOwlDenovo__Unknown__TRINITY_DN296_c1_g3_i6.p1	eagleOwl		OTX2	290.0
denovo	hornedOwlDenovo__Unknown__TRINITY_DN9572_c0_g1_i1.p1	hornedOwl		CMAF	152.0
denovo	hornedOwlDenovo__Unknown__TRINITY_DN76_c0_g2_i1.p3	hornedOwl		CRX	160.0
denovo	hornedOwlDenovo__Unknown__TRINITY_DN6111_c0_g1_i7.p2	hornedOwl		MAFA	298.0
denovo	hornedOwlDenovo__Unknown__TRINITY_DN6111_c0_g2_i1.p2	hornedOwl		MAFB	312.0
denovo	hornedOwlDenovo__Unknown__TRINITY_DN3969_c0_g1_i1.p2	hornedOwl		MAFF	192.0
denovo	hornedOwlDenovo__Unknown__TRINITY_DN6225_c0_g1_i1.p2	hornedOwl		MAFG	106.0
denovo	hornedOwlDenovo__Unknown__TRINITY_DN6225_c1_g1_i7.p1	hornedOwl		MAFK	157.0
denovo	hornedOwlDenovo__Unknown__TRINITY_DN1551_c1_g2_i1.p1	hornedOwl		OTX1	159.0
denovo	hornedOwlDenovo__Unknown__TRINITY_DN1551_c1_g1_i4.p1	hornedOwl		OTX2	353.0
denovo	hoopoeDenovo__Unknown__TRINITY_DN10526_c6_g1_i1.p1	hoopoe		CMAF	209.0
denovo	hoopoeDenovo__Unknown__TRINITY_DN6292_c1_g1_i1.p3	hoopoe		CRX	239.0
denovo	hoopoeDenovo__Unknown__TRINITY_DN11735_c0_g1_i1.p2	hoopoe		MAFA	171.0
denovo	hoopoeDenovo__Unknown__TRINITY_DN3174_c1_g1_i1.p2	hoopoe		MAFB	100.0
denovo	hoopoeDenovo__Unknown__TRINITY_DN3185_c0_g3_i1.p1	hoopoe		MAFF	209.0
denovo	hoopoeDenovo__Unknown__TRINITY_DN755_c0_g1_i71.p2	hoopoe		MAFG	244.0
denovo	hoopoeDenovo__Unknown__TRINITY_DN1239_c0_g1_i5.p1	hoopoe		MAFK	157.0
denovo	hoopoeDenovo__Unknown__TRINITY_DN3516_c2_g1_i7.p1	hoopoe		OTX1	336.0
denovo	hoopoeDenovo__Unknown__TRINITY_DN6292_c1_g1_i1.p3	hoopoe		OTX2	239.0
denovo	woodpeckerDenovo__Unknown__TRINITY_DN1110_c11_g1_i1.p1	woodpecker		CMAF	209.0
denovo	woodpeckerDenovo__Unknown__TRINITY_DN3851_c0_g3_i2.p2	woodpecker		CRX	141.0
denovo	woodpeckerDenovo__Unknown__TRINITY_DN2795_c1_g1_i1.p1	woodpecker		MAFA	290.0
denovo	woodpeckerDenovo__Unknown__TRINITY_DN235_c9_g1_i1.p1	woodpecker		MAFB	251.0
denovo	woodpeckerDenovo__Unknown__TRINITY_DN3984_c0_g1_i1.p2	woodpecker		MAFF	150.0
denovo	woodpeckerDenovo__Unknown__TRINITY_DN6025_c1_g1_i1.p1	woodpecker		MAFG	163.0
denovo	woodpeckerDenovo__Unknown__TRINITY_DN1751_c0_g1_i3.p1	woodpecker		MAFK	249.0
denovo	woodpeckerDenovo__Unknown__TRINITY_DN3851_c0_g1_i4.p1	woodpecker		OTX1	296.0
denovo	woodpeckerDenovo__Unknown__TRINITY_DN175_c5_g1_i2.p1	woodpecker		OTX2	216.0
denovo	budgerigarDenovo__Unknown__TRINITY_DN8103_c4_g1_i1.p1	budgerigar		CMAF	199.0
denovo	budgerigarDenovo__Unknown__TRINITY_DN1982_c0_g2_i5.p1	budgerigar		MAFA	289.0
denovo	budgerigarDenovo__Unknown__TRINITY_DN1982_c0_g3_i1.p1	budgerigar		MAFB	312.0
denovo	budgerigarDenovo__Unknown__TRINITY_DN6568_c0_g1_i3.p4	budgerigar		MAFF	163.0
denovo	budgerigarDenovo__Unknown__TRINITY_DN2964_c0_g1_i2.p1	budgerigar		MAFG	107.0
denovo	budgerigarDenovo__Unknown__TRINITY_DN2964_c1_g1_i3.p1	budgerigar		MAFK	242.0
denovo	budgerigarDenovo__Unknown__TRINITY_DN45182_c1_g1_i1.p1	budgerigar		OTX1	403.0
denovo	budgerigarDenovo__Unknown__TRINITY_DN2464_c0_g1_i4.p1	budgerigar		OTX2	415.0
denovo	commonKestrelDenovo__Unknown__TRINITY_DN3161_c1_g2_i1.p1	commonKestrel		CMAF	187.0
denovo	commonKestrelDenovo__Unknown__TRINITY_DN680_c0_g1_i5.p1	commonKestrel		CRX	290.0
denovo	commonKestrelDenovo__Unknown__TRINITY_DN3104_c0_g3_i1.p1	commonKestrel		MAFB	452.0
denovo	commonKestrelDenovo__Unknown__TRINITY_DN3772_c0_g1_i2.p4	commonKestrel		MAFF	150.0
denovo	commonKestrelDenovo__Unknown__TRINITY_DN4236_c1_g1_i1.p2	commonKestrel		MAFG	163.0
denovo	commonKestrelDenovo__Unknown__TRINITY_DN30535_c0_g1_i2.p1	commonKestrel		MAFK	189.0
denovo	commonKestrelDenovo__Unknown__TRINITY_DN4675_c0_g1_i2.p1	commonKestrel		OTX1	312.0
denovo	commonKestrelDenovo__Unknown__TRINITY_DN680_c0_g1_i5.p1	commonKestrel		OTX2	290.0
denovo	eurasianHobbyDenovo__Unknown__TRINITY_DN2872_c5_g1_i1.p1	eurasianHobby		CMAF	183.0
denovo	eurasianHobbyDenovo__Unknown__TRINITY_DN4604_c0_g2_i8.p2	eurasianHobby		CRX	288.0
denovo	eurasianHobbyDenovo__Unknown__TRINITY_DN2652_c1_g1_i3.p1	eurasianHobby		MAFA	289.0
denovo	eurasianHobbyDenovo__Unknown__TRINITY_DN18289_c2_g1_i1.p1	eurasianHobby		MAFB	447.0
denovo	eurasianHobbyDenovo__Unknown__TRINITY_DN1933_c1_g1_i4.p5	eurasianHobby		MAFF	159.0
denovo	eurasianHobbyDenovo__Unknown__TRINITY_DN2360_c0_g1_i2.p1	eurasianHobby		MAFG	187.0
denovo	eurasianHobbyDenovo__Unknown__TRINITY_DN2360_c0_g2_i3.p1	eurasianHobby		MAFK	158.0
denovo	eurasianHobbyDenovo__Unknown__TRINITY_DN5510_c0_g2_i1.p1	eurasianHobby		OTX1	299.0
denovo	eurasianHobbyDenovo__Unknown__TRINITY_DN4604_c0_g2_i8.p2	eurasianHobby		OTX2	288.0
denovo	carrionCrowDenovo__Unknown__TRINITY_DN4005_c0_g1_i1.p1	carrionCrow		CMAF	152.0
denovo	carrionCrowDenovo__Unknown__TRINITY_DN5647_c0_g1_i1.p3	carrionCrow		CRX	136.0
denovo	carrionCrowDenovo__Unknown__TRINITY_DN551_c0_g1_i1.p2	carrionCrow		MAFA	289.0
denovo	carrionCrowDenovo__Unknown__TRINITY_DN551_c0_g2_i1.p1	carrionCrow		MAFB	312.0
denovo	carrionCrowDenovo__Unknown__TRINITY_DN8472_c0_g1_i4.p1	carrionCrow		MAFF	150.0
denovo	carrionCrowDenovo__Unknown__TRINITY_DN10479_c0_g1_i4.p3	carrionCrow		MAFG	163.0
denovo	carrionCrowDenovo__Unknown__TRINITY_DN1241_c0_g1_i1.p3	carrionCrow		MAFK	191.0
denovo	carrionCrowDenovo__Unknown__TRINITY_DN13513_c0_g1_i1.p1	carrionCrow		OTX1	291.0
denovo	carrionCrowDenovo__Unknown__TRINITY_DN249_c1_g2_i2.p1	carrionCrow		OTX2	297.0
denovo	hoodedCrowDenovo__Unknown__TRINITY_DN8765_c1_g2_i1.p1	hoodedCrow		CMAF	189.0
denovo	hoodedCrowDenovo__Unknown__TRINITY_DN9383_c0_g1_i7.p2	hoodedCrow		CRX	247.0
denovo	hoodedCrowDenovo__Unknown__TRINITY_DN1269_c0_g1_i4.p2	hoodedCrow		MAFA	289.0
denovo	hoodedCrowDenovo__Unknown__TRINITY_DN1269_c0_g2_i1.p1	hoodedCrow		MAFB	312.0
denovo	hoodedCrowDenovo__Unknown__TRINITY_DN5062_c0_g1_i3.p1	hoodedCrow		MAFF	150.0
denovo	hoodedCrowDenovo__Unknown__TRINITY_DN8811_c0_g1_i6.p4	hoodedCrow		MAFG	163.0
denovo	hoodedCrowDenovo__Unknown__TRINITY_DN860_c0_g1_i2.p3	hoodedCrow		MAFK	193.0
denovo	hoodedCrowDenovo__Unknown__TRINITY_DN9383_c0_g2_i2.p1	hoodedCrow		OTX1	188.0
denovo	hoodedCrowDenovo__Unknown__TRINITY_DN941_c1_g1_i3.p1	hoodedCrow		OTX2	297.0
denovo	whiteWagtailDenovo__Unknown__TRINITY_DN26_c2_g1_i2.p1	whiteWagtail		CMAF	190.0
denovo	whiteWagtailDenovo__Unknown__TRINITY_DN154_c1_g1_i5.p1	whiteWagtail		CRX	290.0
denovo	whiteWagtailDenovo__Unknown__TRINITY_DN2744_c0_g1_i4.p2	whiteWagtail		MAFA	298.0
denovo	whiteWagtailDenovo__Unknown__TRINITY_DN2744_c0_g2_i1.p1	whiteWagtail		MAFB	312.0
denovo	whiteWagtailDenovo__Unknown__TRINITY_DN2388_c0_g1_i2.p4	whiteWagtail		MAFF	150.0
denovo	whiteWagtailDenovo__Unknown__TRINITY_DN5683_c0_g1_i4.p1	whiteWagtail		MAFG	163.0
denovo	whiteWagtailDenovo__Unknown__TRINITY_DN856_c1_g1_i2.p1	whiteWagtail		MAFK	202.0
denovo	whiteWagtailDenovo__Unknown__TRINITY_DN4836_c1_g1_i4.p1	whiteWagtail		OTX1	357.0
denovo	whiteWagtailDenovo__Unknown__TRINITY_DN154_c1_g1_i5.p1	whiteWagtail		OTX2	290.0
denovo	canaryDenovo__Unknown__TRINITY_DN821_c1_g1_i1.p1	canary		CMAF	190.0
denovo	canaryDenovo__Unknown__TRINITY_DN1082_c0_g2_i1.p1	canary		CRX	290.0
denovo	canaryDenovo__Unknown__TRINITY_DN5639_c0_g3_i2.p2	canary		MAFA	289.0
denovo	canaryDenovo__Unknown__TRINITY_DN5639_c0_g1_i2.p1	canary		MAFB	312.0
denovo	canaryDenovo__Unknown__TRINITY_DN666_c0_g1_i1.p3	canary		MAFF	150.0
denovo	canaryDenovo__Unknown__TRINITY_DN5851_c0_g1_i1.p1	canary		MAFG	163.0
denovo	canaryDenovo__Unknown__TRINITY_DN5851_c0_g2_i1.p1	canary		MAFK	187.0
denovo	canaryDenovo__Unknown__TRINITY_DN160263_c0_g1_i1.p1	canary		NRL	180.0
denovo	canaryDenovo__Unknown__TRINITY_DN15387_c0_g2_i1.p1	canary		OTX1	336.0
denovo	canaryDenovo__Unknown__TRINITY_DN1082_c0_g2_i1.p1	canary		OTX2	290.0
denovo	zebrafinchDenovo__Unknown__TRINITY_DN1857_c0_g3_i1.p1	zebrafinch		CMAF	383.0
denovo	zebrafinchDenovo__Unknown__TRINITY_DN10782_c0_g1_i34.p1	zebrafinch		CRX	317.0
denovo	zebrafinchDenovo__Unknown__TRINITY_DN665_c0_g1_i7.p2	zebrafinch		MAFA	289.0
denovo	zebrafinchDenovo__Unknown__TRINITY_DN665_c0_g3_i1.p3	zebrafinch		MAFB	235.0
denovo	zebrafinchDenovo__Unknown__TRINITY_DN8261_c0_g1_i5.p1	zebrafinch		MAFF	150.0
denovo	zebrafinchDenovo__Unknown__TRINITY_DN4465_c0_g1_i9.p5	zebrafinch		MAFG	163.0
denovo	zebrafinchDenovo__Unknown__TRINITY_DN2005_c0_g2_i2.p1	zebrafinch		MAFK	187.0
denovo	zebrafinchDenovo__Unknown__TRINITY_DN8388_c2_g2_i1.p2	zebrafinch		OTX1	285.0
denovo	zebrafinchDenovo__Unknown__TRINITY_DN8388_c2_g1_i1.p1	zebrafinch		OTX2	217.0
denovo	opossumDenovo__Unknown__TRINITY_DN6872_c0_g2_i1.p1	opossum		CMAF	150.0
denovo	opossumDenovo__Unknown__TRINITY_DN50648_c0_g1_i3.p1	opossum		CRX	290.0
denovo	opossumDenovo__Unknown__TRINITY_DN6872_c0_g1_i2.p1	opossum		MAFB	380.0
denovo	opossumDenovo__Unknown__TRINITY_DN427_c0_g1_i3.p1	opossum		NRL	152.0
denovo	opossumDenovo__Unknown__TRINITY_DN2911_c0_g1_i3.p1	opossum		OTX1	475.0
denovo	opossumDenovo__Unknown__TRINITY_DN50648_c0_g1_i3.p1	opossum		OTX2	290.0
denovo	tombBatDenovo__Unknown__TRINITY_DN5718_c1_g1_i3.p1	tombBat		CMAF	272.0
denovo	tombBatDenovo__Unknown__TRINITY_DN1225_c1_g1_i35.p1	tombBat		CRX	437.0
denovo	tombBatDenovo__Unknown__TRINITY_DN21905_c0_g1_i1.p1	tombBat		MAFA	140.0
denovo	tombBatDenovo__Unknown__TRINITY_DN25551_c0_g2_i1.p2	tombBat		MAFB	189.0
denovo	tombBatDenovo__Unknown__TRINITY_DN7550_c0_g2_i9.p1	tombBat		MAFK	223.0
denovo	tombBatDenovo__Unknown__TRINITY_DN5718_c1_g1_i3.p1	tombBat		NRL	272.0
denovo	tombBatDenovo__Unknown__TRINITY_DN3752_c0_g3_i5.p1	tombBat		OTX1	384.0
denovo	tombBatDenovo__Unknown__TRINITY_DN129_c0_g1_i61.p2	tombBat		OTX2	290.0
denovo	myotisBatDenovo__Unknown__TRINITY_DN13887_c0_g3_i2.p1	myotisBat		CMAF	229.0
denovo	myotisBatDenovo__Unknown__TRINITY_DN124_c0_g1_i6.p1	myotisBat		CRX	300.0
denovo	myotisBatDenovo__Unknown__TRINITY_DN155749_c0_g2_i1.p1	myotisBat		MAFB	175.0
denovo	myotisBatDenovo__Unknown__TRINITY_DN46536_c0_g1_i1.p2	myotisBat		MAFF	157.0
denovo	myotisBatDenovo__Unknown__TRINITY_DN142985_c0_g1_i1.p1	myotisBat		MAFG	321.0
denovo	myotisBatDenovo__Unknown__TRINITY_DN428_c0_g1_i6.p1	myotisBat		NRL	238.0
denovo	myotisBatDenovo__Unknown__TRINITY_DN1682_c0_g1_i3.p1	myotisBat		OTX1	289.0
denovo	myotisBatDenovo__Unknown__TRINITY_DN620_c0_g1_i8.p1	myotisBat		OTX2	290.0
denovo	roundleafBatDenovo__Unknown__TRINITY_DN2744_c0_g4_i5.p1	roundleafBat		CMAF	144.0
denovo	roundleafBatDenovo__Unknown__TRINITY_DN1376_c0_g1_i4.p1	roundleafBat		CRX	300.0
denovo	roundleafBatDenovo__Unknown__TRINITY_DN279243_c0_g1_i1.p2	roundleafBat		MAFB	103.0
denovo	roundleafBatDenovo__Unknown__TRINITY_DN16162_c0_g1_i1.p1	roundleafBat		MAFF	101.0
denovo	roundleafBatDenovo__Unknown__TRINITY_DN10795_c0_g1_i5.p1	roundleafBat		MAFG	164.0
denovo	roundleafBatDenovo__Unknown__TRINITY_DN5718_c0_g1_i17.p1	roundleafBat		NRL	158.0
denovo	roundleafBatDenovo__Unknown__TRINITY_DN29_c0_g1_i1.p1	roundleafBat		OTX1	437.0
denovo	roundleafBatDenovo__Unknown__TRINITY_DN560_c0_g2_i2.p1	roundleafBat		OTX2	290.0
denovo	fruitBatDenovo__Unknown__TRINITY_DN66218_c0_g1_i2.p2	fruitBat		CMAF	102.0
denovo	fruitBatDenovo__Unknown__TRINITY_DN395_c0_g1_i36.p1	fruitBat		CRX	332.0
denovo	fruitBatDenovo__Unknown__TRINITY_DN8295_c1_g1_i1.p1	fruitBat		MAFF	229.0
denovo	fruitBatDenovo__Unknown__TRINITY_DN2219_c0_g2_i4.p1	fruitBat		NRL	156.0
denovo	fruitBatDenovo__Unknown__TRINITY_DN395_c0_g1_i36.p1	fruitBat		OTX2	332.0
denovo	nectarBatDenovo__Unknown__TRINITY_DN9159_c0_g1_i1.p1	nectarBat		CMAF	167.0
denovo	nectarBatDenovo__Unknown__TRINITY_DN4685_c0_g1_i3.p1	nectarBat		CRX	300.0
denovo	nectarBatDenovo__Unknown__TRINITY_DN278_c2_g1_i1.p2	nectarBat		MAFB	307.0
denovo	nectarBatDenovo__Unknown__TRINITY_DN154_c0_g1_i2.p1	nectarBat		MAFF	134.0
denovo	nectarBatDenovo__Unknown__TRINITY_DN136_c0_g1_i1.p1	nectarBat		MAFG	163.0
denovo	nectarBatDenovo__Unknown__TRINITY_DN1103_c0_g1_i4.p1	nectarBat		NRL	238.0
denovo	nectarBatDenovo__Unknown__TRINITY_DN3304_c3_g1_i3.p1	nectarBat		OTX1	356.0
denovo	nectarBatDenovo__Unknown__TRINITY_DN43961_c0_g1_i1.p1	nectarBat		OTX2	298.0
denovo	horseDenovo__Unknown__TRINITY_DN5851_c2_g1_i1.p1	horse		CMAF	265.0
denovo	horseDenovo__Unknown__TRINITY_DN18979_c0_g2_i5.p1	horse		CRX	350.0
denovo	horseDenovo__Unknown__TRINITY_DN947_c0_g1_i5.p2	horse		MAFA	241.0
denovo	horseDenovo__Unknown__TRINITY_DN10619_c1_g1_i1.p1	horse		MAFB	324.0
denovo	horseDenovo__Unknown__TRINITY_DN1673_c0_g1_i2.p5	horse		MAFG	163.0
denovo	horseDenovo__Unknown__TRINITY_DN3320_c0_g1_i2.p1	horse		NRL	290.0
denovo	horseDenovo__Unknown__TRINITY_DN887_c2_g1_i8.p1	horse		OTX1	356.0
denovo	horseDenovo__Unknown__TRINITY_DN10209_c0_g1_i7.p1	horse		OTX2	290.0
denovo	pigDenovo__Unknown__TRINITY_DN1008_c3_g1_i1.p1	pig		CMAF	209.0
denovo	pigDenovo__Unknown__TRINITY_DN1074_c0_g1_i2.p1	pig		CRX	380.0
denovo	pigDenovo__Unknown__TRINITY_DN10608_c0_g2_i1.p2	pig		MAFB	228.0
denovo	pigDenovo__Unknown__TRINITY_DN27559_c0_g1_i1.p1	pig		MAFF	228.0
denovo	pigDenovo__Unknown__TRINITY_DN9744_c1_g2_i2.p1	pig		MAFG	239.0
denovo	pigDenovo__Unknown__TRINITY_DN9744_c1_g1_i3.p4	pig		MAFK	157.0
denovo	pigDenovo__Unknown__TRINITY_DN620_c0_g1_i16.p1	pig		NRL	263.0
denovo	pigDenovo__Unknown__TRINITY_DN715_c0_g1_i4.p1	pig		OTX2	298.0
denovo	bowheadWhaleDenovo__Unknown__TRINITY_DN2161_c4_g1_i1.p1	bowheadWhale		CMAF	184.0
denovo	bowheadWhaleDenovo__Unknown__TRINITY_DN1153_c9_g1_i1.p1	bowheadWhale		CRX	377.0
denovo	bowheadWhaleDenovo__Unknown__TRINITY_DN27949_c0_g1_i1.p3	bowheadWhale		MAFB	165.0
denovo	bowheadWhaleDenovo__Unknown__TRINITY_DN5181_c0_g1_i3.p3	bowheadWhale		MAFG	184.0
denovo	bowheadWhaleDenovo__Unknown__TRINITY_DN1186_c0_g1_i9.p1	bowheadWhale		NRL	263.0
denovo	bowheadWhaleDenovo__Unknown__TRINITY_DN70539_c0_g1_i1.p2	bowheadWhale		OTX1	142.0
denovo	bowheadWhaleDenovo__Unknown__TRINITY_DN2151_c0_g1_i6.p1	bowheadWhale		OTX2	290.0
denovo	cowDenovo__Unknown__TRINITY_DN18834_c3_g1_i1.p1	cow		CMAF	282.0
denovo	cowDenovo__Unknown__TRINITY_DN1029_c0_g1_i5.p1	cow		CRX	300.0
denovo	cowDenovo__Unknown__TRINITY_DN22950_c0_g2_i1.p2	cow		MAFA	316.0
denovo	cowDenovo__Unknown__TRINITY_DN22950_c0_g1_i1.p1	cow		MAFB	324.0
denovo	cowDenovo__Unknown__TRINITY_DN11642_c0_g1_i1.p1	cow		MAFF	169.0
denovo	cowDenovo__Unknown__TRINITY_DN8518_c0_g1_i1.p2	cow		MAFG	283.0
denovo	cowDenovo__Unknown__TRINITY_DN8518_c0_g2_i3.p3	cow		MAFK	158.0
denovo	cowDenovo__Unknown__TRINITY_DN18834_c3_g1_i1.p1	cow		NRL	282.0
denovo	cowDenovo__Unknown__TRINITY_DN19577_c0_g1_i6.p1	cow		OTX1	207.0
denovo	cowDenovo__Unknown__TRINITY_DN413_c0_g1_i5.p1	cow		OTX2	378.0
denovo	catDenovo__Unknown__TRINITY_DN44643_c3_g1_i3.p1	cat		CMAF	303.0
denovo	catDenovo__Unknown__TRINITY_DN1955_c0_g1_i6.p1	cat		CRX	343.0
denovo	catDenovo__Unknown__TRINITY_DN25123_c0_g2_i1.p1	cat		MAFB	139.0
denovo	catDenovo__Unknown__TRINITY_DN2726_c0_g1_i3.p1	cat		MAFF	171.0
denovo	catDenovo__Unknown__TRINITY_DN2726_c0_g2_i3.p1	cat		MAFG	186.0
denovo	catDenovo__Unknown__TRINITY_DN44643_c3_g1_i3.p1	cat		NRL	303.0
denovo	catDenovo__Unknown__TRINITY_DN3222_c0_g1_i1.p1	cat		OTX1	207.0
denovo	catDenovo__Unknown__TRINITY_DN1413_c0_g1_i8.p1	cat		OTX2	298.0
denovo	dogDenovo__Unknown__TRINITY_DN271073_c0_g1_i1.p1	dog		CMAF	116.0
denovo	dogDenovo__Unknown__TRINITY_DN4997_c0_g1_i5.p1	dog		CRX	300.0
denovo	dogDenovo__Unknown__TRINITY_DN8598_c0_g1_i1.p1	dog		MAFG	157.0
denovo	dogDenovo__Unknown__TRINITY_DN264_c0_g1_i7.p1	dog		NRL	258.0
denovo	dogDenovo__Unknown__TRINITY_DN931_c0_g1_i16.p1	dog		OTX2	298.0
denovo	groundSquirrelDenovo__Unknown__TRINITY_DN20967_c0_g1_i1.p1	groundSquirrel		CMAF	290.0
denovo	groundSquirrelDenovo__Unknown__TRINITY_DN1475_c0_g1_i5.p1	groundSquirrel		CRX	300.0
denovo	groundSquirrelDenovo__Unknown__TRINITY_DN44944_c0_g1_i1.p4	groundSquirrel		MAFA	158.0
denovo	groundSquirrelDenovo__Unknown__TRINITY_DN2585_c2_g1_i1.p1	groundSquirrel		MAFB	191.0
denovo	groundSquirrelDenovo__Unknown__TRINITY_DN9766_c0_g1_i5.p1	groundSquirrel		MAFF	154.0
denovo	groundSquirrelDenovo__Unknown__TRINITY_DN4278_c0_g1_i1.p1	groundSquirrel		MAFG	192.0
denovo	groundSquirrelDenovo__Unknown__TRINITY_DN36295_c1_g1_i1.p1	groundSquirrel		MAFK	157.0
denovo	groundSquirrelDenovo__Unknown__TRINITY_DN5166_c0_g1_i6.p1	groundSquirrel		NRL	238.0
denovo	groundSquirrelDenovo__Unknown__TRINITY_DN15194_c0_g2_i1.p1	groundSquirrel		OTX1	233.0
denovo	groundSquirrelDenovo__Unknown__TRINITY_DN3863_c1_g1_i29.p1	groundSquirrel		OTX2	337.0
denovo	zokorDenovo__Unknown__TRINITY_DN1863_c0_g1_i4.p1	zokor		CRX	337.0
denovo	zokorDenovo__Unknown__TRINITY_DN848_c1_g1_i2.p1	zokor		MAFB	154.0
denovo	zokorDenovo__Unknown__TRINITY_DN51399_c0_g1_i1.p1	zokor		MAFG	122.0
denovo	zokorDenovo__Unknown__TRINITY_DN1136_c0_g1_i5.p1	zokor		MAFK	172.0
denovo	zokorDenovo__Unknown__TRINITY_DN279_c0_g1_i21.p1	zokor		NRL	229.0
denovo	zokorDenovo__Unknown__TRINITY_DN41325_c1_g1_i8.p1	zokor		OTX2	329.0
denovo	sandRatDenovo__Unknown__TRINITY_DN161_c4_g1_i1.p1	sandRat		CMAF	186.0
denovo	sandRatDenovo__Unknown__TRINITY_DN441_c1_g2_i6.p1	sandRat		CRX	349.0
denovo	sandRatDenovo__Unknown__TRINITY_DN273514_c0_g1_i1.p1	sandRat		MAFA	111.0
denovo	sandRatDenovo__Unknown__TRINITY_DN6054_c1_g1_i1.p1	sandRat		MAFB	407.0
denovo	sandRatDenovo__Unknown__TRINITY_DN5807_c0_g2_i3.p2	sandRat		MAFF	151.0
denovo	sandRatDenovo__Unknown__TRINITY_DN2383_c0_g1_i7.p1	sandRat		MAFG	165.0
denovo	sandRatDenovo__Unknown__TRINITY_DN5807_c0_g1_i1.p3	sandRat		MAFK	157.0
denovo	sandRatDenovo__Unknown__TRINITY_DN505_c2_g2_i5.p1	sandRat		NRL	234.0
denovo	sandRatDenovo__Unknown__TRINITY_DN288_c2_g1_i1.p2	sandRat		OTX1	297.0
denovo	sandRatDenovo__Unknown__TRINITY_DN3448_c0_g1_i13.p1	sandRat		OTX2	298.0
denovo	brownRatDenovo__Unknown__TRINITY_DN62859_c0_g1_i1.p2	brownRat		CMAF	126.0
denovo	brownRatDenovo__Unknown__TRINITY_DN587_c0_g1_i1.p1	brownRat		CRX	381.0
denovo	brownRatDenovo__Unknown__TRINITY_DN120753_c0_g1_i1.p2	brownRat		MAFB	133.0
denovo	brownRatDenovo__Unknown__TRINITY_DN10390_c0_g1_i3.p1	brownRat		MAFG	193.0
denovo	brownRatDenovo__Unknown__TRINITY_DN179795_c0_g1_i1.p2	brownRat		MAFK	111.0
denovo	brownRatDenovo__Unknown__TRINITY_DN35_c0_g1_i1.p1	brownRat		NRL	181.0
denovo	brownRatDenovo__Unknown__TRINITY_DN769_c0_g1_i30.p1	brownRat		OTX2	330.0
denovo	labMouseDenovo__Unknown__TRINITY_DN33128_c0_g1_i1.p3	labMouse		CMAF	103.0
denovo	labMouseDenovo__Unknown__TRINITY_DN815_c0_g1_i2.p1	labMouse		CRX	452.0
denovo	labMouseDenovo__Unknown__TRINITY_DN78582_c0_g1_i1.p2	labMouse		MAFB	126.0
denovo	labMouseDenovo__Unknown__TRINITY_DN3886_c0_g1_i2.p1	labMouse		MAFG	220.0
denovo	labMouseDenovo__Unknown__TRINITY_DN2_c0_g1_i2.p1	labMouse		NRL	238.0
denovo	labMouseDenovo__Unknown__TRINITY_DN2938_c0_g1_i1.p1	labMouse		OTX2	290.0
denovo	marmosetDenovo__Unknown__TRINITY_DN553_c0_g1_i16.p1	marmoset		CMAF	179.0
denovo	marmosetDenovo__Unknown__TRINITY_DN5403_c0_g1_i13.p1	marmoset		CRX	300.0
denovo	marmosetDenovo__Unknown__TRINITY_DN91344_c0_g1_i1.p3	marmoset		MAFA	130.0
denovo	marmosetDenovo__Unknown__TRINITY_DN151009_c0_g1_i1.p1	marmoset		MAFB	475.0
denovo	marmosetDenovo__Unknown__TRINITY_DN5994_c1_g1_i1.p1	marmoset		MAFF	165.0
denovo	marmosetDenovo__Unknown__TRINITY_DN63898_c0_g1_i5.p1	marmoset		MAFK	221.0
denovo	marmosetDenovo__Unknown__TRINITY_DN4866_c0_g1_i4.p1	marmoset		NRL	294.0
denovo	marmosetDenovo__Unknown__TRINITY_DN1525_c0_g2_i2.p1	marmoset		OTX1	356.0
denovo	marmosetDenovo__Unknown__TRINITY_DN25299_c0_g1_i29.p1	marmoset		OTX2	298.0
denovo	nancymaMonkeyDenovo__Unknown__TRINITY_DN5405_c0_g1_i3.p2	nancymaMonkey		CMAF	125.0
denovo	nancymaMonkeyDenovo__Unknown__TRINITY_DN575_c0_g1_i5.p1	nancymaMonkey		CRX	300.0
denovo	nancymaMonkeyDenovo__Unknown__TRINITY_DN4340_c1_g1_i2.p1	nancymaMonkey		MAFG	380.0
denovo	nancymaMonkeyDenovo__Unknown__TRINITY_DN9414_c0_g1_i5.p1	nancymaMonkey		MAFK	175.0
denovo	nancymaMonkeyDenovo__Unknown__TRINITY_DN463_c0_g2_i3.p1	nancymaMonkey		NRL	226.0
denovo	nancymaMonkeyDenovo__Unknown__TRINITY_DN163_c0_g1_i7.p1	nancymaMonkey		OTX2	298.0
denovo	oliveBaboonDenovo__Unknown__TRINITY_DN2996_c0_g1_i3.p1	oliveBaboon		CRX	435.0
denovo	oliveBaboonDenovo__Unknown__TRINITY_DN34300_c0_g1_i1.p1	oliveBaboon		NRL	125.0
denovo	oliveBaboonDenovo__Unknown__TRINITY_DN2996_c0_g1_i3.p1	oliveBaboon		OTX2	435.0
denovo	crabMacaqueDenovo__Unknown__TRINITY_DN4999_c0_g4_i1.p1	crabMacaque		CMAF	199.0
denovo	crabMacaqueDenovo__Unknown__TRINITY_DN562_c0_g3_i8.p1	crabMacaque		CRX	357.0
denovo	crabMacaqueDenovo__Unknown__TRINITY_DN24195_c0_g1_i1.p2	crabMacaque		MAFA	152.0
denovo	crabMacaqueDenovo__Unknown__TRINITY_DN4772_c6_g1_i1.p1	crabMacaque		MAFB	324.0
denovo	crabMacaqueDenovo__Unknown__TRINITY_DN21938_c0_g4_i1.p1	crabMacaque		MAFF	151.0
denovo	crabMacaqueDenovo__Unknown__TRINITY_DN6099_c0_g1_i7.p1	crabMacaque		MAFG	245.0
denovo	crabMacaqueDenovo__Unknown__TRINITY_DN6099_c0_g2_i2.p1	crabMacaque		MAFK	223.0
denovo	crabMacaqueDenovo__Unknown__TRINITY_DN3324_c0_g1_i5.p1	crabMacaque		NRL	240.0
denovo	crabMacaqueDenovo__Unknown__TRINITY_DN4021_c0_g2_i1.p1	crabMacaque		OTX1	527.0
denovo	crabMacaqueDenovo__Unknown__TRINITY_DN2132_c0_g1_i46.p1	crabMacaque		OTX2	298.0
denovo	rhesusMacaqueDenovo__Unknown__TRINITY_DN7101_c0_g1_i1.p1	rhesusMacaque		CMAF	147.0
denovo	rhesusMacaqueDenovo__Unknown__TRINITY_DN1307_c16_g1_i11.p1	rhesusMacaque		CRX	379.0
denovo	rhesusMacaqueDenovo__Unknown__TRINITY_DN261237_c0_g1_i1.p2	rhesusMacaque		MAFB	116.0
denovo	rhesusMacaqueDenovo__Unknown__TRINITY_DN783_c0_g1_i6.p1	rhesusMacaque		NRL	173.0
denovo	rhesusMacaqueDenovo__Unknown__TRINITY_DN189059_c0_g1_i1.p1	rhesusMacaque		OTX1	143.0
denovo	rhesusMacaqueDenovo__Unknown__TRINITY_DN1841_c0_g2_i1.p1	rhesusMacaque		OTX2	330.0
denovo	humanDenovo__Unknown__TRINITY_DN1615_c0_g1_i3.p1	human		CMAF	136.0
denovo	humanDenovo__Unknown__TRINITY_DN663_c0_g1_i33.p1	human		CRX	463.0
denovo	humanDenovo__Unknown__TRINITY_DN152954_c0_g1_i1.p2	human		MAFB	102.0
denovo	humanDenovo__Unknown__TRINITY_DN10086_c0_g1_i2.p1	human		MAFG	122.0
denovo	humanDenovo__Unknown__TRINITY_DN1334_c0_g1_i6.p1	human		NRL	238.0
denovo	humanDenovo__Unknown__TRINITY_DN983_c0_g1_i13.p1	human		OTX2	290.0
